{
"type": "FeatureCollection",
"name": "Cu_prosp_risk_weighted",
"crs": { "type": "name", "properties": { "name": "urn:ogc:def:crs:OGC:1.3:CRS84" } },
"features": [
{ "type": "Feature", "properties": { "field_1": 1, "x": -1616452.963, "y": 495368.5098, "scaled_x": 0.14630652186728299, "scaled_y": 0.037817184536966898, "post_mean": 4.6514061044552699, "post_sd": 0.31451616832781598, "post_q10": 4.2453627785241999, "post_q50": 4.6528650130925104, "post_q90": 5.0524100184651104, "post_prob_exceed": 0.999966666666667, "post_exc_mean": 1.21742668697787, "prosp_score_happy": 4.65125105758512, "prosp_score_sad": 4.2453627785241999, "domain_class": "tier 1" }, "geometry": { "type": "Point", "coordinates": [ -177.835856662921174, 51.829692456558753 ] } },
{ "type": "Feature", "properties": { "field_1": 2, "x": -1572659.386, "y": 479191.6871, "scaled_x": 0.15870719486670801, "scaled_y": 0.029378354173760099, "post_mean": 4.6214837144391003, "post_sd": 0.40013182554582299, "post_q10": 4.1059449049139802, "post_q50": 4.6272834445668503, "post_q90": 5.1295773089576198, "post_prob_exceed": 0.99776666666666702, "post_exc_mean": 1.1878099620113201, "prosp_score_happy": 4.6111624008101897, "prosp_score_sad": 4.1059449049139802, "domain_class": "tier 1" }, "geometry": { "type": "Point", "coordinates": [ -177.162120205818781, 51.829692454745171 ] } },
{ "type": "Feature", "properties": { "field_1": 3, "x": -1528703.952, "y": 463459.9727, "scaled_x": 0.171153699603733, "scaled_y": 0.021171719805194101, "post_mean": 4.5351083986330902, "post_sd": 0.49631739121141299, "post_q10": 3.8928549455808499, "post_q50": 4.5403643680388299, "post_q90": 5.1625316877263998, "post_prob_exceed": 0.98603333333333298, "post_exc_mean": 1.1038220562582, "prosp_score_happy": 4.4717680513321802, "prosp_score_sad": 3.8928549455808499, "domain_class": "tier 1" }, "geometry": { "type": "Point", "coordinates": [ -176.488383743016556, 51.829692454816083 ] } },
{ "type": "Feature", "properties": { "field_1": 4, "x": -870291.9241, "y": 1629940.696, "scaled_x": 0.35759090834957202, "scaled_y": 0.62968014747557499, "post_mean": 2.23292523234602, "post_sd": 1.1455041090653, "post_q10": 0.76544279393019199, "post_q50": 2.2226079662204001, "post_q90": 3.7046703520092401, "post_prob_exceed": 0.1471, "post_exc_mean": 0.089125124444061996, "prosp_score_happy": 0.32846330167810001, "prosp_score_sad": 0.76544279393019199, "domain_class": "Background" }, "geometry": { "type": "Point", "coordinates": [ -171.772228497615288, 63.581948951945115 ] } },
{ "type": "Feature", "properties": { "field_1": 5, "x": -838046.7181000001, "y": 1621275.121, "scaled_x": 0.36672152253541701, "scaled_y": 0.62515964806844204, "post_mean": 2.42458591203463, "post_sd": 0.97438648328480204, "post_q10": 1.18169914105049, "post_q50": 2.4153389649557799, "post_q90": 3.67965339932696, "post_prob_exceed": 0.1502, "post_exc_mean": 0.077862017195714797, "prosp_score_happy": 0.36417280398760099, "prosp_score_sad": 1.18169914105049, "domain_class": "Background" }, "geometry": { "type": "Point", "coordinates": [ -171.09849203177032, 63.581948949386216 ] } },
{ "type": "Feature", "properties": { "field_1": 6, "x": -805715.2612, "y": 1612937.113, "scaled_x": 0.37587655969102302, "scaled_y": 0.62081002785043404, "post_mean": 2.5893135747408298, "post_sd": 0.81835238295326096, "post_q10": 1.5480693390254801, "post_q50": 2.5818209139586599, "post_q90": 3.64854923068421, "post_prob_exceed": 0.151433333333333, "post_exc_mean": 0.065989868231709506, "prosp_score_happy": 0.39210838566825301, "prosp_score_sad": 1.5480693390254801, "domain_class": "Background" }, "geometry": { "type": "Point", "coordinates": [ -170.42475557115111, 63.581948954171096 ] } },
{ "type": "Feature", "properties": { "field_1": 7, "x": -781210.7604, "y": 1572204.786, "scaled_x": 0.38281530099171501, "scaled_y": 0.59956152904283599, "post_mean": 2.8817808626907202, "post_sd": 0.66649715319389802, "post_q10": 2.0294812066945198, "post_q50": 2.87642819288462, "post_q90": 3.73905623946052, "post_prob_exceed": 0.20093333333333299, "post_exc_mean": 0.077443661270603301, "prosp_score_happy": 0.57904583467665505, "prosp_score_sad": 2.0294812066945198, "domain_class": "Background" }, "geometry": { "type": "Point", "coordinates": [ -169.751019107565867, 63.28060937447669 ] } },
{ "type": "Feature", "properties": { "field_1": 8, "x": -789206.2852, "y": 1539127.733, "scaled_x": 0.38055127290139501, "scaled_y": 0.58230649420946301, "post_mean": 3.0219548871273698, "post_sd": 0.65273824989443496, "post_q10": 2.1891361645101801, "post_q50": 3.01793803108382, "post_q90": 3.8580335337960698, "post_prob_exceed": 0.26076666666666698, "post_exc_mean": 0.104940698752788, "prosp_score_happy": 0.788025102733246, "prosp_score_sad": 2.1891361645101801, "domain_class": "Background" }, "geometry": { "type": "Point", "coordinates": [ -169.751019105571231, 62.976088079198178 ] } },
{ "type": "Feature", "properties": { "field_1": 9, "x": -1049172.671, "y": 463660.8905, "scaled_x": 0.30693869402600299, "scaled_y": 0.021276530945341401, "post_mean": 3.9853272257521599, "post_sd": 1.6256613703984999, "post_q10": 1.9191887427591301, "post_q50": 3.9552353697667701, "post_q90": 6.1082881930889901, "post_prob_exceed": 0.62756666666666705, "post_exc_mean": 0.95930294811272299, "prosp_score_happy": 2.5010585226411899, "prosp_score_sad": 1.9191887427591301, "domain_class": "tier 2" }, "geometry": { "type": "Point", "coordinates": [ -169.751019105591837, 53.061544176829628 ] } },
{ "type": "Feature", "properties": { "field_1": 10, "x": -748384.4209, "y": 1564445.89, "scaled_x": 0.39211047005058403, "scaled_y": 0.59551400943011501, "post_mean": 2.9793122299185302, "post_sd": 0.54201023278295701, "post_q10": 2.2873855075343399, "post_q50": 2.9731765839350102, "post_q90": 3.6777235571415798, "post_prob_exceed": 0.1987, "post_exc_mean": 0.0619258791679358, "prosp_score_happy": 0.59198934008481197, "prosp_score_sad": 2.2873855075343399, "domain_class": "Background" }, "geometry": { "type": "Point", "coordinates": [ -169.077282641497675, 63.280609371719009 ] } },
{ "type": "Feature", "properties": { "field_1": 11, "x": -629283.14, "y": 1803680.438, "scaled_x": 0.425835416479453, "scaled_y": 0.72031353310854795, "post_mean": 2.4676114413694399, "post_sd": 0.38310610287567698, "post_q10": 1.9812523231083099, "post_q50": 2.46334073547875, "post_q90": 2.9586910796749901, "post_prob_exceed": 0.0066666666666666697, "post_exc_mean": 0.00088039210719529704, "prosp_score_happy": 0.016450742942463001, "prosp_score_sad": 1.9812523231083099, "domain_class": "Background" }, "geometry": { "type": "Point", "coordinates": [ -167.729809715219062, 65.60434642640196 ] } },
{ "type": "Feature", "properties": { "field_1": 12, "x": -592793.2493, "y": 1827674.904, "scaled_x": 0.43616796370105698, "scaled_y": 0.732830529306431, "post_mean": 2.6137541525305101, "post_sd": 0.31734978357724097, "post_q10": 2.2101039693683302, "post_q50": 2.6117470885998602, "post_q90": 3.0229588780305998, "post_prob_exceed": 0.0055, "post_exc_mean": 0.00060500193186786497, "prosp_score_happy": 0.0143756478389178, "prosp_score_sad": 2.2101039693683302, "domain_class": "Background" }, "geometry": { "type": "Point", "coordinates": [ -167.056073251992729, 65.881137586111862 ] } },
{ "type": "Feature", "properties": { "field_1": 13, "x": -598812.8861, "y": 1797450.902, "scaled_x": 0.43446343183483999, "scaled_y": 0.71706382217826203, "post_mean": 2.5766020965479899, "post_sd": 0.30835738178935701, "post_q10": 2.18440885118379, "post_q50": 2.57374014045921, "post_q90": 2.9719140091398399, "post_prob_exceed": 0.0033333333333333301, "post_exc_mean": 0.00031653681281514399, "prosp_score_happy": 0.0085886736551599799, "prosp_score_sad": 2.18440885118379, "domain_class": "Background" }, "geometry": { "type": "Point", "coordinates": [ -167.056073254856784, 65.604346430285887 ] } },
{ "type": "Feature", "properties": { "field_1": 14, "x": -719185.3953, "y": 1193072.405, "scaled_x": 0.400378521969875, "scaled_y": 0.401782650718497, "post_mean": 3.15998444955307, "post_sd": 0.17491717023023801, "post_q10": 2.9339508150301898, "post_q50": 3.16141911638951, "post_q90": 3.3823895882172699, "post_prob_exceed": 0.056866666666666697, "post_exc_mean": 0.0041968331139151703, "prosp_score_happy": 0.179697782364584, "prosp_score_sad": 2.9339508150301898, "domain_class": "Background" }, "geometry": { "type": "Point", "coordinates": [ -167.056073253563568, 60.088151483089341 ] } },
{ "type": "Feature", "properties": { "field_1": 15, "x": -854826.6167, "y": 512031.2108, "scaled_x": 0.361970094363608, "scaled_y": 0.046509479046186998, "post_mean": 4.1010661648518401, "post_sd": 1.4181251062472799, "post_q10": 2.2961646864629999, "post_q50": 4.0973447889442802, "post_q90": 5.9353869764700198, "post_prob_exceed": 0.679466666666667, "post_exc_mean": 0.95975906102717501, "prosp_score_happy": 2.7865377568113301, "prosp_score_sad": 2.2961646864629999, "domain_class": "tier 2" }, "geometry": { "type": "Point", "coordinates": [ -167.056073255166751, 53.86372755520761 ] } },
{ "type": "Feature", "properties": { "field_1": 16, "x": -863488.3348, "y": 468541.5781, "scaled_x": 0.359517425704656, "scaled_y": 0.0238225991984235, "post_mean": 4.4248284493003602, "post_sd": 1.66557259291698, "post_q10": 2.2798317901090401, "post_q50": 4.4139220198315003, "post_q90": 6.5733630558229699, "post_prob_exceed": 0.72386666666666699, "post_exc_mean": 1.2730903930530999, "prosp_score_happy": 3.2029858201668899, "prosp_score_sad": 2.2798317901090401, "domain_class": "tier 2" }, "geometry": { "type": "Point", "coordinates": [ -167.056073253975228, 53.464530617076967 ] } },
{ "type": "Feature", "properties": { "field_1": 17, "x": -556919.8774, "y": 1851756.985, "scaled_x": 0.44632593628042899, "scaled_y": 0.74539323090246301, "post_mean": 2.7725971280775998, "post_sd": 0.26632093660585698, "post_q10": 2.4322216320958301, "post_q50": 2.7712298938664301, "post_q90": 3.1144975943134399, "post_prob_exceed": 0.0069666666666666696, "post_exc_mean": 0.00065423250127705104, "prosp_score_happy": 0.019315759992274001, "prosp_score_sad": 2.4322216320958301, "domain_class": "Background" }, "geometry": { "type": "Point", "coordinates": [ -166.382336792162192, 66.154974029262064 ] } },
{ "type": "Feature", "properties": { "field_1": 18, "x": -562568.2915000001, "y": 1821814.315, "scaled_x": 0.44472652054374701, "scaled_y": 0.72977328393033702, "post_mean": 2.7050979064835201, "post_sd": 0.25747347630387601, "post_q10": 2.37795048193707, "post_q50": 2.7038749537173401, "post_q90": 3.0353043174149898, "post_prob_exceed": 0.00263333333333333, "post_exc_mean": 0.00023213147837288401, "prosp_score_happy": 0.0071234244870732799, "prosp_score_sad": 2.37795048193707, "domain_class": "Background" }, "geometry": { "type": "Point", "coordinates": [ -166.382336792225431, 65.881137591575367 ] } },
{ "type": "Feature", "properties": { "field_1": 19, "x": -568281.0029, "y": 1791530.8, "scaled_x": 0.44310889826065503, "scaled_y": 0.71397553114377599, "post_mean": 2.6674057030581602, "post_sd": 0.250597282643157, "post_q10": 2.3493728594665, "post_q50": 2.6657208828215002, "post_q90": 2.9899840574871401, "post_prob_exceed": 0.00123333333333333, "post_exc_mean": 9.8754175555044402e-05, "prosp_score_happy": 0.0032898003671050602, "prosp_score_sad": 2.3493728594665, "domain_class": "Background" }, "geometry": { "type": "Point", "coordinates": [ -166.382336791670951, 65.604346431638817 ] } },
{ "type": "Feature", "properties": { "field_1": 20, "x": -574058.3993, "y": 1760904.385, "scaled_x": 0.44147295964928202, "scaled_y": 0.69799890052779101, "post_mean": 2.6590708333144599, "post_sd": 0.24598505960360501, "post_q10": 2.3446648134911499, "post_q50": 2.6580514682658798, "post_q90": 2.9759208256376501, "post_prob_exceed": 0.00083333333333333295, "post_exc_mean": 6.1183153880282703e-05, "prosp_score_happy": 0.0022158923610953898, "prosp_score_sad": 2.3446648134911499, "domain_class": "Background" }, "geometry": { "type": "Point", "coordinates": [ -166.38233679141976, 65.324575194362197 ] } },
{ "type": "Feature", "properties": { "field_1": 21, "x": -579900.8629, "y": 1729933.044, "scaled_x": 0.43981859648514399, "scaled_y": 0.68184233519558701, "post_mean": 2.67826601639086, "post_sd": 0.243269762817272, "post_q10": 2.3677027202560699, "post_q50": 2.6771369778279701, "post_q90": 2.9899663114955102, "post_prob_exceed": 0.000933333333333333, "post_exc_mean": 5.9086611188104402e-05, "prosp_score_happy": 0.0024997149486314699, "prosp_score_sad": 2.3677027202560699, "domain_class": "Background" }, "geometry": { "type": "Point", "coordinates": [ -166.382336791742574, 65.041798547186715 ] } },
{ "type": "Feature", "properties": { "field_1": 22, "x": -585808.7708000001, "y": 1698614.778, "scaled_x": 0.438145701987884, "scaled_y": 0.66550479234523596, "post_mean": 2.7218122674121301, "post_sd": 0.24145947439673399, "post_q10": 2.4130335267343899, "post_q50": 2.7206513817693101, "post_q90": 3.0311463680246802, "post_prob_exceed": 0.00156666666666667, "post_exc_mean": 0.00010082634476247301, "prosp_score_happy": 0.00426417255227901, "prosp_score_sad": 2.4130335267343899, "domain_class": "Background" }, "geometry": { "type": "Point", "coordinates": [ -166.382336792760839, 64.7559911558876 ] } },
{ "type": "Feature", "properties": { "field_1": 23, "x": -682516.0367000001, "y": 1185962.253, "scaled_x": 0.410761887665197, "scaled_y": 0.39807355606515599, "post_mean": 3.1689331888939098, "post_sd": 0.12321256751743, "post_q10": 3.0103531647166499, "post_q50": 3.1697400077641702, "post_q90": 3.32514079117859, "post_prob_exceed": 0.015633333333333301, "post_exc_mean": 0.00062794938072428699, "prosp_score_happy": 0.049540988853041402, "prosp_score_sad": 3.0103531647166499, "domain_class": "Background" }, "geometry": { "type": "Point", "coordinates": [ -166.382336792879499, 60.088151488384099 ] } },
{ "type": "Feature", "properties": { "field_1": 24, "x": -811241.2714, "y": 503580.0551, "scaled_x": 0.374311804076708, "scaled_y": 0.042100833995923299, "post_mean": 4.37061464215921, "post_sd": 1.22555207747831, "post_q10": 2.8070095729454501, "post_q50": 4.37428013737465, "post_q90": 5.9397362621144003, "post_prob_exceed": 0.7791, "post_exc_mean": 1.09382505918808, "prosp_score_happy": 3.4051458677062398, "prosp_score_sad": 2.8070095729454501, "domain_class": "tier 2" }, "geometry": { "type": "Point", "coordinates": [ -166.382336791318949, 53.863727554580649 ] } },
{ "type": "Feature", "properties": { "field_1": 25, "x": -476759.7911, "y": 2127931.571, "scaled_x": 0.46902421958832102, "scaled_y": 0.889462961102503, "post_mean": 4.4595621613094698, "post_sd": 0.349759027705209, "post_q10": 4.0120404527559002, "post_q50": 4.4595757312907596, "post_q90": 4.9103268921796204, "post_prob_exceed": 0.99833333333333296, "post_exc_mean": 1.02573043384107, "prosp_score_happy": 4.4521295577072797, "prosp_score_sad": 4.0120404527559002, "domain_class": "tier 1" }, "geometry": { "type": "Point", "coordinates": [ -165.708600328607332, 68.736396141026489 ] } },
{ "type": "Feature", "properties": { "field_1": 26, "x": -481516.8507, "y": 2101229.726, "scaled_x": 0.46767720149618502, "scaled_y": 0.87553362871638196, "post_mean": 4.2723227382383504, "post_sd": 0.31036018753254102, "post_q10": 3.8744095362217101, "post_q50": 4.2718935119921699, "post_q90": 4.6711948301077699, "post_prob_exceed": 0.99606666666666699, "post_exc_mean": 0.83864159046983899, "prosp_score_happy": 4.2555182688012803, "prosp_score_sad": 3.8744095362217101, "domain_class": "tier 1" }, "geometry": { "type": "Point", "coordinates": [ -165.708600329226385, 68.490716414832193 ] } },
{ "type": "Feature", "properties": { "field_1": 27, "x": -486330.8671, "y": 2074208.176, "scaled_x": 0.46631405540765503, "scaled_y": 0.86143751844616701, "post_mean": 4.0810050904700796, "post_sd": 0.28132104994665402, "post_q10": 3.7224088966289299, "post_q50": 4.0807002460481803, "post_q90": 4.4406975323814804, "post_prob_exceed": 0.98946666666666705, "post_exc_mean": 0.64808995800164604, "prosp_score_happy": 4.0380185035171197, "prosp_score_sad": 3.7224088966289299, "domain_class": "tier 1" }, "geometry": { "type": "Point", "coordinates": [ -165.708600326225138, 68.242334203092454 ] } },
{ "type": "Feature", "properties": { "field_1": 28, "x": -526941.0728, "y": 1846259.083, "scaled_x": 0.45481479191234703, "scaled_y": 0.74252518547772495, "post_mean": 2.84504974122606, "post_sd": 0.21939693887405901, "post_q10": 2.5636954763318398, "post_q50": 2.8438971644661599, "post_q90": 3.12620376938832, "post_prob_exceed": 0.0038333333333333301, "post_exc_mean": 0.000281811762641151, "prosp_score_happy": 0.010906024008033199, "prosp_score_sad": 2.5636954763318398, "domain_class": "Background" }, "geometry": { "type": "Point", "coordinates": [ -165.708600328672645, 66.154974027035806 ] } },
{ "type": "Feature", "properties": { "field_1": 29, "x": -532285.4347, "y": 1816260.652, "scaled_x": 0.453301472177983, "scaled_y": 0.72687615012226103, "post_mean": 2.7797703013955402, "post_sd": 0.21394899319487801, "post_q10": 2.5072781889135101, "post_q50": 2.7793693031261402, "post_q90": 3.0542325771840702, "post_prob_exceed": 0.001, "post_exc_mean": 8.6106253814260305e-05, "prosp_score_happy": 0.00277977030139554, "prosp_score_sad": 2.5072781889135101, "domain_class": "Background" }, "geometry": { "type": "Point", "coordinates": [ -165.708600328417049, 65.881137589644396 ] } },
{ "type": "Feature", "properties": { "field_1": 30, "x": -537690.6328, "y": 1785920.741, "scaled_x": 0.451770925948904, "scaled_y": 0.71104897769712305, "post_mean": 2.7414370094174401, "post_sd": 0.209310080534756, "post_q10": 2.4741186062203999, "post_q50": 2.74101622061053, "post_q90": 3.0099801310118099, "post_prob_exceed": 0.00043333333333333299, "post_exc_mean": 3.6841841063317402e-05, "prosp_score_happy": 0.0011879560374142199, "prosp_score_sad": 2.4741186062203999, "domain_class": "Background" }, "geometry": { "type": "Point", "coordinates": [ -165.708600326632563, 65.60434642771412 ] } },
{ "type": "Feature", "properties": { "field_1": 31, "x": -543157.0339, "y": 1755237.292, "scaled_x": 0.45022304936132201, "scaled_y": 0.69504259462233597, "post_mean": 2.7295627864090699, "post_sd": 0.205789587795743, "post_q10": 2.46662247117328, "post_q50": 2.7290423152045502, "post_q90": 2.9939385677397601, "post_prob_exceed": 0.000366666666666667, "post_exc_mean": 2.3431573260465901e-05, "prosp_score_happy": 0.00100083968834999, "prosp_score_sad": 2.46662247117328, "domain_class": "Background" }, "geometry": { "type": "Point", "coordinates": [ -165.708600326692789, 65.324575193519593 ] } },
{ "type": "Feature", "properties": { "field_1": 32, "x": -548684.9998, "y": 1724208.274, "scaled_x": 0.448657739967255, "scaled_y": 0.67885594140279504, "post_mean": 2.74240858681654, "post_sd": 0.20316881670831999, "post_q10": 2.48357172235829, "post_q50": 2.7412275587244199, "post_q90": 3.0029463681777799, "post_prob_exceed": 0.000266666666666667, "post_exc_mean": 1.90195830199685e-05, "prosp_score_happy": 0.00073130895648441095, "prosp_score_sad": 2.48357172235829, "domain_class": "Background" }, "geometry": { "type": "Point", "coordinates": [ -165.708600327869078, 65.0417985433876 ] } },
{ "type": "Feature", "properties": { "field_1": 33, "x": -554274.887, "y": 1692831.686, "scaled_x": 0.44707489681948298, "scaled_y": 0.66248797419325001, "post_mean": 2.77703243994968, "post_sd": 0.20071476006923999, "post_q10": 2.5209802633420799, "post_q50": 2.77581543601976, "post_q90": 3.0359888966269901, "post_prob_exceed": 0.00053333333333333303, "post_exc_mean": 2.6790431373604801e-05, "prosp_score_happy": 0.0014810839679731699, "prosp_score_sad": 2.5209802633420799, "domain_class": "Background" }, "geometry": { "type": "Point", "coordinates": [ -165.708600330384485, 64.755991158781441 ] } },
{ "type": "Feature", "properties": { "field_1": 34, "x": -607426.1718, "y": 1394488.277, "scaled_x": 0.43202447738687799, "scaled_y": 0.50685361599929801, "post_mean": 3.31348414437947, "post_sd": 0.107738608691897, "post_q10": 3.1755770951613802, "post_q50": 3.31351150782436, "post_q90": 3.45157419273324, "post_prob_exceed": 0.13136666666666699, "post_exc_mean": 0.0071981417895800098, "prosp_score_happy": 0.435281367099983, "prosp_score_sad": 3.1755770951613802, "domain_class": "Background" }, "geometry": { "type": "Point", "coordinates": [ -165.708600328924717, 62.043185446956279 ] } },
{ "type": "Feature", "properties": { "field_1": 35, "x": -613653.5043, "y": 1359533.645, "scaled_x": 0.43026113400912203, "scaled_y": 0.48861911993497997, "post_mean": 3.3264405831118098, "post_sd": 0.101109758916893, "post_q10": 3.1971893542305501, "post_q50": 3.3267329127864498, "post_q90": 3.4562992288585099, "post_prob_exceed": 0.14353333333333301, "post_exc_mean": 0.0075109328191592002, "prosp_score_happy": 0.47745510502931499, "prosp_score_sad": 3.1971893542305501, "domain_class": "Background" }, "geometry": { "type": "Point", "coordinates": [ -165.708600329178353, 61.725689402296531 ] } },
{ "type": "Feature", "properties": { "field_1": 36, "x": -619946.2415, "y": 1324211.889, "scaled_x": 0.42847927051145701, "scaled_y": 0.47019310930592201, "post_mean": 3.3232020971861198, "post_sd": 0.096995582876453296, "post_q10": 3.1989330304971602, "post_q50": 3.3231459077186298, "post_q90": 3.4473368665111002, "post_prob_exceed": 0.126733333333333, "post_exc_mean": 0.00615685462663628, "prosp_score_happy": 0.421160479116721, "prosp_score_sad": 3.1989330304971602, "domain_class": "Background" }, "geometry": { "type": "Point", "coordinates": [ -165.708600326255834, 61.404888318998353 ] } },
{ "type": "Feature", "properties": { "field_1": 37, "x": -645776.4342, "y": 1179224.468, "scaled_x": 0.42116514375755298, "scaled_y": 0.39455871104934398, "post_mean": 3.15856248089512, "post_sd": 0.098101585109402506, "post_q10": 3.03104500009279, "post_q50": 3.15913687160598, "post_q90": 3.2838686213788901, "post_prob_exceed": 0.002, "post_exc_mean": 6.4671561928914293e-05, "prosp_score_happy": 0.0063171249617902398, "prosp_score_sad": 3.03104500009279, "domain_class": "Background" }, "geometry": { "type": "Point", "coordinates": [ -165.708600328090284, 60.0881514839433 ] } },
{ "type": "Feature", "properties": { "field_1": 38, "x": -759863.1051, "y": 538844.7216, "scaled_x": 0.38886014388453799, "scaled_y": 0.060497063213949202, "post_mean": 4.2968885642399002, "post_sd": 0.87160557084835, "post_q10": 3.1793470180354002, "post_q50": 4.2981604501199504, "post_q90": 5.4152747282158504, "post_prob_exceed": 0.83913333333333295, "post_exc_mean": 0.93772467594109699, "prosp_score_happy": 3.6056624238725101, "prosp_score_sad": 3.1793470180354002, "domain_class": "tier 1" }, "geometry": { "type": "Point", "coordinates": [ -165.708600327786939, 54.25915142857346 ] } },
{ "type": "Feature", "properties": { "field_1": 39, "x": -449586.8392, "y": 2123232.663, "scaled_x": 0.47671856460473699, "scaled_y": 0.88701172032180797, "post_mean": 4.3867154995693598, "post_sd": 0.27459626479757199, "post_q10": 4.0348085152218598, "post_q50": 4.3866437227899597, "post_q90": 4.7399806339853896, "post_prob_exceed": 0.9998, "post_exc_mean": 0.95273473415100696, "prosp_score_happy": 4.3858381564694398, "prosp_score_sad": 4.0348085152218598, "domain_class": "tier 1" }, "geometry": { "type": "Point", "coordinates": [ -165.034863863498856, 68.736396140077971 ] } },
{ "type": "Feature", "properties": { "field_1": 40, "x": -454072.77, "y": 2096483.933, "scaled_x": 0.47544831986202402, "scaled_y": 0.87305792982243902, "post_mean": 4.2172853441361697, "post_sd": 0.233205421653158, "post_q10": 3.9180248185764999, "post_q50": 4.2176441433781502, "post_q90": 4.5187838401368197, "post_prob_exceed": 0.99963333333333304, "post_exc_mean": 0.78331403373363095, "prosp_score_happy": 4.2157390061766504, "prosp_score_sad": 3.9180248185764999, "domain_class": "tier 1" }, "geometry": { "type": "Point", "coordinates": [ -165.034863867027724, 68.490716415668487 ] } },
{ "type": "Feature", "properties": { "field_1": 41, "x": -458612.4113, "y": 2069414.937, "scaled_x": 0.47416286635143401, "scaled_y": 0.85893706878671106, "post_mean": 4.0433849880806596, "post_sd": 0.20395220915175599, "post_q10": 3.78220172563412, "post_q50": 4.0431653245302099, "post_q90": 4.3055586994235604, "post_prob_exceed": 0.99856666666666705, "post_exc_mean": 0.60947199155370901, "prosp_score_happy": 4.0375894695977497, "prosp_score_sad": 3.78220172563412, "domain_class": "tier 1" }, "geometry": { "type": "Point", "coordinates": [ -165.034863867481107, 68.242334208990087 ] } },
{ "type": "Feature", "properties": { "field_1": 42, "x": -463206.1419, "y": 2042023.416, "scaled_x": 0.47286209681123198, "scaled_y": 0.84464795878062604, "post_mean": 3.8681882311875802, "post_sd": 0.18696460941468099, "post_q10": 3.62992305039861, "post_q50": 3.86773522873658, "post_q90": 4.1056784730380702, "post_prob_exceed": 0.9898, "post_exc_mean": 0.43487734591916899, "prosp_score_happy": 3.82873271122947, "prosp_score_sad": 3.62992305039861, "domain_class": "tier 1" }, "geometry": { "type": "Point", "coordinates": [ -165.034863863814167, 67.991224505484965 ] } },
{ "type": "Feature", "properties": { "field_1": 43, "x": -491925.2948, "y": 1870776.706, "scaled_x": 0.46472992656322099, "scaled_y": 0.75531509269517005, "post_mean": 2.98889903803421, "post_sd": 0.18912260737649, "post_q10": 2.7457049752659102, "post_q50": 2.9883686584036, "post_q90": 3.23180164116074, "post_prob_exceed": 0.0094, "post_exc_mean": 0.00058794018466582203, "prosp_score_happy": 0.0280956509575216, "prosp_score_sad": 2.7457049752659102, "domain_class": "Background" }, "geometry": { "type": "Point", "coordinates": [ -165.034863864860483, 66.425881097375793 ] } },
{ "type": "Feature", "properties": { "field_1": 44, "x": -496908.0359, "y": 1841065.592, "scaled_x": 0.463319004066027, "scaled_y": 0.73981593964159098, "post_mean": 2.9023795926586198, "post_sd": 0.18780941678915999, "post_q10": 2.66210770740018, "post_q50": 2.9025508372602999, "post_q90": 3.1438627522484501, "post_prob_exceed": 0.0024, "post_exc_mean": 0.00014026940369210201, "prosp_score_happy": 0.0069657110223806896, "prosp_score_sad": 2.66210770740018, "domain_class": "Background" }, "geometry": { "type": "Point", "coordinates": [ -165.034863864311887, 66.154974024764684 ] } },
{ "type": "Feature", "properties": { "field_1": 45, "x": -501947.7956, "y": 1811014.488, "scaled_x": 0.46189193607303403, "scaled_y": 0.72413942679441201, "post_mean": 2.83939742483915, "post_sd": 0.18547777167637899, "post_q10": 2.6026078818012501, "post_q50": 2.83962624934053, "post_q90": 3.0779721774645101, "post_prob_exceed": 0.0006, "post_exc_mean": 4.2671919101997301e-05, "prosp_score_happy": 0.00170363845490349, "prosp_score_sad": 2.6026078818012501, "domain_class": "Background" }, "geometry": { "type": "Point", "coordinates": [ -165.034863866657759, 65.881137592848162 ] } },
{ "type": "Feature", "properties": { "field_1": 46, "x": -507044.9242, "y": 1780621.304, "scaled_x": 0.46044862339262399, "scaled_y": 0.70828446388048205, "post_mean": 2.8005402760684102, "post_sd": 0.18273932234707199, "post_q10": 2.5670261656915199, "post_q50": 2.80051152312075, "post_q90": 3.0352683465884001, "post_prob_exceed": 0.000333333333333333, "post_exc_mean": 1.9009162653812901e-05, "prosp_score_happy": 0.000933513425356137, "prosp_score_sad": 2.5670261656915199, "domain_class": "Background" }, "geometry": { "type": "Point", "coordinates": [ -165.034863867406074, 65.60434643271752 ] } },
{ "type": "Feature", "properties": { "field_1": 47, "x": -512199.7674, "y": 1749883.978, "scaled_x": 0.45898896813572398, "scaled_y": 0.69224997523317799, "post_mean": 2.7853027574326199, "post_sd": 0.179970136154667, "post_q10": 2.5553210785304898, "post_q50": 2.7848826168586802, "post_q90": 3.0178596429893298, "post_prob_exceed": 0.00023333333333333301, "post_exc_mean": 9.8476118186268898e-06, "prosp_score_happy": 0.00064990397673427805, "prosp_score_sad": 2.5553210785304898, "domain_class": "Background" }, "geometry": { "type": "Point", "coordinates": [ -165.034863864269369, 65.324575193549634 ] } },
{ "type": "Feature", "properties": { "field_1": 48, "x": -517412.6665, "y": 1718800.477, "scaled_x": 0.45751287365917398, "scaled_y": 0.67603490031407398, "post_mean": 2.7920569600087699, "post_sd": 0.17713669187477901, "post_q10": 2.5659825297670702, "post_q50": 2.7907912482730599, "post_q90": 3.0212397727270299, "post_prob_exceed": 0.0002, "post_exc_mean": 4.2699246429110396e-06, "prosp_score_happy": 0.00055841139200175503, "prosp_score_sad": 2.5659825297670702, "domain_class": "Background" }, "geometry": { "type": "Point", "coordinates": [ -165.03486386475717, 65.041798545351696 ] } },
{ "type": "Feature", "properties": { "field_1": 49, "x": -522683.9578, "y": 1687368.795, "scaled_x": 0.45602024473562103, "scaled_y": 0.65963819266960799, "post_mean": 2.8181208050283599, "post_sd": 0.173791221461333, "post_q10": 2.5965034682636201, "post_q50": 2.8168398631323801, "post_q90": 3.0435623766581799, "post_prob_exceed": 0.00016666666666666701, "post_exc_mean": 4.8117188875126197e-06, "prosp_score_happy": 0.00046968680083806001, "prosp_score_sad": 2.5965034682636201, "domain_class": "Background" }, "geometry": { "type": "Point", "coordinates": [ -165.034863866297798, 64.755991156259299 ] } },
{ "type": "Feature", "properties": { "field_1": 50, "x": -528013.9722, "y": 1655586.958, "scaled_x": 0.45451098766679099, "scaled_y": 0.64305882253939695, "post_mean": 2.85992749154717, "post_sd": 0.169232424646236, "post_q10": 2.644706404606, "post_q50": 2.8589651578613799, "post_q90": 3.0794899933006499, "post_prob_exceed": 0.000366666666666667, "post_exc_mean": 1.40572502000739e-05, "prosp_score_happy": 0.0010486400802339601, "prosp_score_sad": 2.644706404606, "domain_class": "Background" }, "geometry": { "type": "Point", "coordinates": [ -165.034863865735588, 64.467127731363831 ] } },
{ "type": "Feature", "properties": { "field_1": 51, "x": -566994.8927, "y": 1423151.328, "scaled_x": 0.44347307568401201, "scaled_y": 0.52180603462727404, "post_mean": 3.23872950827898, "post_sd": 0.088146590157305194, "post_q10": 3.1261526713399999, "post_q50": 3.2388302901314998, "post_q90": 3.3514291542089998, "post_prob_exceed": 0.0130333333333333, "post_exc_mean": 0.00039948825736950698, "prosp_score_happy": 0.042211441257902702, "prosp_score_sad": 3.1261526713399999, "domain_class": "Background" }, "geometry": { "type": "Point", "coordinates": [ -165.034863865833643, 62.35740085660364 ] } },
{ "type": "Feature", "properties": { "field_1": 52, "x": -572805.8821, "y": 1388501.531, "scaled_x": 0.44182762481452598, "scaled_y": 0.50373055933616195, "post_mean": 3.2637745756543399, "post_sd": 0.079498773667689204, "post_q10": 3.16185158349196, "post_q50": 3.2637533564406902, "post_q90": 3.36582490481157, "post_prob_exceed": 0.016233333333333301, "post_exc_mean": 0.000452502470181775, "prosp_score_happy": 0.052981940611455398, "prosp_score_sad": 3.16185158349196, "domain_class": "Background" }, "geometry": { "type": "Point", "coordinates": [ -165.034863865840123, 62.043185444193512 ] } },
{ "type": "Feature", "properties": { "field_1": 53, "x": -578678.2874, "y": 1353485.523, "scaled_x": 0.44016478330136599, "scaled_y": 0.48546404575752899, "post_mean": 3.2757268694000001, "post_sd": 0.074939705624475203, "post_q10": 3.1790634775230999, "post_q50": 3.27589893280848, "post_q90": 3.3718685212797399, "post_prob_exceed": 0.017833333333333298, "post_exc_mean": 0.00048594874991606402, "prosp_score_happy": 0.0584171291709666, "prosp_score_sad": 3.1790634775230999, "domain_class": "Background" }, "geometry": { "type": "Point", "coordinates": [ -165.034863865969953, 61.725689400548681 ] } },
{ "type": "Feature", "properties": { "field_1": 54, "x": -584612.3697, "y": 1318101.747, "scaled_x": 0.43848447721095501, "scaled_y": 0.46700568166396, "post_mean": 3.2740953326684101, "post_sd": 0.073198812618514603, "post_q10": 3.1804072320346002, "post_q50": 3.2741379477172901, "post_q90": 3.3674884189847698, "post_prob_exceed": 0.0144, "post_exc_mean": 0.00038482878485922902, "prosp_score_happy": 0.047146972790425103, "prosp_score_sad": 3.1804072320346002, "domain_class": "Background" }, "geometry": { "type": "Point", "coordinates": [ -165.034863865872552, 61.404888323684006 ] } },
{ "type": "Feature", "properties": { "field_1": 55, "x": -590608.3812, "y": 1282348.699, "scaled_x": 0.43678663512985999, "scaled_y": 0.44835468247611598, "post_mean": 3.2587790050565801, "post_sd": 0.0719394296746039, "post_q10": 3.16646329796168, "post_q50": 3.25878727132956, "post_q90": 3.35044719629103, "post_prob_exceed": 0.0077333333333333299, "post_exc_mean": 0.00018483746819012001, "prosp_score_happy": 0.025201224305770899, "prosp_score_sad": 3.16646329796168, "domain_class": "Background" }, "geometry": { "type": "Point", "coordinates": [ -165.03486386499938, 61.080757965497035 ] } },
{ "type": "Feature", "properties": { "field_1": 56, "x": -602787.1529, "y": 1209729.057, "scaled_x": 0.43333807084870102, "scaled_y": 0.41047178969552001, "post_mean": 3.1883658275445401, "post_sd": 0.071434123892137102, "post_q10": 3.0967581740486501, "post_q50": 3.1882431205895001, "post_q90": 3.2797076479407399, "post_prob_exceed": 0.0005, "post_exc_mean": 8.23701385178726e-06, "prosp_score_happy": 0.0015941829137722701, "prosp_score_sad": 3.0967581740486501, "domain_class": "Background" }, "geometry": { "type": "Point", "coordinates": [ -165.034863863587589, 60.422413328428753 ] } },
{ "type": "Feature", "properties": { "field_1": 57, "x": -422367.6164, "y": 2118809.66, "scaled_x": 0.48442601177767097, "scaled_y": 0.88470440863859601, "post_mean": 4.30105859142322, "post_sd": 0.21208838698922899, "post_q10": 4.03078084454323, "post_q50": 4.3002343654074, "post_q90": 4.57525073040087, "post_prob_exceed": 1.0, "post_exc_mean": 0.86707138693806995, "prosp_score_happy": 4.30105859142322, "prosp_score_sad": 4.03078084454323, "domain_class": "tier 1" }, "geometry": { "type": "Point", "coordinates": [ -164.361127401087373, 68.736396137460147 ] } },
{ "type": "Feature", "properties": { "field_1": 58, "x": -426581.9565, "y": 2092016.798, "scaled_x": 0.48323267117686802, "scaled_y": 0.87072759616090101, "post_mean": 4.1491096134993697, "post_sd": 0.16822233104788201, "post_q10": 3.9347966363951499, "post_q50": 4.1483268278324701, "post_q90": 4.3649824183954404, "post_prob_exceed": 1.0, "post_exc_mean": 0.71512240901422697, "prosp_score_happy": 4.1491096134993697, "prosp_score_sad": 3.9347966363951499, "domain_class": "tier 1" }, "geometry": { "type": "Point", "coordinates": [ -164.361127402502859, 68.490716415577765 ] } },
{ "type": "Feature", "properties": { "field_1": 59, "x": -430846.7555, "y": 2064903.141, "scaled_x": 0.48202504253746098, "scaled_y": 0.85658343718775698, "post_mean": 3.9923656141267299, "post_sd": 0.13816947085025699, "post_q10": 3.8151634802585801, "post_q50": 3.9923726033397902, "post_q90": 4.1704507076456299, "post_prob_exceed": 1.0, "post_exc_mean": 0.55837840964158203, "prosp_score_happy": 3.9923656141267299, "prosp_score_sad": 3.8151634802585801, "domain_class": "tier 1" }, "geometry": { "type": "Point", "coordinates": [ -164.361127403122964, 68.242334205794549 ] } },
{ "type": "Feature", "properties": { "field_1": 60, "x": -435162.369, "y": 2037466.428, "scaled_x": 0.48080302516707402, "scaled_y": 0.842270752241844, "post_mean": 3.8337764028465799, "post_sd": 0.124322792072079, "post_q10": 3.6742958827051599, "post_q50": 3.8337437795985898, "post_q90": 3.9926779141448701, "post_prob_exceed": 0.99953333333333305, "post_exc_mean": 0.39980776594970302, "prosp_score_happy": 3.8319873071919202, "prosp_score_sad": 3.6742958827051599, "domain_class": "tier 1" }, "geometry": { "type": "Point", "coordinates": [ -164.361127402025573, 67.991224509351866 ] } },
{ "type": "Feature", "properties": { "field_1": 61, "x": -439529.1508, "y": 2009704.41, "scaled_x": 0.47956651888302099, "scaled_y": 0.82778836810578604, "post_mean": 3.6765391004219499, "post_sd": 0.124876724690397, "post_q10": 3.5158898742645102, "post_q50": 3.6768732514788902, "post_q90": 3.8354737160943699, "post_prob_exceed": 0.97386666666666699, "post_exc_mean": 0.24380218940995799, "prosp_score_happy": 3.5804588785975899, "prosp_score_sad": 3.5158898742645102, "domain_class": "tier 1" }, "geometry": { "type": "Point", "coordinates": [ -164.361127400355713, 67.737362245404455 ] } },
{ "type": "Feature", "properties": { "field_1": 62, "x": -462142.7855, "y": 1865937.18, "scaled_x": 0.473163198842662, "scaled_y": 0.75279049687621902, "post_mean": 3.0277366009442699, "post_sd": 0.16766376733367799, "post_q10": 2.81342029118847, "post_q50": 3.0285826057909802, "post_q90": 3.2421591034996999, "post_prob_exceed": 0.00776666666666667, "post_exc_mean": 0.00041351358187945002, "prosp_score_happy": 0.023515420934000501, "prosp_score_sad": 2.81342029118847, "domain_class": "Background" }, "geometry": { "type": "Point", "coordinates": [ -164.36112740030643, 66.425881091774528 ] } },
{ "type": "Feature", "properties": { "field_1": 63, "x": -466823.8577, "y": 1836177.047, "scaled_x": 0.47183769748800197, "scaled_y": 0.73726577248312297, "post_mean": 2.9464144881470999, "post_sd": 0.16950874575656899, "post_q10": 2.7288404043494299, "post_q50": 2.9462038960621699, "post_q90": 3.1636818178392998, "post_prob_exceed": 0.0020666666666666702, "post_exc_mean": 0.000103775301680736, "prosp_score_happy": 0.0060892566088373498, "prosp_score_sad": 2.7288404043494299, "domain_class": "Background" }, "geometry": { "type": "Point", "coordinates": [ -164.361127401411466, 66.154974026757102 ] } },
{ "type": "Feature", "properties": { "field_1": 64, "x": -471558.4965, "y": 1806076.362, "scaled_x": 0.47049702811246302, "scaled_y": 0.72156339512249801, "post_mean": 2.88598933732646, "post_sd": 0.16927552567631399, "post_q10": 2.6682345835264401, "post_q50": 2.8858728922525598, "post_q90": 3.1026159133768401, "post_prob_exceed": 0.0007, "post_exc_mean": 2.97510853235949e-05, "prosp_score_happy": 0.0020201925361285201, "prosp_score_sad": 2.6682345835264401, "domain_class": "Background" }, "geometry": { "type": "Point", "coordinates": [ -164.361127402972073, 65.881137592984274 ] } },
{ "type": "Feature", "properties": { "field_1": 65, "x": -476347.0309, "y": 1775633.032, "scaled_x": 0.46914109755577699, "scaled_y": 0.705682272956207, "post_mean": 2.8469391551863601, "post_sd": 0.16763677851956499, "post_q10": 2.6315106235338601, "post_q50": 2.8467996813991898, "post_q90": 3.0605734982361001, "post_prob_exceed": 0.0003, "post_exc_mean": 1.1216979780648001e-05, "prosp_score_happy": 0.00085408174655590805, "prosp_score_sad": 2.6315106235338601, "domain_class": "Background" }, "geometry": { "type": "Point", "coordinates": [ -164.361127400371856, 65.604346425632656 ] } },
{ "type": "Feature", "properties": { "field_1": 66, "x": -481189.7858, "y": 1744844.994, "scaled_x": 0.46776981381863703, "scaled_y": 0.68962132979596802, "post_mean": 2.82875669576954, "post_sd": 0.16507141601771999, "post_q10": 2.6167594767138902, "post_q50": 2.8281984240897802, "post_q90": 3.0390316335098402, "post_prob_exceed": 0.0002, "post_exc_mean": 4.2048807389958503e-06, "prosp_score_happy": 0.00056575133915390903, "prosp_score_sad": 2.6167594767138902, "domain_class": "Background" }, "geometry": { "type": "Point", "coordinates": [ -164.361127402288957, 65.324575194982586 ] } },
{ "type": "Feature", "properties": { "field_1": 67, "x": -486087.0817, "y": 1713710.209, "scaled_x": 0.466383086147652, "scaled_y": 0.67337950197338103, "post_mean": 2.8299437017590301, "post_sd": 0.161724113599167, "post_q10": 2.6223082076579498, "post_q50": 2.8288077018743998, "post_q90": 3.0368593284191201, "post_prob_exceed": 0.0001, "post_exc_mean": 9.5675067437544703e-07, "prosp_score_happy": 0.00028299437017590301, "prosp_score_sad": 2.6223082076579498, "domain_class": "Background" }, "geometry": { "type": "Point", "coordinates": [ -164.361127403948558, 65.041798547824882 ] } },
{ "type": "Feature", "properties": { "field_1": 68, "x": -491039.2344, "y": 1682226.668, "scaled_x": 0.46498082512028899, "scaled_y": 0.65695574146990099, "post_mean": 2.8480947085535901, "post_sd": 0.15739464979985701, "post_q10": 2.6470913984148998, "post_q50": 2.84672401524384, "post_q90": 3.05032422478553, "post_prob_exceed": 6.6666666666666697e-05, "post_exc_mean": 2.4681687467278201e-06, "prosp_score_happy": 0.00018987298057023899, "prosp_score_sad": 2.6470913984148998, "domain_class": "Background" }, "geometry": { "type": "Point", "coordinates": [ -164.361127401155642, 64.755991155222759 ] } },
{ "type": "Feature", "properties": { "field_1": 69, "x": -521921.1833, "y": 1485893.248, "scaled_x": 0.45623623342151498, "scaled_y": 0.55453609722120401, "post_mean": 3.1180975165368499, "post_sd": 0.095265685297334701, "post_q10": 2.9958405863447202, "post_q50": 3.1173132876365099, "post_q90": 3.24078452678829, "post_prob_exceed": 0.00053333333333333303, "post_exc_mean": 1.17300652664359e-05, "prosp_score_happy": 0.00166298534215299, "prosp_score_sad": 2.9958405863447202, "domain_class": "Background" }, "geometry": { "type": "Point", "coordinates": [ -164.361127402552995, 62.976088084605884 ] } },
{ "type": "Feature", "properties": { "field_1": 70, "x": -527265.7318, "y": 1451915.033, "scaled_x": 0.45472286084913799, "scaled_y": 0.53681096060153999, "post_mean": 3.1578855642399399, "post_sd": 0.082026648249207607, "post_q10": 3.0528903223851902, "post_q50": 3.1578792189545601, "post_q90": 3.2633600453773401, "post_prob_exceed": 0.0004, "post_exc_mean": 7.9962236273296305e-06, "prosp_score_happy": 0.00126315422569597, "prosp_score_sad": 3.0528903223851902, "domain_class": "Background" }, "geometry": { "type": "Point", "coordinates": [ -164.361127401401319, 62.668360174611436 ] } },
{ "type": "Feature", "properties": { "field_1": 71, "x": -532667.4636, "y": 1417573.273, "scaled_x": 0.45319329614419501, "scaled_y": 0.51889617644470099, "post_mean": 3.1893812183613801, "post_sd": 0.071213770870254295, "post_q10": 3.0979704715259899, "post_q50": 3.1896478687259102, "post_q90": 3.2809199487487, "post_prob_exceed": 0.0003, "post_exc_mean": 5.94209385694042e-06, "prosp_score_happy": 0.00095681436550841298, "prosp_score_sad": 3.0979704715259899, "domain_class": "Background" }, "geometry": { "type": "Point", "coordinates": [ -164.361127401712452, 62.357400853370457 ] } },
{ "type": "Feature", "properties": { "field_1": 72, "x": -538126.6397000001, "y": 1382866.308, "scaled_x": 0.45164746540142697, "scaled_y": 0.50079087879210604, "post_mean": 3.21119454404811, "post_sd": 0.064309621262064104, "post_q10": 3.1285411138273198, "post_q50": 3.2113934715507799, "post_q90": 3.2936136703593801, "post_prob_exceed": 0.00016666666666666701, "post_exc_mean": 2.96833882017715e-06, "prosp_score_happy": 0.000535199090674684, "prosp_score_sad": 3.1285411138273198, "domain_class": "Background" }, "geometry": { "type": "Point", "coordinates": [ -164.361127401414876, 62.043185441819318 ] } },
{ "type": "Feature", "properties": { "field_1": 73, "x": -543643.5134000001, "y": 1347792.528, "scaled_x": 0.45008529689592203, "scaled_y": 0.482494227768265, "post_mean": 3.2223499284655501, "post_sd": 0.061601915101175998, "post_q10": 3.1434593064821499, "post_q50": 3.2223559142721001, "post_q90": 3.3014614908936202, "post_prob_exceed": 0.0002, "post_exc_mean": 3.10378911762184e-06, "prosp_score_happy": 0.00064446998569311095, "prosp_score_sad": 3.1434593064821499, "domain_class": "Background" }, "geometry": { "type": "Point", "coordinates": [ -164.361127401607916, 61.725689400863615 ] } },
{ "type": "Feature", "properties": { "field_1": 74, "x": -549218.3301, "y": 1312350.373, "scaled_x": 0.44850672113974599, "scaled_y": 0.46400540958078001, "post_mean": 3.2221913276616498, "post_sd": 0.061645134223086602, "post_q10": 3.1428537236171499, "post_q50": 3.2221412457793699, "post_q90": 3.3009363203134101, "post_prob_exceed": 0.00023333333333333301, "post_exc_mean": 3.3436054341399998e-06, "prosp_score_happy": 0.00075184464312105098, "prosp_score_sad": 3.1428537236171499, "domain_class": "Background" }, "geometry": { "type": "Point", "coordinates": [ -164.36112740269084, 61.404888324557092 ] } },
{ "type": "Feature", "properties": { "field_1": 75, "x": -554851.3266, "y": 1276538.337, "scaled_x": 0.446911671080158, "scaled_y": 0.44532363860698698, "post_mean": 3.2103135312237301, "post_sd": 0.062311794404471398, "post_q10": 3.1299415619942699, "post_q50": 3.2103995357300499, "post_q90": 3.2898687479114601, "post_prob_exceed": 0.00013333333333333299, "post_exc_mean": 1.8039396393006301e-06, "prosp_score_happy": 0.000428041804163164, "prosp_score_sad": 3.1299415619942699, "domain_class": "Background" }, "geometry": { "type": "Point", "coordinates": [ -164.361127403096191, 61.080757969226518 ] } },
{ "type": "Feature", "properties": { "field_1": 76, "x": -560542.7309, "y": 1240354.97, "scaled_x": 0.445300082156243, "scaled_y": 0.42644815843728401, "post_mean": 3.18654551139588, "post_sd": 0.062965551695845307, "post_q10": 3.1060673456163901, "post_q50": 3.18648183290273, "post_q90": 3.2672140443576501, "post_prob_exceed": 3.3333333333333301e-05, "post_exc_mean": 4.2244524959459802e-08, "prosp_score_happy": 0.000106218183713196, "prosp_score_sad": 3.1060673456163901, "domain_class": "Background" }, "geometry": { "type": "Point", "coordinates": [ -164.3611274014728, 60.753274264152907 ] } },
{ "type": "Feature", "properties": { "field_1": 77, "x": -566292.762, "y": 1203798.881, "scaled_x": 0.443671892355542, "scaled_y": 0.40737824344011397, "post_mean": 3.1510061130813898, "post_sd": 0.067476466086850401, "post_q10": 3.0648601819956802, "post_q50": 3.1505092778090602, "post_q90": 3.23746571392067, "post_prob_exceed": 3.3333333333333301e-05, "post_exc_mean": 1.58360911785627e-07, "prosp_score_happy": 0.000105033537102713, "prosp_score_sad": 3.0648601819956802, "domain_class": "Background" }, "geometry": { "type": "Point", "coordinates": [ -164.361127401570684, 60.42241333101326 ] } },
{ "type": "Feature", "properties": { "field_1": 78, "x": -572101.6292, "y": 1166868.739, "scaled_x": 0.44202704241226698, "scaled_y": 0.38811319928362797, "post_mean": 3.1042445619087702, "post_sd": 0.086025564914272698, "post_q10": 2.9951935902400102, "post_q50": 3.1034629550355501, "post_q90": 3.2147467101275899, "post_prob_exceed": 0.0002, "post_exc_mean": 3.1782218054593198e-06, "prosp_score_happy": 0.00062084891238175296, "prosp_score_sad": 2.9951935902400102, "domain_class": "Background" }, "geometry": { "type": "Point", "coordinates": [ -164.3611274023134, 60.088151486288623 ] } },
{ "type": "Feature", "properties": { "field_1": 79, "x": -666403.1982, "y": 567342.1462, "scaled_x": 0.41532442982362899, "scaled_y": 0.075363080876841501, "post_mean": 4.4145805503669298, "post_sd": 0.51824716272330795, "post_q10": 3.7538956197819102, "post_q50": 4.4137424572425603, "post_q90": 5.0776015062982403, "post_prob_exceed": 0.96946666666666703, "post_exc_mean": 0.98687662476057303, "prosp_score_happy": 4.2797886908957299, "prosp_score_sad": 3.7538956197819102, "domain_class": "tier 1" }, "geometry": { "type": "Point", "coordinates": [ -164.361127401603227, 54.650819243294791 ] } },
{ "type": "Feature", "properties": { "field_1": 80, "x": -391209.4752, "y": 2141178.244, "scaled_x": 0.49324881061621001, "scaled_y": 0.89637324431429, "post_mean": 4.3318088311463603, "post_sd": 0.22021273454044299, "post_q10": 4.0510834600587398, "post_q50": 4.3312354967902698, "post_q90": 4.6165676252310002, "post_prob_exceed": 0.999966666666667, "post_exc_mean": 0.89782266285702905, "prosp_score_happy": 4.3316644375186604, "prosp_score_sad": 4.0510834600587398, "domain_class": "tier 1" }, "geometry": { "type": "Point", "coordinates": [ -163.687390940093621, 68.979398324180124 ] } },
{ "type": "Feature", "properties": { "field_1": 81, "x": -395104.9238, "y": 2114663.018, "scaled_x": 0.49214576794228898, "scaled_y": 0.88254126393064602, "post_mean": 4.2044677699752704, "post_sd": 0.16500253133020401, "post_q10": 3.99467427761883, "post_q50": 4.2045467112508899, "post_q90": 4.4171373443239297, "post_prob_exceed": 1.0, "post_exc_mean": 0.770480565490127, "prosp_score_happy": 4.2044677699752704, "prosp_score_sad": 3.99467427761883, "domain_class": "tier 1" }, "geometry": { "type": "Point", "coordinates": [ -163.68739093764745, 68.736396140640124 ] } },
{ "type": "Feature", "properties": { "field_1": 82, "x": -399047.2397, "y": 2087828.781, "scaled_x": 0.491029454234086, "scaled_y": 0.86854286769619304, "post_mean": 4.0696283807117197, "post_sd": 0.11942523794780401, "post_q10": 3.9166453266186698, "post_q50": 4.06921104170004, "post_q90": 4.22315543259836, "post_prob_exceed": 1.0, "post_exc_mean": 0.63564117622657801, "prosp_score_happy": 4.0696283807117197, "prosp_score_sad": 3.9166453266186698, "domain_class": "tier 1" }, "geometry": { "type": "Point", "coordinates": [ -163.687390940724868, 68.490716416518381 ] } },
{ "type": "Feature", "properties": { "field_1": 83, "x": -403036.7573, "y": 2060673.254, "scaled_x": 0.48989977480225899, "scaled_y": 0.85437686674370195, "post_mean": 3.9297430374186701, "post_sd": 0.088843679458017494, "post_q10": 3.8165321365195601, "post_q50": 3.9291728461198598, "post_q90": 4.0436983685247396, "post_prob_exceed": 1.0, "post_exc_mean": 0.49575583293352699, "prosp_score_happy": 3.9297430374186701, "prosp_score_sad": 3.8165321365195601, "domain_class": "tier 1" }, "geometry": { "type": "Point", "coordinates": [ -163.68739093929986, 68.242334208233018 ] } },
{ "type": "Feature", "properties": { "field_1": 84, "x": -407073.8097, "y": 2033194.172, "scaled_x": 0.48875663532557401, "scaled_y": 0.84004207950920695, "post_mean": 3.7875412779821702, "post_sd": 0.080038201087859306, "post_q10": 3.6848337326557599, "post_q50": 3.7874764425708198, "post_q90": 3.8903485567349101, "post_prob_exceed": 1.0, "post_exc_mean": 0.353554073497026, "prosp_score_happy": 3.7875412779821702, "prosp_score_sad": 3.6848337326557599, "domain_class": "tier 1" }, "geometry": { "type": "Point", "coordinates": [ -163.687390941495778, 67.991224511866648 ] } },
{ "type": "Feature", "properties": { "field_1": 85, "x": -411158.7275, "y": 2005389.283, "scaled_x": 0.48759994219070302, "scaled_y": 0.825537331210346, "post_mean": 3.6459766021109501, "post_sd": 0.090410430887372495, "post_q10": 3.5297313636017398, "post_q50": 3.6463874522432702, "post_q90": 3.7608593396088099, "post_prob_exceed": 0.99033333333333295, "post_exc_mean": 0.21227878075345299, "prosp_score_happy": 3.6107321616238801, "prosp_score_sad": 3.5297313636017398, "domain_class": "tier 1" }, "geometry": { "type": "Point", "coordinates": [ -163.687390941408609, 67.737362251288303 ] } },
{ "type": "Feature", "properties": { "field_1": 86, "x": -415291.8393, "y": 1977256.35, "scaled_x": 0.48642960235064298, "scaled_y": 0.81086145488968497, "post_mean": 3.50815034864566, "post_sd": 0.108375925018333, "post_q10": 3.3683755423157402, "post_q50": 3.5089450507913602, "post_q90": 3.6458522406822902, "post_prob_exceed": 0.75326666666666697, "post_exc_mean": 0.090219162260787106, "prosp_score_happy": 2.6425727192898201, "prosp_score_sad": 3.3683755423157402, "domain_class": "tier 2" }, "geometry": { "type": "Point", "coordinates": [ -163.687390938051607, 67.480722290782566 ] } },
{ "type": "Feature", "properties": { "field_1": 87, "x": -419473.4716, "y": 1948793.153, "scaled_x": 0.48524552335302801, "scaled_y": 0.79601329245803898, "post_mean": 3.3772106631117502, "post_sd": 0.12619281044991601, "post_q10": 3.2147704833514901, "post_q50": 3.3776142624962202, "post_q90": 3.5375323515116199, "post_prob_exceed": 0.32686666666666703, "post_exc_mean": 0.026846259125751899, "prosp_score_happy": 1.1038975920824601, "prosp_score_sad": 3.2147704833514901, "domain_class": "Background" }, "geometry": { "type": "Point", "coordinates": [ -163.687390939529848, 67.221279448293132 ] } },
{ "type": "Feature", "properties": { "field_1": 88, "x": -441120.6651, "y": 1801446.782, "scaled_x": 0.47911586265075701, "scaled_y": 0.71914832011070995, "post_mean": 2.9218762276519601, "post_sd": 0.161537163519923, "post_q10": 2.71446360399489, "post_q50": 2.9219136045048302, "post_q90": 3.1285259188575298, "post_prob_exceed": 0.00066666666666666697, "post_exc_mean": 3.5473405476150998e-05, "prosp_score_happy": 0.00194791748510131, "prosp_score_sad": 2.71446360399489, "domain_class": "Background" }, "geometry": { "type": "Point", "coordinates": [ -163.687390938234785, 65.88113758792916 ] } },
{ "type": "Feature", "properties": { "field_1": 89, "x": -445600.1125, "y": 1770956.441, "scaled_x": 0.477847453759984, "scaled_y": 0.70324267410178598, "post_mean": 2.8831585747954498, "post_sd": 0.16002318325819301, "post_q10": 2.67684971975988, "post_q50": 2.88331277101077, "post_q90": 3.0860928595526902, "post_prob_exceed": 0.0003, "post_exc_mean": 1.2231227918658e-05, "prosp_score_happy": 0.00086494757243863601, "prosp_score_sad": 2.67684971975988, "domain_class": "Background" }, "geometry": { "type": "Point", "coordinates": [ -163.687390938995975, 65.6043464293043 ] } },
{ "type": "Feature", "properties": { "field_1": 90, "x": -450130.2806, "y": 1740120.858, "scaled_x": 0.47656468269881902, "scaled_y": 0.687156928531515, "post_mean": 2.8626682318956398, "post_sd": 0.15710544709073199, "post_q10": 2.6618904991045498, "post_q50": 2.86234518564269, "post_q90": 3.0621102486461398, "post_prob_exceed": 0.00016666666666666701, "post_exc_mean": 5.7828197372589404e-06, "prosp_score_happy": 0.000477111371982607, "prosp_score_sad": 2.6618904991045498, "domain_class": "Background" }, "geometry": { "type": "Point", "coordinates": [ -163.687390938400057, 65.324575192453679 ] } },
{ "type": "Feature", "properties": { "field_1": 91, "x": -454711.4692, "y": 1708937.993, "scaled_x": 0.47526746457531899, "scaled_y": 0.67089001920983604, "post_mean": 2.85904970584855, "post_sd": 0.15304652025670301, "post_q10": 2.6628760785451102, "post_q50": 2.8590400547883701, "post_q90": 3.0537835906817499, "post_prob_exceed": 0.0001, "post_exc_mean": 2.2738496591504e-06, "prosp_score_happy": 0.00028590497058485502, "prosp_score_sad": 2.6628760785451102, "domain_class": "Background" }, "geometry": { "type": "Point", "coordinates": [ -163.687390938507207, 65.0417985432384 ] } },
{ "type": "Feature", "properties": { "field_1": 92, "x": -459343.9738, "y": 1677405.834, "scaled_x": 0.473955715715139, "scaled_y": 0.65444089655321702, "post_mean": 2.8701839365414301, "post_sd": 0.14780878084708199, "post_q10": 2.6811715024805798, "post_q50": 2.8702649042306501, "post_q90": 3.0590519286259799, "post_prob_exceed": 6.6666666666666697e-05, "post_exc_mean": 2.3972314094763002e-06, "prosp_score_happy": 0.00019134559576942901, "prosp_score_sad": 2.6811715024805798, "domain_class": "Background" }, "geometry": { "type": "Point", "coordinates": [ -163.687390937419565, 64.755991153478604 ] } },
{ "type": "Feature", "properties": { "field_1": 93, "x": -488232.5761, "y": 1480769.227, "scaled_x": 0.46577556385102598, "scaled_y": 0.55186309122995203, "post_mean": 3.08179303029761, "post_sd": 0.085008302689635301, "post_q10": 2.9727965760546802, "post_q50": 3.0808598441579802, "post_q90": 3.19066313986839, "post_prob_exceed": 0.0, "post_exc_mean": 0.0, "prosp_score_happy": 0.0, "prosp_score_sad": 2.9727965760546802, "domain_class": "Background" }, "geometry": { "type": "Point", "coordinates": [ -163.687390940132246, 62.976088083347811 ] } },
{ "type": "Feature", "properties": { "field_1": 94, "x": -493232.1484, "y": 1446738.541, "scaled_x": 0.46435987539905799, "scaled_y": 0.53411058249425603, "post_mean": 3.1148013541110502, "post_sd": 0.073143734645394101, "post_q10": 3.0211778556059801, "post_q50": 3.1144649896889902, "post_q90": 3.20895267591467, "post_prob_exceed": 0.0, "post_exc_mean": 0.0, "prosp_score_happy": 0.0, "prosp_score_sad": 3.0211778556059801, "domain_class": "Background" }, "geometry": { "type": "Point", "coordinates": [ -163.68739093856783, 62.668360170810303 ] } },
{ "type": "Feature", "properties": { "field_1": 95, "x": -498285.2129, "y": 1412343.749, "scaled_x": 0.46292903999345802, "scaled_y": 0.51616813356911695, "post_mean": 3.14157030120943, "post_sd": 0.063932690860731306, "post_q10": 3.05898467812011, "post_q50": 3.1413281809534999, "post_q90": 3.2237128174474599, "post_prob_exceed": 0.0, "post_exc_mean": 0.0, "prosp_score_happy": 0.0, "prosp_score_sad": 3.05898467812011, "domain_class": "Background" }, "geometry": { "type": "Point", "coordinates": [ -163.687390938139231, 62.357400850698433 ] } },
{ "type": "Feature", "properties": { "field_1": 96, "x": -503392.0139, "y": 1377583.188, "scaled_x": 0.46148298845776897, "scaled_y": 0.49803487693096998, "post_mean": 3.1608386729054998, "post_sd": 0.058511575749392898, "post_q10": 3.0855969160139298, "post_q50": 3.1606061550676499, "post_q90": 3.2356834338938198, "post_prob_exceed": 0.0, "post_exc_mean": 0.0, "prosp_score_happy": 0.0, "prosp_score_sad": 3.0855969160139298, "domain_class": "Background" }, "geometry": { "type": "Point", "coordinates": [ -163.687390938482253, 62.043185439874826 ] } },
{ "type": "Feature", "properties": { "field_1": 97, "x": -508552.7882, "y": 1342455.246, "scaled_x": 0.46002165373925202, "scaled_y": 0.47970997166100199, "post_mean": 3.17159045281202, "post_sd": 0.056811971591070702, "post_q10": 3.0987586554286, "post_q50": 3.1714960164388799, "post_q90": 3.2441256843138802, "post_prob_exceed": 0.0, "post_exc_mean": 0.0, "prosp_score_happy": 0.0, "prosp_score_sad": 3.0987586554286, "domain_class": "Background" }, "geometry": { "type": "Point", "coordinates": [ -163.687390939107615, 61.725689403752199 ] } },
{ "type": "Feature", "properties": { "field_1": 98, "x": -513767.7655, "y": 1306958.359, "scaled_x": 0.45854497079561601, "scaled_y": 0.46119260188016598, "post_mean": 3.1729759132251298, "post_sd": 0.057390426274833498, "post_q10": 3.09927883748421, "post_q50": 3.1732101324962398, "post_q90": 3.2466628706188398, "post_prob_exceed": 0.0, "post_exc_mean": 0.0, "prosp_score_happy": 0.0, "prosp_score_sad": 3.09927883748421, "domain_class": "Background" }, "geometry": { "type": "Point", "coordinates": [ -163.687390938650452, 61.404888322131221 ] } },
{ "type": "Feature", "properties": { "field_1": 99, "x": -519037.1672, "y": 1271091.02, "scaled_x": 0.457052876934813, "scaled_y": 0.44248198144413697, "post_mean": 3.16427081885662, "post_sd": 0.058548960636144697, "post_q10": 3.0891261432968, "post_q50": 3.1642705270095002, "post_q90": 3.2396485526896202, "post_prob_exceed": 0.0, "post_exc_mean": 0.0, "prosp_score_happy": 0.0, "prosp_score_sad": 3.0891261432968, "domain_class": "Background" }, "geometry": { "type": "Point", "coordinates": [ -163.687390937164281, 61.080757963202203 ] } },
{ "type": "Feature", "properties": { "field_1": 100, "x": -524361.2068, "y": 1234851.778, "scaled_x": 0.45554531170177498, "scaled_y": 0.42357735342165098, "post_mean": 3.14489726467276, "post_sd": 0.060065570967025403, "post_q10": 3.0675891925492, "post_q50": 3.14453507946503, "post_q90": 3.2222466770290201, "post_prob_exceed": 0.0, "post_exc_mean": 0.0, "prosp_score_happy": 0.0, "prosp_score_sad": 3.0675891925492, "domain_class": "Background" }, "geometry": { "type": "Point", "coordinates": [ -163.687390940659981, 60.753274266911951 ] } },
{ "type": "Feature", "properties": { "field_1": 101, "x": -529740.0888, "y": 1198239.237, "scaled_x": 0.45402221718989, "scaled_y": 0.40447798957284298, "post_mean": 3.1145244388818001, "post_sd": 0.065291348850756895, "post_q10": 3.0314480136044701, "post_q50": 3.1140403772474499, "post_q90": 3.1985723203940801, "post_prob_exceed": 0.0, "post_exc_mean": 0.0, "prosp_score_happy": 0.0, "prosp_score_sad": 3.0314480136044701, "domain_class": "Background" }, "geometry": { "type": "Point", "coordinates": [ -163.68739093832292, 60.422413330218248 ] } },
{ "type": "Feature", "properties": { "field_1": 102, "x": -535174.0093, "y": 1161252.066, "scaled_x": 0.45248353787110801, "scaled_y": 0.385183195565864, "post_mean": 3.0732602844950598, "post_sd": 0.082066497515318998, "post_q10": 2.9691117232128299, "post_q50": 3.0728767523603802, "post_q90": 3.1785957320131399, "post_prob_exceed": 0.0, "post_exc_mean": 0.0, "prosp_score_happy": 0.0, "prosp_score_sad": 2.9691117232128299, "domain_class": "Background" }, "geometry": { "type": "Point", "coordinates": [ -163.687390940286377, 60.088151487371633 ] } },
{ "type": "Feature", "properties": { "field_1": 103, "x": -617112.9571, "y": 603516.6447, "scaled_x": 0.42928154873958102, "scaled_y": 0.094233934688917997, "post_mean": 4.1766840056861501, "post_sd": 0.48974546718950102, "post_q10": 3.54773365231617, "post_q50": 4.179026339989, "post_q90": 4.8046179273837497, "post_prob_exceed": 0.93473333333333297, "post_exc_mean": 0.75699203815673, "prosp_score_happy": 3.9040857629150301, "prosp_score_sad": 3.54773365231617, "domain_class": "tier 1" }, "geometry": { "type": "Point", "coordinates": [ -163.687390938278696, 55.038748549112427 ] } },
{ "type": "Feature", "properties": { "field_1": 104, "x": -623388.6659, "y": 560799.6567000001, "scaled_x": 0.42750450703621801, "scaled_y": 0.071950114062068804, "post_mean": 4.6277339374605599, "post_sd": 0.63734126607556596, "post_q10": 3.8153352066210702, "post_q50": 4.6296020623790097, "post_q90": 5.4364076478375196, "post_prob_exceed": 0.96946666666666703, "post_exc_mean": 1.20202348550389, "prosp_score_happy": 4.4864337945701003, "prosp_score_sad": 3.8153352066210702, "domain_class": "tier 1" }, "geometry": { "type": "Point", "coordinates": [ -163.687390939289912, 54.650819243768836 ] } },
{ "type": "Feature", "properties": { "field_1": 105, "x": -353555.1706, "y": 2215112.838, "scaled_x": 0.50391107550417202, "scaled_y": 0.93494209731523004, "post_mean": 4.4786400242904101, "post_sd": 0.37901891385251602, "post_q10": 3.9950145983902101, "post_q50": 4.4779609473113302, "post_q90": 4.9693748742993904, "post_prob_exceed": 0.9971, "post_exc_mean": 1.0449907520660799, "prosp_score_happy": 4.4656519682199702, "prosp_score_sad": 3.9950145983902101, "domain_class": "tier 1" }, "geometry": { "type": "Point", "coordinates": [ -163.013654475472151, 69.692587749253903 ] } },
{ "type": "Feature", "properties": { "field_1": 106, "x": -357052.4269, "y": 2189504.072, "scaled_x": 0.50292078572328702, "scaled_y": 0.92158298248206505, "post_mean": 4.40107972142071, "post_sd": 0.31122572823997302, "post_q10": 4.0011010410576198, "post_q50": 4.4002677177150904, "post_q90": 4.8041288030212899, "post_prob_exceed": 0.9991, "post_exc_mean": 0.96718881871289997, "prosp_score_happy": 4.3971187496714403, "prosp_score_sad": 4.0011010410576198, "domain_class": "tier 1" }, "geometry": { "type": "Point", "coordinates": [ -163.013654474719601, 69.457469395461843 ] } },
{ "type": "Feature", "properties": { "field_1": 107, "x": -360592.3681, "y": 2163582.745, "scaled_x": 0.50191840920450304, "scaled_y": 0.90806081651666704, "post_mean": 4.31102017792246, "post_sd": 0.24757757830298299, "post_q10": 3.99423558991074, "post_q50": 4.3111090178285201, "post_q90": 4.6317582074419903, "post_prob_exceed": 0.99976666666666703, "post_exc_mean": 0.87705263079807805, "prosp_score_happy": 4.3100142732142803, "prosp_score_sad": 3.99423558991074, "domain_class": "tier 1" }, "geometry": { "type": "Point", "coordinates": [ -163.013654475601641, 69.219747820199771 ] } },
{ "type": "Feature", "properties": { "field_1": 108, "x": -364175.3102, "y": 2137346.543, "scaled_x": 0.50090385646865299, "scaled_y": 0.89437439229364402, "post_mean": 4.2098255461302898, "post_sd": 0.18898142171839, "post_q10": 3.9673173098405901, "post_q50": 4.2107371883363998, "post_q90": 4.4536582046272901, "post_prob_exceed": 0.999966666666667, "post_exc_mean": 0.77583842261209401, "prosp_score_happy": 4.2096852186120897, "prosp_score_sad": 3.9673173098405901, "domain_class": "tier 1" }, "geometry": { "type": "Point", "coordinates": [ -163.013654477801907, 68.979398326245203 ] } },
{ "type": "Feature", "properties": { "field_1": 109, "x": -367801.5675, "y": 2110793.163, "scaled_x": 0.49987703851795101, "scaled_y": 0.88052250842588298, "post_mean": 4.0991693907714399, "post_sd": 0.13694514466465499, "post_q10": 3.9236885905935299, "post_q50": 4.0995113575975104, "post_q90": 4.2751083229226898, "post_prob_exceed": 1.0, "post_exc_mean": 0.665182186286292, "prosp_score_happy": 4.0991693907714399, "prosp_score_sad": 3.9236885905935299, "domain_class": "tier 1" }, "geometry": { "type": "Point", "coordinates": [ -163.013654476227629, 68.736396142398121 ] } },
{ "type": "Feature", "properties": { "field_1": 110, "x": -371471.4533, "y": 2083920.312, "scaled_x": 0.49883786663776802, "scaled_y": 0.86650396874288704, "post_mean": 3.9810296323380898, "post_sd": 0.094597049692279903, "post_q10": 3.8592720545286698, "post_q50": 3.98109378404442, "post_q90": 4.1030717001003199, "post_prob_exceed": 1.0, "post_exc_mean": 0.54704242785294199, "prosp_score_happy": 3.9810296323380898, "prosp_score_sad": 3.8592720545286698, "domain_class": "tier 1" }, "geometry": { "type": "Point", "coordinates": [ -163.013654474750012, 68.490716409490986 ] } },
{ "type": "Feature", "properties": { "field_1": 111, "x": -375185.2791, "y": 2056725.71, "scaled_x": 0.497786252623169, "scaled_y": 0.85231758385576495, "post_mean": 3.8576704948479899, "post_sd": 0.069098235931434202, "post_q10": 3.7688940438687002, "post_q50": 3.8576345058625199, "post_q90": 3.9463392245392601, "post_prob_exceed": 1.0, "post_exc_mean": 0.42368329036284103, "prosp_score_happy": 3.8576704948479899, "prosp_score_sad": 3.7688940438687002, "domain_class": "tier 1" }, "geometry": { "type": "Point", "coordinates": [ -163.013654476504598, 68.242334204065827 ] } },
{ "type": "Feature", "properties": { "field_1": 112, "x": -378943.3547, "y": 2029207.087, "scaled_x": 0.49672210875059303, "scaled_y": 0.83796216959224401, "post_mean": 3.7316084414958399, "post_sd": 0.068648422354039104, "post_q10": 3.6430831698647101, "post_q50": 3.7316781206029699, "post_q90": 3.8192461202504702, "post_prob_exceed": 1.0, "post_exc_mean": 0.29762123701069498, "prosp_score_happy": 3.7316084414958399, "prosp_score_sad": 3.6430831698647101, "domain_class": "tier 1" }, "geometry": { "type": "Point", "coordinates": [ -163.013654476646792, 67.991224506989298 ] } },
{ "type": "Feature", "properties": { "field_1": 113, "x": -382745.988, "y": 2001362.188, "scaled_x": 0.49564534783448799, "scaled_y": 0.82343654960497403, "post_mean": 3.6055592396912601, "post_sd": 0.085567715091942206, "post_q10": 3.4959177514043498, "post_q50": 3.6056453388872001, "post_q90": 3.7141987926511502, "post_prob_exceed": 0.9775, "post_exc_mean": 0.17229482758131601, "prosp_score_happy": 3.5244341567982098, "prosp_score_sad": 3.4959177514043498, "domain_class": "tier 1" }, "geometry": { "type": "Point", "coordinates": [ -163.013654473975947, 67.737362244069871 ] } },
{ "type": "Feature", "properties": { "field_1": 114, "x": -386593.4851, "y": 1973188.774, "scaled_x": 0.49455588319899302, "scaled_y": 0.80873955589320001, "post_mean": 3.4823636773861102, "post_sd": 0.10638899875859099, "post_q10": 3.3473526280432599, "post_q50": 3.48281547309531, "post_q90": 3.6173415574221002, "post_prob_exceed": 0.67376666666666696, "post_exc_mean": 0.070894038010155203, "prosp_score_happy": 2.34630056703352, "prosp_score_sad": 3.3473526280432599, "domain_class": "tier 2" }, "geometry": { "type": "Point", "coordinates": [ -163.013654476207932, 67.480722290230347 ] } },
{ "type": "Feature", "properties": { "field_1": 115, "x": -390486.1495, "y": 1944684.62, "scaled_x": 0.49345362890446698, "scaled_y": 0.79387002775942594, "post_mean": 3.3648906829293201, "post_sd": 0.12509426144216601, "post_q10": 3.2050231656541199, "post_q50": 3.3649098015938002, "post_q90": 3.5236160871936102, "post_prob_exceed": 0.28996666666666698, "post_exc_mean": 0.022793514417139098, "prosp_score_happy": 0.97570613502673798, "prosp_score_sad": 3.2050231656541199, "domain_class": "Background" }, "geometry": { "type": "Point", "coordinates": [ -163.013654475063817, 67.221279447861463 ] } },
{ "type": "Feature", "properties": { "field_1": 116, "x": -410637.434, "y": 1797126.226, "scaled_x": 0.48774755265490999, "scaled_y": 0.71689445111338601, "post_mean": 2.9496187103069902, "post_sd": 0.15867887479442799, "post_q10": 2.7457173774786998, "post_q50": 2.9499689903943098, "post_q90": 3.1509339352030299, "post_prob_exceed": 0.001, "post_exc_mean": 5.7936023279082298e-05, "prosp_score_happy": 0.0029496187103069901, "prosp_score_sad": 2.7457173774786998, "domain_class": "Background" }, "geometry": { "type": "Point", "coordinates": [ -163.013654476669046, 65.881137591312608 ] } },
{ "type": "Feature", "properties": { "field_1": 117, "x": -414807.3334, "y": 1766592.011, "scaled_x": 0.48656679596769298, "scaled_y": 0.70096591771487804, "post_mean": 2.9119201967146302, "post_sd": 0.15649012293738401, "post_q10": 2.71161283926536, "post_q50": 2.9118885885102599, "post_q90": 3.11071726032353, "post_prob_exceed": 0.0006, "post_exc_mean": 2.1550915214176999e-05, "prosp_score_happy": 0.00174715211802878, "prosp_score_sad": 2.71161283926536, "domain_class": "Background" }, "geometry": { "type": "Point", "coordinates": [ -163.013654477731791, 65.604346432195328 ] } },
{ "type": "Feature", "properties": { "field_1": 118, "x": -419024.4484, "y": 1735712.057, "scaled_x": 0.48537266962090098, "scaled_y": 0.68485702548911198, "post_mean": 2.8899378725159202, "post_sd": 0.15282824943380799, "post_q10": 2.69347522135689, "post_q50": 2.8898079988991201, "post_q90": 3.0845473804709602, "post_prob_exceed": 0.000266666666666667, "post_exc_mean": 5.49441056740476e-06, "prosp_score_happy": 0.00077065009933757896, "prosp_score_sad": 2.69347522135689, "domain_class": "Background" }, "geometry": { "type": "Point", "coordinates": [ -163.01365447491122, 65.324575193039507 ] } },
{ "type": "Feature", "properties": { "field_1": 119, "x": -423289.0583, "y": 1704484.322, "scaled_x": 0.48416509452741102, "scaled_y": 0.668566709202702, "post_mean": 2.8824658854203902, "post_sd": 0.147995937118543, "post_q10": 2.6921984794145302, "post_q50": 2.8824964804795501, "post_q90": 3.0713176050477702, "post_prob_exceed": 0.0001, "post_exc_mean": 1.8760709920092701e-06, "prosp_score_happy": 0.00028824658854203897, "prosp_score_sad": 2.6921984794145302, "domain_class": "Background" }, "geometry": { "type": "Point", "coordinates": [ -163.013654477466702, 65.041798547775159 ] } },
{ "type": "Feature", "properties": { "field_1": 120, "x": -427601.438, "y": 1672906.79, "scaled_x": 0.48294399284601502, "scaled_y": 0.65209391718547005, "post_mean": 2.8876739360541501, "post_sd": 0.14202543952128699, "post_q10": 2.7048506812622799, "post_q50": 2.8881735521765202, "post_q90": 3.0699497907088502, "post_prob_exceed": 6.6666666666666697e-05, "post_exc_mean": 1.23636517427399e-06, "prosp_score_happy": 0.00019251159573694301, "prosp_score_sad": 2.7048506812622799, "domain_class": "Background" }, "geometry": { "type": "Point", "coordinates": [ -163.013654476602653, 64.755991158601631 ] } },
{ "type": "Feature", "properties": { "field_1": 121, "x": -454493.7204, "y": 1475987.233, "scaled_x": 0.475329122741876, "scaled_y": 0.54936850765737799, "post_mean": 3.04915987496832, "post_sd": 0.080278794405059195, "post_q10": 2.9474831891119102, "post_q50": 3.0487239595058999, "post_q90": 3.1523832559198999, "post_prob_exceed": 0.0, "post_exc_mean": 0.0, "prosp_score_happy": 0.0, "prosp_score_sad": 2.9474831891119102, "domain_class": "Background" }, "geometry": { "type": "Point", "coordinates": [ -163.013654476484589, 62.976088083363422 ] } },
{ "type": "Feature", "properties": { "field_1": 122, "x": -459147.8019, "y": 1441907.579, "scaled_x": 0.47401126412543698, "scaled_y": 0.53159045418691597, "post_mean": 3.07662763483268, "post_sd": 0.069771412168546404, "post_q10": 2.9880689006446701, "post_q50": 3.0764591288955501, "post_q90": 3.1662197746748002, "post_prob_exceed": 0.0, "post_exc_mean": 0.0, "prosp_score_happy": 0.0, "prosp_score_sad": 2.9880689006446701, "domain_class": "Background" }, "geometry": { "type": "Point", "coordinates": [ -163.013654475260211, 62.668360173614595 ] } },
{ "type": "Feature", "properties": { "field_1": 123, "x": -463851.6792, "y": 1407463.295, "scaled_x": 0.47267930523505602, "scaled_y": 0.51362218717622998, "post_mean": 3.0997193349690999, "post_sd": 0.061910552014308701, "post_q10": 3.0207795442543799, "post_q50": 3.0994339289048098, "post_q90": 3.1792111365033802, "post_prob_exceed": 0.0, "post_exc_mean": 0.0, "prosp_score_happy": 0.0, "prosp_score_sad": 3.0207795442543799, "domain_class": "Background" }, "geometry": { "type": "Point", "coordinates": [ -163.013654477369244, 62.357400855513916 ] } },
{ "type": "Feature", "properties": { "field_1": 124, "x": -468605.5794, "y": 1372652.715, "scaled_x": 0.47133318176466499, "scaled_y": 0.49546283753677101, "post_mean": 3.11725777636968, "post_sd": 0.0574244128758436, "post_q10": 3.0432377933647499, "post_q50": 3.11690836583929, "post_q90": 3.1905617305681901, "post_prob_exceed": 0.0, "post_exc_mean": 0.0, "prosp_score_happy": 0.0, "prosp_score_sad": 3.0432377933647499, "domain_class": "Background" }, "geometry": { "type": "Point", "coordinates": [ -163.013654474788069, 62.043185440927658 ] } },
{ "type": "Feature", "properties": { "field_1": 125, "x": -473409.7233, "y": 1337474.225, "scaled_x": 0.46997283119211197, "scaled_y": 0.47711156330640098, "post_mean": 3.1281542312993502, "post_sd": 0.0559791298901679, "post_q10": 3.0566649954826901, "post_q50": 3.128214084229, "post_q90": 3.1993137139096302, "post_prob_exceed": 0.0, "post_exc_mean": 0.0, "prosp_score_happy": 0.0, "prosp_score_sad": 3.0566649954826901, "domain_class": "Background" }, "geometry": { "type": "Point", "coordinates": [ -163.013654474888114, 61.725689397657362 ] } },
{ "type": "Feature", "properties": { "field_1": 126, "x": -478264.3245, "y": 1301926.261, "scaled_x": 0.46859819303401401, "scaled_y": 0.45856754860607402, "post_mean": 3.1313457043511899, "post_sd": 0.056297473464344203, "post_q10": 3.0589272193436301, "post_q50": 3.13167788484609, "post_q90": 3.2031962593398098, "post_prob_exceed": 0.0, "post_exc_mean": 0.0, "prosp_score_happy": 0.0, "prosp_score_sad": 3.0589272193436301, "domain_class": "Background" }, "geometry": { "type": "Point", "coordinates": [ -163.013654477823707, 61.404888325702984 ] } },
{ "type": "Feature", "properties": { "field_1": 127, "x": -483169.5891, "y": 1266007.311, "scaled_x": 0.4672092089307, "scaled_y": 0.43983000468315597, "post_mean": 3.1257804355112802, "post_sd": 0.057117455947364199, "post_q10": 3.05225038335653, "post_q50": 3.1259392477782799, "post_q90": 3.1988959103055001, "post_prob_exceed": 0.0, "post_exc_mean": 0.0, "prosp_score_happy": 0.0, "prosp_score_sad": 3.05225038335653, "domain_class": "Background" }, "geometry": { "type": "Point", "coordinates": [ -163.013654476395658, 61.080757968169543 ] } },
{ "type": "Feature", "properties": { "field_1": 128, "x": -488125.7158, "y": 1229715.922, "scaled_x": 0.46580582261789799, "scaled_y": 0.42089817356305897, "post_mean": 3.1104731341982501, "post_sd": 0.058460702588047302, "post_q10": 3.0348922991430398, "post_q50": 3.1103990332101801, "post_q90": 3.1853510967632901, "post_prob_exceed": 0.0, "post_exc_mean": 0.0, "prosp_score_happy": 0.0, "prosp_score_sad": 3.0348922991430398, "domain_class": "Background" }, "geometry": { "type": "Point", "coordinates": [ -163.013654475685001, 60.753274265896614 ] } },
{ "type": "Feature", "properties": { "field_1": 129, "x": -493132.8953, "y": 1193050.698, "scaled_x": 0.46438798009663201, "scaled_y": 0.401771327005918, "post_mean": 3.08464691828364, "post_sd": 0.063106386245709703, "post_q10": 3.0037201331083399, "post_q50": 3.0842024986165901, "post_q90": 3.1659409422695699, "post_prob_exceed": 0.0, "post_exc_mean": 0.0, "prosp_score_happy": 0.0, "prosp_score_sad": 3.0037201331083399, "domain_class": "Background" }, "geometry": { "type": "Point", "coordinates": [ -163.013654476672713, 60.422413333132894 ] } },
{ "type": "Feature", "properties": { "field_1": 130, "x": -498191.3097, "y": 1156010.304, "scaled_x": 0.462955629803118, "scaled_y": 0.38244876859323601, "post_mean": 3.0479720752582198, "post_sd": 0.077175255735020598, "post_q10": 2.9494540630749002, "post_q50": 3.0473318446445399, "post_q90": 3.1472226339924299, "post_prob_exceed": 0.0, "post_exc_mean": 0.0, "prosp_score_happy": 0.0, "prosp_score_sad": 2.9494540630749002, "domain_class": "Background" }, "geometry": { "type": "Point", "coordinates": [ -163.013654475482411, 60.088151486299999 ] } },
{ "type": "Feature", "properties": { "field_1": 131, "x": -574467.9432, "y": 597472.3318, "scaled_x": 0.44135699241548398, "scaled_y": 0.091080847573409104, "post_mean": 4.3158669179961704, "post_sd": 0.51567364666644799, "post_q10": 3.65381394310704, "post_q50": 4.3192121371636496, "post_q90": 4.9749615033122199, "post_prob_exceed": 0.95633333333333304, "post_exc_mean": 0.89149904456339402, "prosp_score_happy": 4.1274073959103399, "prosp_score_sad": 3.65381394310704, "domain_class": "tier 1" }, "geometry": { "type": "Point", "coordinates": [ -163.013654475267487, 55.038748549086527 ] } },
{ "type": "Feature", "properties": { "field_1": 132, "x": -320915.7912, "y": 2262015.549, "scaled_x": 0.51315330458364505, "scaled_y": 0.95940944971463105, "post_mean": 4.3895962626867098, "post_sd": 0.47788564761874702, "post_q10": 3.7779369119751198, "post_q50": 4.3866677120453001, "post_q90": 5.0063438054010598, "post_prob_exceed": 0.9778, "post_exc_mean": 0.95940054055188395, "prosp_score_happy": 4.2921472256550599, "prosp_score_sad": 3.7779369119751198, "domain_class": "tier 1" }, "geometry": { "type": "Point", "coordinates": [ -162.339918014795131, 70.155113040987288 ] } },
{ "type": "Feature", "properties": { "field_1": 133, "x": -324074.9299, "y": 2236991.599, "scaled_x": 0.512258756828879, "scaled_y": 0.94635541104563004, "post_mean": 4.3538265705408499, "post_sd": 0.408898036288594, "post_q10": 3.82961625727427, "post_q50": 4.3507632020904996, "post_q90": 4.8836001105563698, "post_prob_exceed": 0.9889, "post_exc_mean": 0.92145654788054199, "prosp_score_happy": 4.3054990956078401, "prosp_score_sad": 3.82961625727427, "domain_class": "tier 1" }, "geometry": { "type": "Point", "coordinates": [ -162.339918012385851, 69.925127466401818 ] } },
{ "type": "Feature", "properties": { "field_1": 134, "x": -327272.9927, "y": 2211659.327, "scaled_x": 0.511353187251532, "scaled_y": 0.93314053256874496, "post_mean": 4.3043665782994198, "post_sd": 0.34320770144554003, "post_q10": 3.8651431785314001, "post_q50": 4.30258916171453, "post_q90": 4.7492130353476902, "post_prob_exceed": 0.995, "post_exc_mean": 0.87097262729465696, "prosp_score_happy": 4.2828447454079299, "prosp_score_sad": 3.8651431785314001, "domain_class": "tier 1" }, "geometry": { "type": "Point", "coordinates": [ -162.339918012785461, 69.692587754643952 ] } },
{ "type": "Feature", "properties": { "field_1": 135, "x": -330510.274, "y": 2186016.4, "scaled_x": 0.51043651248873601, "scaled_y": 0.91976359724700796, "post_mean": 4.2419109852881798, "post_sd": 0.28134351236479199, "post_q10": 3.8816782289132199, "post_q50": 4.2415536034190904, "post_q90": 4.6071630767079697, "post_prob_exceed": 0.997966666666667, "post_exc_mean": 0.80810279454289602, "prosp_score_happy": 4.2332857662847596, "prosp_score_sad": 3.8816782289132199, "domain_class": "tier 1" }, "geometry": { "type": "Point", "coordinates": [ -162.339918012699371, 69.457469401255054 ] } },
{ "type": "Feature", "properties": { "field_1": 136, "x": -333787.0672, "y": 2160060.494, "scaled_x": 0.509508649460787, "scaled_y": 0.90622339273841002, "post_mean": 4.16742907005061, "post_sd": 0.22407412614140901, "post_q10": 3.8789813633704999, "post_q50": 4.1671950022480599, "post_q90": 4.4580605731884404, "post_prob_exceed": 0.9994, "post_exc_mean": 0.733483200539636, "prosp_score_happy": 4.1649286126085796, "prosp_score_sad": 3.8789813633704999, "domain_class": "tier 1" }, "geometry": { "type": "Point", "coordinates": [ -162.339918012327928, 69.219747816819691 ] } },
{ "type": "Feature", "properties": { "field_1": 137, "x": -337103.6646, "y": 2133789.294, "scaled_x": 0.50856951539945805, "scaled_y": 0.892518711395894, "post_mean": 4.0821756945271197, "post_sd": 0.172615025960836, "post_q10": 3.85946818296271, "post_q50": 4.0824676729269296, "post_q90": 4.3059036373322401, "post_prob_exceed": 0.99986666666666701, "post_exc_mean": 0.64819068511568101, "prosp_score_happy": 4.0816314044345097, "prosp_score_sad": 3.85946818296271, "domain_class": "tier 1" }, "geometry": { "type": "Point", "coordinates": [ -162.339918012750104, 68.979398323163906 ] } },
{ "type": "Feature", "properties": { "field_1": 138, "x": -340460.3574, "y": 2107200.493, "scaled_x": 0.50761902784799995, "scaled_y": 0.87864834974570005, "post_mean": 3.9876944417712199, "post_sd": 0.129114501171086, "post_q10": 3.8229632752212002, "post_q50": 3.9868509246208199, "post_q90": 4.1547273411887096, "post_prob_exceed": 1.0, "post_exc_mean": 0.55370723728607796, "prosp_score_happy": 3.9876944417712199, "prosp_score_sad": 3.8229632752212002, "domain_class": "tier 1" }, "geometry": { "type": "Point", "coordinates": [ -162.339918012819879, 68.736396140378233 ] } },
{ "type": "Feature", "properties": { "field_1": 139, "x": -343857.4354, "y": 2080291.795, "scaled_x": 0.50665710474609005, "scaled_y": 0.86461111005234703, "post_mean": 3.8858105760159098, "post_sd": 0.097583486328527203, "post_q10": 3.76102547682216, "post_q50": 3.8859425931728402, "post_q90": 4.0105819618948502, "post_prob_exceed": 1.0, "post_exc_mean": 0.45182337153076002, "prosp_score_happy": 3.8858105760159098, "prosp_score_sad": 3.76102547682216, "domain_class": "tier 1" }, "geometry": { "type": "Point", "coordinates": [ -162.339918011164684, 68.49071641008679 ] } },
{ "type": "Feature", "properties": { "field_1": 140, "x": -347295.1871, "y": 2053060.917, "scaled_x": 0.50568366440151802, "scaled_y": 0.85040580136195898, "post_mean": 3.7786112457746501, "post_sd": 0.083714756935733894, "post_q10": 3.6712777215265699, "post_q50": 3.7792963072357399, "post_q90": 3.8854006362561799, "post_prob_exceed": 1.0, "post_exc_mean": 0.34462404128950302, "prosp_score_happy": 3.7786112457746501, "prosp_score_sad": 3.6712777215265699, "domain_class": "tier 1" }, "geometry": { "type": "Point", "coordinates": [ -162.339918014573556, 68.242334209045623 ] } },
{ "type": "Feature", "properties": { "field_1": 141, "x": -350773.8992, "y": 2025505.585, "scaled_x": 0.50469862563176404, "scaled_y": 0.83603123741561303, "post_mean": 3.6684102549056301, "post_sd": 0.088319007263160207, "post_q10": 3.55494278753241, "post_q50": 3.66827685230388, "post_q90": 3.7807502149374801, "post_prob_exceed": 0.9958, "post_exc_mean": 0.23452035355942899, "prosp_score_happy": 3.6530029318350201, "prosp_score_sad": 3.55494278753241, "domain_class": "tier 1" }, "geometry": { "type": "Point", "coordinates": [ -162.339918013950722, 67.991224509447278 ] } },
{ "type": "Feature", "properties": { "field_1": 142, "x": -354293.8568, "y": 1997623.542, "scaled_x": 0.503701907707365, "scaled_y": 0.82148624082263999, "post_mean": 3.5576950364697799, "post_sd": 0.103200931521228, "post_q10": 3.4258273664010401, "post_q50": 3.55738834222266, "post_q90": 3.6896783081009699, "post_prob_exceed": 0.88543333333333296, "post_exc_mean": 0.12948531978872599, "prosp_score_happy": 3.1501017751248899, "prosp_score_sad": 3.4258273664010401, "domain_class": "tier 1" }, "geometry": { "type": "Point", "coordinates": [ -162.339918013279771, 67.73736224603978 ] } },
{ "type": "Feature", "properties": { "field_1": 143, "x": -357855.343, "y": 1969412.546, "scaled_x": 0.502693430465185, "scaled_y": 0.80676964201729395, "post_mean": 3.4490539410343, "post_sd": 0.12023549185750899, "post_q10": 3.29659259180207, "post_q50": 3.4485001970672702, "post_q90": 3.6025389323784101, "post_prob_exceed": 0.54856666666666698, "post_exc_mean": 0.055791333895128602, "prosp_score_happy": 1.89203602358672, "prosp_score_sad": 3.29659259180207, "domain_class": "tier 3" }, "geometry": { "type": "Point", "coordinates": [ -162.339918013936483, 67.480722293957115 ] } },
{ "type": "Feature", "properties": { "field_1": 144, "x": -361458.639, "y": 1940870.368, "scaled_x": 0.50167311428009398, "scaled_y": 0.79188027821543605, "post_mean": 3.34508340945017, "post_sd": 0.135369814643654, "post_q10": 3.1733248051034302, "post_q50": 3.3444838213418202, "post_q90": 3.51786545189319, "post_prob_exceed": 0.2532, "post_exc_mean": 0.020882360152680701, "prosp_score_happy": 0.84697511927278302, "prosp_score_sad": 3.1733248051034302, "domain_class": "Background" }, "geometry": { "type": "Point", "coordinates": [ -162.3399180113326, 67.221279445998178 ] } },
{ "type": "Feature", "properties": { "field_1": 145, "x": -365104.0237, "y": 1911994.801, "scaled_x": 0.50064088017823405, "scaled_y": 0.77681699810948501, "post_mean": 3.2482767329984101, "post_sd": 0.14702236700912599, "post_q10": 3.0616215209011601, "post_q50": 3.2471588468708399, "post_q90": 3.4377421459013902, "post_prob_exceed": 0.1042, "post_exc_mean": 0.0074199091566466997, "prosp_score_happy": 0.33847043557843398, "prosp_score_sad": 3.0616215209011601, "domain_class": "Background" }, "geometry": { "type": "Point", "coordinates": [ -162.339918011852632, 66.959008488770493 ] } },
{ "type": "Feature", "properties": { "field_1": 146, "x": -380111.9405, "y": 1793115.137, "scaled_x": 0.496391209761055, "scaled_y": 0.71480201922670195, "post_mean": 2.97189515273991, "post_sd": 0.15824739264627, "post_q10": 2.7687167997666302, "post_q50": 2.9712889720536699, "post_q90": 3.1737411035531902, "post_prob_exceed": 0.00183333333333333, "post_exc_mean": 9.0229381998848399e-05, "prosp_score_happy": 0.0054484744466898397, "prosp_score_sad": 2.7687167997666302, "domain_class": "Background" }, "geometry": { "type": "Point", "coordinates": [ -162.339918012987795, 65.881137588313891 ] } },
{ "type": "Feature", "properties": { "field_1": 147, "x": -383971.8627, "y": 1762540.191, "scaled_x": 0.49529822681048602, "scaled_y": 0.69885223802163199, "post_mean": 2.9360157965423901, "post_sd": 0.154928852191626, "post_q10": 2.7374077067306901, "post_q50": 2.9355060668252402, "post_q90": 3.1341975681851202, "post_prob_exceed": 0.0008, "post_exc_mean": 3.2037177615568099e-05, "prosp_score_happy": 0.0023488126372339102, "prosp_score_sad": 2.7374077067306901, "domain_class": "Background" }, "geometry": { "type": "Point", "coordinates": [ -162.339918014796638, 65.604346432749921 ] } },
{ "type": "Feature", "properties": { "field_1": 148, "x": -387875.4907, "y": 1731619.045, "scaled_x": 0.49419286804202101, "scaled_y": 0.68272185750321501, "post_mean": 2.9134815572545798, "post_sd": 0.150356449218224, "post_q10": 2.7204241848546999, "post_q50": 2.9127506577656699, "post_q90": 3.1054831010575801, "post_prob_exceed": 0.00023333333333333301, "post_exc_mean": 6.7533915011135202e-06, "prosp_score_happy": 0.00067981236335940096, "prosp_score_sad": 2.7204241848546999, "domain_class": "Background" }, "geometry": { "type": "Point", "coordinates": [ -162.339918014786548, 65.324575198841544 ] } },
{ "type": "Feature", "properties": { "field_1": 149, "x": -391823.0829, "y": 1700349.652, "scaled_x": 0.49307506028662201, "scaled_y": 0.66640980982975895, "post_mean": 2.9032363468841198, "post_sd": 0.144809690448997, "post_q10": 2.7171627542204502, "post_q50": 2.90282629069277, "post_q90": 3.0885831604698999, "post_prob_exceed": 6.6666666666666697e-05, "post_exc_mean": 1.56759199815935e-06, "prosp_score_happy": 0.00019354908979227499, "prosp_score_sad": 2.7171627542204502, "domain_class": "Background" }, "geometry": { "type": "Point", "coordinates": [ -162.339918012533417, 65.041798540491882 ] } },
{ "type": "Feature", "properties": { "field_1": 150, "x": -395814.8939, "y": 1668729.997, "scaled_x": 0.49194473145126499, "scaled_y": 0.64991504385274601, "post_mean": 2.9037333619478898, "post_sd": 0.138314053616196, "post_q10": 2.72656910715863, "post_q50": 2.9038729431260699, "post_q90": 3.0819058977626899, "post_prob_exceed": 6.6666666666666697e-05, "post_exc_mean": 1.64201693138111e-07, "prosp_score_happy": 0.00019358222412985999, "prosp_score_sad": 2.72656910715863, "domain_class": "Background" }, "geometry": { "type": "Point", "coordinates": [ -162.339918012631784, 64.755991152518476 ] } },
{ "type": "Feature", "properties": { "field_1": 151, "x": -412229.276, "y": 1538709.538, "scaled_x": 0.487296803630486, "scaled_y": 0.58208833785520298, "post_mean": 2.9740282175619699, "post_sd": 0.10074686477361, "post_q10": 2.8452007666036598, "post_q50": 2.9729933713948502, "post_q90": 3.1044318356196299, "post_prob_exceed": 0.0, "post_exc_mean": 0.0, "prosp_score_happy": 0.0, "prosp_score_sad": 2.8452007666036598, "domain_class": "Background" }, "geometry": { "type": "Point", "coordinates": [ -162.3399180133828, 63.581948954963615 ] } },
{ "type": "Feature", "properties": { "field_1": 152, "x": -416445.8545, "y": 1505309.47, "scaled_x": 0.48610282920005998, "scaled_y": 0.56466479843719497, "post_mean": 2.9990333890480501, "post_sd": 0.0892450837260549, "post_q10": 2.8856063221269301, "post_q50": 2.9982355390780202, "post_q90": 3.1140186296571302, "post_prob_exceed": 0.0, "post_exc_mean": 0.0, "prosp_score_happy": 0.0, "prosp_score_sad": 2.8856063221269301, "domain_class": "Background" }, "geometry": { "type": "Point", "coordinates": [ -162.339918012600123, 63.280609376465549 ] } },
{ "type": "Feature", "properties": { "field_1": 153, "x": -420708.0887, "y": 1471547.758, "scaled_x": 0.48489592681432497, "scaled_y": 0.54705260316108295, "post_mean": 3.0237647181382199, "post_sd": 0.078196410821868401, "post_q10": 2.9246730264468299, "post_q50": 3.0224899650745698, "post_q90": 3.1246724179599101, "post_prob_exceed": 0.0, "post_exc_mean": 0.0, "prosp_score_happy": 0.0, "prosp_score_sad": 2.9246730264468299, "domain_class": "Background" }, "geometry": { "type": "Point", "coordinates": [ -162.339918013686372, 62.976088083085585 ] } },
{ "type": "Feature", "properties": { "field_1": 154, "x": -425016.2004, "y": 1437422.643, "scaled_x": 0.48367603366797002, "scaled_y": 0.52925083442376897, "post_mean": 3.0469559728415199, "post_sd": 0.068674902445903699, "post_q10": 2.9596003390777499, "post_q50": 3.0462666901440199, "post_q90": 3.1356696720931501, "post_prob_exceed": 0.0, "post_exc_mean": 0.0, "prosp_score_happy": 0.0, "prosp_score_sad": 2.9596003390777499, "domain_class": "Background" }, "geometry": { "type": "Point", "coordinates": [ -162.339918011453676, 62.66836017219061 ] } },
{ "type": "Feature", "properties": { "field_1": 155, "x": -429370.4063, "y": 1402932.412, "scaled_x": 0.48244308839980699, "scaled_y": 0.51125859861860001, "post_mean": 3.0674573316305298, "post_sd": 0.061678005379894499, "post_q10": 2.98865185347222, "post_q50": 3.06737965908532, "post_q90": 3.14654675465763, "post_prob_exceed": 0.0, "post_exc_mean": 0.0, "prosp_score_happy": 0.0, "prosp_score_sad": 2.98865185347222, "domain_class": "Background" }, "geometry": { "type": "Point", "coordinates": [ -162.339918014516883, 62.357400856466647 ] } },
{ "type": "Feature", "properties": { "field_1": 156, "x": -433770.9165, "y": 1368075.396, "scaled_x": 0.48119703151752002, "scaled_y": 0.49307502509203899, "post_mean": 3.0841442038685898, "post_sd": 0.0576668742651728, "post_q10": 3.0101587283554001, "post_q50": 3.08421131930423, "post_q90": 3.1575916793969099, "post_prob_exceed": 0.0, "post_exc_mean": 0.0, "prosp_score_happy": 0.0, "prosp_score_sad": 3.0101587283554001, "domain_class": "Background" }, "geometry": { "type": "Point", "coordinates": [ -162.339918011257566, 62.043185440938828 ] } },
{ "type": "Feature", "properties": { "field_1": 157, "x": -438217.9355, "y": 1332849.98, "scaled_x": 0.47993780511449602, "scaled_y": 0.474699271360288, "post_mean": 3.09583571922178, "post_sd": 0.0562105101203259, "post_q10": 3.0234289643171399, "post_q50": 3.0963462700291098, "post_q90": 3.1672727623890702, "post_prob_exceed": 0.0, "post_exc_mean": 0.0, "prosp_score_happy": 0.0, "prosp_score_sad": 3.0234289643171399, "domain_class": "Background" }, "geometry": { "type": "Point", "coordinates": [ -162.339918013448113, 61.725689403578436 ] } },
{ "type": "Feature", "properties": { "field_1": 158, "x": -442711.6609, "y": 1297254.595, "scaled_x": 0.47866535323794401, "scaled_y": 0.45613051893599199, "post_mean": 3.1012473352113199, "post_sd": 0.056220612251842897, "post_q10": 3.0286378894166099, "post_q50": 3.1018785502423301, "post_q90": 3.1727992811275101, "post_prob_exceed": 0.0, "post_exc_mean": 0.0, "prosp_score_happy": 0.0, "prosp_score_sad": 3.0286378894166099, "domain_class": "Background" }, "geometry": { "type": "Point", "coordinates": [ -162.339918012017137, 61.404888318675624 ] } },
{ "type": "Feature", "properties": { "field_1": 159, "x": -447252.2836, "y": 1261287.731, "scaled_x": 0.47737962183225202, "scaled_y": 0.43736798010984002, "post_mean": 3.0990000366198101, "post_sd": 0.056732180726874498, "post_q10": 3.0258352715733099, "post_q50": 3.0993753433055402, "post_q90": 3.17118702060354, "post_prob_exceed": 0.0, "post_exc_mean": 0.0, "prosp_score_happy": 0.0, "prosp_score_sad": 3.0258352715733099, "domain_class": "Background" }, "geometry": { "type": "Point", "coordinates": [ -162.339918012067983, 61.080757964767891 ] } },
{ "type": "Feature", "properties": { "field_1": 160, "x": -451839.9875, "y": 1224947.931, "scaled_x": 0.47608055882394701, "scaled_y": 0.41841089482059701, "post_mean": 3.0877059697828702, "post_sd": 0.057832753918662001, "post_q10": 3.0132971892282501, "post_q50": 3.087646427833, "post_q90": 3.1623493164789198, "post_prob_exceed": 0.0, "post_exc_mean": 0.0, "prosp_score_happy": 0.0, "prosp_score_sad": 3.0132971892282501, "domain_class": "Background" }, "geometry": { "type": "Point", "coordinates": [ -162.339918012854696, 60.753274264484475 ] } },
{ "type": "Feature", "properties": { "field_1": 161, "x": -456474.949, "y": 1188233.797, "scaled_x": 0.47476811426326498, "scaled_y": 0.39925853378507298, "post_mean": 3.0661466466152998, "post_sd": 0.0616781602481314, "post_q10": 2.9875598725871901, "post_q50": 3.0657099047976901, "post_q90": 3.1455778831872601, "post_prob_exceed": 0.0, "post_exc_mean": 0.0, "prosp_score_happy": 0.0, "prosp_score_sad": 2.9875598725871901, "domain_class": "Background" }, "geometry": { "type": "Point", "coordinates": [ -162.339918012728418, 60.422413331000577 ] } },
{ "type": "Feature", "properties": { "field_1": 162, "x": -526404.8517, "y": 634309.9263000001, "scaled_x": 0.45496662930431198, "scaled_y": 0.110297613234944, "post_mean": 3.95106251952138, "post_sd": 0.47883489287308301, "post_q10": 3.3378303874307802, "post_q50": 3.9505199294266502, "post_q90": 4.5620501193660896, "post_prob_exceed": 0.85923333333333296, "post_exc_mean": 0.55169749821957104, "prosp_score_happy": 3.3948846188567599, "prosp_score_sad": 3.3378303874307802, "domain_class": "tier 1" }, "geometry": { "type": "Point", "coordinates": [ -162.339918012676861, 55.422957415280699 ] } },
{ "type": "Feature", "properties": { "field_1": 163, "x": -531763.8057, "y": 591860.9538, "scaled_x": 0.45344917764301101, "scaled_y": 0.088153606054848593, "post_mean": 4.4220542601898698, "post_sd": 0.64438819925578605, "post_q10": 3.6023915615809798, "post_q50": 4.4235594041050099, "post_q90": 5.2462118360811596, "post_prob_exceed": 0.93803333333333305, "post_exc_mean": 1.00566141311493, "prosp_score_happy": 4.1480342978667704, "prosp_score_sad": 3.6023915615809798, "domain_class": "tier 1" }, "geometry": { "type": "Point", "coordinates": [ -162.339918013400336, 55.038748548832636 ] } },
{ "type": "Feature", "properties": { "field_1": 164, "x": -295111.1102, "y": 2258890.742, "scaled_x": 0.52046020739579701, "scaled_y": 0.95777935728673003, "post_mean": 4.1871283753608903, "post_sd": 0.43482545161960601, "post_q10": 3.6286854217266602, "post_q50": 4.1840288215549002, "post_q90": 4.7504375858155399, "post_prob_exceed": 0.95886666666666698, "post_exc_mean": 0.76024121838387704, "prosp_score_happy": 4.0148978281877197, "prosp_score_sad": 3.6286854217266602, "domain_class": "tier 1" }, "geometry": { "type": "Point", "coordinates": [ -161.66618154912851, 70.155113033440131 ] } },
{ "type": "Feature", "properties": { "field_1": 165, "x": -298016.2241, "y": 2233836.032, "scaled_x": 0.51963758978911001, "scaled_y": 0.94470927230092205, "post_mean": 4.1646148465691599, "post_sd": 0.37203423038753802, "post_q10": 3.6893329573786899, "post_q50": 4.1629221365508, "post_q90": 4.6477670264828896, "post_prob_exceed": 0.9753, "post_exc_mean": 0.73387911229819702, "prosp_score_happy": 4.0617488598589002, "prosp_score_sad": 3.6893329573786899, "domain_class": "tier 1" }, "geometry": { "type": "Point", "coordinates": [ -161.666181549682335, 69.925127468071864 ] } },
{ "type": "Feature", "properties": { "field_1": 166, "x": -300957.1323, "y": 2208472.619, "scaled_x": 0.51880483659999499, "scaled_y": 0.93147814875408697, "post_mean": 4.1290496000778996, "post_sd": 0.31312189270586599, "post_q10": 3.72941131697233, "post_q50": 4.1276373539696598, "post_q90": 4.5346329632627, "post_prob_exceed": 0.98753333333333304, "post_exc_mean": 0.69638652028942305, "prosp_score_happy": 4.07757411506359, "prosp_score_sad": 3.72941131697233, "domain_class": "tier 1" }, "geometry": { "type": "Point", "coordinates": [ -161.666181548649973, 69.692587747454553 ] } },
{ "type": "Feature", "properties": { "field_1": 167, "x": -303934.1054, "y": 2182798.171, "scaled_x": 0.51796187120483705, "scaled_y": 0.91808477013091805, "post_mean": 4.0810632181537496, "post_sd": 0.258756779883901, "post_q10": 3.7492751358254202, "post_q50": 4.0798902711801501, "post_q90": 4.4172517094483004, "post_prob_exceed": 0.99426666666666697, "post_exc_mean": 0.64756039142604305, "prosp_score_happy": 4.0576651223696603, "prosp_score_sad": 3.7492751358254202, "domain_class": "tier 1" }, "geometry": { "type": "Point", "coordinates": [ -161.66618155114557, 69.457469402234622 ] } },
{ "type": "Feature", "properties": { "field_1": 168, "x": -306947.4132, "y": 2156810.358, "scaled_x": 0.51710861720655199, "scaled_y": 0.90452792095943302, "post_mean": 4.02154521807525, "post_sd": 0.20996191752094601, "post_q10": 3.7534583068020502, "post_q50": 4.0200853209910399, "post_q90": 4.2936226815384897, "post_prob_exceed": 0.99743333333333295, "post_exc_mean": 0.58771816069826399, "prosp_score_happy": 4.0112232520155304, "prosp_score_sad": 3.7534583068020502, "domain_class": "tier 1" }, "geometry": { "type": "Point", "coordinates": [ -161.66618154802083, 69.219747814593418 ] } },
{ "type": "Feature", "properties": { "field_1": 169, "x": -309997.3246, "y": 2130506.864, "scaled_x": 0.51624499846290395, "scaled_y": 0.89080639307091702, "post_mean": 3.9516530371630498, "post_sd": 0.16833842392649001, "post_q10": 3.7377211115676299, "post_q50": 3.9507381874079401, "post_q90": 4.1692157782052597, "post_prob_exceed": 0.9991, "post_exc_mean": 0.51770970375931502, "prosp_score_happy": 3.9480965494296001, "prosp_score_sad": 3.7377211115676299, "domain_class": "tier 1" }, "geometry": { "type": "Point", "coordinates": [ -161.666181548213785, 68.979398322926642 ] } },
{ "type": "Feature", "properties": { "field_1": 170, "x": -313084.1074, "y": 2103885.379, "scaled_x": 0.51537093914313103, "scaled_y": 0.87691898142662394, "post_mean": 3.8728129390643602, "post_sd": 0.136311224391574, "post_q10": 3.6997812200696698, "post_q50": 3.87277361078886, "post_q90": 4.0479980640365198, "post_prob_exceed": 0.99923333333333297, "post_exc_mean": 0.43885124259590802, "prosp_score_happy": 3.8698437824777399, "prosp_score_sad": 3.6997812200696698, "domain_class": "tier 1" }, "geometry": { "type": "Point", "coordinates": [ -161.666181550502159, 68.736396145807319 ] } },
{ "type": "Feature", "properties": { "field_1": 171, "x": -316208.0281, "y": 2076943.603, "scaled_x": 0.51448636378458401, "scaled_y": 0.86286448620442402, "post_mean": 3.7867107171398602, "post_sd": 0.116815836502747, "post_q10": 3.63701050704984, "post_q50": 3.78671268879227, "post_q90": 3.9358378720313598, "post_prob_exceed": 0.9985, "post_exc_mean": 0.35278115793275, "prosp_score_happy": 3.78103065106415, "prosp_score_sad": 3.63701050704984, "domain_class": "tier 1" }, "geometry": { "type": "Point", "coordinates": [ -161.666181550333675, 68.490716414245355 ] } },
{ "type": "Feature", "properties": { "field_1": 172, "x": -319369.3518, "y": 2049679.25, "scaled_x": 0.51359119732103997, "scaled_y": 0.84864171488545603, "post_mean": 3.6952698220026701, "post_sd": 0.11117730515046401, "post_q10": 3.5523818072462801, "post_q50": 3.69535216651964, "post_q90": 3.8375183953726899, "post_prob_exceed": 0.9907, "post_exc_mean": 0.26164514549597401, "prosp_score_happy": 3.66090381265805, "prosp_score_sad": 3.5523818072462801, "domain_class": "tier 1" }, "geometry": { "type": "Point", "coordinates": [ -161.6661815486477, 68.242334203537339 ] } },
{ "type": "Feature", "properties": { "field_1": 173, "x": -322568.3424, "y": 2022090.046, "scaled_x": 0.51268536502606998, "scaled_y": 0.83424948121079801, "post_mean": 3.6006145862805101, "post_sd": 0.116551831853487, "post_q10": 3.4518050438432599, "post_q50": 3.6000176976648901, "post_q90": 3.7508532279101598, "post_prob_exceed": 0.92413333333333303, "post_exc_mean": 0.17061587546724299, "prosp_score_happy": 3.3274479596680302, "prosp_score_sad": 3.4518050438432599, "domain_class": "tier 1" }, "geometry": { "type": "Point", "coordinates": [ -161.666181550856862, 67.991224510661652 ] } },
{ "type": "Feature", "properties": { "field_1": 174, "x": -325805.2619, "y": 1994173.729, "scaled_x": 0.51176879271125397, "scaled_y": 0.81968660518147096, "post_mean": 3.5050166287357101, "post_sd": 0.127522703311164, "post_q10": 3.3420174424291398, "post_q50": 3.5048325672664302, "post_q90": 3.6694356962739101, "post_prob_exceed": 0.7111, "post_exc_mean": 0.094018371977693901, "prosp_score_happy": 2.4924173246939598, "prosp_score_sad": 3.3420174424291398, "domain_class": "tier 2" }, "geometry": { "type": "Point", "coordinates": [ -161.66618155029866, 67.7373622505729 ] } },
{ "type": "Feature", "properties": { "field_1": 175, "x": -329080.3708, "y": 1965928.053, "scaled_x": 0.510841406612914, "scaled_y": 0.80495191514508302, "post_mean": 3.41082333815661, "post_sd": 0.139563216844418, "post_q10": 3.23307937743472, "post_q50": 3.4101592522462498, "post_q90": 3.59041474127836, "post_prob_exceed": 0.4305, "post_exc_mean": 0.044816487719553502, "prosp_score_happy": 1.4683594470764201, "prosp_score_sad": 3.23307937743472, "domain_class": "tier 3" }, "geometry": { "type": "Point", "coordinates": [ -161.666181548774745, 67.480722287105934 ] } },
{ "type": "Feature", "properties": { "field_1": 176, "x": -332393.9276, "y": 1937350.79, "scaled_x": 0.50990313353369399, "scaled_y": 0.79004424883915603, "post_mean": 3.32036876144049, "post_sd": 0.15002725249990601, "post_q10": 3.1301263927656202, "post_q50": 3.3197499117865799, "post_q90": 3.5124367194134098, "post_prob_exceed": 0.22273333333333301, "post_exc_mean": 0.0195981229444625, "prosp_score_happy": 0.73955680213151098, "prosp_score_sad": 3.1301263927656202, "domain_class": "Background" }, "geometry": { "type": "Point", "coordinates": [ -161.66618155000819, 67.22127944664291 ] } },
{ "type": "Feature", "properties": { "field_1": 177, "x": -335746.1887, "y": 1908439.727, "scaled_x": 0.50895390087088199, "scaled_y": 0.77496245182613799, "post_mean": 3.2358694711626499, "post_sd": 0.15766349322666801, "post_q10": 3.0361948312234599, "post_q50": 3.2353233464925202, "post_q90": 3.4384528728257502, "post_prob_exceed": 0.10413333333333299, "post_exc_mean": 0.0080845274164143104, "prosp_score_happy": 0.33696187426373803, "prosp_score_sad": 3.0361948312234599, "domain_class": "Background" }, "geometry": { "type": "Point", "coordinates": [ -161.666181549410254, 66.959008486460561 ] } },
{ "type": "Feature", "properties": { "field_1": 178, "x": -339137.4084, "y": 1879192.672, "scaled_x": 0.50799363661640196, "scaled_y": 0.759705380623374, "post_mean": 3.1593110036807999, "post_sd": 0.16208403471308999, "post_q10": 2.9535346677559899, "post_q50": 3.1590076982265902, "post_q90": 3.3669303406734898, "post_prob_exceed": 0.046333333333333303, "post_exc_mean": 0.00314145171499836, "prosp_score_happy": 0.14638140983721001, "prosp_score_sad": 2.9535346677559899, "domain_class": "Background" }, "geometry": { "type": "Point", "coordinates": [ -161.666181550078591, 66.693884143482677 ] } },
{ "type": "Feature", "properties": { "field_1": 179, "x": -342567.8388, "y": 1849607.45, "scaled_x": 0.50702226938513695, "scaled_y": 0.74427190061646198, "post_mean": 3.09233378422344, "post_sd": 0.16343684634010699, "post_q10": 2.8833899959853402, "post_q50": 3.0923299654351002, "post_q90": 3.30116310116561, "post_prob_exceed": 0.018033333333333301, "post_exc_mean": 0.0011644486685003801, "prosp_score_happy": 0.0557650859088294, "prosp_score_sad": 2.8833899959853402, "domain_class": "Background" }, "geometry": { "type": "Point", "coordinates": [ -161.666181549912466, 66.425881093461868 ] } },
{ "type": "Feature", "properties": { "field_1": 180, "x": -349547.3262, "y": 1789413.929, "scaled_x": 0.50504594438772898, "scaled_y": 0.71287124041863903, "post_mean": 2.99137157398278, "post_sd": 0.15898956924011401, "post_q10": 2.78775130026452, "post_q50": 2.9908124962786302, "post_q90": 3.1933027123776201, "post_prob_exceed": 0.0031666666666666701, "post_exc_mean": 0.000141170166728156, "prosp_score_happy": 0.0094726766509454809, "prosp_score_sad": 2.78775130026452, "domain_class": "Background" }, "geometry": { "type": "Point", "coordinates": [ -161.666181549477074, 65.881137589518971 ] } },
{ "type": "Feature", "properties": { "field_1": 181, "x": -353096.8739, "y": 1758801.398, "scaled_x": 0.50404084767403601, "scaled_y": 0.69690185255501302, "post_mean": 2.95816565842199, "post_sd": 0.15443703795559399, "post_q10": 2.7591330301725301, "post_q50": 2.9576942325512801, "post_q90": 3.1544999115453898, "post_prob_exceed": 0.00106666666666667, "post_exc_mean": 4.2530068604772797e-05, "prosp_score_happy": 0.0031553767023167899, "prosp_score_sad": 2.7591330301725301, "domain_class": "Background" }, "geometry": { "type": "Point", "coordinates": [ -161.666181549127742, 65.604346430923073 ] } },
{ "type": "Feature", "properties": { "field_1": 182, "x": -356686.6131, "y": 1727842.242, "scaled_x": 0.503024370258355, "scaled_y": 0.68075164367177798, "post_mean": 2.9360774310518201, "post_sd": 0.14900076798390799, "post_q10": 2.74433988382355, "post_q50": 2.9351006950249201, "post_q90": 3.1263573087664498, "post_prob_exceed": 0.0004, "post_exc_mean": 1.1190115561098e-05, "prosp_score_happy": 0.0011744309724207301, "prosp_score_sad": 2.74433988382355, "domain_class": "Background" }, "geometry": { "type": "Point", "coordinates": [ -161.666181549872789, 65.324575198996598 ] } },
{ "type": "Feature", "properties": { "field_1": 183, "x": -360316.7814, "y": 1696534.411, "scaled_x": 0.50199644486141404, "scaled_y": 0.66441954436225503, "post_mean": 2.9241937767799699, "post_sd": 0.14289395057897999, "post_q10": 2.7402062332430801, "post_q50": 2.9239276379633599, "post_q90": 3.10761248617702, "post_prob_exceed": 0.0001, "post_exc_mean": 1.7857324042711e-06, "prosp_score_happy": 0.00029241937767799698, "prosp_score_sad": 2.7402062332430801, "domain_class": "Background" }, "geometry": { "type": "Point", "coordinates": [ -161.666181549588259, 65.041798543344171 ] } },
{ "type": "Feature", "properties": { "field_1": 184, "x": -382959.6481, "y": 1501254.473, "scaled_x": 0.49558484743204101, "scaled_y": 0.56254946142442597, "post_mean": 2.9880130375738401, "post_sd": 0.087759603858123994, "post_q10": 2.8757668358851101, "post_q50": 2.9871914284007102, "post_q90": 3.1013882755547, "post_prob_exceed": 0.0, "post_exc_mean": 0.0, "prosp_score_happy": 0.0, "prosp_score_sad": 2.8757668358851101, "domain_class": "Background" }, "geometry": { "type": "Point", "coordinates": [ -161.666181550118779, 63.28060937653845 ] } },
{ "type": "Feature", "properties": { "field_1": 185, "x": -386879.1581, "y": 1467451.259, "scaled_x": 0.49447499148608798, "scaled_y": 0.54491561614050799, "post_mean": 3.0083112302158201, "post_sd": 0.077182425846593503, "post_q10": 2.9098756284007701, "post_q50": 3.0078682161711701, "post_q90": 3.1073814694144799, "post_prob_exceed": 0.0, "post_exc_mean": 0.0, "prosp_score_happy": 0.0, "prosp_score_sad": 2.9098756284007701, "domain_class": "Background" }, "geometry": { "type": "Point", "coordinates": [ -161.666181550320658, 62.976088083444793 ] } },
{ "type": "Feature", "properties": { "field_1": 186, "x": -390840.8567, "y": 1433284.195, "scaled_x": 0.49335318933549199, "scaled_y": 0.52709196421256499, "post_mean": 3.0284223217408699, "post_sd": 0.068132941176577297, "post_q10": 2.9415906639833, "post_q50": 3.02839747602121, "post_q90": 3.1164300381800101, "post_prob_exceed": 0.0, "post_exc_mean": 0.0, "prosp_score_happy": 0.0, "prosp_score_sad": 2.9415906639833, "domain_class": "Background" }, "geometry": { "type": "Point", "coordinates": [ -161.666181548542539, 62.66836017020961 ] } },
{ "type": "Feature", "properties": { "field_1": 187, "x": -394844.943, "y": 1398751.566, "scaled_x": 0.49221938460271702, "scaled_y": 0.50907761099062199, "post_mean": 3.04737058294159, "post_sd": 0.061503908885882197, "post_q10": 2.96848603657123, "post_q50": 3.0474259027825799, "post_q90": 3.1261198742741501, "post_prob_exceed": 0.0, "post_exc_mean": 0.0, "prosp_score_happy": 0.0, "prosp_score_sad": 2.96848603657123, "domain_class": "Background" }, "geometry": { "type": "Point", "coordinates": [ -161.666181549547105, 62.357400850717362 ] } },
{ "type": "Feature", "properties": { "field_1": 188, "x": -398891.6104, "y": 1363851.703, "scaled_x": 0.49107352252424702, "scaled_y": 0.49087168582114099, "post_mean": 3.0640674611099499, "post_sd": 0.057675284983673698, "post_q10": 2.9901539349140598, "post_q50": 3.0643524671528599, "post_q90": 3.1374453310994999, "post_prob_exceed": 0.0, "post_exc_mean": 0.0, "prosp_score_happy": 0.0, "prosp_score_sad": 2.9901539349140598, "domain_class": "Background" }, "geometry": { "type": "Point", "coordinates": [ -161.666181550928229, 62.043185447914595 ] } },
{ "type": "Feature", "properties": { "field_1": 189, "x": -402981.0468, "y": 1328582.985, "scaled_x": 0.48991554989396102, "scaled_y": 0.47247334309035399, "post_mean": 3.0772349213443801, "post_sd": 0.056248189556731901, "post_q10": 3.0051368786430599, "post_q50": 3.0776300665627101, "post_q90": 3.1490907382933901, "post_prob_exceed": 0.0, "post_exc_mean": 0.0, "prosp_score_happy": 0.0, "prosp_score_sad": 3.0051368786430599, "domain_class": "Background" }, "geometry": { "type": "Point", "coordinates": [ -161.666181551613306, 61.725689404373895 ] } },
{ "type": "Feature", "properties": { "field_1": 190, "x": -407113.4339, "y": 1292943.844, "scaled_x": 0.48874541526133802, "scaled_y": 0.45388176483256598, "post_mean": 3.08537170676682, "post_sd": 0.056287849432491599, "post_q10": 3.01280378469249, "post_q50": 3.08574218870453, "post_q90": 3.1572718386405598, "post_prob_exceed": 0.0, "post_exc_mean": 0.0, "prosp_score_happy": 0.0, "prosp_score_sad": 3.01280378469249, "domain_class": "Background" }, "geometry": { "type": "Point", "coordinates": [ -161.666181549553897, 61.404888320331651 ] } },
{ "type": "Feature", "properties": { "field_1": 191, "x": -411288.9474, "y": 1256932.767, "scaled_x": 0.48756306887482997, "scaled_y": 0.43509616177348198, "post_mean": 3.0867829210334201, "post_sd": 0.056979217237116603, "post_q10": 3.0132369473464502, "post_q50": 3.0873259773458002, "post_q90": 3.1593224252483401, "post_prob_exceed": 0.0, "post_exc_mean": 0.0, "prosp_score_happy": 0.0, "prosp_score_sad": 3.0132369473464502, "domain_class": "Background" }, "geometry": { "type": "Point", "coordinates": [ -161.666181549755436, 61.080757964057362 ] } },
{ "type": "Feature", "properties": { "field_1": 192, "x": -415507.7562, "y": 1220548.296, "scaled_x": 0.48636846290839197, "scaled_y": 0.416115773330205, "post_mean": 3.0796913935311898, "post_sd": 0.058328384973221403, "post_q10": 3.0049119195582801, "post_q50": 3.07981934006922, "post_q90": 3.1547676425242601, "post_prob_exceed": 0.0, "post_exc_mean": 0.0, "prosp_score_happy": 0.0, "prosp_score_sad": 3.0049119195582801, "domain_class": "Background" }, "geometry": { "type": "Point", "coordinates": [ -161.666181549291878, 60.753274265418405 ] } },
{ "type": "Feature", "properties": { "field_1": 193, "x": -419770.0228, "y": 1183789.031, "scaled_x": 0.48516155134821098, "scaled_y": 0.39693986917622198, "post_mean": 3.0624464450989302, "post_sd": 0.061820622774823898, "post_q10": 2.9832315257230801, "post_q50": 3.0621665111034502, "post_q90": 3.1417812235967899, "post_prob_exceed": 0.0, "post_exc_mean": 0.0, "prosp_score_happy": 0.0, "prosp_score_sad": 2.9832315257230801, "domain_class": "Background" }, "geometry": { "type": "Point", "coordinates": [ -161.666181551240044, 60.422413334781567 ] } },
{ "type": "Feature", "properties": { "field_1": 194, "x": -424075.9021, "y": 1146653.633, "scaled_x": 0.48394229033250802, "scaled_y": 0.37756775080639099, "post_mean": 3.0338399606014099, "post_sd": 0.070725857930966807, "post_q10": 2.9436248781203802, "post_q50": 3.0334901021056799, "post_q90": 3.1245053853072702, "post_prob_exceed": 0.0, "post_exc_mean": 0.0, "prosp_score_happy": 0.0, "prosp_score_sad": 2.9436248781203802, "domain_class": "Background" }, "geometry": { "type": "Point", "coordinates": [ -161.666181549109979, 60.088151483494364 ] } },
{ "type": "Feature", "properties": { "field_1": 195, "x": -428425.542, "y": 1109140.83, "scaled_x": 0.48271063798163599, "scaled_y": 0.357998754666908, "post_mean": 2.99352827050327, "post_sd": 0.088997337321268494, "post_q10": 2.8792613931760198, "post_q50": 2.9929318394345601, "post_q90": 3.1077072256762301, "post_prob_exceed": 0.0, "post_exc_mean": 0.0, "prosp_score_happy": 0.0, "prosp_score_sad": 2.8792613931760198, "domain_class": "Background" }, "geometry": { "type": "Point", "coordinates": [ -161.666181550306845, 59.750465269105334 ] } },
{ "type": "Feature", "properties": { "field_1": 196, "x": -432819.0826, "y": 1071249.411, "scaled_x": 0.48146655462461102, "scaled_y": 0.33823224902534099, "post_mean": 2.9425384082373802, "post_sd": 0.119203464488893, "post_q10": 2.7911467575033799, "post_q50": 2.9415517847195001, "post_q90": 3.0969830747648301, "post_prob_exceed": 0.0, "post_exc_mean": 0.0, "prosp_score_happy": 0.0, "prosp_score_sad": 2.7911467575033799, "domain_class": "Background" }, "geometry": { "type": "Point", "coordinates": [ -161.666181549175008, 59.409331435392005 ] } },
{ "type": "Feature", "properties": { "field_1": 197, "x": -437256.6559, "y": 1032978.24, "scaled_x": 0.48021000288406002, "scaled_y": 0.31826764127388901, "post_mean": 2.8838077441187702, "post_sd": 0.161912061808556, "post_q10": 2.6781776003844402, "post_q50": 2.8823363462496498, "post_q90": 3.0934560584816899, "post_prob_exceed": 0.0004, "post_exc_mean": 1.8094744313187602e-05, "prosp_score_happy": 0.0011535230976475099, "prosp_score_sad": 2.6781776003844402, "domain_class": "Background" }, "geometry": { "type": "Point", "coordinates": [ -161.666181550648531, 59.06472702948713 ] } },
{ "type": "Feature", "properties": { "field_1": 198, "x": -441738.3858, "y": 994326.2464, "scaled_x": 0.47894094767622403, "scaled_y": 0.29810437292143499, "post_mean": 2.8226693936255698, "post_sd": 0.21615666684377999, "post_q10": 2.5495930302971899, "post_q50": 2.8209457538673499, "post_q90": 3.1019105388904902, "post_prob_exceed": 0.0027666666666666699, "post_exc_mean": 0.000194261227304416, "prosp_score_happy": 0.0078093853223640802, "prosp_score_sad": 2.5495930302971899, "domain_class": "Background" }, "geometry": { "type": "Point", "coordinates": [ -161.666181550572958, 58.716629309024121 ] } },
{ "type": "Feature", "properties": { "field_1": 199, "x": -479193.7185, "y": 671298.4616, "scaled_x": 0.46833502405191302, "scaled_y": 0.12959311894511, "post_mean": 3.58008723729486, "post_sd": 0.43832284690826301, "post_q10": 3.0202596129628598, "post_q50": 3.58009111600854, "post_q90": 4.1371453717437596, "post_prob_exceed": 0.63113333333333299, "post_exc_mean": 0.25715559198362598, "prosp_score_happy": 2.25951239169803, "prosp_score_sad": 3.0202596129628598, "domain_class": "tier 2" }, "geometry": { "type": "Point", "coordinates": [ -161.666181549232533, 55.803464412873133 ] } },
{ "type": "Feature", "properties": { "field_1": 200, "x": -269276.0566, "y": 2256027.88, "scaled_x": 0.52777571057143802, "scaled_y": 0.95628591155765796, "post_mean": 3.9877622200993699, "post_sd": 0.39497727303639102, "post_q10": 3.4815426523082702, "post_q50": 3.9850218416341301, "post_q90": 4.4984140912728297, "post_prob_exceed": 0.919366666666667, "post_exc_mean": 0.56792440721808202, "prosp_score_happy": 3.6662156597520301, "prosp_score_sad": 3.4815426523082702, "domain_class": "tier 1" }, "geometry": { "type": "Point", "coordinates": [ -160.99244508693215, 70.155113040741455 ] } },
{ "type": "Feature", "properties": { "field_1": 201, "x": -271926.8468, "y": 2230944.987, "scaled_x": 0.52702510774992695, "scaled_y": 0.94320112457748895, "post_mean": 3.9779001240252998, "post_sd": 0.33899066512061099, "post_q10": 3.5443691114316298, "post_q50": 3.9752789632377601, "post_q90": 4.4174840562456001, "post_prob_exceed": 0.94583333333333297, "post_exc_mean": 0.55146978886040798, "prosp_score_happy": 3.7624305339739301, "prosp_score_sad": 3.5443691114316298, "domain_class": "tier 1" }, "geometry": { "type": "Point", "coordinates": [ -160.992445087890701, 69.925127469948848 ] } },
{ "type": "Feature", "properties": { "field_1": 202, "x": -274610.2976, "y": 2205553.045, "scaled_x": 0.52626525669046997, "scaled_y": 0.92995511854130997, "post_mean": 3.95561411811964, "post_sd": 0.28767953802264401, "post_q10": 3.5878190504137701, "post_q50": 3.9535845764272701, "post_q90": 4.3280299335404697, "post_prob_exceed": 0.9649, "post_exc_mean": 0.525386523797715, "prosp_score_happy": 3.8167720625736399, "prosp_score_sad": 3.5878190504137701, "domain_class": "tier 1" }, "geometry": { "type": "Point", "coordinates": [ -160.992445087103533, 69.692587755268463 ] } },
{ "type": "Feature", "properties": { "field_1": 203, "x": -277326.6561, "y": 2179849.716, "scaled_x": 0.52549608742375997, "scaled_y": 0.91654667380384702, "post_mean": 3.92147990991075, "post_sd": 0.24184350621173401, "post_q10": 3.6131389238509799, "post_q50": 3.9202046166685802, "post_q90": 4.2341189983065899, "post_prob_exceed": 0.97846666666666704, "post_exc_mean": 0.48932905281769501, "prosp_score_happy": 3.8370373758506799, "prosp_score_sad": 3.6131389238509799, "domain_class": "tier 1" }, "geometry": { "type": "Point", "coordinates": [ -160.992445085056147, 69.457469396630842 ] } },
{ "type": "Feature", "properties": { "field_1": 204, "x": -280076.1685, "y": 2153832.672, "scaled_x": 0.52471753023533296, "scaled_y": 0.90297457593644004, "post_mean": 3.87631794174141, "post_sd": 0.20263440398902299, "post_q10": 3.6190819498207798, "post_q50": 3.8753198257698802, "post_q90": 4.1385300430675898, "post_prob_exceed": 0.98596666666666699, "post_exc_mean": 0.443334752224254, "prosp_score_happy": 3.8219202799589702, "prosp_score_sad": 3.6190819498207798, "domain_class": "tier 1" }, "geometry": { "type": "Point", "coordinates": [ -160.992445086102293, 69.219747817931705 ] } },
{ "type": "Feature", "properties": { "field_1": 205, "x": -282859.0801, "y": 2127499.591, "scaled_x": 0.523929515665573, "scaled_y": 0.88923761364040199, "post_mean": 3.8212002455587801, "post_sd": 0.171579593116094, "post_q10": 3.60450876944698, "post_q50": 3.82038697785632, "post_q90": 4.0419085214232897, "post_prob_exceed": 0.98776666666666701, "post_exc_mean": 0.38794927106739702, "prosp_score_happy": 3.77445422922144, "prosp_score_sad": 3.60450876944698, "domain_class": "tier 1" }, "geometry": { "type": "Point", "coordinates": [ -160.992445087900279, 68.979398326986029 ] } },
{ "type": "Feature", "properties": { "field_1": 206, "x": -285675.6352, "y": 2100848.16, "scaled_x": 0.52313197453802496, "scaled_y": 0.87533458031200295, "post_mean": 3.7574490416456698, "post_sd": 0.15028841885747099, "post_q10": 3.5673124305303801, "post_q50": 3.7571068876772902, "post_q90": 3.9498763405180299, "post_prob_exceed": 0.9844, "post_exc_mean": 0.324330867124487, "prosp_score_happy": 3.6988328365959999, "prosp_score_sad": 3.5673124305303801, "domain_class": "tier 1" }, "geometry": { "type": "Point", "coordinates": [ -160.992445087011191, 68.736396138818307 ] } },
{ "type": "Feature", "properties": { "field_1": 207, "x": -288526.0769, "y": 2073876.08, "scaled_x": 0.52232483801602703, "scaled_y": 0.86126427665077498, "post_mean": 3.6866249782731901, "post_sd": 0.13952794819810399, "post_q10": 3.5085069131308502, "post_q50": 3.6869221115780002, "post_q90": 3.8647388671264999, "post_prob_exceed": 0.9651, "post_exc_mean": 0.25459365722613803, "prosp_score_happy": 3.5579617665314598, "prosp_score_sad": 3.5085069131308502, "domain_class": "tier 1" }, "geometry": { "type": "Point", "coordinates": [ -160.992445086856065, 68.490716416804077 ] } },
{ "type": "Feature", "properties": { "field_1": 208, "x": -291410.6474, "y": 2046581.059, "scaled_x": 0.52150803751776498, "scaled_y": 0.84702550700788504, "post_mean": 3.61050283273239, "post_sd": 0.13810106830438401, "post_q10": 3.4333945247545499, "post_q50": 3.6104638684074501, "post_q90": 3.7871625145543599, "post_prob_exceed": 0.89946666666666697, "post_exc_mean": 0.18306353172116499, "prosp_score_happy": 3.2475269479483599, "prosp_score_sad": 3.4333945247545499, "domain_class": "tier 1" }, "geometry": { "type": "Point", "coordinates": [ -160.992445086906059, 68.24233420505297 ] } },
{ "type": "Feature", "properties": { "field_1": 209, "x": -294329.5872, "y": 2018960.821, "scaled_x": 0.52068150494279797, "scaled_y": 0.83261708408108803, "post_mean": 3.5310327978123901, "post_sd": 0.142961181496463, "post_q10": 3.3482040705418301, "post_q50": 3.5307023928345602, "post_q90": 3.7145411418442502, "post_prob_exceed": 0.75133333333333296, "post_exc_mean": 0.118120640825188, "prosp_score_happy": 2.65298264208971, "prosp_score_sad": 3.3482040705418301, "domain_class": "tier 2" }, "geometry": { "type": "Point", "coordinates": [ -160.992445086438124, 67.991224505909059 ] } },
{ "type": "Feature", "properties": { "field_1": 210, "x": -297283.1355, "y": 1991013.103, "scaled_x": 0.51984517255879803, "scaled_y": 0.81803782734974395, "post_mean": 3.4502858546120798, "post_sd": 0.15065674290144199, "post_q10": 3.25710830935158, "post_q50": 3.4492873369352699, "post_q90": 3.64428525038808, "post_prob_exceed": 0.54166666666666696, "post_exc_mean": 0.068571840903105599, "prosp_score_happy": 1.8689048379148701, "prosp_score_sad": 3.25710830935158, "domain_class": "tier 3" }, "geometry": { "type": "Point", "coordinates": [ -160.992445086482121, 67.737362248029555 ] } },
{ "type": "Feature", "properties": { "field_1": 211, "x": -300271.53, "y": 1962735.656, "scaled_x": 0.51899897305817799, "scaled_y": 0.80328656359647499, "post_mean": 3.3703828630364101, "post_sd": 0.158487966905105, "post_q10": 3.1676754023445199, "post_q50": 3.3697932575686802, "post_q90": 3.5744037860134199, "post_prob_exceed": 0.341266666666667, "post_exc_mean": 0.036563019998731801, "prosp_score_happy": 1.15019932505889, "prosp_score_sad": 3.1676754023445199, "domain_class": "Background" }, "geometry": { "type": "Point", "coordinates": [ -160.992445087554273, 67.48072229098608 ] } },
{ "type": "Feature", "properties": { "field_1": 212, "x": -303295.0064, "y": 1934126.248, "scaled_x": 0.51814283969967501, "scaled_y": 0.78836212847215503, "post_mean": 3.2934085951849101, "post_sd": 0.16476121981007399, "post_q10": 3.0831474191482098, "post_q50": 3.2928374425596698, "post_q90": 3.5046200010201001, "post_prob_exceed": 0.1971, "post_exc_mean": 0.018185717825278901, "prosp_score_happy": 0.64913083411094696, "prosp_score_sad": 3.0831474191482098, "domain_class": "Background" }, "geometry": { "type": "Point", "coordinates": [ -160.992445085494694, 67.221279447948334 ] } },
{ "type": "Feature", "properties": { "field_1": 213, "x": -306353.7989, "y": 1905182.665, "scaled_x": 0.51727670616676902, "scaled_y": 0.77326336701757103, "post_mean": 3.2213142444253999, "post_sd": 0.168615692656502, "post_q10": 3.0068761618786599, "post_q50": 3.22050933360438, "post_q90": 3.4370246016427002, "post_prob_exceed": 0.103333333333333, "post_exc_mean": 0.0084752588272283599, "prosp_score_happy": 0.332869138590624, "prosp_score_sad": 3.0068761618786599, "domain_class": "Background" }, "geometry": { "type": "Point", "coordinates": [ -160.992445085422617, 66.959008489287214 ] } },
{ "type": "Feature", "properties": { "field_1": 214, "x": -309448.1395, "y": 1875902.711, "scaled_x": 0.51640050676589699, "scaled_y": 0.75798913366342202, "post_mean": 3.15581484625082, "post_sd": 0.169801870509561, "post_q10": 2.9400002103356999, "post_q50": 3.15619872766707, "post_q90": 3.3727812391932201, "post_prob_exceed": 0.051533333333333299, "post_exc_mean": 0.0037201099945220798, "prosp_score_happy": 0.162629658410126, "prosp_score_sad": 2.9400002103356999, "domain_class": "Background" }, "geometry": { "type": "Point", "coordinates": [ -160.992445085576549, 66.693884138241671 ] } },
{ "type": "Feature", "properties": { "field_1": 215, "x": -312578.258, "y": 1846284.211, "scaled_x": 0.51551417642645103, "scaled_y": 0.74253829379530301, "post_mean": 3.0982911408379001, "post_sd": 0.16850365623090999, "post_q10": 2.88268833517703, "post_q50": 3.0984067555769101, "post_q90": 3.3136259603273999, "post_prob_exceed": 0.022433333333333302, "post_exc_mean": 0.0015329437538167099, "prosp_score_happy": 0.069504997926130199, "prosp_score_sad": 2.88268833517703, "domain_class": "Background" }, "geometry": { "type": "Point", "coordinates": [ -160.992445084692775, 66.425881092670892 ] } },
{ "type": "Feature", "properties": { "field_1": 216, "x": -315744.3821, "y": 1816325.012, "scaled_x": 0.51461765067246401, "scaled_y": 0.72690972427537204, "post_mean": 3.0497079382764301, "post_sd": 0.16518682493662801, "post_q10": 2.8378986230921801, "post_q50": 3.0499824683914198, "post_q90": 3.2607869671073302, "post_prob_exceed": 0.01, "post_exc_mean": 0.00060501437338750502, "prosp_score_happy": 0.030497079382764299, "prosp_score_sad": 2.8378986230921801, "domain_class": "Background" }, "geometry": { "type": "Point", "coordinates": [ -160.992445086503977, 66.15497402863474 ] } },
{ "type": "Feature", "properties": { "field_1": 217, "x": -318946.7369, "y": 1786022.982, "scaled_x": 0.51371086576419001, "scaled_y": 0.71110231292068105, "post_mean": 3.0105620838696199, "post_sd": 0.160446074943803, "post_q10": 2.80522667034906, "post_q50": 3.01049760897132, "post_q90": 3.2149919201100801, "post_prob_exceed": 0.0044333333333333299, "post_exc_mean": 0.00021764728847968099, "prosp_score_happy": 0.0133468252384886, "prosp_score_sad": 2.80522667034906, "domain_class": "Background" }, "geometry": { "type": "Point", "coordinates": [ -160.992445086308948, 65.881137586553507 ] } },
{ "type": "Feature", "properties": { "field_1": 218, "x": -322185.5449, "y": 1755376.017, "scaled_x": 0.51279375869810295, "scaled_y": 0.69511496215481405, "post_mean": 2.9808715200671498, "post_sd": 0.15484376305608599, "post_q10": 2.7819622748620501, "post_q50": 2.98067446931003, "post_q90": 3.1791278917811301, "post_prob_exceed": 0.00163333333333333, "post_exc_mean": 6.9665919885137997e-05, "prosp_score_happy": 0.0048687568161096704, "prosp_score_sad": 2.7819622748620501, "domain_class": "Background" }, "geometry": { "type": "Point", "coordinates": [ -160.992445087329259, 65.604346428269409 ] } },
{ "type": "Feature", "properties": { "field_1": 219, "x": -325461.0258, "y": 1724382.037, "scaled_x": 0.51186626726353202, "scaled_y": 0.67894658692123799, "post_mean": 2.9602119742352899, "post_sd": 0.148763111874331, "post_q10": 2.7687161766811399, "post_q50": 2.95959225120825, "post_q90": 3.1500966866817599, "post_prob_exceed": 0.0007, "post_exc_mean": 2.1647125009433501e-05, "prosp_score_happy": 0.0020721483819647001, "prosp_score_sad": 2.7687161766811399, "domain_class": "Background" }, "geometry": { "type": "Point", "coordinates": [ -160.992445087035492, 65.324575195824551 ] } },
{ "type": "Feature", "properties": { "field_1": 220, "x": -328773.3965, "y": 1693038.99, "scaled_x": 0.51092833004265603, "scaled_y": 0.662596116769951, "post_mean": 2.9477998248215602, "post_sd": 0.14232111297466399, "post_q10": 2.76583133188484, "post_q50": 2.9475439389389502, "post_q90": 3.1305345918149099, "post_prob_exceed": 0.0002, "post_exc_mean": 4.90133399255535e-06, "prosp_score_happy": 0.00058955996496431204, "prosp_score_sad": 2.76583133188484, "domain_class": "Background" }, "geometry": { "type": "Point", "coordinates": [ -160.992445086357492, 65.041798541441921 ] } },
{ "type": "Feature", "properties": { "field_1": 221, "x": -335509.6584, "y": 1629297.642, "scaled_x": 0.50902087724289102, "scaled_y": 0.62934469077180699, "post_mean": 2.9435092931200502, "post_sd": 0.12766471278003999, "post_q10": 2.7792875727427599, "post_q50": 2.9426052520767798, "post_q90": 3.1073586977938099, "post_prob_exceed": 3.3333333333333301e-05, "post_exc_mean": 1.33978913414106e-06, "prosp_score_happy": 9.8116976437334898e-05, "prosp_score_sad": 2.7792875727427599, "domain_class": "Background" }, "geometry": { "type": "Point", "coordinates": [ -160.992445084915943, 64.467127727294368 ] } },
{ "type": "Feature", "properties": { "field_1": 222, "x": -345895.9544, "y": 1531018.135, "scaled_x": 0.50607987380827202, "scaled_y": 0.57807602676199499, "post_mean": 2.9721431919364898, "post_sd": 0.098363198857742307, "post_q10": 2.8466239656494299, "post_q50": 2.97122527546985, "post_q90": 3.0985334605999499, "post_prob_exceed": 0.0, "post_exc_mean": 0.0, "prosp_score_happy": 0.0, "prosp_score_sad": 2.8466239656494299, "domain_class": "Background" }, "geometry": { "type": "Point", "coordinates": [ -160.992445085703309, 63.581948948405788 ] } },
{ "type": "Feature", "properties": { "field_1": 223, "x": -349434.0278, "y": 1497539.394, "scaled_x": 0.50507802617930697, "scaled_y": 0.56061144664560802, "post_mean": 2.9874473916092898, "post_sd": 0.0873072205800179, "post_q10": 2.87617205203808, "post_q50": 2.9865880607083399, "post_q90": 3.1001911507104101, "post_prob_exceed": 0.0, "post_exc_mean": 0.0, "prosp_score_happy": 0.0, "prosp_score_sad": 2.87617205203808, "domain_class": "Background" }, "geometry": { "type": "Point", "coordinates": [ -160.992445085101565, 63.280609371813327 ] } },
{ "type": "Feature", "properties": { "field_1": 224, "x": -353010.4103, "y": 1463698.157, "scaled_x": 0.50406533087233596, "scaled_y": 0.54295776621526803, "post_mean": 3.0044708434969798, "post_sd": 0.076734350537551496, "post_q10": 2.9068676382779701, "post_q50": 3.0044034820605501, "post_q90": 3.1030244534698799, "post_prob_exceed": 0.0, "post_exc_mean": 0.0, "prosp_score_happy": 0.0, "prosp_score_sad": 2.9068676382779701, "domain_class": "Background" }, "geometry": { "type": "Point", "coordinates": [ -160.992445086256708, 62.976088078969667 ] } },
{ "type": "Feature", "properties": { "field_1": 225, "x": -356625.288, "y": 1429492.662, "scaled_x": 0.50304173519092799, "scaled_y": 0.52511406630289104, "post_mean": 3.0225349259979901, "post_sd": 0.067631753535488698, "post_q10": 2.9360113902811702, "post_q50": 3.0224134816925599, "post_q90": 3.1097205266560199, "post_prob_exceed": 0.0, "post_exc_mean": 0.0, "prosp_score_happy": 0.0, "prosp_score_sad": 2.9360113902811702, "domain_class": "Background" }, "geometry": { "type": "Point", "coordinates": [ -160.992445086969298, 62.668360177334677 ] } },
{ "type": "Feature", "properties": { "field_1": 226, "x": -360278.8426, "y": 1394921.189, "scaled_x": 0.50200718768456298, "scaled_y": 0.50707944965019203, "post_mean": 3.0408249057778001, "post_sd": 0.060906981143827303, "post_q10": 2.9622879668733502, "post_q50": 3.04079941788752, "post_q90": 3.1188442789809501, "post_prob_exceed": 0.0, "post_exc_mean": 0.0, "prosp_score_happy": 0.0, "prosp_score_sad": 2.9622879668733502, "domain_class": "Background" }, "geometry": { "type": "Point", "coordinates": [ -160.992445085871935, 62.357400853485906 ] } },
{ "type": "Feature", "properties": { "field_1": 227, "x": -363971.2507, "y": 1359982.069, "scaled_x": 0.50096163834684804, "scaled_y": 0.48885304560363402, "post_mean": 3.0582872023814298, "post_sd": 0.057013278586506101, "post_q10": 2.9848791799015499, "post_q50": 3.05842505833093, "post_q90": 3.1307464462779202, "post_prob_exceed": 0.0, "post_exc_mean": 0.0, "prosp_score_happy": 0.0, "prosp_score_sad": 2.9848791799015499, "domain_class": "Background" }, "geometry": { "type": "Point", "coordinates": [ -160.992445087178226, 62.043185446930053 ] } },
{ "type": "Feature", "properties": { "field_1": 228, "x": -367702.6836, "y": 1324673.679, "scaled_x": 0.49990503867214697, "scaled_y": 0.47043400750612502, "post_mean": 3.0735568410698102, "post_sd": 0.055675340381135599, "post_q10": 3.00203403700589, "post_q50": 3.0740437443072, "post_q90": 3.1438519348160301, "post_prob_exceed": 0.0, "post_exc_mean": 0.0, "prosp_score_happy": 0.0, "prosp_score_sad": 3.00203403700589, "domain_class": "Background" }, "geometry": { "type": "Point", "coordinates": [ -160.9924450866516, 61.725689398800085 ] } },
{ "type": "Feature", "properties": { "field_1": 229, "x": -371473.3072, "y": 1288994.451, "scaled_x": 0.49883734168389898, "scaled_y": 0.45182151739197002, "post_mean": 3.0849350450313699, "post_sd": 0.056073186169660699, "post_q10": 3.0126083051829302, "post_q50": 3.08520227281736, "post_q90": 3.1561230162683298, "post_prob_exceed": 0.0, "post_exc_mean": 0.0, "prosp_score_happy": 0.0, "prosp_score_sad": 3.0126083051829302, "domain_class": "Background" }, "geometry": { "type": "Point", "coordinates": [ -160.992445087932708, 61.404888324895261 ] } },
{ "type": "Feature", "properties": { "field_1": 230, "x": -375283.2817, "y": 1252942.867, "scaled_x": 0.49775850201956501, "scaled_y": 0.43301478337856603, "post_mean": 3.0904354293968499, "post_sd": 0.057419483104595902, "post_q10": 3.0165239012253502, "post_q50": 3.0907776314271498, "post_q90": 3.16402635929244, "post_prob_exceed": 0.0, "post_exc_mean": 0.0, "prosp_score_happy": 0.0, "prosp_score_sad": 3.0165239012253502, "domain_class": "Background" }, "geometry": { "type": "Point", "coordinates": [ -160.992445086822698, 61.080757964315858 ] } },
{ "type": "Feature", "properties": { "field_1": 231, "x": -379132.7613, "y": 1216517.469, "scaled_x": 0.49666847601558001, "scaled_y": 0.41401304488301499, "post_mean": 3.0879160215447499, "post_sd": 0.059531336733457202, "post_q10": 3.0116972521837, "post_q50": 3.0884174757284399, "post_q90": 3.1640021525048301, "post_prob_exceed": 0.0, "post_exc_mean": 0.0, "prosp_score_happy": 0.0, "prosp_score_sad": 3.0116972521837, "domain_class": "Background" }, "geometry": { "type": "Point", "coordinates": [ -160.992445085532552, 60.753274261404172 ] } },
{ "type": "Feature", "properties": { "field_1": 232, "x": -383021.8942, "y": 1179716.856, "scaled_x": 0.49556722170734602, "scaled_y": 0.39481557105714299, "post_mean": 3.0753123491326999, "post_sd": 0.0632461618841208, "post_q10": 2.99416725531003, "post_q50": 3.0752403512040098, "post_q90": 3.1563631278233899, "post_prob_exceed": 0.0, "post_exc_mean": 0.0, "prosp_score_happy": 0.0, "prosp_score_sad": 2.99416725531003, "domain_class": "Background" }, "geometry": { "type": "Point", "coordinates": [ -160.992445086616755, 60.422413331736109 ] } },
{ "type": "Feature", "properties": { "field_1": 233, "x": -386950.8219, "y": 1142539.687, "scaled_x": 0.49445469902745398, "scaled_y": 0.37542166235248298, "post_mean": 3.0509817686522398, "post_sd": 0.070611090050140796, "post_q10": 2.9604397987162101, "post_q50": 3.0506178501060601, "post_q90": 3.1416251162701099, "post_prob_exceed": 0.0, "post_exc_mean": 0.0, "prosp_score_happy": 0.0, "prosp_score_sad": 2.9604397987162101, "domain_class": "Background" }, "geometry": { "type": "Point", "coordinates": [ -160.992445086084331, 60.088151482055743 ] } },
{ "type": "Feature", "properties": { "field_1": 234, "x": -390919.6792, "y": 1104984.688, "scaled_x": 0.49333086980567897, "scaled_y": 0.35583065417190801, "post_mean": 3.0141580731702402, "post_sd": 0.084423308569084393, "post_q10": 2.9060935270371102, "post_q50": 3.0143286706428301, "post_q90": 3.1225553340180499, "post_prob_exceed": 0.0, "post_exc_mean": 0.0, "prosp_score_happy": 0.0, "prosp_score_sad": 2.9060935270371102, "domain_class": "Background" }, "geometry": { "type": "Point", "coordinates": [ -160.992445086863313, 59.750465265064008 ] } },
{ "type": "Feature", "properties": { "field_1": 235, "x": -394928.5939, "y": 1067050.648, "scaled_x": 0.49219569785392697, "scaled_y": 0.33604191478298601, "post_mean": 2.9654952001135602, "post_sd": 0.10700449723925699, "post_q10": 2.8289943236233102, "post_q50": 2.9646909625651001, "post_q90": 3.1023472525698699, "post_prob_exceed": 0.0, "post_exc_mean": 0.0, "prosp_score_happy": 0.0, "prosp_score_sad": 2.8289943236233102, "domain_class": "Background" }, "geometry": { "type": "Point", "coordinates": [ -160.992445085751569, 59.409331436630666 ] } },
{ "type": "Feature", "properties": { "field_1": 236, "x": -398977.6866, "y": 1028736.428, "scaled_x": 0.491049149022872, "scaled_y": 0.31605485001293099, "post_mean": 2.9076484166242702, "post_sd": 0.139243061621842, "post_q10": 2.7306631829387, "post_q50": 2.9064393795955499, "post_q90": 3.08711698371626, "post_prob_exceed": 0.0002, "post_exc_mean": 3.3334154612953801e-06, "prosp_score_happy": 0.00058152968332485298, "prosp_score_sad": 2.7306631829387, "domain_class": "Background" }, "geometry": { "type": "Point", "coordinates": [ -160.992445086792344, 59.064727028474223 ] } },
{ "type": "Feature", "properties": { "field_1": 237, "x": -403067.0703, "y": 990040.9574, "scaled_x": 0.48989119131521802, "scaled_y": 0.29586890137062699, "post_mean": 2.8458034760564801, "post_sd": 0.18046282299051, "post_q10": 2.6164514534894701, "post_q50": 2.84417640486169, "post_q90": 3.0772337751308201, "post_prob_exceed": 0.00056666666666666703, "post_exc_mean": 3.1360361419737797e-05, "prosp_score_happy": 0.0016126219697653399, "prosp_score_sad": 2.6164514534894701, "domain_class": "Background" }, "geometry": { "type": "Point", "coordinates": [ -160.992445087470202, 58.716629308948001 ] } },
{ "type": "Feature", "properties": { "field_1": 238, "x": -437243.4329, "y": 666649.8197, "scaled_x": 0.48021374713402298, "scaled_y": 0.12716810006835599, "post_mean": 3.5906503780566199, "post_sd": 0.40315921458253301, "post_q10": 3.0758354735825399, "post_q50": 3.59044382506774, "post_q90": 4.1063594558232399, "post_prob_exceed": 0.65103333333333302, "post_exc_mean": 0.25105815302850398, "prosp_score_happy": 2.3376330844608, "prosp_score_sad": 3.0758354735825399, "domain_class": "tier 2" }, "geometry": { "type": "Point", "coordinates": [ -160.992445087293476, 55.803464412755325 ] } },
{ "type": "Feature", "properties": { "field_1": 239, "x": -241046.3958, "y": 2278228.73, "scaled_x": 0.53576927530047302, "scaled_y": 0.96786724681387004, "post_mean": 3.7799848324998702, "post_sd": 0.41188080669696497, "post_q10": 3.2504060825709602, "post_q50": 3.77788709567962, "post_q90": 4.3120682950156599, "post_prob_exceed": 0.80003333333333304, "post_exc_mean": 0.39192343225491999, "prosp_score_happy": 3.0241138654943098, "prosp_score_sad": 3.2504060825709602, "domain_class": "tier 1" }, "geometry": { "type": "Point", "coordinates": [ -160.318708623729464, 70.382568848991568 ] } },
{ "type": "Feature", "properties": { "field_1": 240, "x": -243413.2895, "y": 2253427.255, "scaled_x": 0.53509906115473005, "scaled_y": 0.95492926485265806, "post_mean": 3.7943520428747299, "post_sd": 0.35805992651610702, "post_q10": 3.3330168057848399, "post_q50": 3.79268357263211, "post_q90": 4.25833803017031, "post_prob_exceed": 0.842766666666667, "post_exc_mean": 0.38969847938270902, "prosp_score_happy": 3.1977534233333902, "prosp_score_sad": 3.3330168057848399, "domain_class": "tier 1" }, "geometry": { "type": "Point", "coordinates": [ -160.318708625101124, 70.155113038760476 ] } },
{ "type": "Feature", "properties": { "field_1": 241, "x": -245809.483, "y": 2228318.761, "scaled_x": 0.53442055042159597, "scaled_y": 0.94183112280888104, "post_mean": 3.79659144482553, "post_sd": 0.30920665787512702, "post_q10": 3.3986821563227099, "post_q50": 3.7952049376627501, "post_q90": 4.19589067335487, "post_prob_exceed": 0.8796, "post_exc_mean": 0.38077266617084399, "prosp_score_happy": 3.33948183486853, "prosp_score_sad": 3.3986821563227099, "domain_class": "tier 1" }, "geometry": { "type": "Point", "coordinates": [ -160.318708623290092, 69.925127467192951 ] } },
{ "type": "Feature", "properties": { "field_1": 242, "x": -248235.2003, "y": 2202900.903, "scaled_x": 0.53373367967280205, "scaled_y": 0.92857159738563, "post_mean": 3.7870113645425798, "post_sd": 0.26591590957348998, "post_q10": 3.4473367945170801, "post_q50": 3.7849875897820899, "post_q90": 4.1302070815536203, "post_prob_exceed": 0.9086, "post_exc_mean": 0.36426438279692003, "prosp_score_happy": 3.4408785258233898, "prosp_score_sad": 3.4473367945170801, "domain_class": "tier 1" }, "geometry": { "type": "Point", "coordinates": [ -160.318708623658097, 69.692587755545844 ] } },
{ "type": "Feature", "properties": { "field_1": 243, "x": -250690.6647, "y": 2177171.34, "scaled_x": 0.53303838567829398, "scaled_y": 0.91514946737264302, "post_mean": 3.7661408340589402, "post_sd": 0.22898690959158199, "post_q10": 3.4742063768823899, "post_q50": 3.7655881875108501, "post_q90": 4.0624273325928799, "post_prob_exceed": 0.9277, "post_exc_mean": 0.33955785211699901, "prosp_score_happy": 3.4938488517564799, "prosp_score_sad": 3.4742063768823899, "domain_class": "tier 1" }, "geometry": { "type": "Point", "coordinates": [ -160.318708623385362, 69.457469398243049 ] } },
{ "type": "Feature", "properties": { "field_1": 244, "x": -253176.0986, "y": 2151127.742, "scaled_x": 0.53233460546286204, "scaled_y": 0.90156351729793804, "post_mean": 3.7347410600182802, "post_sd": 0.19937973767918801, "post_q10": 3.4816674484524901, "post_q50": 3.7340939557000801, "post_q90": 3.9929744309689599, "post_prob_exceed": 0.93573333333333297, "post_exc_mean": 0.30647309984144699, "prosp_score_happy": 3.4947217012277698, "prosp_score_sad": 3.4816674484524901, "domain_class": "tier 1" }, "geometry": { "type": "Point", "coordinates": [ -160.318708623476709, 69.219747822749639 ] } },
{ "type": "Feature", "properties": { "field_1": 245, "x": -255691.7239, "y": 2124767.783, "scaled_x": 0.53162227619287805, "scaled_y": 0.88781253377617997, "post_mean": 3.6938102188301101, "post_sd": 0.17798342996507799, "post_q10": 3.4696055638221401, "post_q50": 3.6928929709038201, "post_q90": 3.9216953516728998, "post_prob_exceed": 0.9287, "post_exc_mean": 0.26554942342132098, "prosp_score_happy": 3.4304415502275201, "prosp_score_sad": 3.4696055638221401, "domain_class": "tier 1" }, "geometry": { "type": "Point", "coordinates": [ -160.31870862199284, 68.979398321999327 ] } },
{ "type": "Feature", "properties": { "field_1": 246, "x": -258237.7614, "y": 2098089.151, "scaled_x": 0.53090133534619299, "scaled_y": 0.87389531072530202, "post_mean": 3.64457968886963, "post_sd": 0.165119570156084, "post_q10": 3.4357970772754398, "post_q50": 3.6438675619096901, "post_q90": 3.8558115656310901, "post_prob_exceed": 0.90183333333333304, "post_exc_mean": 0.21848532136360299, "prosp_score_happy": 3.2868034494122602, "prosp_score_sad": 3.4357970772754398, "domain_class": "tier 1" }, "geometry": { "type": "Point", "coordinates": [ -160.318708622812238, 68.736396141383963 ] } },
{ "type": "Feature", "properties": { "field_1": 247, "x": -260814.4309, "y": 2071089.541, "scaled_x": 0.53017172068381702, "scaled_y": 0.85981064571486399, "post_mean": 3.5884996567920902, "post_sd": 0.16000489873208201, "post_q10": 3.3842763922989798, "post_q50": 3.58829221934697, "post_q90": 3.7929243048422001, "post_prob_exceed": 0.83333333333333304, "post_exc_mean": 0.168660184333177, "prosp_score_happy": 2.9904163806600801, "prosp_score_sad": 3.3842763922989798, "domain_class": "tier 1" }, "geometry": { "type": "Point", "coordinates": [ -160.318708621667184, 68.490716411280019 ] } },
{ "type": "Feature", "properties": { "field_1": 248, "x": -263421.9513, "y": 2043766.662, "scaled_x": 0.52943337022160797, "scaled_y": 0.84555734361769597, "post_mean": 3.52721220577244, "post_sd": 0.16071208115336, "post_q10": 3.3222663376830401, "post_q50": 3.5268986647040199, "post_q90": 3.7326282782662199, "post_prob_exceed": 0.71713333333333296, "post_exc_mean": 0.121167763120724, "prosp_score_happy": 2.5294814464996098, "prosp_score_sad": 3.3222663376830401, "domain_class": "tier 2" }, "geometry": { "type": "Point", "coordinates": [ -160.318708624854338, 68.242334205939713 ] } },
{ "type": "Feature", "properties": { "field_1": 249, "x": -266060.5399, "y": 2016118.233, "scaled_x": 0.52868622242848295, "scaled_y": 0.83113421452324299, "post_mean": 3.46251021354737, "post_sd": 0.16478364900607401, "post_q10": 3.2517832138357399, "post_q50": 3.4622556478108901, "post_q90": 3.6728836344815501, "post_prob_exceed": 0.56913333333333305, "post_exc_mean": 0.081053253940002803, "prosp_score_happy": 1.97062997953693, "prosp_score_sad": 3.2517832138357399, "domain_class": "tier 3" }, "geometry": { "type": "Point", "coordinates": [ -160.318708623180328, 67.991224503665819 ] } },
{ "type": "Feature", "properties": { "field_1": 250, "x": -268730.413, "y": 1988141.99, "scaled_x": 0.52793021605652002, "scaled_y": 0.81654007738920298, "post_mean": 3.3962812071730899, "post_sd": 0.16995759345335201, "post_q10": 3.1788447930530199, "post_q50": 3.3959227458551902, "post_q90": 3.61422158892616, "post_prob_exceed": 0.410833333333333, "post_exc_mean": 0.050730335069976401, "prosp_score_happy": 1.3953055292802801, "prosp_score_sad": 3.1788447930530199, "domain_class": "tier 3" }, "geometry": { "type": "Point", "coordinates": [ -160.318708622359992, 67.737362244856897 ] } },
{ "type": "Feature", "properties": { "field_1": 251, "x": -271431.7855, "y": 1959835.682, "scaled_x": 0.52716529025422398, "scaled_y": 0.80177375795487504, "post_mean": 3.3304364182291901, "post_sd": 0.17454361628763401, "post_q10": 3.1077668287890501, "post_q50": 3.3293009489377101, "post_q90": 3.5545588508113499, "post_prob_exceed": 0.2774, "post_exc_mean": 0.0298952236067958, "prosp_score_happy": 0.92386306241677796, "prosp_score_sad": 3.1077668287890501, "domain_class": "Background" }, "geometry": { "type": "Point", "coordinates": [ -160.318708624196347, 67.480722291710677 ] } },
{ "type": "Feature", "properties": { "field_1": 252, "x": -274164.8705, "y": 1931197.074, "scaled_x": 0.52639138467979096, "scaled_y": 0.78683409030614904, "post_mean": 3.2668272162061802, "post_sd": 0.17747695516682099, "post_q10": 3.0400599289327301, "post_q50": 3.2657302552440401, "post_q90": 3.4945446286036299, "post_prob_exceed": 0.172166666666667, "post_exc_mean": 0.0165686715043993, "prosp_score_happy": 0.56243875239016405, "prosp_score_sad": 3.0400599289327301, "domain_class": "Background" }, "geometry": { "type": "Point", "coordinates": [ -160.318708624164742, 67.221279450843411 ] } },
{ "type": "Feature", "properties": { "field_1": 253, "x": -276929.8796, "y": 1902223.949, "scaled_x": 0.52560843941616198, "scaled_y": 0.77171991791882399, "post_mean": 3.2071534465517599, "post_sd": 0.17823963202366899, "post_q10": 2.9798355712248301, "post_q50": 3.2063638325983401, "post_q90": 3.4352140457209202, "post_prob_exceed": 0.1011, "post_exc_mean": 0.0086562564179122094, "prosp_score_happy": 0.32424321344638302, "prosp_score_sad": 2.9798355712248301, "domain_class": "Background" }, "geometry": { "type": "Point", "coordinates": [ -160.318708622858964, 66.959008486121334 ] } },
{ "type": "Feature", "properties": { "field_1": 254, "x": -279727.0225, "y": 1872914.111, "scaled_x": 0.52481639508428302, "scaled_y": 0.75643009522360005, "post_mean": 3.1528710399249, "post_sd": 0.17675759951015699, "post_q10": 2.9282774699576102, "post_q50": 3.15230658168834, "post_q90": 3.3786705259063998, "post_prob_exceed": 0.0557, "post_exc_mean": 0.0042589117713233001, "prosp_score_happy": 0.175614916923817, "prosp_score_sad": 2.9282774699576102, "domain_class": "Background" }, "geometry": { "type": "Point", "coordinates": [ -160.318708623187831, 66.69388414088705 ] } },
{ "type": "Feature", "properties": { "field_1": 255, "x": -282556.5071, "y": 1843265.381, "scaled_x": 0.52401519281479203, "scaled_y": 0.74096348551942603, "post_mean": 3.10510897555146, "post_sd": 0.17329707127189201, "post_q10": 2.88293576217393, "post_q50": 3.1052979035176, "post_q90": 3.32655448756107, "post_prob_exceed": 0.028666666666666701, "post_exc_mean": 0.0019794844178831999, "prosp_score_happy": 0.089013123965808502, "prosp_score_sad": 2.88293576217393, "domain_class": "Background" }, "geometry": { "type": "Point", "coordinates": [ -160.318708623996201, 66.425881096878911 ] } },
{ "type": "Feature", "properties": { "field_1": 256, "x": -285418.539, "y": 1813275.603, "scaled_x": 0.523204774389601, "scaled_y": 0.72531896410347296, "post_mean": 3.0646075659027598, "post_sd": 0.16834891569819099, "post_q10": 2.8480453523918698, "post_q50": 3.0646351203623499, "post_q90": 3.2796310047575301, "post_prob_exceed": 0.014366666666666699, "post_exc_mean": 0.00088081731766130296, "prosp_score_happy": 0.044028195363469601, "prosp_score_sad": 2.8480453523918698, "domain_class": "Background" }, "geometry": { "type": "Point", "coordinates": [ -160.318708621862982, 66.154974023209476 ] } },
{ "type": "Feature", "properties": { "field_1": 257, "x": -288313.3219, "y": 1782942.646, "scaled_x": 0.522385082128628, "scaled_y": 0.70949541931445503, "post_mean": 3.0316898903954099, "post_sd": 0.16248891953612499, "post_q10": 2.82259119795091, "post_q50": 3.0324986540983998, "post_q90": 3.2381882911944802, "post_prob_exceed": 0.0071333333333333301, "post_exc_mean": 0.00035125063219705198, "prosp_score_happy": 0.021626054551487198, "prosp_score_sad": 2.82259119795091, "domain_class": "Background" }, "geometry": { "type": "Point", "coordinates": [ -160.318708624087748, 65.881137588500295 ] } },
{ "type": "Feature", "properties": { "field_1": 258, "x": -291241.0567, "y": 1752264.401, "scaled_x": 0.52155605914464498, "scaled_y": 0.69349175096764804, "post_mean": 3.0062753231738202, "post_sd": 0.15621989884690701, "post_q10": 2.8053977063303801, "post_q50": 3.00656974471599, "post_q90": 3.2057285413256502, "post_prob_exceed": 0.00296666666666667, "post_exc_mean": 0.00013621246619370601, "prosp_score_happy": 0.0089186167920823206, "prosp_score_sad": 2.8053977063303801, "domain_class": "Background" }, "geometry": { "type": "Point", "coordinates": [ -160.318708622573041, 65.604346429287489 ] } },
{ "type": "Feature", "properties": { "field_1": 259, "x": -294201.9423, "y": 1721238.787, "scaled_x": 0.52071764911674701, "scaled_y": 0.67730687348485696, "post_mean": 2.9879379654220299, "post_sd": 0.149829482539306, "post_q10": 2.79582825306839, "post_q50": 2.9876259704307402, "post_q90": 3.1793349711890002, "post_prob_exceed": 0.0015, "post_exc_mean": 5.5524768102363898e-05, "prosp_score_happy": 0.0044819069481330399, "prosp_score_sad": 2.79582825306839, "domain_class": "Background" }, "geometry": { "type": "Point", "coordinates": [ -160.318708623893315, 65.324575197382586 ] } },
{ "type": "Feature", "properties": { "field_1": 260, "x": -297196.1745, "y": 1689863.75, "scaled_x": 0.51986979660183297, "scaled_y": 0.66093971537275498, "post_mean": 2.9760040969841599, "post_sd": 0.14331647303540801, "post_q10": 2.7931185625383099, "post_q50": 2.9758317673214099, "post_q90": 3.1604975304377798, "post_prob_exceed": 0.00073333333333333302, "post_exc_mean": 2.47277195868429e-05, "prosp_score_happy": 0.0021824030044550499, "prosp_score_sad": 2.7931185625383099, "domain_class": "Background" }, "geometry": { "type": "Point", "coordinates": [ -160.318708623301859, 65.041798546084152 ] } },
{ "type": "Feature", "properties": { "field_1": 261, "x": -300223.9465, "y": 1658137.266, "scaled_x": 0.51901244689301995, "scaled_y": 0.64438922078786998, "post_mean": 2.9696735254890099, "post_sd": 0.13642524224685701, "post_q10": 2.7950261653, "post_q50": 2.9690056772395699, "post_q90": 3.1453549750260299, "post_prob_exceed": 0.000333333333333333, "post_exc_mean": 1.21230044569826e-05, "prosp_score_happy": 0.00098989117516300293, "prosp_score_sad": 2.7950261653, "domain_class": "Background" }, "geometry": { "type": "Point", "coordinates": [ -160.31870862174361, 64.755991150666347 ] } },
{ "type": "Feature", "properties": { "field_1": 262, "x": -303285.4485, "y": 1626057.344, "scaled_x": 0.51814554613291397, "scaled_y": 0.62765435110156798, "post_mean": 2.9681426287288799, "post_sd": 0.128779814075897, "post_q10": 2.8024071762392402, "post_q50": 2.9673750871871798, "post_q90": 3.1339138353152598, "post_prob_exceed": 0.000333333333333333, "post_exc_mean": 6.07030540910502e-06, "prosp_score_happy": 0.00098938087624296099, "prosp_score_sad": 2.8024071762392402, "domain_class": "Background" }, "geometry": { "type": "Point", "coordinates": [ -160.31870862321864, 64.467127729468771 ] } },
{ "type": "Feature", "properties": { "field_1": 263, "x": -306380.8674, "y": 1593622.024, "scaled_x": 0.51726904139855201, "scaled_y": 0.610734083856732, "post_mean": 2.9707046289610299, "post_sd": 0.12006163235780901, "post_q10": 2.8169910141824399, "post_q50": 2.97000738064339, "post_q90": 3.1251714253956902, "post_prob_exceed": 0.00013333333333333299, "post_exc_mean": 1.5607558080639501e-06, "prosp_score_happy": 0.000396093950528138, "prosp_score_sad": 2.8169910141824399, "domain_class": "Background" }, "geometry": { "type": "Point", "coordinates": [ -160.318708624564124, 64.175183020158514 ] } },
{ "type": "Feature", "properties": { "field_1": 264, "x": -309510.3868, "y": 1560829.381, "scaled_x": 0.51638288070140803, "scaled_y": 0.59362741485440695, "post_mean": 2.97680644332848, "post_sd": 0.110164519232201, "post_q10": 2.8355886976978901, "post_q50": 2.9764592411463799, "post_q90": 3.11840595329575, "post_prob_exceed": 0.0, "post_exc_mean": 0.0, "prosp_score_happy": 0.0, "prosp_score_sad": 2.8355886976978901, "domain_class": "Background" }, "geometry": { "type": "Point", "coordinates": [ -160.318708623558564, 63.880131809179019 ] } },
{ "type": "Feature", "properties": { "field_1": 265, "x": -312674.187, "y": 1527677.528, "scaled_x": 0.51548701298738897, "scaled_y": 0.57633335971878497, "post_mean": 2.9860504982556, "post_sd": 0.099286511743210695, "post_q10": 2.8585943368962501, "post_q50": 2.9861414540092901, "post_q90": 3.1137273048029499, "post_prob_exceed": 0.0, "post_exc_mean": 0.0, "prosp_score_happy": 0.0, "prosp_score_sad": 2.8585943368962501, "domain_class": "Background" }, "geometry": { "type": "Point", "coordinates": [ -160.318708624628243, 63.581948952115347 ] } },
{ "type": "Feature", "properties": { "field_1": 266, "x": -315872.4442, "y": 1494164.617, "scaled_x": 0.51458138836336598, "scaled_y": 0.558850954418871, "post_mean": 2.99814153267892, "post_sd": 0.087952279774452496, "post_q10": 2.88569684563207, "post_q50": 2.99849079611813, "post_q90": 3.1112773465291101, "post_prob_exceed": 0.0, "post_exc_mean": 0.0, "prosp_score_happy": 0.0, "prosp_score_sad": 2.88569684563207, "domain_class": "Background" }, "geometry": { "type": "Point", "coordinates": [ -160.318708624503984, 63.280609376787105 ] } },
{ "type": "Feature", "properties": { "field_1": 267, "x": -319105.331, "y": 1460288.84, "scaled_x": 0.513665957955592, "scaled_y": 0.54117925579014003, "post_mean": 3.0127893224013, "post_sd": 0.076976471177869196, "post_q10": 2.9141886107270101, "post_q50": 3.0129321273240199, "post_q90": 3.1111444871419698, "post_prob_exceed": 0.0, "post_exc_mean": 0.0, "prosp_score_happy": 0.0, "prosp_score_sad": 2.9141886107270101, "domain_class": "Background" }, "geometry": { "type": "Point", "coordinates": [ -160.318708624325467, 62.976088085133391 ] } },
{ "type": "Feature", "properties": { "field_1": 268, "x": -322373.0158, "y": 1426048.432, "scaled_x": 0.512740674079603, "scaled_y": 0.52331734309952305, "post_mean": 3.0295858819727499, "post_sd": 0.067365287882513197, "post_q10": 2.94270793822071, "post_q50": 3.02952654756182, "post_q90": 3.11554717542238, "post_prob_exceed": 0.0, "post_exc_mean": 0.0, "prosp_score_happy": 0.0, "prosp_score_sad": 2.94270793822071, "domain_class": "Background" }, "geometry": { "type": "Point", "coordinates": [ -160.318708623309732, 62.668360173747018 ] } },
{ "type": "Feature", "properties": { "field_1": 269, "x": -325675.6628, "y": 1391441.674, "scaled_x": 0.51180549024021205, "scaled_y": 0.50526431961039497, "post_mean": 3.0478791037020798, "post_sd": 0.060112775971115001, "post_q10": 2.9708908134063199, "post_q50": 3.0480382957435599, "post_q90": 3.12462456156761, "post_prob_exceed": 0.0, "post_exc_mean": 0.0, "prosp_score_happy": 0.0, "prosp_score_sad": 2.9708908134063199, "domain_class": "Background" }, "geometry": { "type": "Point", "coordinates": [ -160.318708624368668, 62.357400853774472 ] } },
{ "type": "Feature", "properties": { "field_1": 270, "x": -329013.4315, "y": 1356466.893, "scaled_x": 0.51086036127309398, "scaled_y": 0.48701931258257403, "post_mean": 3.0666646957113102, "post_sd": 0.055848289857683003, "post_q10": 2.9950534902105099, "post_q50": 3.0670884026949401, "post_q90": 3.1375403265465098, "post_prob_exceed": 0.0, "post_exc_mean": 0.0, "prosp_score_happy": 0.0, "prosp_score_sad": 2.9950534902105099, "domain_class": "Background" }, "geometry": { "type": "Point", "coordinates": [ -160.31870862437782, 62.043185444426214 ] } },
{ "type": "Feature", "properties": { "field_1": 271, "x": -332386.4768, "y": 1321122.466, "scaled_x": 0.50990524331646903, "scaled_y": 0.46858147535896799, "post_mean": 3.0845163328674299, "post_sd": 0.054492966029432301, "post_q10": 3.0143356757811, "post_q50": 3.08490873208547, "post_q90": 3.1535943368498098, "post_prob_exceed": 0.0, "post_exc_mean": 0.0, "prosp_score_happy": 0.0, "prosp_score_sad": 3.0143356757811, "domain_class": "Background" }, "geometry": { "type": "Point", "coordinates": [ -160.318708623582154, 61.72568940150024 ] } },
{ "type": "Feature", "properties": { "field_1": 272, "x": -335794.9488, "y": 1285406.821, "scaled_x": 0.50894009386773398, "scaled_y": 0.449949987887233, "post_mean": 3.0995718547503901, "post_sd": 0.055320710245019798, "post_q10": 3.0283234907618199, "post_q50": 3.0996982853308102, "post_q90": 3.1701953770869098, "post_prob_exceed": 0.0, "post_exc_mean": 0.0, "prosp_score_happy": 0.0, "prosp_score_sad": 3.0283234907618199, "domain_class": "Background" }, "geometry": { "type": "Point", "coordinates": [ -160.31870862347273, 61.404888319354868 ] } },
{ "type": "Feature", "properties": { "field_1": 273, "x": -339238.9922, "y": 1249318.442, "scaled_x": 0.50796487195335904, "scaled_y": 0.431124059328091, "post_mean": 3.1095920844849201, "post_sd": 0.057479928940678, "post_q10": 3.03601329345077, "post_q50": 3.1097578635368701, "post_q90": 3.1831599812018299, "post_prob_exceed": 0.0, "post_exc_mean": 0.0, "prosp_score_happy": 0.0, "prosp_score_sad": 3.03601329345077, "domain_class": "Background" }, "geometry": { "type": "Point", "coordinates": [ -160.318708624448846, 61.080757968740755 ] } },
{ "type": "Feature", "properties": { "field_1": 274, "x": -342718.7464, "y": 1212855.866, "scaled_x": 0.50697953810057605, "scaled_y": 0.41210292649033398, "post_mean": 3.1121082955674599, "post_sd": 0.060533461333681302, "post_q10": 3.0345157965325402, "post_q50": 3.1122393628123, "post_q90": 3.1895720427653198, "post_prob_exceed": 0.0, "post_exc_mean": 0.0, "prosp_score_happy": 0.0, "prosp_score_sad": 3.0345157965325402, "domain_class": "Background" }, "geometry": { "type": "Point", "coordinates": [ -160.318708622458018, 60.753274262753621 ] } },
{ "type": "Feature", "properties": { "field_1": 275, "x": -346234.3454, "y": 1176017.692, "scaled_x": 0.50598405436568705, "scaled_y": 0.392885858525789, "post_mean": 3.1046731247741199, "post_sd": 0.064762794501312698, "post_q10": 3.0216914206510102, "post_q50": 3.10486376450493, "post_q90": 3.1870556239000498, "post_prob_exceed": 0.0, "post_exc_mean": 0.0, "prosp_score_happy": 0.0, "prosp_score_sad": 3.0216914206510102, "domain_class": "Background" }, "geometry": { "type": "Point", "coordinates": [ -160.318708622987856, 60.422413329691672 ] } },
{ "type": "Feature", "properties": { "field_1": 276, "x": -349785.9171, "y": 1138802.579, "scaled_x": 0.50497838453228405, "scaled_y": 0.37347215588598798, "post_mean": 3.0852253926409001, "post_sd": 0.071273768118576705, "post_q10": 2.9941749038360399, "post_q50": 3.0852084398419102, "post_q90": 3.1761976881305598, "post_prob_exceed": 0.0, "post_exc_mean": 0.0, "prosp_score_happy": 0.0, "prosp_score_sad": 2.9941749038360399, "domain_class": "Background" }, "geometry": { "type": "Point", "coordinates": [ -160.318708624589647, 60.088151488452347 ] } },
{ "type": "Feature", "properties": { "field_1": 277, "x": -353373.5833, "y": 1101209.249, "scaled_x": 0.50396249411124605, "scaled_y": 0.353861151887159, "post_mean": 3.0525685940742, "post_sd": 0.081826217830568704, "post_q10": 2.94822600719856, "post_q50": 3.0527598269962799, "post_q90": 3.1570651614375, "post_prob_exceed": 0.0, "post_exc_mean": 0.0, "prosp_score_happy": 0.0, "prosp_score_sad": 2.94822600719856, "domain_class": "Background" }, "geometry": { "type": "Point", "coordinates": [ -160.318708624313643, 59.750465267779823 ] } },
{ "type": "Feature", "properties": { "field_1": 278, "x": -356997.4596, "y": 1063236.492, "scaled_x": 0.50293635036905604, "scaled_y": 0.33405221531852902, "post_mean": 3.0069427845147598, "post_sd": 0.098222034558583401, "post_q10": 2.8813544144910899, "post_q50": 3.0063822244660598, "post_q90": 3.13239926055601, "post_prob_exceed": 3.3333333333333301e-05, "post_exc_mean": 2.3082497933774399e-07, "prosp_score_happy": 0.00010023142615049201, "prosp_score_sad": 2.8813544144910899, "domain_class": "Background" }, "geometry": { "type": "Point", "coordinates": [ -160.318708624422101, 59.409331443353082 ] } },
{ "type": "Feature", "properties": { "field_1": 279, "x": -391257.3953, "y": 704244.0463, "scaled_x": 0.493235241469068, "scaled_y": 0.14677957178915099, "post_mean": 3.26035436336957, "post_sd": 0.30796138421067698, "post_q10": 2.8657104188084399, "post_q50": 3.25927676441867, "post_q90": 3.6534425324300002, "post_prob_exceed": 0.287, "post_exc_mean": 0.054975012977777897, "prosp_score_happy": 0.93572170228706697, "prosp_score_sad": 2.8657104188084399, "domain_class": "Background" }, "geometry": { "type": "Point", "coordinates": [ -160.318708624215247, 56.180288587597488 ] } },
{ "type": "Feature", "properties": { "field_1": 280, "x": -395248.1465, "y": 662426.993, "scaled_x": 0.492105212728706, "scaled_y": 0.124965212713071, "post_mean": 3.59424783684321, "post_sd": 0.39851107284861498, "post_q10": 3.0853555182153198, "post_q50": 3.5928684364286498, "post_q90": 4.1045654990491904, "post_prob_exceed": 0.65583333333333305, "post_exc_mean": 0.251676920560087, "prosp_score_happy": 2.3572275396630098, "prosp_score_sad": 3.0853555182153198, "domain_class": "tier 2" }, "geometry": { "type": "Point", "coordinates": [ -160.318708623142044, 55.803464412434892 ] } },
{ "type": "Feature", "properties": { "field_1": 281, "x": -399275.885, "y": 620222.3693, "scaled_x": 0.49096471059375402, "scaled_y": 0.102948672966531, "post_mean": 4.0250175141152802, "post_sd": 0.60193078095989105, "post_q10": 3.2572023043182101, "post_q50": 4.0163224241119604, "post_q90": 4.7979369014914299, "post_prob_exceed": 0.83853333333333302, "post_exc_mean": 0.64131704628511998, "prosp_score_happy": 3.3751113528361301, "prosp_score_sad": 3.2572023043182101, "domain_class": "tier 1" }, "geometry": { "type": "Point", "coordinates": [ -160.31870862315526, 55.422957415289439 ] } },
{ "type": "Feature", "properties": { "field_1": 282, "x": -213321.1204, "y": 2300432.611, "scaled_x": 0.54362001729522702, "scaled_y": 0.97945016322698197, "post_mean": 3.5472915504617499, "post_sd": 0.42447377130499803, "post_q10": 3.0014820294746798, "post_q50": 3.5469692996070701, "post_q90": 4.0938556252281897, "post_prob_exceed": 0.60463333333333302, "post_exc_mean": 0.232002513695414, "prosp_score_happy": 2.1448107144608599, "prosp_score_sad": 3.0014820294746798, "domain_class": "tier 2" }, "geometry": { "type": "Point", "coordinates": [ -159.644972160826427, 70.607519187294386 ] } },
{ "type": "Feature", "properties": { "field_1": 283, "x": -215410.3038, "y": 2275913.346, "scaled_x": 0.54302844012903195, "scaled_y": 0.96665939944086998, "post_mean": 3.5842838670700501, "post_sd": 0.37153830313259201, "post_q10": 3.1066427023510701, "post_q50": 3.5840073944154098, "post_q90": 4.0626579837788501, "post_prob_exceed": 0.65736666666666699, "post_exc_mean": 0.23536722755610201, "prosp_score_happy": 2.3561887380829498, "prosp_score_sad": 3.1066427023510701, "domain_class": "tier 2" }, "geometry": { "type": "Point", "coordinates": [ -159.644972159068061, 70.382568847235675 ] } },
{ "type": "Feature", "properties": { "field_1": 284, "x": -217525.4704, "y": 2251089.136, "scaled_x": 0.54242950551024305, "scaled_y": 0.95370955749875397, "post_mean": 3.6096660621839298, "post_sd": 0.32400733184337999, "post_q10": 3.1931507118979998, "post_q50": 3.60830586280695, "post_q90": 4.0262134715298803, "post_prob_exceed": 0.70546666666666702, "post_exc_mean": 0.23565377962241801, "prosp_score_happy": 2.5464990846686901, "prosp_score_sad": 3.1931507118979998, "domain_class": "tier 2" }, "geometry": { "type": "Point", "coordinates": [ -159.644972160413033, 70.155113039953449 ] } },
{ "type": "Feature", "properties": { "field_1": 285, "x": -219666.8208, "y": 2225957.625, "scaled_x": 0.54182315663658098, "scaled_y": 0.94059940836544698, "post_mean": 3.6235192048977201, "post_sd": 0.28233335424621703, "post_q10": 3.2625768156825599, "post_q50": 3.6225590096048101, "post_q90": 3.98699560937757, "post_prob_exceed": 0.74853333333333305, "post_exc_mean": 0.23178419560954899, "prosp_score_happy": 2.7123249088394399, "prosp_score_sad": 3.2625768156825599, "domain_class": "tier 2" }, "geometry": { "type": "Point", "coordinates": [ -159.644972161066761, 69.925127466136971 ] } },
{ "type": "Feature", "properties": { "field_1": 286, "x": -221834.5549, "y": 2200516.466, "scaled_x": 0.54120933690397899, "scaled_y": 0.92732772770071603, "post_mean": 3.6261207669064501, "post_sd": 0.247068074343506, "post_q10": 3.31094820993536, "post_q50": 3.6251132790029899, "post_q90": 3.9465696386862299, "post_prob_exceed": 0.78216666666666701, "post_exc_mean": 0.22288652408815199, "prosp_score_happy": 2.8362307931819899, "prosp_score_sad": 3.31094820993536, "domain_class": "tier 2" }, "geometry": { "type": "Point", "coordinates": [ -159.64497215907366, 69.692587748669197 ] } },
{ "type": "Feature", "properties": { "field_1": 287, "x": -224028.8724, "y": 2174763.318, "scaled_x": 0.540587989765004, "scaled_y": 0.9138932942943, "post_mean": 3.6179597646104198, "post_sd": 0.21879874456815199, "post_q10": 3.3389741036407399, "post_q50": 3.6168644201171101, "post_q90": 3.9008638652937, "post_prob_exceed": 0.80146666666666699, "post_exc_mean": 0.20820256613395899, "prosp_score_happy": 2.8996741526764298, "prosp_score_sad": 3.3389741036407399, "domain_class": "tier 1" }, "geometry": { "type": "Point", "coordinates": [ -159.644972160359941, 69.457469401291988 ] } },
{ "type": "Feature", "properties": { "field_1": 288, "x": -226249.9721, "y": 2148695.845, "scaled_x": 0.53995905892706897, "scaled_y": 0.90029488954424497, "post_mean": 3.59974664785579, "post_sd": 0.19796559243859499, "post_q10": 3.3488048891248701, "post_q50": 3.5985918317542902, "post_q90": 3.8537257575641002, "post_prob_exceed": 0.80073333333333296, "post_exc_mean": 0.18776893679184201, "prosp_score_happy": 2.88243713249306, "prosp_score_sad": 3.3488048891248701, "domain_class": "tier 1" }, "geometry": { "type": "Point", "coordinates": [ -159.644972158852198, 69.219747816417978 ] } },
{ "type": "Feature", "properties": { "field_1": 289, "x": -228498.0523, "y": 2122311.723, "scaled_x": 0.53932248823916396, "scaled_y": 0.88653130110854095, "post_mean": 3.5724161706629101, "post_sd": 0.184556973843399, "post_q10": 3.3388960045127098, "post_q50": 3.5720884665669899, "post_q90": 3.8084542190446302, "post_prob_exceed": 0.77583333333333304, "post_exc_mean": 0.16240980789772699, "prosp_score_happy": 2.7715995457393099, "prosp_score_sad": 3.3388960045127098, "domain_class": "tier 2" }, "geometry": { "type": "Point", "coordinates": [ -159.644972161559082, 68.979398324382572 ] } },
{ "type": "Feature", "properties": { "field_1": 290, "x": -230773.3101, "y": 2095608.635, "scaled_x": 0.53867822189007897, "scaled_y": 0.87260132029680904, "post_mean": 3.53712127671642, "post_sd": 0.177829571139309, "post_q10": 3.3103151702609099, "post_q50": 3.53720247267279, "post_q90": 3.7640003007838598, "post_prob_exceed": 0.7186, "post_exc_mean": 0.13394963749281499, "prosp_score_happy": 2.5417753494484199, "prosp_score_sad": 3.3103151702609099, "domain_class": "tier 2" }, "geometry": { "type": "Point", "coordinates": [ -159.64497216052203, 68.736396144703193 ] } },
{ "type": "Feature", "properties": { "field_1": 291, "x": -233075.9422, "y": 2068584.275, "scaled_x": 0.53802620418186398, "scaled_y": 0.85850374415695097, "post_mean": 3.4952160751850201, "post_sd": 0.176304281421374, "post_q10": 3.2689713064910202, "post_q50": 3.4951354306244302, "post_q90": 3.7214768166451102, "post_prob_exceed": 0.63426666666666698, "post_exc_mean": 0.105095998427751, "prosp_score_happy": 2.2168990492873499, "prosp_score_sad": 3.2689713064910202, "domain_class": "tier 2" }, "geometry": { "type": "Point", "coordinates": [ -159.644972161043796, 68.490716417578184 ] } },
{ "type": "Feature", "properties": { "field_1": 292, "x": -235406.144, "y": 2041236.349, "scaled_x": 0.53736637978468105, "scaled_y": 0.84423737599681004, "post_mean": 3.4482260975506498, "post_sd": 0.17810250558083601, "post_q10": 3.22176417802986, "post_q50": 3.4476875701924001, "post_q90": 3.6758896846168501, "post_prob_exceed": 0.53153333333333297, "post_exc_mean": 0.078470101794092501, "prosp_score_happy": 1.83284711171809, "prosp_score_sad": 3.22176417802986, "domain_class": "tier 3" }, "geometry": { "type": "Point", "coordinates": [ -159.644972161596598, 68.242334209357409 ] } },
{ "type": "Feature", "properties": { "field_1": 293, "x": -237764.1099, "y": 2013562.575, "scaled_x": 0.53669869365185696, "scaled_y": 0.829801025384169, "post_mean": 3.3978045352947501, "post_sd": 0.181385224421097, "post_q10": 3.16550460659928, "post_q50": 3.39719815774962, "post_q90": 3.6287340521849498, "post_prob_exceed": 0.41956666666666698, "post_exc_mean": 0.055852363250099298, "prosp_score_happy": 1.4256055228585001, "prosp_score_sad": 3.16550460659928, "domain_class": "tier 3" }, "geometry": { "type": "Point", "coordinates": [ -159.644972161243032, 67.991224507955508 ] } },
{ "type": "Feature", "properties": { "field_1": 294, "x": -240150.0331, "y": 1985560.686, "scaled_x": 0.53602309107650803, "scaled_y": 0.81519350971173998, "post_mean": 3.3456740403612901, "post_sd": 0.184646020842056, "post_q10": 3.1095893100961298, "post_q50": 3.34493150788242, "post_q90": 3.5825159437093799, "post_prob_exceed": 0.3183, "post_exc_mean": 0.0378710557377471, "prosp_score_happy": 1.0649280470469999, "prosp_score_sad": 3.1095893100961298, "domain_class": "Background" }, "geometry": { "type": "Point", "coordinates": [ -159.644972160909788, 67.737362245557378 ] } },
{ "type": "Feature", "properties": { "field_1": 295, "x": -242564.1055, "y": 1957228.43, "scaled_x": 0.53533951771986399, "scaled_y": 0.80041365419716204, "post_mean": 3.29355508691572, "post_sd": 0.18681585941008699, "post_q10": 3.0557198050964298, "post_q50": 3.2923512424797199, "post_q90": 3.5336761816748998, "post_prob_exceed": 0.2268, "post_exc_mean": 0.024462969399620602, "prosp_score_happy": 0.74697829371248503, "prosp_score_sad": 3.0557198050964298, "domain_class": "Background" }, "geometry": { "type": "Point", "coordinates": [ -159.644972160979592, 67.480722294056193 ] } },
{ "type": "Feature", "properties": { "field_1": 296, "x": -245006.5178, "y": 1928563.569, "scaled_x": 0.53464791958294799, "scaled_y": 0.78546029136133799, "post_mean": 3.2430839264120199, "post_sd": 0.187258727299562, "post_q10": 3.0040214178802702, "post_q50": 3.24234888496906, "post_q90": 3.4827673508494001, "post_prob_exceed": 0.1538, "post_exc_mean": 0.0150545426579508, "prosp_score_happy": 0.49878630788216899, "prosp_score_sad": 3.0040214178802702, "domain_class": "Background" }, "geometry": { "type": "Point", "coordinates": [ -159.644972161656767, 67.221279451275976 ] } },
{ "type": "Feature", "properties": { "field_1": 297, "x": -247477.4589, "y": 1899563.885, "scaled_x": 0.53394824317647605, "scaled_y": 0.77033226415840605, "post_mean": 3.19572571868818, "post_sd": 0.185728624041021, "post_q10": 2.9591877687071499, "post_q50": 3.1946502231304099, "post_q90": 3.4334843261599701, "post_prob_exceed": 0.099266666666666697, "post_exc_mean": 0.00874775149664795, "prosp_score_happy": 0.31722903967511301, "prosp_score_sad": 2.9591877687071499, "domain_class": "Background" }, "geometry": { "type": "Point", "coordinates": [ -159.644972160960577, 66.959008490510357 ] } },
{ "type": "Feature", "properties": { "field_1": 298, "x": -249977.1163, "y": 1870227.178, "scaled_x": 0.53324043540758803, "scaled_y": 0.75502842493241895, "post_mean": 3.1526911449990598, "post_sd": 0.18231431058963801, "post_q10": 2.91966092986253, "post_q50": 3.1524902653881299, "post_q90": 3.3849654943838101, "post_prob_exceed": 0.0609, "post_exc_mean": 0.0048213569698514801, "prosp_score_happy": 0.19199889073044299, "prosp_score_sad": 2.91966092986253, "domain_class": "Background" }, "geometry": { "type": "Point", "coordinates": [ -159.644972159993898, 66.693884137212265 ] } },
{ "type": "Feature", "properties": { "field_1": 299, "x": -252505.6757, "y": 1840551.27, "scaled_x": 0.53252444369311702, "scaled_y": 0.739547637503986, "post_mean": 3.1148672570680902, "post_sd": 0.17736872593653799, "post_q10": 2.88683929358255, "post_q50": 3.11453703541958, "post_q90": 3.34155428818945, "post_prob_exceed": 0.034633333333333301, "post_exc_mean": 0.0025333503447081199, "prosp_score_happy": 0.107878236003125, "prosp_score_sad": 2.88683929358255, "domain_class": "Background" }, "geometry": { "type": "Point", "coordinates": [ -159.644972161474413, 66.425881100070143 ] } },
{ "type": "Feature", "properties": { "field_1": 300, "x": -255063.3209, "y": 1810534.001, "scaled_x": 0.53180021598790495, "scaled_y": 0.72388877508363303, "post_mean": 3.08277440996451, "post_sd": 0.171410075765174, "post_q10": 2.8620004563200498, "post_q50": 3.0831421999244299, "post_q90": 3.3025079785459601, "post_prob_exceed": 0.019966666666666699, "post_exc_mean": 0.00130054672839738, "prosp_score_happy": 0.061552729052291401, "prosp_score_sad": 2.8620004563200498, "domain_class": "Background" }, "geometry": { "type": "Point", "coordinates": [ -159.644972159943336, 66.154974029964464 ] } },
{ "type": "Feature", "properties": { "field_1": 301, "x": -257650.2339, "y": 1780173.237, "scaled_x": 0.53106770075648302, "scaled_y": 0.70805072444508899, "post_mean": 3.0565600301239799, "post_sd": 0.16498797418442701, "post_q10": 2.84476658987727, "post_q50": 3.0576135968685998, "post_q90": 3.2676361944390302, "post_prob_exceed": 0.011566666666666701, "post_exc_mean": 0.00063307603605896202, "prosp_score_happy": 0.035354211015100799, "prosp_score_sad": 2.84476658987727, "domain_class": "Background" }, "geometry": { "type": "Point", "coordinates": [ -159.644972159215712, 65.881137586238992 ] } },
{ "type": "Feature", "properties": { "field_1": 302, "x": -260266.5944, "y": 1749466.87, "scaled_x": 0.53032684711465505, "scaled_y": 0.69203238592528904, "post_mean": 3.0360357097356001, "post_sd": 0.15852921940314799, "post_q10": 2.8319053359607498, "post_q50": 3.0369425337002798, "post_q90": 3.23909884660412, "post_prob_exceed": 0.0062666666666666704, "post_exc_mean": 0.00031010733300823698, "prosp_score_happy": 0.019025823781009799, "prosp_score_sad": 2.8319053359607498, "domain_class": "Background" }, "geometry": { "type": "Point", "coordinates": [ -159.644972161128095, 65.60434643150495 ] } },
{ "type": "Feature", "properties": { "field_1": 303, "x": -262912.5798, "y": 1718412.815, "scaled_x": 0.529577604829499, "scaled_y": 0.675832671859393, "post_mean": 3.0207568478967701, "post_sd": 0.15220643422812299, "post_q10": 2.8254954583193399, "post_q50": 3.0207477901168498, "post_q90": 3.21494502902455, "post_prob_exceed": 0.0035, "post_exc_mean": 0.00015978045096338999, "prosp_score_happy": 0.010572648967638701, "prosp_score_sad": 2.8254954583193399, "domain_class": "Background" }, "geometry": { "type": "Point", "coordinates": [ -159.644972160171932, 65.324575199157238 ] } },
{ "type": "Feature", "properties": { "field_1": 304, "x": -265588.3654, "y": 1687009.016, "scaled_x": 0.52881992426273094, "scaled_y": 0.65945050971075103, "post_mean": 3.0101347778898799, "post_sd": 0.14588703750125401, "post_q10": 2.8216687217149898, "post_q50": 3.00969924065482, "post_q90": 3.1967966851170901, "post_prob_exceed": 0.00183333333333333, "post_exc_mean": 8.5906871520730299e-05, "prosp_score_happy": 0.0055185804261314404, "prosp_score_sad": 2.8216687217149898, "domain_class": "Background" }, "geometry": { "type": "Point", "coordinates": [ -159.644972158905631, 65.041798541171246 ] } },
{ "type": "Feature", "properties": { "field_1": 305, "x": -268294.1238, "y": 1655253.45, "scaled_x": 0.52805375654060405, "scaled_y": 0.64288484415754998, "post_mean": 3.0035624248442598, "post_sd": 0.139196059625741, "post_q10": 2.8237267096493301, "post_q50": 3.0031897382601001, "post_q90": 3.1829726519866699, "post_prob_exceed": 0.00123333333333333, "post_exc_mean": 5.0566002468970703e-05, "prosp_score_happy": 0.0037043936573079202, "prosp_score_sad": 2.8237267096493301, "domain_class": "Background" }, "geometry": { "type": "Point", "coordinates": [ -159.644972162127175, 64.755991158384901 ] } },
{ "type": "Feature", "properties": { "field_1": 306, "x": -271030.0247, "y": 1623144.12, "scaled_x": 0.52727905361054395, "scaled_y": 0.62613463344118803, "post_mean": 3.00052899577903, "post_sd": 0.13167131074753699, "post_q10": 2.8309833729129799, "post_q50": 2.9999721594279598, "post_q90": 3.1706697186753701, "post_prob_exceed": 0.00063333333333333297, "post_exc_mean": 2.7593855306846302e-05, "prosp_score_happy": 0.00190033503066005, "prosp_score_sad": 2.8309833729129799, "domain_class": "Background" }, "geometry": { "type": "Point", "coordinates": [ -159.644972160249864, 64.467127732072385 ] } },
{ "type": "Feature", "properties": { "field_1": 307, "x": -273796.2354, "y": 1590679.066, "scaled_x": 0.526495768099561, "scaled_y": 0.60919885510454697, "post_mean": 3.0006993251454599, "post_sd": 0.122945966020649, "post_q10": 2.84313777818757, "post_q50": 3.0006686135834899, "post_q90": 3.1582803522115301, "post_prob_exceed": 0.0004, "post_exc_mean": 1.16055946169009e-05, "prosp_score_happy": 0.00120027973005819, "prosp_score_sad": 2.84313777818757, "domain_class": "Background" }, "geometry": { "type": "Point", "coordinates": [ -159.644972159513685, 64.17518301572396 ] } },
{ "type": "Feature", "properties": { "field_1": 308, "x": -276592.92, "y": 1557856.362, "scaled_x": 0.52570385354078597, "scaled_y": 0.59207650442700899, "post_mean": 3.00393987466181, "post_sd": 0.112893862305025, "post_q10": 2.8584330889446998, "post_q50": 3.00369009756005, "post_q90": 3.1483878709509501, "post_prob_exceed": 0.00013333333333333299, "post_exc_mean": 3.3245544304532498e-06, "prosp_score_happy": 0.00040052531662157498, "prosp_score_sad": 2.8584330889446998, "domain_class": "Background" }, "geometry": { "type": "Point", "coordinates": [ -159.644972159755497, 63.880131802567917 ] } },
{ "type": "Feature", "properties": { "field_1": 309, "x": -279420.2394, "y": 1524674.12, "scaled_x": 0.52490326437346801, "scaled_y": 0.57476659651110695, "post_mean": 3.0102843849721199, "post_sd": 0.10170578415907, "post_q10": 2.8794204171847899, "post_q50": 3.0106581385248798, "post_q90": 3.1406992366783602, "post_prob_exceed": 6.6666666666666697e-05, "post_exc_mean": 1.1799298465327e-07, "prosp_score_happy": 0.000200685625664808, "prosp_score_sad": 2.8794204171847899, "domain_class": "Background" }, "geometry": { "type": "Point", "coordinates": [ -159.644972161578323, 63.581948954902138 ] } },
{ "type": "Feature", "properties": { "field_1": 310, "x": -282278.3512, "y": 1491130.487, "scaled_x": 0.52409395597128805, "scaled_y": 0.55726816471753404, "post_mean": 3.0198445394415301, "post_sd": 0.089899481004652698, "post_q10": 2.9041066201498298, "post_q50": 3.0202076433612102, "post_q90": 3.1346017824388102, "post_prob_exceed": 0.0, "post_exc_mean": 0.0, "prosp_score_happy": 0.0, "prosp_score_sad": 2.9041066201498298, "domain_class": "Background" }, "geometry": { "type": "Point", "coordinates": [ -159.644972159235436, 63.280609370921134 ] } },
{ "type": "Feature", "properties": { "field_1": 311, "x": -285167.4097, "y": 1457223.657, "scaled_x": 0.52327588464236396, "scaled_y": 0.53958026692508998, "post_mean": 3.0326812840072099, "post_sd": 0.078282196052790895, "post_q10": 2.9318278562611901, "post_q50": 3.03324993007132, "post_q90": 3.13252650593334, "post_prob_exceed": 0.0, "post_exc_mean": 0.0, "prosp_score_happy": 0.0, "prosp_score_sad": 2.9318278562611901, "domain_class": "Background" }, "geometry": { "type": "Point", "coordinates": [ -159.644972161094074, 62.976088085152156 ] } },
{ "type": "Feature", "properties": { "field_1": 312, "x": -288087.5653, "y": 1422951.861, "scaled_x": 0.52244900779914505, "scaled_y": 0.52170198031405901, "post_mean": 3.0486584879779701, "post_sd": 0.067873849366715394, "post_q10": 2.9618418809201299, "post_q50": 3.0492099034081801, "post_q90": 3.1351638662933898, "post_prob_exceed": 0.0, "post_exc_mean": 0.0, "prosp_score_happy": 0.0, "prosp_score_sad": 2.9618418809201299, "domain_class": "Background" }, "geometry": { "type": "Point", "coordinates": [ -159.644972160610649, 62.66836017300691 ] } },
{ "type": "Feature", "properties": { "field_1": 313, "x": -291038.9647, "y": 1388313.379, "scaled_x": 0.52161328390177797, "scaled_y": 0.50363240762615402, "post_mean": 3.0673020531481301, "post_sd": 0.059754719873835897, "post_q10": 2.99095780246535, "post_q50": 3.06758172932201, "post_q90": 3.14342122244362, "post_prob_exceed": 0.0, "post_exc_mean": 0.0, "prosp_score_happy": 0.0, "prosp_score_sad": 2.99095780246535, "domain_class": "Background" }, "geometry": { "type": "Point", "coordinates": [ -159.644972160674541, 62.3574008508212 ] } },
{ "type": "Feature", "properties": { "field_1": 314, "x": -294021.7505, "y": 1353306.537, "scaled_x": 0.52076867257137405, "scaled_y": 0.48537067559953201, "post_mean": 3.0876858065908799, "post_sd": 0.054756641447610298, "post_q10": 3.0172558656562498, "post_q50": 3.0877164769562899, "post_q90": 3.1577743783887202, "post_prob_exceed": 0.0, "post_exc_mean": 0.0, "prosp_score_happy": 0.0, "prosp_score_sad": 3.0172558656562498, "domain_class": "Background" }, "geometry": { "type": "Point", "coordinates": [ -159.644972160610109, 62.043185442485274 ] } },
{ "type": "Feature", "properties": { "field_1": 315, "x": -297036.0611, "y": 1317929.71, "scaled_x": 0.51991513461832395, "scaled_y": 0.466915936533775, "post_mean": 3.1083624585081, "post_sd": 0.0530489088029076, "post_q10": 3.0407052774967802, "post_q50": 3.1084706056001101, "post_q90": 3.17547779697203, "post_prob_exceed": 0.0, "post_exc_mean": 0.0, "prosp_score_happy": 0.0, "prosp_score_sad": 3.0407052774967802, "domain_class": "Background" }, "geometry": { "type": "Point", "coordinates": [ -159.644972159297453, 61.725689399253966 ] } },
{ "type": "Feature", "properties": { "field_1": 316, "x": -300082.0307, "y": 1282181.325, "scaled_x": 0.51905263204230001, "scaled_y": 0.44826736985488003, "post_mean": 3.1273554375134101, "post_sd": 0.054021607627163397, "post_q10": 3.05842526702618, "post_q50": 3.1276834550446, "post_q90": 3.19644040173293, "post_prob_exceed": 0.0, "post_exc_mean": 0.0, "prosp_score_happy": 0.0, "prosp_score_sad": 3.05842526702618, "domain_class": "Background" }, "geometry": { "type": "Point", "coordinates": [ -159.644972159981251, 61.404888319380071 ] } },
{ "type": "Feature", "properties": { "field_1": 317, "x": -303159.7885, "y": 1246059.864, "scaled_x": 0.51818112825878404, "scaled_y": 0.42942418368024299, "post_mean": 3.1422263389715099, "post_sd": 0.056729547674278902, "post_q10": 3.0699852416493498, "post_q50": 3.1424536641775198, "post_q90": 3.2147046515562399, "post_prob_exceed": 0.0, "post_exc_mean": 0.0, "prosp_score_happy": 0.0, "prosp_score_sad": 3.0699852416493498, "domain_class": "Background" }, "geometry": { "type": "Point", "coordinates": [ -159.64497215996235, 61.080757968265125 ] } },
{ "type": "Feature", "properties": { "field_1": 318, "x": -306269.4593, "y": 1209563.863, "scaled_x": 0.517300587929167, "scaled_y": 0.41038561429699699, "post_mean": 3.1502326997318999, "post_sd": 0.060473139276571303, "post_q10": 3.0726348994666601, "post_q50": 3.1506829096224198, "post_q90": 3.2274039098527001, "post_prob_exceed": 0.0, "post_exc_mean": 0.0, "prosp_score_happy": 0.0, "prosp_score_sad": 3.0726348994666601, "domain_class": "Background" }, "geometry": { "type": "Point", "coordinates": [ -159.644972160338938, 60.753274261835188 ] } },
{ "type": "Feature", "properties": { "field_1": 319, "x": -309411.1625, "y": 1172691.92, "scaled_x": 0.51641097724391904, "scaled_y": 0.39115093033530401, "post_mean": 3.1485902812872602, "post_sd": 0.065101740939395497, "post_q10": 3.0655103771348, "post_q50": 3.1485485243689499, "post_q90": 3.2316963805047201, "post_prob_exceed": 0.0, "post_exc_mean": 0.0, "prosp_score_happy": 0.0, "prosp_score_sad": 3.0655103771348, "domain_class": "Background" }, "geometry": { "type": "Point", "coordinates": [ -159.644972160036446, 60.42241333123652 ] } },
{ "type": "Feature", "properties": { "field_1": 320, "x": -312585.0126, "y": 1135442.692, "scaled_x": 0.51551226378100001, "scaled_y": 0.37171943120337497, "post_mean": 3.13485040835389, "post_sd": 0.071076692578738401, "post_q10": 3.04406810826281, "post_q50": 3.1348006832351998, "post_q90": 3.2258067475894201, "post_prob_exceed": 0.0, "post_exc_mean": 0.0, "prosp_score_happy": 0.0, "prosp_score_sad": 3.04406810826281, "domain_class": "Background" }, "geometry": { "type": "Point", "coordinates": [ -159.644972160308527, 60.088151488333772 ] } },
{ "type": "Feature", "properties": { "field_1": 321, "x": -315791.1185, "y": 1097814.9, "scaled_x": 0.51460441670407697, "scaled_y": 0.35209044969577502, "post_mean": 3.1073928787077598, "post_sd": 0.079379896920166004, "post_q10": 3.0062627422924999, "post_q50": 3.1072926941859502, "post_q90": 3.2085862607315399, "post_prob_exceed": 0.0, "post_exc_mean": 0.0, "prosp_score_happy": 0.0, "prosp_score_sad": 3.0062627422924999, "domain_class": "Background" }, "geometry": { "type": "Point", "coordinates": [ -159.644972159746487, 59.75046526332946 ] } },
{ "type": "Feature", "properties": { "field_1": 322, "x": -319029.5834, "y": 1059807.334, "scaled_x": 0.51368740679084302, "scaled_y": 0.33226335460173101, "post_mean": 3.0660155095758999, "post_sd": 0.091197403937216995, "post_q10": 2.9491065791890398, "post_q50": 3.0656413036447798, "post_q90": 3.1824144432641401, "post_prob_exceed": 6.6666666666666697e-05, "post_exc_mean": 7.7916808626349697e-07, "prosp_score_happy": 0.00020440103397172701, "prosp_score_sad": 2.9491065791890398, "domain_class": "Background" }, "geometry": { "type": "Point", "coordinates": [ -159.644972160153969, 59.409331441887609 ] } },
{ "type": "Feature", "properties": { "field_1": 323, "x": -322300.5048, "y": 1021418.849, "scaled_x": 0.51276120643300904, "scaled_y": 0.31223754861848901, "post_mean": 3.0125711596396001, "post_sd": 0.107351629888096, "post_q10": 2.87555890706069, "post_q50": 3.01214282635256, "post_q90": 3.1496422984807402, "post_prob_exceed": 6.6666666666666697e-05, "post_exc_mean": 2.0081166484584902e-06, "prosp_score_happy": 0.00020083807730930699, "prosp_score_sad": 2.87555890706069, "domain_class": "Background" }, "geometry": { "type": "Point", "coordinates": [ -159.644972160444667, 59.064727021949395 ] } },
{ "type": "Feature", "properties": { "field_1": 324, "x": -346112.567, "y": 741953.5591, "scaled_x": 0.50601853737027902, "scaled_y": 0.16645118391594901, "post_mean": 3.0448137458414801, "post_sd": 0.22350904449971701, "post_q10": 2.7578456111816201, "post_q50": 3.0453844920695099, "post_q90": 3.3315279407628098, "post_prob_exceed": 0.0408, "post_exc_mean": 0.0038109627395093199, "prosp_score_happy": 0.124228400830333, "prosp_score_sad": 2.7578456111816201, "domain_class": "Background" }, "geometry": { "type": "Point", "coordinates": [ -159.644972160405075, 56.553449443787393 ] } },
{ "type": "Feature", "properties": { "field_1": 325, "x": -349645.8601, "y": 700485.8029, "scaled_x": 0.50501804334020195, "scaled_y": 0.14481903979196001, "post_mean": 3.2745336877506901, "post_sd": 0.27876197373380501, "post_q10": 2.91832955159731, "post_q50": 3.2757011824034601, "post_q90": 3.6324894761551398, "post_prob_exceed": 0.28233333333333299, "post_exc_mean": 0.049073607695352697, "prosp_score_happy": 0.92451001117494502, "prosp_score_sad": 2.91832955159731, "domain_class": "Background" }, "geometry": { "type": "Point", "coordinates": [ -159.64497215985719, 56.18028858802812 ] } },
{ "type": "Feature", "properties": { "field_1": 326, "x": -187911.7084, "y": 2298397.351, "scaled_x": 0.55081499498155895, "scaled_y": 0.978388445842577, "post_mean": 3.3531993580276902, "post_sd": 0.38216210593730998, "post_q10": 2.8634060767677298, "post_q50": 3.3543283656912801, "post_q90": 3.8460410276703101, "post_prob_exceed": 0.4157, "post_exc_mean": 0.115409934806119, "prosp_score_happy": 1.3939249731321099, "prosp_score_sad": 2.8634060767677298, "domain_class": "tier 3" }, "geometry": { "type": "Point", "coordinates": [ -158.971235696135835, 70.607519185944909 ] } },
{ "type": "Feature", "properties": { "field_1": 327, "x": -189752.042, "y": 2273858.154, "scaled_x": 0.55029388260054801, "scaled_y": 0.96558728429357199, "post_mean": 3.4002691220099801, "post_sd": 0.33440240262799098, "post_q10": 2.97217986009219, "post_q50": 3.40053747769073, "post_q90": 3.8313298508020601, "post_prob_exceed": 0.4579, "post_exc_mean": 0.11716394932962899, "prosp_score_happy": 1.55698323096837, "prosp_score_sad": 2.97217986009219, "domain_class": "tier 3" }, "geometry": { "type": "Point", "coordinates": [ -158.971235696081948, 70.382568850761388 ] } },
{ "type": "Feature", "properties": { "field_1": 328, "x": -191615.2639, "y": 2249013.763, "scaled_x": 0.54976628912474601, "scaled_y": 0.95262691469477601, "post_mean": 3.4362957680464401, "post_sd": 0.29294930732191699, "post_q10": 3.0609278372517501, "post_q50": 3.4370544725913499, "post_q90": 3.81278054513202, "post_prob_exceed": 0.504033333333333, "post_exc_mean": 0.11800456132064301, "prosp_score_happy": 1.73200761028767, "prosp_score_sad": 3.0609278372517501, "domain_class": "tier 3" }, "geometry": { "type": "Point", "coordinates": [ -158.971235697850631, 70.155113038322156 ] } },
{ "type": "Feature", "properties": { "field_1": 329, "x": -193501.5506, "y": 2223861.822, "scaled_x": 0.54923216457607305, "scaled_y": 0.93950610801100298, "post_mean": 3.46133903837507, "post_sd": 0.258225665804308, "post_q10": 3.1306771318514501, "post_q50": 3.4617899036391, "post_q90": 3.7952052308865301, "post_prob_exceed": 0.5412, "post_exc_mean": 0.11725772979829099, "prosp_score_happy": 1.87327668756859, "prosp_score_sad": 3.1306771318514501, "domain_class": "tier 3" }, "geometry": { "type": "Point", "coordinates": [ -158.971235696530499, 69.925127466873548 ] } },
{ "type": "Feature", "properties": { "field_1": 330, "x": -195411.0785, "y": 2198399.981, "scaled_x": 0.54869145900477101, "scaled_y": 0.92622363833703203, "post_mean": 3.47564859600207, "post_sd": 0.230601399776134, "post_q10": 3.1801278116360301, "post_q50": 3.47478521923275, "post_q90": 3.7737134630064699, "post_prob_exceed": 0.5699, "post_exc_mean": 0.114190627101316, "prosp_score_happy": 1.9807721348615801, "prosp_score_sad": 3.1801278116360301, "domain_class": "tier 3" }, "geometry": { "type": "Point", "coordinates": [ -158.971235696270895, 69.692587749134248 ] } },
{ "type": "Feature", "properties": { "field_1": 331, "x": -197344.0233, "y": 2172625.897, "scaled_x": 0.54814412265928902, "scaled_y": 0.91277828341928002, "post_mean": 3.4796781621133901, "post_sd": 0.210235550671171, "post_q10": 3.2116273904113002, "post_q50": 3.47799274803213, "post_q90": 3.75064051749154, "post_prob_exceed": 0.58463333333333301, "post_exc_mean": 0.108446001978693, "prosp_score_happy": 2.0343358428435598, "prosp_score_sad": 3.2116273904113002, "domain_class": "tier 3" }, "geometry": { "type": "Point", "coordinates": [ -158.971235696668089, 69.457469398161919 ] } },
{ "type": "Feature", "properties": { "field_1": 332, "x": -199300.5602, "y": 2146537.233, "scaled_x": 0.54759010592966195, "scaled_y": 0.89916882413413302, "post_mean": 3.4740940799670299, "post_sd": 0.19686247738901899, "post_q10": 3.2240615627850202, "post_q50": 3.4731220084210799, "post_q90": 3.7262715378655602, "post_prob_exceed": 0.57903333333333296, "post_exc_mean": 0.099973610469340196, "prosp_score_happy": 2.0116162754369098, "prosp_score_sad": 3.2240615627850202, "domain_class": "tier 3" }, "geometry": { "type": "Point", "coordinates": [ -158.971235696090417, 69.219747814425915 ] } },
{ "type": "Feature", "properties": { "field_1": 333, "x": -201280.8638, "y": 2120131.663, "scaled_x": 0.54702935937581998, "scaled_y": 0.88539404709625502, "post_mean": 3.4597764422908002, "post_sd": 0.18964078916921501, "post_q10": 3.2186396208842498, "post_q50": 3.4595239341670601, "post_q90": 3.70396657775883, "post_prob_exceed": 0.55223333333333302, "post_exc_mean": 0.089105718328238895, "prosp_score_happy": 1.9106038773143901, "prosp_score_sad": 3.2186396208842498, "domain_class": "tier 3" }, "geometry": { "type": "Point", "coordinates": [ -158.971235698504927, 68.979398327347255 ] } },
{ "type": "Feature", "properties": { "field_1": 334, "x": -203285.1079, "y": 2093406.866, "scaled_x": 0.54646183378422197, "scaled_y": 0.87145274152862096, "post_mean": 3.4378108071893601, "post_sd": 0.18720694626832701, "post_q10": 3.1981847696106098, "post_q50": 3.4371115592020001, "post_q90": 3.6769777742498202, "post_prob_exceed": 0.50693333333333301, "post_exc_mean": 0.076522727483851902, "prosp_score_happy": 1.74274089185786, "prosp_score_sad": 3.1981847696106098, "domain_class": "tier 3" }, "geometry": { "type": "Point", "coordinates": [ -158.971235697368144, 68.736396137129162 ] } },
{ "type": "Feature", "properties": { "field_1": 335, "x": -205313.4655, "y": 2066360.537, "scaled_x": 0.54588748016785704, "scaled_y": 0.85734370500079404, "post_mean": 3.4094685944829202, "post_sd": 0.18793536080286399, "post_q10": 3.1679990542795302, "post_q50": 3.4092844750854301, "post_q90": 3.6506919539210201, "post_prob_exceed": 0.44836666666666702, "post_exc_mean": 0.063358947792149498, "prosp_score_happy": 1.5286920688129899, "prosp_score_sad": 3.1679990542795302, "domain_class": "tier 3" }, "geometry": { "type": "Point", "coordinates": [ -158.971235696040367, 68.490716410189847 ] } },
{ "type": "Feature", "properties": { "field_1": 336, "x": -207366.109, "y": 2038990.379, "scaled_x": 0.54530624970961195, "scaled_y": 0.843065739255631, "post_mean": 3.3761744688112798, "post_sd": 0.19024545874023599, "post_q10": 3.1326941733694502, "post_q50": 3.3763583208133201, "post_q90": 3.6198055734471102, "post_prob_exceed": 0.3811, "post_exc_mean": 0.050539769196038802, "prosp_score_happy": 1.28666009006398, "prosp_score_sad": 3.1326941733694502, "domain_class": "Background" }, "geometry": { "type": "Point", "coordinates": [ -158.971235697750444, 68.242334202412223 ] } },
{ "type": "Feature", "properties": { "field_1": 337, "x": -209443.2094, "y": 2011294.109, "scaled_x": 0.5447180939888, "scaled_y": 0.82861765333925497, "post_mean": 3.3394596907640302, "post_sd": 0.19280867677126601, "post_q10": 3.0927085958538298, "post_q50": 3.3384347360470001, "post_q90": 3.58539734930774, "post_prob_exceed": 0.31446666666666701, "post_exc_mean": 0.038755500253172398, "prosp_score_happy": 1.0501487574222601, "prosp_score_sad": 3.0927085958538298, "domain_class": "Background" }, "geometry": { "type": "Point", "coordinates": [ -158.971235697321532, 67.991224509574749 ] } },
{ "type": "Feature", "properties": { "field_1": 338, "x": -211544.9371, "y": 1983269.456, "scaled_x": 0.54412296475463096, "scaled_y": 0.813998262557731, "post_mean": 3.3009014496578302, "post_sd": 0.19463085751395201, "post_q10": 3.0525382568880599, "post_q50": 3.3004414372708499, "post_q90": 3.5504572990135599, "post_prob_exceed": 0.24633333333333299, "post_exc_mean": 0.0285595518667843, "prosp_score_happy": 0.81312205709904595, "prosp_score_sad": 3.0525382568880599, "domain_class": "Background" }, "geometry": { "type": "Point", "coordinates": [ -158.971235696802751, 67.737362244281869 ] } },
{ "type": "Feature", "properties": { "field_1": 339, "x": -213671.4611, "y": 1954914.167, "scaled_x": 0.543520814152742, "scaled_y": 0.79920639160703399, "post_mean": 3.26204986178859, "post_sd": 0.19505935222163101, "post_q10": 3.0132696897884998, "post_q50": 3.26167146104431, "post_q90": 3.5125313429034399, "post_prob_exceed": 0.18933333333333299, "post_exc_mean": 0.020241273705306002, "prosp_score_happy": 0.61761477383197305, "prosp_score_sad": 3.0132696897884998, "domain_class": "Background" }, "geometry": { "type": "Point", "coordinates": [ -158.971235697002271, 67.480722285961164 ] } },
{ "type": "Feature", "properties": { "field_1": 340, "x": -215822.9492, "y": 1926226.004, "scaled_x": 0.54291159466856398, "scaled_y": 0.784240873008068, "post_mean": 3.2243465155425999, "post_sd": 0.19376274583011899, "post_q10": 2.9773838117503999, "post_q50": 3.2243417627112199, "post_q90": 3.4720027766389499, "post_prob_exceed": 0.13943333333333299, "post_exc_mean": 0.013735568825867401, "prosp_score_happy": 0.44958138248382301, "prosp_score_sad": 2.9773838117503999, "domain_class": "Background" }, "geometry": { "type": "Point", "coordinates": [ -158.971235696973679, 67.221279448926978 ] } },
{ "type": "Feature", "properties": { "field_1": 341, "x": -217999.568, "y": 1897202.745, "scaled_x": 0.54229525912732202, "scaled_y": 0.76910054762832503, "post_mean": 3.1890411605072799, "post_sd": 0.190703630458817, "post_q10": 2.9451249425403998, "post_q50": 3.1887920620994001, "post_q90": 3.4325149829628798, "post_prob_exceed": 0.0988666666666667, "post_exc_mean": 0.0089122475928518005, "prosp_score_happy": 0.31528986940215298, "prosp_score_sad": 2.9451249425403998, "domain_class": "Background" }, "geometry": { "type": "Point", "coordinates": [ -158.971235695806172, 66.959008486559526 ] } },
{ "type": "Feature", "properties": { "field_1": 342, "x": -220201.4827, "y": 1867842.19, "scaled_x": 0.54167176075066903, "scaled_y": 0.75378426781185603, "post_mean": 3.1571158644711002, "post_sd": 0.18610253172438401, "post_q10": 2.91903020030208, "post_q50": 3.1569075370230002, "post_q90": 3.3944206363795399, "post_prob_exceed": 0.067666666666666694, "post_exc_mean": 0.0055457633357275798, "prosp_score_happy": 0.213631506829211, "prosp_score_sad": 2.91903020030208, "domain_class": "Background" }, "geometry": { "type": "Point", "coordinates": [ -158.971235698246375, 66.693884140367331 ] } },
{ "type": "Feature", "properties": { "field_1": 343, "x": -222428.8567, "y": 1838142.157, "scaled_x": 0.541041053269948, "scaled_y": 0.73829089529262504, "post_mean": 3.12922804952166, "post_sd": 0.18037984395360501, "post_q10": 2.8987396219182102, "post_q50": 3.1294526393146498, "post_q90": 3.3600953711347401, "post_prob_exceed": 0.044833333333333301, "post_exc_mean": 0.0033191908647491998, "prosp_score_happy": 0.14029372422022099, "prosp_score_sad": 2.8987396219182102, "domain_class": "Background" }, "geometry": { "type": "Point", "coordinates": [ -158.971235698829844, 66.425881099164911 ] } },
{ "type": "Feature", "properties": { "field_1": 344, "x": -224681.852, "y": 1808100.486, "scaled_x": 0.54040309081293003, "scaled_y": 0.72261930328115598, "post_mean": 3.10568435390979, "post_sd": 0.174061948227967, "post_q10": 2.8830583566118402, "post_q50": 3.1059416784720701, "post_q90": 3.3293322831631, "post_prob_exceed": 0.028933333333333301, "post_exc_mean": 0.0019713947686051301, "prosp_score_happy": 0.089857800639789903, "prosp_score_sad": 2.8830583566118402, "domain_class": "Background" }, "geometry": { "type": "Point", "coordinates": [ -158.97123569781769, 66.154974029491413 ] } },
{ "type": "Feature", "properties": { "field_1": 345, "x": -226960.6289, "y": 1777715.041, "scaled_x": 0.53975782798876004, "scaled_y": 0.70676837750785504, "post_mean": 3.08645508781541, "post_sd": 0.16764928482958699, "post_q10": 2.8710035242108298, "post_q50": 3.08664016746458, "post_q90": 3.30114252451318, "post_prob_exceed": 0.0186, "post_exc_mean": 0.00115996506659803, "prosp_score_happy": 0.057408064633366701, "prosp_score_sad": 2.8710035242108298, "domain_class": "Background" }, "geometry": { "type": "Point", "coordinates": [ -158.971235697641589, 65.881137588349972 ] } },
{ "type": "Feature", "properties": { "field_1": 346, "x": -229265.3457, "y": 1746983.711, "scaled_x": 0.53910521997290595, "scaled_y": 0.69073701674467303, "post_mean": 3.0712336434252401, "post_sd": 0.16146900171464701, "post_q10": 2.8642708380648099, "post_q50": 3.07152375927327, "post_q90": 3.2775529009453201, "post_prob_exceed": 0.0123, "post_exc_mean": 0.00070369635742639097, "prosp_score_happy": 0.037776173814130502, "prosp_score_sad": 2.8642708380648099, "domain_class": "Background" }, "geometry": { "type": "Point", "coordinates": [ -158.971235697933963, 65.604346426841587 ] } },
{ "type": "Feature", "properties": { "field_1": 347, "x": -231596.1587, "y": 1715904.411, "scaled_x": 0.53844522250716398, "scaled_y": 0.67452413332676897, "post_mean": 3.0595367801816802, "post_sd": 0.15556282349070299, "post_q10": 2.85994476650683, "post_q50": 3.0595645799529301, "post_q90": 3.25837260919451, "post_prob_exceed": 0.0078333333333333293, "post_exc_mean": 0.00043983597057496899, "prosp_score_happy": 0.023966371444756499, "prosp_score_sad": 2.85994476650683, "domain_class": "Background" }, "geometry": { "type": "Point", "coordinates": [ -158.971235697269691, 65.324575193481266 ] } },
{ "type": "Feature", "properties": { "field_1": 348, "x": -233953.2223, "y": 1684475.084, "scaled_x": 0.53777779187133201, "scaled_y": 0.658128654195829, "post_mean": 3.0508318238197401, "post_sd": 0.14966669162850799, "post_q10": 2.8586746987686298, "post_q50": 3.0503936373624199, "post_q90": 3.24265892573781, "post_prob_exceed": 0.0052666666666666704, "post_exc_mean": 0.00028395275922152302, "prosp_score_happy": 0.016067714272117301, "prosp_score_sad": 2.8586746987686298, "domain_class": "Background" }, "geometry": { "type": "Point", "coordinates": [ -158.971235698512203, 65.041798546273213 ] } },
{ "type": "Feature", "properties": { "field_1": 349, "x": -236336.6884, "y": 1652693.702, "scaled_x": 0.53710288505311699, "scaled_y": 0.64154952142173505, "post_mean": 3.0446682320549399, "post_sd": 0.14330352890996301, "post_q10": 2.8607992223630099, "post_q50": 3.0445134281065198, "post_q90": 3.22927662713998, "post_prob_exceed": 0.0035666666666666698, "post_exc_mean": 0.000180421415176904, "prosp_score_happy": 0.0108593166943293, "prosp_score_sad": 2.8607992223630099, "domain_class": "Background" }, "geometry": { "type": "Point", "coordinates": [ -158.97123569759674, 64.755991156173195 ] } },
{ "type": "Feature", "properties": { "field_1": 350, "x": -238746.7068, "y": 1620558.269, "scaled_x": 0.53642045963486495, "scaled_y": 0.624785693767545, "post_mean": 3.0407867653111098, "post_sd": 0.13595335043797399, "post_q10": 2.86608063093274, "post_q50": 3.04132194525025, "post_q90": 3.2166308213663499, "post_prob_exceed": 0.0023333333333333301, "post_exc_mean": 0.000100250850997619, "prosp_score_happy": 0.0070951691190592704, "prosp_score_sad": 2.86608063093274, "domain_class": "Background" }, "geometry": { "type": "Point", "coordinates": [ -158.971235696841831, 64.467127727636466 ] } },
{ "type": "Feature", "properties": { "field_1": 351, "x": -241183.4246, "y": 1588066.824, "scaled_x": 0.53573047396345796, "scaled_y": 0.60783614825447796, "post_mean": 3.0391817660964602, "post_sd": 0.12723159756917601, "post_q10": 2.87578842652115, "post_q50": 3.0392450442944101, "post_q90": 3.2035080907408302, "post_prob_exceed": 0.00106666666666667, "post_exc_mean": 4.3429382932895998e-05, "prosp_score_happy": 0.0032417938838362201, "prosp_score_sad": 2.87578842652115, "domain_class": "Background" }, "geometry": { "type": "Point", "coordinates": [ -158.971235696930506, 64.175183019680304 ] } },
{ "type": "Feature", "properties": { "field_1": 352, "x": -243646.9865, "y": 1555217.437, "scaled_x": 0.535032887065366, "scaled_y": 0.59069987807527002, "post_mean": 3.0401007594753402, "post_sd": 0.117017969827673, "post_q10": 2.88965924023934, "post_q50": 3.0406515519616999, "post_q90": 3.1908723316917298, "post_prob_exceed": 0.0004, "post_exc_mean": 1.48643213479155e-05, "prosp_score_happy": 0.00121604030379014, "prosp_score_sad": 2.88965924023934, "domain_class": "Background" }, "geometry": { "type": "Point", "coordinates": [ -158.971235696990789, 63.880131803683717 ] } },
{ "type": "Feature", "properties": { "field_1": 353, "x": -246137.5341, "y": 1522008.219, "scaled_x": 0.53432765884486499, "scaled_y": 0.57337589781079301, "post_mean": 3.0439783746690501, "post_sd": 0.10551390967318899, "post_q10": 2.90704933895949, "post_q50": 3.0445129790391099, "post_q90": 3.17910260519634, "post_prob_exceed": 0.00016666666666666701, "post_exc_mean": 4.4006456657279797e-06, "prosp_score_happy": 0.00050732972911150798, "prosp_score_sad": 2.90704933895949, "domain_class": "Background" }, "geometry": { "type": "Point", "coordinates": [ -158.971235695678843, 63.581948946826188 ] } },
{ "type": "Feature", "properties": { "field_1": 354, "x": -248655.2065, "y": 1488437.319, "scaled_x": 0.53361474991413105, "scaled_y": 0.55586324186506197, "post_mean": 3.05131465682111, "post_sd": 0.093238226603184093, "post_q10": 2.9315154653932098, "post_q50": 3.05192841895142, "post_q90": 3.1708909575223898, "post_prob_exceed": 3.3333333333333301e-05, "post_exc_mean": 1.8763927370445799e-07, "prosp_score_happy": 0.00010171048856070401, "prosp_score_sad": 2.9315154653932098, "domain_class": "Background" }, "geometry": { "type": "Point", "coordinates": [ -158.971235698673297, 63.280609378369874 ] } },
{ "type": "Feature", "properties": { "field_1": 355, "x": -251200.1392, "y": 1454502.924, "scaled_x": 0.53289412190472596, "scaled_y": 0.53816096446524497, "post_mean": 3.0625176554043199, "post_sd": 0.080984085904190303, "post_q10": 2.9580158541580301, "post_q50": 3.0629650258692598, "post_q90": 3.1659661038731599, "post_prob_exceed": 0.0, "post_exc_mean": 0.0, "prosp_score_happy": 0.0, "prosp_score_sad": 2.9580158541580301, "domain_class": "Background" }, "geometry": { "type": "Point", "coordinates": [ -158.971235696633187, 62.976088083817174 ] } },
{ "type": "Feature", "properties": { "field_1": 356, "x": -253772.4651, "y": 1420203.268, "scaled_x": 0.53216573718443105, "scaled_y": 0.52026814435661195, "post_mean": 3.0777348206224602, "post_sd": 0.069753129724297896, "post_q10": 2.9885290009631902, "post_q50": 3.07846718982745, "post_q90": 3.1667298015464298, "post_prob_exceed": 0.0, "post_exc_mean": 0.0, "prosp_score_happy": 0.0, "prosp_score_sad": 2.9885290009631902, "domain_class": "Background" }, "geometry": { "type": "Point", "coordinates": [ -158.971235698642062, 62.66836017785424 ] } },
{ "type": "Feature", "properties": { "field_1": 357, "x": -256372.3131, "y": 1385536.627, "scaled_x": 0.53142955925367696, "scaled_y": 0.50218388219422905, "post_mean": 3.0966975081094801, "post_sd": 0.060644765632950903, "post_q10": 3.01929741205636, "post_q50": 3.0970944004490701, "post_q90": 3.1740000763415899, "post_prob_exceed": 0.0, "post_exc_mean": 0.0, "prosp_score_happy": 0.0, "prosp_score_sad": 3.01929741205636, "domain_class": "Background" }, "geometry": { "type": "Point", "coordinates": [ -158.971235696994171, 62.357400853845782 ] } },
{ "type": "Feature", "properties": { "field_1": 358, "x": -258999.8091, "y": 1350501.327, "scaled_x": 0.53068555246237703, "scaled_y": 0.48390730471625099, "post_mean": 3.11859952971948, "post_sd": 0.0546152016106419, "post_q10": 3.04908722055607, "post_q50": 3.1185028014604201, "post_q90": 3.1885092914395998, "post_prob_exceed": 0.0, "post_exc_mean": 0.0, "prosp_score_happy": 0.0, "prosp_score_sad": 3.04908722055607, "domain_class": "Background" }, "geometry": { "type": "Point", "coordinates": [ -158.971235698631489, 62.043185447624786 ] } },
{ "type": "Feature", "properties": { "field_1": 359, "x": -261655.0748, "y": 1315095.741, "scaled_x": 0.52993368234972804, "scaled_y": 0.46543756317893897, "post_mean": 3.1420266540798498, "post_sd": 0.052065595286096299, "post_q10": 3.0748346722496902, "post_q50": 3.1419526478780999, "post_q90": 3.2084648763163699, "post_prob_exceed": 0.0, "post_exc_mean": 0.0, "prosp_score_happy": 0.0, "prosp_score_sad": 3.0748346722496902, "domain_class": "Background" }, "geometry": { "type": "Point", "coordinates": [ -158.971235697436072, 61.725689404523926 ] } },
{ "type": "Feature", "properties": { "field_1": 360, "x": -264338.2285, "y": 1279318.295, "scaled_x": 0.529173915417676, "scaled_y": 0.446773836486626, "post_mean": 3.16495098837783, "post_sd": 0.052567970149722899, "post_q10": 3.0977257122217101, "post_q50": 3.1652474466979501, "post_q90": 3.23243852773729, "post_prob_exceed": 0.0, "post_exc_mean": 0.0, "prosp_score_happy": 0.0, "prosp_score_sad": 3.0977257122217101, "domain_class": "Background" }, "geometry": { "type": "Point", "coordinates": [ -158.971235698305293, 61.404888325254205 ] } },
{ "type": "Feature", "properties": { "field_1": 361, "x": -267049.384, "y": 1243167.469, "scaled_x": 0.52840621944239397, "scaled_y": 0.42791533171338603, "post_mean": 3.1848031499652301, "post_sd": 0.055161294807164703, "post_q10": 3.1143822974376199, "post_q50": 3.18532223421595, "post_q90": 3.2550698889423599, "post_prob_exceed": 0.0, "post_exc_mean": 0.0, "prosp_score_happy": 0.0, "prosp_score_sad": 3.1143822974376199, "domain_class": "Background" }, "geometry": { "type": "Point", "coordinates": [ -158.971235697589435, 61.080757968370719 ] } },
{ "type": "Feature", "properties": { "field_1": 362, "x": -269788.6512, "y": 1206641.799, "scaled_x": 0.52763056330438896, "scaled_y": 0.40886128514635101, "post_mean": 3.19863545119183, "post_sd": 0.058958843122793002, "post_q10": 3.1232016864276901, "post_q50": 3.1988666817118299, "post_q90": 3.2743711279526, "post_prob_exceed": 0.0, "post_exc_mean": 0.0, "prosp_score_happy": 0.0, "prosp_score_sad": 3.1232016864276901, "domain_class": "Background" }, "geometry": { "type": "Point", "coordinates": [ -158.971235697288563, 60.75327426044376 ] } },
{ "type": "Feature", "properties": { "field_1": 363, "x": -272556.1353, "y": 1169739.882, "scaled_x": 0.52684691721502697, "scaled_y": 0.38961096489402203, "post_mean": 3.2033893554418, "post_sd": 0.063515768349801202, "post_q10": 3.1224370163906499, "post_q50": 3.2032122825979501, "post_q90": 3.2845725925755098, "post_prob_exceed": 0.0, "post_exc_mean": 0.0, "prosp_score_happy": 0.0, "prosp_score_sad": 3.1224370163906499, "domain_class": "Background" }, "geometry": { "type": "Point", "coordinates": [ -158.971235697046211, 60.422413333840609 ] } },
{ "type": "Feature", "properties": { "field_1": 364, "x": -275351.9372, "y": 1132460.372, "scaled_x": 0.52605525260327202, "scaled_y": 0.37016366879962498, "post_mean": 3.1962775010790301, "post_sd": 0.068894356132699397, "post_q10": 3.1087735387770201, "post_q50": 3.1962833887507398, "post_q90": 3.28484251165189, "post_prob_exceed": 0.00013333333333333299, "post_exc_mean": 1.1842281586651501e-06, "prosp_score_happy": 0.00042617033347720399, "prosp_score_sad": 3.1087735387770201, "domain_class": "Background" }, "geometry": { "type": "Point", "coordinates": [ -158.971235696066202, 60.088151483397745 ] } },
{ "type": "Feature", "properties": { "field_1": 365, "x": -278176.1528, "y": 1094801.992, "scaled_x": 0.52525554231389604, "scaled_y": 0.350518730701046, "post_mean": 3.1752813907164201, "post_sd": 0.075574928318078397, "post_q10": 3.07925357237893, "post_q50": 3.1752343095945399, "post_q90": 3.27179868059542, "post_prob_exceed": 0.00023333333333333301, "post_exc_mean": 3.9126234883221496e-06, "prosp_score_happy": 0.00074089899116716595, "prosp_score_sad": 3.07925357237893, "domain_class": "Background" }, "geometry": { "type": "Point", "coordinates": [ -158.971235696694919, 59.750465266427284 ] } },
{ "type": "Feature", "properties": { "field_1": 366, "x": -281028.8731, "y": 1056763.528, "scaled_x": 0.52444776057916598, "scaled_y": 0.33067551730086803, "post_mean": 3.1397473876516599, "post_sd": 0.084231396663556599, "post_q10": 3.0322839545765499, "post_q50": 3.13940474939539, "post_q90": 3.2471586976794802, "post_prob_exceed": 0.0003, "post_exc_mean": 7.0018008975871402e-06, "prosp_score_happy": 0.000941924216295499, "prosp_score_sad": 3.0322839545765499, "domain_class": "Background" }, "geometry": { "type": "Point", "coordinates": [ -158.971235698095057, 59.409331441652114 ] } },
{ "type": "Feature", "properties": { "field_1": 367, "x": -283910.1837, "y": 1018343.836, "scaled_x": 0.52363188316042097, "scaled_y": 0.31063343181799602, "post_mean": 3.09103460231049, "post_sd": 0.095332866114381007, "post_q10": 2.9694311801217999, "post_q50": 3.0901898552934899, "post_q90": 3.2132402691258499, "post_prob_exceed": 0.0002, "post_exc_mean": 7.6589013412229197e-06, "prosp_score_happy": 0.00061820692046209798, "prosp_score_sad": 2.9694311801217999, "domain_class": "Background" }, "geometry": { "type": "Point", "coordinates": [ -158.971235696840381, 59.064727024413081 ] } },
{ "type": "Feature", "properties": { "field_1": 368, "x": -286820.1651, "y": 979541.8453, "scaled_x": 0.52280788726312699, "scaled_y": 0.29039191570914802, "post_mean": 3.03313112458018, "post_sd": 0.108661749605394, "post_q10": 2.8942453875063898, "post_q50": 3.0320642466597101, "post_q90": 3.1715881698327499, "post_prob_exceed": 0.0002, "post_exc_mean": 5.0118907551010704e-06, "prosp_score_happy": 0.00060662622491603597, "prosp_score_sad": 2.8942453875063898, "domain_class": "Background" }, "geometry": { "type": "Point", "coordinates": [ -158.971235696501623, 58.716629308331562 ] } },
{ "type": "Feature", "properties": { "field_1": 369, "x": -304885.9094, "y": 738651.359, "scaled_x": 0.51769235656428703, "scaled_y": 0.16472855228512401, "post_mean": 3.09005495553204, "post_sd": 0.19490875998969701, "post_q10": 2.8402751898757201, "post_q50": 3.0901575623484798, "post_q90": 3.3399631636459799, "post_prob_exceed": 0.0383, "post_exc_mean": 0.00293060146207635, "prosp_score_happy": 0.11834910479687701, "prosp_score_sad": 2.8402751898757201, "domain_class": "Background" }, "geometry": { "type": "Point", "coordinates": [ -158.97123569778654, 56.55344944315722 ] } },
{ "type": "Feature", "properties": { "field_1": 370, "x": -307998.3398, "y": 697149.8923, "scaled_x": 0.51681103482105795, "scaled_y": 0.14307882268120201, "post_mean": 3.3051444751405801, "post_sd": 0.285443493181184, "post_q10": 2.93808368843934, "post_q50": 3.3036481623058398, "post_q90": 3.6695343643523302, "post_prob_exceed": 0.325, "post_exc_mean": 0.060816959760926902, "prosp_score_happy": 1.07417195442069, "prosp_score_sad": 2.93808368843934, "domain_class": "Background" }, "geometry": { "type": "Point", "coordinates": [ -158.971235697135143, 56.180288587736847 ] } },
{ "type": "Feature", "properties": { "field_1": 371, "x": -162482.9568, "y": 2296619.969, "scaled_x": 0.55801544890600596, "scaled_y": 0.97746125355848201, "post_mean": 3.1732830701145001, "post_sd": 0.34391172102592299, "post_q10": 2.7325365605065799, "post_q50": 3.17457501737888, "post_q90": 3.6161227063335102, "post_prob_exceed": 0.223033333333333, "post_exc_mean": 0.0445802612807389, "prosp_score_happy": 0.70774790073786997, "prosp_score_sad": 2.7325365605065799, "domain_class": "Background" }, "geometry": { "type": "Point", "coordinates": [ -158.297499234900442, 70.607519190136117 ] } },
{ "type": "Feature", "properties": { "field_1": 372, "x": -164074.2512, "y": 2272063.365, "scaled_x": 0.55756485494104602, "scaled_y": 0.964651011442615, "post_mean": 3.2301958331442902, "post_sd": 0.30093221793777603, "post_q10": 2.8441852492128401, "post_q50": 3.2299810762549601, "post_q90": 3.61701992139727, "post_prob_exceed": 0.2486, "post_exc_mean": 0.044789557335582597, "prosp_score_happy": 0.80302668411967004, "prosp_score_sad": 2.8441852492128401, "domain_class": "Background" }, "geometry": { "type": "Point", "coordinates": [ -158.297499235442018, 70.382568854814153 ] } },
{ "type": "Feature", "properties": { "field_1": 373, "x": -165685.3365, "y": 2247201.35, "scaled_x": 0.55710865694699996, "scaled_y": 0.95168144807634902, "post_mean": 3.2765683408519202, "post_sd": 0.26515358446588, "post_q10": 2.9367390050759399, "post_q50": 3.2773374146433198, "post_q90": 3.6197218458070299, "post_prob_exceed": 0.27526666666666699, "post_exc_mean": 0.045258223654581001, "prosp_score_happy": 0.90193004529183796, "prosp_score_sad": 2.9367390050759399, "domain_class": "Background" }, "geometry": { "type": "Point", "coordinates": [ -158.297499234378847, 70.155113037664961 ] } },
{ "type": "Feature", "properties": { "field_1": 374, "x": -167316.3655, "y": 2222031.567, "scaled_x": 0.55664681165672902, "scaled_y": 0.93855133390283296, "post_mean": 3.3124385312068698, "post_sd": 0.236887792845724, "post_q10": 3.0084441113592799, "post_q50": 3.3121119281842701, "post_q90": 3.61735243934393, "post_prob_exceed": 0.303, "post_exc_mean": 0.0459486669740704, "prosp_score_happy": 1.0036688749556799, "prosp_score_sad": 3.0084441113592799, "domain_class": "Background" }, "geometry": { "type": "Point", "coordinates": [ -158.297499233393353, 69.925127462914219 ] } },
{ "type": "Feature", "properties": { "field_1": 375, "x": -168967.4906, "y": 2196551.665, "scaled_x": 0.55617927591635696, "scaled_y": 0.92525944249518699, "post_mean": 3.3380291306379002, "post_sd": 0.216175431060107, "post_q10": 3.0608918376861798, "post_q50": 3.3366360226556799, "post_q90": 3.6159542594485399, "post_prob_exceed": 0.32696666666666702, "post_exc_mean": 0.046706944269320302, "prosp_score_happy": 1.0914242580809099, "prosp_score_sad": 3.0608918376861798, "domain_class": "Background" }, "geometry": { "type": "Point", "coordinates": [ -158.297499233819508, 69.692587749436768 ] } },
{ "type": "Feature", "properties": { "field_1": 376, "x": -170638.8638, "y": 2170759.298, "scaled_x": 0.55570600668527304, "scaled_y": 0.91180455003484195, "post_mean": 3.3537610903116, "post_sd": 0.20259648152312701, "post_q10": 3.0942771387507602, "post_q50": 3.35350549274406, "post_q90": 3.6142659768788801, "post_prob_exceed": 0.34363333333333301, "post_exc_mean": 0.046993275101666301, "prosp_score_happy": 1.1524641026674101, "prosp_score_sad": 3.0942771387507602, "domain_class": "Background" }, "geometry": { "type": "Point", "coordinates": [ -158.297499235030301, 69.457469398077592 ] } },
{ "type": "Feature", "properties": { "field_1": 377, "x": -172330.6365, "y": 2144652.128, "scaled_x": 0.55522696109276404, "scaled_y": 0.89818543687652097, "post_mean": 3.3602611130617399, "post_sd": 0.19517471117368701, "post_q10": 3.1101986691021, "post_q50": 3.35957719555089, "post_q90": 3.6117165735289198, "post_prob_exceed": 0.350766666666667, "post_exc_mean": 0.046440024829395098, "prosp_score_happy": 1.1786675897582899, "prosp_score_sad": 3.1101986691021, "domain_class": "Background" }, "geometry": { "type": "Point", "coordinates": [ -158.297499234393484, 69.219747815325647 ] } },
{ "type": "Feature", "properties": { "field_1": 378, "x": -174042.9597, "y": 2118227.827, "scaled_x": 0.55474209638138094, "scaled_y": 0.88440088859156496, "post_mean": 3.3583613388149001, "post_sd": 0.19248501469191701, "post_q10": 3.11206578637481, "post_q50": 3.3585338882824201, "post_q90": 3.6059590203210998, "post_prob_exceed": 0.345, "post_exc_mean": 0.0447420566691012, "prosp_score_happy": 1.1586346618911401, "prosp_score_sad": 3.11206578637481, "domain_class": "Background" }, "geometry": { "type": "Point", "coordinates": [ -158.297499235486526, 68.979398327439739 ] } },
{ "type": "Feature", "properties": { "field_1": 379, "x": -175775.9837, "y": 2091484.073, "scaled_x": 0.55425136999188895, "scaled_y": 0.87044969388128801, "post_mean": 3.34908915202463, "post_sd": 0.192925413412529, "post_q10": 3.1013003422907901, "post_q50": 3.34896022478623, "post_q90": 3.59651838974718, "post_prob_exceed": 0.32903333333333301, "post_exc_mean": 0.041796700725255001, "prosp_score_happy": 1.10196196732117, "prosp_score_sad": 3.1013003422907901, "domain_class": "Background" }, "geometry": { "type": "Point", "coordinates": [ -158.297499234160142, 68.736396140418208 ] } },
{ "type": "Feature", "properties": { "field_1": 380, "x": -177529.8582, "y": 2064418.559, "scaled_x": 0.55375473953494903, "scaled_y": 0.85633064927192803, "post_mean": 3.3336451847456101, "post_sd": 0.19499339220345099, "post_q10": 3.0829590726570002, "post_q50": 3.3337845377554101, "post_q90": 3.58403765218746, "post_prob_exceed": 0.30336666666666701, "post_exc_mean": 0.037660045153873098, "prosp_score_happy": 1.0113168275456601, "prosp_score_sad": 3.0829590726570002, "domain_class": "Background" }, "geometry": { "type": "Point", "coordinates": [ -158.297499235408083, 68.490716417328471 ] } },
{ "type": "Feature", "properties": { "field_1": 381, "x": -179304.732, "y": 2037028.985, "scaled_x": 0.55325216287606904, "scaled_y": 0.84204255494135805, "post_mean": 3.3133679194313101, "post_sd": 0.19744955644887899, "post_q10": 3.0598120320442299, "post_q50": 3.3131496538980998, "post_q90": 3.5656247282415801, "post_prob_exceed": 0.2698, "post_exc_mean": 0.032674894614663198, "prosp_score_happy": 0.893946664662568, "prosp_score_sad": 3.0598120320442299, "domain_class": "Background" }, "geometry": { "type": "Point", "coordinates": [ -158.297499233359048, 68.242334201861567 ] } },
{ "type": "Feature", "properties": { "field_1": 382, "x": -181100.7533, "y": 2009313.068, "scaled_x": 0.55274359805065498, "scaled_y": 0.82758421993570097, "post_mean": 3.28968407718386, "post_sd": 0.19936627756296901, "post_q10": 3.0337966117390498, "post_q50": 3.2886870845093799, "post_q90": 3.5449203912612899, "post_prob_exceed": 0.23356666666666701, "post_exc_mean": 0.0273075630849328, "prosp_score_happy": 0.76836054429424405, "prosp_score_sad": 3.0337966117390498, "domain_class": "Background" }, "geometry": { "type": "Point", "coordinates": [ -158.297499234242963, 67.991224504196524 ] } },
{ "type": "Feature", "properties": { "field_1": 383, "x": -182918.0691, "y": 1981268.537, "scaled_x": 0.55222900343390302, "scaled_y": 0.81295445956101997, "post_mean": 3.2640451831390398, "post_sd": 0.20011520483961101, "post_q10": 3.0078654053792699, "post_q50": 3.26403774203055, "post_q90": 3.5201933366556899, "post_prob_exceed": 0.197, "post_exc_mean": 0.0220037597411635, "prosp_score_happy": 0.64301690107839005, "prosp_score_sad": 3.0078654053792699, "domain_class": "Background" }, "geometry": { "type": "Point", "coordinates": [ -158.297499234148489, 67.737362251658453 ] } },
{ "type": "Feature", "properties": { "field_1": 384, "x": -184756.8258, "y": 1952893.134, "scaled_x": 0.55170833757091098, "scaled_y": 0.79815209590498304, "post_mean": 3.2378525974070298, "post_sd": 0.19933950694632699, "post_q10": 2.98246897572555, "post_q50": 3.2385557950139701, "post_q90": 3.4923466687623899, "post_prob_exceed": 0.16243333333333301, "post_exc_mean": 0.017067731357418899, "prosp_score_happy": 0.52593519023881596, "prosp_score_sad": 2.98246897572555, "domain_class": "Background" }, "geometry": { "type": "Point", "coordinates": [ -158.297499234940858, 67.480722292852803 ] } },
{ "type": "Feature", "properties": { "field_1": 385, "x": -186617.1684, "y": 1924184.62, "scaled_x": 0.55118155940320201, "scaled_y": 0.78317596096683195, "post_mean": 3.2123757197438301, "post_sd": 0.19693024540867801, "post_q10": 2.9602613145515302, "post_q50": 3.2133250251397198, "post_q90": 3.4640196210437701, "post_prob_exceed": 0.1298, "post_exc_mean": 0.012766663803185399, "prosp_score_happy": 0.41696636842274898, "prosp_score_sad": 2.9602613145515302, "domain_class": "Background" }, "geometry": { "type": "Point", "coordinates": [ -158.297499234535792, 67.221279447459409 ] } },
{ "type": "Feature", "properties": { "field_1": 386, "x": -188499.2409, "y": 1895140.774, "scaled_x": 0.55064862815546001, "scaled_y": 0.76802489613572, "post_mean": 3.1886709065924101, "post_sd": 0.19300584853844099, "post_q10": 2.9423187048608099, "post_q50": 3.18977218211359, "post_q90": 3.4334227455214998, "post_prob_exceed": 0.099333333333333301, "post_exc_mean": 0.0092429631947854498, "prosp_score_happy": 0.31674131005484601, "prosp_score_sad": 2.9423187048608099, "domain_class": "Background" }, "geometry": { "type": "Point", "coordinates": [ -158.297499234715133, 66.95900849205907 ] } },
{ "type": "Feature", "properties": { "field_1": 387, "x": -190403.1861, "y": 1865759.391, "scaled_x": 0.55010950339216302, "scaled_y": 0.75269775114739002, "post_mean": 3.1675114139754599, "post_sd": 0.18788227612706801, "post_q10": 2.9273607507719901, "post_q50": 3.1675622896525102, "post_q90": 3.4059243478586598, "post_prob_exceed": 0.077366666666666695, "post_exc_mean": 0.0065345555703035301, "prosp_score_happy": 0.24505979972790201, "prosp_score_sad": 2.9273607507719901, "domain_class": "Background" }, "geometry": { "type": "Point", "coordinates": [ -158.297499233517357, 66.693884137292969 ] } },
{ "type": "Feature", "properties": { "field_1": 388, "x": -192329.1455, "y": 1836038.29, "scaled_x": 0.54956414504590201, "scaled_y": 0.73719338825746705, "post_mean": 3.1493405644572299, "post_sd": 0.182017289653812, "post_q10": 2.9170211997490698, "post_q50": 3.15007591363009, "post_q90": 3.38193669808089, "post_prob_exceed": 0.0581, "post_exc_mean": 0.0045168068083511299, "prosp_score_happy": 0.18297668679496501, "prosp_score_sad": 2.9170211997490698, "domain_class": "Background" }, "geometry": { "type": "Point", "coordinates": [ -158.297499234746198, 66.425881094714569 ] } },
{ "type": "Feature", "properties": { "field_1": 389, "x": -194277.259, "y": 1805975.309, "scaled_x": 0.54901251350232605, "scaled_y": 0.72151067963315196, "post_mean": 3.1342602555528001, "post_sd": 0.17591623681586199, "post_q10": 2.90957671856571, "post_q50": 3.1351348407102702, "post_q90": 3.3597041103840501, "post_prob_exceed": 0.043066666666666698, "post_exc_mean": 0.0031302355913245599, "prosp_score_happy": 0.13498214167247399, "prosp_score_sad": 2.90957671856571, "domain_class": "Background" }, "geometry": { "type": "Point", "coordinates": [ -158.297499233918899, 66.154974026756634 ] } },
{ "type": "Feature", "properties": { "field_1": 390, "x": -196247.6653, "y": 1775568.31, "scaled_x": 0.54845456948687499, "scaled_y": 0.70564850996152695, "post_mean": 3.1220639344977501, "post_sd": 0.17000258388383399, "post_q10": 2.90479593651588, "post_q50": 3.1224346199232702, "post_q90": 3.33990807664805, "post_prob_exceed": 0.0329, "post_exc_mean": 0.0022080077066364899, "prosp_score_happy": 0.102715903444976, "prosp_score_sad": 2.90479593651588, "domain_class": "Background" }, "geometry": { "type": "Point", "coordinates": [ -158.297499234488271, 65.881137586034697 ] } },
{ "type": "Feature", "properties": { "field_1": 391, "x": -198240.5012, "y": 1744815.181, "scaled_x": 0.54789027426300196, "scaled_y": 0.68960577749288099, "post_mean": 3.1123166082433298, "post_sd": 0.16448360990772501, "post_q10": 2.9017305717064001, "post_q50": 3.1121025787286798, "post_q90": 3.3226526439128699, "post_prob_exceed": 0.0250333333333333, "post_exc_mean": 0.00157990458180474, "prosp_score_happy": 0.077911659093024804, "prosp_score_sad": 2.9017305717064001, "domain_class": "Background" }, "geometry": { "type": "Point", "coordinates": [ -158.297499235118124, 65.604346428152539 ] } },
{ "type": "Feature", "properties": { "field_1": 392, "x": -200255.9019, "y": 1713713.835, "scaled_x": 0.54731958954721605, "scaled_y": 0.67338139351904902, "post_mean": 3.1044749700338299, "post_sd": 0.15926566553801599, "post_q10": 2.90055831103995, "post_q50": 3.1039432952505202, "post_q90": 3.3087236983467698, "post_prob_exceed": 0.0191, "post_exc_mean": 0.00114870377018645, "prosp_score_happy": 0.059295471927646101, "prosp_score_sad": 2.90055831103995, "domain_class": "Background" }, "geometry": { "type": "Point", "coordinates": [ -158.297499234953676, 65.324575196913315 ] } },
{ "type": "Feature", "properties": { "field_1": 393, "x": -202294.0008, "y": 1682262.213, "scaled_x": 0.54674247756571703, "scaled_y": 0.65697428393839497, "post_mean": 3.0980302063323499, "post_sd": 0.15396817492842399, "post_q10": 2.8993028441270101, "post_q50": 3.0974843015395699, "post_q90": 3.2963370627857, "post_prob_exceed": 0.0142666666666667, "post_exc_mean": 0.00082600301595280403, "prosp_score_happy": 0.044198564277008301, "prosp_score_sad": 2.8993028441270101, "domain_class": "Background" }, "geometry": { "type": "Point", "coordinates": [ -158.297499233480352, 65.041798545567033 ] } },
{ "type": "Feature", "properties": { "field_1": 394, "x": -204354.9295, "y": 1650458.287, "scaled_x": 0.54615890105439902, "scaled_y": 0.64038339082079998, "post_mean": 3.0926475902533301, "post_sd": 0.14804182593135301, "post_q10": 2.90226769979262, "post_q50": 3.09266724743008, "post_q90": 3.2847473059627901, "post_prob_exceed": 0.0097, "post_exc_mean": 0.00058051466256426503, "prosp_score_happy": 0.0299986816254573, "prosp_score_sad": 2.90226769979262, "domain_class": "Background" }, "geometry": { "type": "Point", "coordinates": [ -158.297499234584166, 64.755991157768335 ] } },
{ "type": "Feature", "properties": { "field_1": 395, "x": -206438.8173, "y": 1618300.059, "scaled_x": 0.54556882340042501, "scaled_y": 0.62360767188599797, "post_mean": 3.08827381570278, "post_sd": 0.14094397268983599, "post_q10": 2.9061401520287502, "post_q50": 3.0884541148344899, "post_q90": 3.2704400912398501, "post_prob_exceed": 0.0069, "post_exc_mean": 0.000373774520376067, "prosp_score_happy": 0.021309089328349198, "prosp_score_sad": 2.9061401520287502, "domain_class": "Background" }, "geometry": { "type": "Point", "coordinates": [ -158.297499234605539, 64.467127732891129 ] } },
{ "type": "Feature", "properties": { "field_1": 396, "x": -208545.7915, "y": 1585785.565, "scaled_x": 0.54497220855728401, "scaled_y": 0.606646102590224, "post_mean": 3.08518707999542, "post_sd": 0.13230426287524499, "post_q10": 2.9143942273503001, "post_q50": 3.0852036027745098, "post_q90": 3.25617672939179, "post_prob_exceed": 0.0045, "post_exc_mean": 0.000203407880258574, "prosp_score_happy": 0.013883341859979401, "prosp_score_sad": 2.9143942273503001, "domain_class": "Background" }, "geometry": { "type": "Point", "coordinates": [ -158.297499234207493, 64.175183015511905 ] } },
{ "type": "Feature", "properties": { "field_1": 397, "x": -210675.9771, "y": 1552912.877, "scaled_x": 0.54436902112973795, "scaled_y": 0.58949767716953705, "post_mean": 3.0839756728175098, "post_sd": 0.122033069418911, "post_q10": 2.9263357856022099, "post_q50": 3.0844640466747602, "post_q90": 3.2414613447623299, "post_prob_exceed": 0.00216666666666667, "post_exc_mean": 9.1860334295934106e-05, "prosp_score_happy": 0.0066819472911046097, "prosp_score_sad": 2.9263357856022099, "domain_class": "Background" }, "geometry": { "type": "Point", "coordinates": [ -158.297499234694897, 63.880131807193322 ] } },
{ "type": "Feature", "properties": { "field_1": 398, "x": -212829.4967, "y": 1519680.102, "scaled_x": 0.54375922640213503, "scaled_y": 0.57216140811815996, "post_mean": 3.0854452634668599, "post_sd": 0.110359644247654, "post_q10": 2.94280921176308, "post_q50": 3.0861232062481698, "post_q90": 3.2266366347297302, "post_prob_exceed": 0.00083333333333333295, "post_exc_mean": 3.1191602076787501e-05, "prosp_score_happy": 0.0025712043862223901, "prosp_score_sad": 2.94280921176308, "domain_class": "Background" }, "geometry": { "type": "Point", "coordinates": [ -158.297499234663007, 63.581948951228632 ] } },
{ "type": "Feature", "properties": { "field_1": 399, "x": -215006.4704, "y": 1486085.387, "scaled_x": 0.54314279036673097, "scaled_y": 0.55463632879678704, "post_mean": 3.0904689357367001, "post_sd": 0.097812794116096294, "post_q10": 2.9640040257257998, "post_q50": 3.0911185214691899, "post_q90": 3.21548932385992, "post_prob_exceed": 0.00023333333333333301, "post_exc_mean": 1.05437078732131e-05, "prosp_score_happy": 0.00072110941833856295, "prosp_score_sad": 2.9640040257257998, "domain_class": "Background" }, "geometry": { "type": "Point", "coordinates": [ -158.297499234597865, 63.280609370901146 ] } },
{ "type": "Feature", "properties": { "field_1": 400, "x": -217207.0155, "y": 1452126.921, "scaled_x": 0.54251967980863303, "scaled_y": 0.53692149447590898, "post_mean": 3.0998036043745998, "post_sd": 0.085167137268384499, "post_q10": 2.9898569481320298, "post_q50": 3.1004357104445401, "post_q90": 3.2079150339994, "post_prob_exceed": 0.00013333333333333299, "post_exc_mean": 2.4240986113771299e-06, "prosp_score_happy": 0.00041330714724994598, "prosp_score_sad": 2.9898569481320298, "domain_class": "Background" }, "geometry": { "type": "Point", "coordinates": [ -158.297499233420325, 62.976088080906152 ] } },
{ "type": "Feature", "properties": { "field_1": 401, "x": -219431.2468, "y": 1417802.934, "scaled_x": 0.541889862220853, "scaled_y": 0.51901598181414699, "post_mean": 3.1139000790813398, "post_sd": 0.073372338576238399, "post_q10": 3.0199324255127999, "post_q50": 3.1141962135843801, "post_q90": 3.2070732253525698, "post_prob_exceed": 0.0, "post_exc_mean": 0.0, "prosp_score_happy": 0.0, "prosp_score_sad": 3.0199324255127999, "domain_class": "Background" }, "geometry": { "type": "Point", "coordinates": [ -158.297499233158135, 62.668360171537067 ] } },
{ "type": "Feature", "properties": { "field_1": 402, "x": -221679.276, "y": 1383111.703, "scaled_x": 0.54125330597420596, "scaled_y": 0.50091889198823103, "post_mean": 3.1327323782007701, "post_sd": 0.063455947180860894, "post_q10": 3.0518909474976499, "post_q50": 3.1327712374871499, "post_q90": 3.2134709544764601, "post_prob_exceed": 0.0, "post_exc_mean": 0.0, "prosp_score_happy": 0.0, "prosp_score_sad": 3.0518909474976499, "domain_class": "Background" }, "geometry": { "type": "Point", "coordinates": [ -158.297499234706777, 62.357400855796953 ] } },
{ "type": "Feature", "properties": { "field_1": 403, "x": -223951.2116, "y": 1348051.55, "scaled_x": 0.54060998034562502, "scaled_y": 0.48262934964966803, "post_mean": 3.15566720739481, "post_sd": 0.056341351061019403, "post_q10": 3.0839054235508101, "post_q50": 3.1557321887462302, "post_q90": 3.22791977457012, "post_prob_exceed": 0.0, "post_exc_mean": 0.0, "prosp_score_happy": 0.0, "prosp_score_sad": 3.0839054235508101, "domain_class": "Background" }, "geometry": { "type": "Point", "coordinates": [ -158.297499233491237, 62.043185444684298 ] } },
{ "type": "Feature", "properties": { "field_1": 404, "x": -226247.1592, "y": 1312620.849, "scaled_x": 0.53995985543321101, "scaled_y": 0.46414650657638001, "post_mean": 3.1813894180142301, "post_sd": 0.052525852001835099, "post_q10": 3.1137893663202201, "post_q50": 3.1818854721565502, "post_q90": 3.2485592809221702, "post_prob_exceed": 0.0, "post_exc_mean": 0.0, "prosp_score_happy": 0.0, "prosp_score_sad": 3.1137893663202201, "domain_class": "Background" }, "geometry": { "type": "Point", "coordinates": [ -158.297499234017124, 61.725689402491284 ] } },
{ "type": "Feature", "properties": { "field_1": 405, "x": -228567.2208, "y": 1276818.024, "scaled_x": 0.53930290235445, "scaled_y": 0.44546954062937799, "post_mean": 3.2078957567786999, "post_sd": 0.0517902759341691, "post_q10": 3.1412319109068298, "post_q50": 3.2084496591256699, "post_q90": 3.2744555775244102, "post_prob_exceed": 0.0, "post_exc_mean": 0.0, "prosp_score_happy": 0.0, "prosp_score_sad": 3.1412319109068298, "domain_class": "Background" }, "geometry": { "type": "Point", "coordinates": [ -158.297499233860037, 61.404888322256284 ] } },
{ "type": "Feature", "properties": { "field_1": 406, "x": -230911.495, "y": 1240641.554, "scaled_x": 0.53863909318957603, "scaled_y": 0.42659765836107399, "post_mean": 3.23256796422895, "post_sd": 0.053326691469820602, "post_q10": 3.16401002348127, "post_q50": 3.2329518007661702, "post_q90": 3.3010069096024202, "post_prob_exceed": 0.0, "post_exc_mean": 0.0, "prosp_score_happy": 0.0, "prosp_score_sad": 3.16401002348127, "domain_class": "Background" }, "geometry": { "type": "Point", "coordinates": [ -158.29749923373771, 61.080757963084508 ] } },
{ "type": "Feature", "properties": { "field_1": 407, "x": -233280.0767, "y": 1204089.975, "scaled_x": 0.53796840106652499, "scaled_y": 0.40753009605859802, "post_mean": 3.2523367708044502, "post_sd": 0.0562471156578353, "post_q10": 3.1804125930521301, "post_q50": 3.25269530448477, "post_q90": 3.3240050599398399, "post_prob_exceed": 0.00066666666666666697, "post_exc_mean": 6.3879055922350197e-06, "prosp_score_happy": 0.0021682245138696398, "prosp_score_sad": 3.1804125930521301, "domain_class": "Background" }, "geometry": { "type": "Point", "coordinates": [ -158.297499234222755, 60.753274260903552 ] } },
{ "type": "Feature", "properties": { "field_1": 408, "x": -235673.0569, "y": 1167161.881, "scaled_x": 0.53729080021756304, "scaled_y": 0.38826612026546797, "post_mean": 3.2639487334672901, "post_sd": 0.059989881544908703, "post_q10": 3.1871310662752199, "post_q50": 3.26344484178076, "post_q90": 3.3406279724821002, "post_prob_exceed": 0.0025333333333333301, "post_exc_mean": 3.8546526317767797e-05, "prosp_score_happy": 0.0082686701247838001, "prosp_score_sad": 3.1871310662752199, "domain_class": "Background" }, "geometry": { "type": "Point", "coordinates": [ -158.297499233290722, 60.422413330169761 ] } },
{ "type": "Feature", "properties": { "field_1": 409, "x": -238090.5229, "y": 1129855.927, "scaled_x": 0.53660626592265404, "scaled_y": 0.368805029346569, "post_mean": 3.2643455210132202, "post_sd": 0.064427004124359893, "post_q10": 3.1822383812870298, "post_q50": 3.2640022200891998, "post_q90": 3.3469113678123499, "post_prob_exceed": 0.00446666666666667, "post_exc_mean": 8.4085396829638504e-05, "prosp_score_happy": 0.0145807433271924, "prosp_score_sad": 3.1822383812870298, "domain_class": "Background" }, "geometry": { "type": "Point", "coordinates": [ -158.297499233550525, 60.088151483122189 ] } },
{ "type": "Feature", "properties": { "field_1": 410, "x": -240532.5575, "y": 1092170.834, "scaled_x": 0.53591477473599303, "scaled_y": 0.34914615609646699, "post_mean": 3.2511570117908999, "post_sd": 0.069775986847441004, "post_q10": 3.1620492909602298, "post_q50": 3.2512569225297501, "post_q90": 3.3408504322914299, "post_prob_exceed": 0.0046666666666666697, "post_exc_mean": 9.2069034007986804e-05, "prosp_score_happy": 0.0151720660550242, "prosp_score_sad": 3.1620492909602298, "domain_class": "Background" }, "geometry": { "type": "Point", "coordinates": [ -158.297499233530516, 59.750465267403548 ] } },
{ "type": "Feature", "properties": { "field_1": 411, "x": -242999.2395, "y": 1054105.387, "scaled_x": 0.53521630434442002, "scaled_y": 0.32928886669608098, "post_mean": 3.2232924501333202, "post_sd": 0.076384250730702305, "post_q10": 3.1261819465290701, "post_q50": 3.2231143768358401, "post_q90": 3.3206686660487299, "post_prob_exceed": 0.00296666666666667, "post_exc_mean": 6.3269960524806306e-05, "prosp_score_happy": 0.0095624342687288602, "prosp_score_sad": 3.1261819465290701, "domain_class": "Background" }, "geometry": { "type": "Point", "coordinates": [ -158.297499234415284, 59.40933144042345 ] } },
{ "type": "Feature", "properties": { "field_1": 412, "x": -245490.6429, "y": 1015658.442, "scaled_x": 0.53451083379395403, "scaled_y": 0.30923256436431701, "post_mean": 3.1815866325365301, "post_sd": 0.084400193285488298, "post_q10": 3.0742196669851301, "post_q50": 3.1811873285851902, "post_q90": 3.2895643260996099, "post_prob_exceed": 0.00123333333333333, "post_exc_mean": 3.3109880356510101e-05, "prosp_score_happy": 0.0039239568467950604, "prosp_score_sad": 3.0742196669851301, "domain_class": "Background" }, "geometry": { "type": "Point", "coordinates": [ -158.297499233865466, 59.064727024741423 ] } },
{ "type": "Feature", "properties": { "field_1": 413, "x": -248006.8373, "y": 976828.9269, "scaled_x": 0.53379834337652599, "scaled_y": 0.28897668982756503, "post_mean": 3.12942288085583, "post_sd": 0.0934245198654991, "post_q10": 3.0101847394475598, "post_q50": 3.1285734237105198, "post_q90": 3.2491425784377301, "post_prob_exceed": 0.0005, "post_exc_mean": 1.5596949932126501e-05, "prosp_score_happy": 0.0015647114404279199, "prosp_score_sad": 3.0101847394475598, "domain_class": "Background" }, "geometry": { "type": "Point", "coordinates": [ -158.297499234114923, 58.716629308300305 ] } },
{ "type": "Feature", "properties": { "field_1": 414, "x": -258320.7414, "y": 817666.3851, "scaled_x": 0.53087783857073001, "scaled_y": 0.20594767261350999, "post_mean": 2.9917018014344801, "post_sd": 0.122711709318928, "post_q10": 2.8363391127530102, "post_q50": 2.9913387845763402, "post_q90": 3.1488379417583401, "post_prob_exceed": 3.3333333333333301e-05, "post_exc_mean": 4.4681271200778597e-08, "prosp_score_happy": 9.9723393381149196e-05, "prosp_score_sad": 2.8363391127530102, "domain_class": "Background" }, "geometry": { "type": "Point", "coordinates": [ -158.297499234498787, 57.288861364478265 ] } },
{ "type": "Feature", "properties": { "field_1": 415, "x": -260961.7573, "y": 776910.6432, "scaled_x": 0.53013000345869499, "scaled_y": 0.184686959147154, "post_mean": 3.04290247669516, "post_sd": 0.146989783249834, "post_q10": 2.8540735299523798, "post_q50": 3.0428841811745402, "post_q90": 3.2307169801572102, "post_prob_exceed": 0.0039333333333333304, "post_exc_mean": 0.00016060161100538601, "prosp_score_happy": 0.0119687497416676, "prosp_score_sad": 2.8540735299523798, "domain_class": "Background" }, "geometry": { "type": "Point", "coordinates": [ -158.297499233570477, 56.922966918181935 ] } },
{ "type": "Feature", "properties": { "field_1": 416, "x": -263627.8732, "y": 735767.5639, "scaled_x": 0.52937506098266796, "scaled_y": 0.16322418655753601, "post_mean": 3.1602988451326701, "post_sd": 0.209099746375109, "post_q10": 2.89089333066274, "post_q50": 3.1607632409289299, "post_q90": 3.4288912162204901, "post_prob_exceed": 0.095733333333333295, "post_exc_mean": 0.0092917696526798304, "prosp_score_happy": 0.30254594277403402, "prosp_score_sad": 2.89089333066274, "domain_class": "Background" }, "geometry": { "type": "Point", "coordinates": [ -158.297499234602469, 56.553449443366283 ] } },
{ "type": "Feature", "properties": { "field_1": 417, "x": -266319.1206, "y": 694236.6579, "scaled_x": 0.52861300222304797, "scaled_y": 0.14155909959554, "post_mean": 3.3584533801681302, "post_sd": 0.32268904528262898, "post_q10": 2.9427661209020002, "post_q50": 3.3576726504571002, "post_q90": 3.7715196789210301, "post_prob_exceed": 0.40886666666666699, "post_exc_mean": 0.094745081510814594, "prosp_score_happy": 1.37315963870474, "prosp_score_sad": 2.9427661209020002, "domain_class": "tier 3" }, "geometry": { "type": "Point", "coordinates": [ -158.297499234201979, 56.180288587460851 ] } },
{ "type": "Feature", "properties": { "field_1": 418, "x": -135711.9536, "y": 2319368.899, "scaled_x": 0.56559597735997802, "scaled_y": 0.989328501211166, "post_mean": 2.9328375381421701, "post_sd": 0.35668145373005, "post_q10": 2.4757065231180699, "post_q50": 2.9332623629442098, "post_q90": 3.39118026344872, "post_prob_exceed": 0.081, "post_exc_mean": 0.0128346681558489, "prosp_score_happy": 0.23755984058951601, "prosp_score_sad": 2.4757065231180699, "domain_class": "Background" }, "geometry": { "type": "Point", "coordinates": [ -157.623762770093606, 70.829988218731927 ] } },
{ "type": "Feature", "properties": { "field_1": 419, "x": -137037.4826, "y": 2295100.647, "scaled_x": 0.56522063803384304, "scaled_y": 0.97666868131714202, "post_mean": 3.0093916733956698, "post_sd": 0.310339447681583, "post_q10": 2.6132695508986798, "post_q50": 3.0102062820194901, "post_q90": 3.4101215064874801, "post_prob_exceed": 0.086866666666666703, "post_exc_mean": 0.012159045584802301, "prosp_score_happy": 0.26141582336230401, "prosp_score_sad": 2.6132695508986798, "domain_class": "Background" }, "geometry": { "type": "Point", "coordinates": [ -157.623762772601737, 70.607519191491946 ] } },
{ "type": "Feature", "properties": { "field_1": 420, "x": -138379.574, "y": 2270529.163, "scaled_x": 0.56484060886685505, "scaled_y": 0.96385067687377002, "post_mean": 3.0759849109870401, "post_sd": 0.27161846531469303, "post_q10": 2.7281837750337399, "post_q50": 3.0770399265855399, "post_q90": 3.4267291779885398, "post_prob_exceed": 0.0955, "post_exc_mean": 0.011914148025831, "prosp_score_happy": 0.29375655899926301, "prosp_score_sad": 2.7281837750337399, "domain_class": "Background" }, "geometry": { "type": "Point", "coordinates": [ -157.623762772601509, 70.382568852936927 ] } },
{ "type": "Feature", "properties": { "field_1": 421, "x": -139738.3569, "y": 2245652.083, "scaled_x": 0.56445585330281101, "scaled_y": 0.950873254672566, "post_mean": 3.1324673023723699, "post_sd": 0.24092699812316601, "post_q10": 2.8229648012672102, "post_q50": 3.1326065727644798, "post_q90": 3.4430524123956001, "post_prob_exceed": 0.106833333333333, "post_exc_mean": 0.0122502887007823, "prosp_score_happy": 0.33465192347011402, "prosp_score_sad": 2.8229648012672102, "domain_class": "Background" }, "geometry": { "type": "Point", "coordinates": [ -157.623762769611773, 70.155113033118326 ] } },
{ "type": "Feature", "properties": { "field_1": 422, "x": -141113.9603, "y": 2220467.05, "scaled_x": 0.56406633481382595, "scaled_y": 0.93773518515667897, "post_mean": 3.1788523664400001, "post_sd": 0.21837766562196001, "post_q10": 2.8995385858800402, "post_q50": 3.1780146978361801, "post_q90": 3.4585969336732898, "post_prob_exceed": 0.122266666666667, "post_exc_mean": 0.013132181988078201, "prosp_score_happy": 0.38866768267006402, "prosp_score_sad": 2.8995385858800402, "domain_class": "Background" }, "geometry": { "type": "Point", "coordinates": [ -157.623762770407779, 69.925127469201328 ] } },
{ "type": "Feature", "properties": { "field_1": 423, "x": -142506.5127, "y": 2194971.708, "scaled_x": 0.56367201701359304, "scaled_y": 0.92443523929092297, "post_mean": 3.2153345158036601, "post_sd": 0.20356395725638701, "post_q10": 2.9543277563539601, "post_q50": 3.2144506789115002, "post_q90": 3.4767745942339299, "post_prob_exceed": 0.14276666666666701, "post_exc_mean": 0.0147701831972401, "prosp_score_happy": 0.45904259103957001, "prosp_score_sad": 2.9543277563539601, "domain_class": "Background" }, "geometry": { "type": "Point", "coordinates": [ -157.623762770199221, 69.692587747542746 ] } },
{ "type": "Feature", "properties": { "field_1": 424, "x": -143916.1422, "y": 2169163.713, "scaled_x": 0.56327286362907203, "scaled_y": 0.91097219430004905, "post_mean": 3.2423021090746298, "post_sd": 0.19544166183322301, "post_q10": 2.9903675209184799, "post_q50": 3.24075516858968, "post_q90": 3.4930734816106601, "post_prob_exceed": 0.164833333333333, "post_exc_mean": 0.016991904121207501, "prosp_score_happy": 0.53443946431246903, "prosp_score_sad": 2.9903675209184799, "domain_class": "Background" }, "geometry": { "type": "Point", "coordinates": [ -157.6237627707998, 69.457469400158516 ] } },
{ "type": "Feature", "properties": { "field_1": 425, "x": -145342.9766, "y": 2143040.724, "scaled_x": 0.56286883847216995, "scaled_y": 0.89734482897379597, "post_mean": 3.2603443261113001, "post_sd": 0.19245578086708801, "post_q10": 3.0154972114787202, "post_q50": 3.2598529145491399, "post_q90": 3.5084066841320198, "post_prob_exceed": 0.1848, "post_exc_mean": 0.019374472106614801, "prosp_score_happy": 0.60251163146536801, "prosp_score_sad": 3.0154972114787202, "domain_class": "Background" }, "geometry": { "type": "Point", "coordinates": [ -157.623762770565179, 69.219747819066768 ] } },
{ "type": "Feature", "properties": { "field_1": 426, "x": -146787.1432, "y": 2116600.411, "scaled_x": 0.56245990549637603, "scaled_y": 0.88355192784018299, "post_mean": 3.2702497791435201, "post_sd": 0.19286857333400101, "post_q10": 3.0236253920510099, "post_q50": 3.2704898939182199, "post_q90": 3.5176506000787602, "post_prob_exceed": 0.1967, "post_exc_mean": 0.021319360072161501, "prosp_score_happy": 0.64325813155752998, "prosp_score_sad": 3.0236253920510099, "domain_class": "Background" }, "geometry": { "type": "Point", "coordinates": [ -157.623762770399139, 68.979398325245356 ] } },
{ "type": "Feature", "properties": { "field_1": 427, "x": -148248.7688, "y": 2089840.452, "scaled_x": 0.56204602879675802, "scaled_y": 0.86959227960052099, "post_mean": 3.2729947857855599, "post_sd": 0.19508453861626601, "post_q10": 3.02300211726436, "post_q50": 3.2727732574354902, "post_q90": 3.5231557457656701, "post_prob_exceed": 0.20473333333333299, "post_exc_mean": 0.0224324859289779, "prosp_score_happy": 0.67009113247649799, "prosp_score_sad": 3.02300211726436, "domain_class": "Background" }, "geometry": { "type": "Point", "coordinates": [ -157.623762769632464, 68.736396137401101 ] } },
{ "type": "Feature", "properties": { "field_1": 428, "x": -149727.9796, "y": 2062758.538, "scaled_x": 0.56162717263828499, "scaled_y": 0.855464679737728, "post_mean": 3.2697193099783401, "post_sd": 0.197826714948936, "post_q10": 3.0157502162935499, "post_q50": 3.27001277456234, "post_q90": 3.5231841306271998, "post_prob_exceed": 0.2016, "post_exc_mean": 0.0225244199836265, "prosp_score_happy": 0.65917541289163295, "prosp_score_sad": 3.0157502162935499, "domain_class": "Background" }, "geometry": { "type": "Point", "coordinates": [ -157.623762770280763, 68.49071641320468 ] } },
{ "type": "Feature", "properties": { "field_1": 429, "x": -151224.9012, "y": 2035352.369, "scaled_x": 0.56120330145581998, "scaled_y": 0.84116792842967403, "post_mean": 3.2616890272290999, "post_sd": 0.20016854613104901, "post_q10": 3.0046943534314301, "post_q50": 3.2617358979868998, "post_q90": 3.5185030695055701, "post_prob_exceed": 0.19363333333333299, "post_exc_mean": 0.021582415702784699, "prosp_score_happy": 0.63157171863912798, "prosp_score_sad": 3.0046943534314301, "domain_class": "Background" }, "geometry": { "type": "Point", "coordinates": [ -157.623762771687382, 68.242334208843374 ] } },
{ "type": "Feature", "properties": { "field_1": 430, "x": -152739.6584, "y": 2007619.658, "scaled_x": 0.56077437991075596, "scaled_y": 0.82670083263583505, "post_mean": 3.2502428263626499, "post_sd": 0.20149398198495999, "post_q10": 2.9927019235399501, "post_q50": 3.2504238909734098, "post_q90": 3.50858603040477, "post_prob_exceed": 0.179466666666667, "post_exc_mean": 0.019789353609558601, "prosp_score_happy": 0.58331024590455105, "prosp_score_sad": 2.9927019235399501, "domain_class": "Background" }, "geometry": { "type": "Point", "coordinates": [ -157.623762771090952, 67.991224510989355 ] } },
{ "type": "Feature", "properties": { "field_1": 431, "x": -154272.3754, "y": 1979558.133, "scaled_x": 0.56034037283438398, "scaled_y": 0.81206220714061395, "post_mean": 3.2367264764349399, "post_sd": 0.20144484073327501, "post_q10": 2.9789287018475199, "post_q50": 3.23722381407944, "post_q90": 3.4946819829189502, "post_prob_exceed": 0.16343333333333299, "post_exc_mean": 0.017434752806984002, "prosp_score_happy": 0.52898899713201697, "prosp_score_sad": 2.9789287018475199, "domain_class": "Background" }, "geometry": { "type": "Point", "coordinates": [ -157.62376277098042, 67.737362250252318 ] } },
{ "type": "Feature", "properties": { "field_1": 432, "x": -155823.1755, "y": 1951165.536, "scaled_x": 0.55990124531283902, "scaled_y": 0.79725087403167905, "post_mean": 3.2224152288743002, "post_sd": 0.19988123682760001, "post_q10": 2.9669804095091799, "post_q50": 3.2237265513248698, "post_q90": 3.4766983915481302, "post_prob_exceed": 0.14483333333333301, "post_exc_mean": 0.014803793431124901, "prosp_score_happy": 0.46671313898196098, "prosp_score_sad": 2.9669804095091799, "domain_class": "Background" }, "geometry": { "type": "Point", "coordinates": [ -157.623762770606248, 67.480722287681644 ] } },
{ "type": "Feature", "properties": { "field_1": 433, "x": -157392.1811, "y": 1922439.627, "scaled_x": 0.55945696268710499, "scaled_y": 0.78226566478660697, "post_mean": 3.2084307846848201, "post_sd": 0.19685739795152399, "post_q10": 2.9562045422631802, "post_q50": 3.2100706322352299, "post_q90": 3.4586826965504902, "post_prob_exceed": 0.12533333333333299, "post_exc_mean": 0.0122284587755257, "prosp_score_happy": 0.40212332501383002, "prosp_score_sad": 2.9562045422631802, "domain_class": "Background" }, "geometry": { "type": "Point", "coordinates": [ -157.623762771159164, 67.22127944608846 ] } },
{ "type": "Feature", "properties": { "field_1": 434, "x": -158979.5136, "y": 1893378.182, "scaled_x": 0.55900749058132404, "scaled_y": 0.76710541922956899, "post_mean": 3.1956610522933699, "post_sd": 0.19260269582510101, "post_q10": 2.94994362546137, "post_q50": 3.19748857578608, "post_q90": 3.44073731182473, "post_prob_exceed": 0.1067, "post_exc_mean": 0.0098771102541088708, "prosp_score_happy": 0.340977034279703, "prosp_score_sad": 2.94994362546137, "domain_class": "Background" }, "geometry": { "type": "Point", "coordinates": [ -157.623762770914453, 66.959008487193827 ] } },
{ "type": "Feature", "properties": { "field_1": 435, "x": -160585.2934, "y": 1863978.997, "scaled_x": 0.55855279490280296, "scaled_y": 0.75176898761796895, "post_mean": 3.1846939528018998, "post_sd": 0.18749173252007501, "post_q10": 2.9459952775022198, "post_q50": 3.1857546083171, "post_q90": 3.4235026189611202, "post_prob_exceed": 0.089766666666666703, "post_exc_mean": 0.0078954808144351199, "prosp_score_happy": 0.28587936049651702, "prosp_score_sad": 2.9459952775022198, "domain_class": "Background" }, "geometry": { "type": "Point", "coordinates": [ -157.623762770296622, 66.693884142655733 ] } },
{ "type": "Feature", "properties": { "field_1": 436, "x": -162209.6399, "y": 1834239.887, "scaled_x": 0.55809284184200902, "scaled_y": 0.73625523012078498, "post_mean": 3.1757782565056898, "post_sd": 0.181986590874222, "post_q10": 2.9435761021624298, "post_q50": 3.1763193236760099, "post_q90": 3.4086152847339202, "post_prob_exceed": 0.0772, "post_exc_mean": 0.0063053643109675997, "prosp_score_happy": 0.245170081402239, "prosp_score_sad": 2.9435761021624298, "domain_class": "Background" }, "geometry": { "type": "Point", "coordinates": [ -157.623762770555885, 66.425881099940554 ] } },
{ "type": "Feature", "properties": { "field_1": 437, "x": -163852.6712, "y": 1804158.689, "scaled_x": 0.55762759795752104, "scaled_y": 0.72056301838355397, "post_mean": 3.1688239700451102, "post_sd": 0.176541710182093, "post_q10": 2.9434861954849598, "post_q50": 3.1692802124490602, "post_q90": 3.3942673344902401, "post_prob_exceed": 0.065733333333333296, "post_exc_mean": 0.0050831736777216001, "prosp_score_happy": 0.20829736229763199, "prosp_score_sad": 2.9434861954849598, "domain_class": "Background" }, "geometry": { "type": "Point", "coordinates": [ -157.623762770721669, 66.154974024198097 ] } },
{ "type": "Feature", "properties": { "field_1": 438, "x": -165514.504, "y": 1773733.266, "scaled_x": 0.55715703020434304, "scaled_y": 0.70469123761502195, "post_mean": 3.1634510387721502, "post_sd": 0.17148090011939399, "post_q10": 2.9461621440486501, "post_q50": 3.1637022446776402, "post_q90": 3.38298974265021, "post_prob_exceed": 0.0569666666666667, "post_exc_mean": 0.0041829038360515604, "prosp_score_happy": 0.18021126084205399, "prosp_score_sad": 2.9461621440486501, "domain_class": "Background" }, "geometry": { "type": "Point", "coordinates": [ -157.623762770301227, 65.881137588812805 ] } },
{ "type": "Feature", "properties": { "field_1": 439, "x": -167195.2539, "y": 1742961.502, "scaled_x": 0.55668110584895802, "scaled_y": 0.68863878397883105, "post_mean": 3.1590876559824199, "post_sd": 0.16688300929105901, "post_q10": 2.94566243698159, "post_q50": 3.1586570532507201, "post_q90": 3.3718607718388802, "post_prob_exceed": 0.0501, "post_exc_mean": 0.0034754095566560698, "prosp_score_happy": 0.158270291564719, "prosp_score_sad": 2.94566243698159, "domain_class": "Background" }, "geometry": { "type": "Point", "coordinates": [ -157.623762769838748, 65.604346424856558 ] } },
{ "type": "Feature", "properties": { "field_1": 440, "x": -168895.0349, "y": 1711841.311, "scaled_x": 0.55619979261090802, "scaled_y": 0.67240456928847603, "post_mean": 3.1551090174005201, "post_sd": 0.162529359840559, "post_q10": 2.9457801049968602, "post_q50": 3.1548930424877502, "post_q90": 3.3633574792948102, "post_prob_exceed": 0.043533333333333299, "post_exc_mean": 0.0028829829360268399, "prosp_score_happy": 0.137352412557503, "prosp_score_sad": 2.9457801049968602, "domain_class": "Background" }, "geometry": { "type": "Point", "coordinates": [ -157.623762770683356, 65.324575196450866 ] } },
{ "type": "Feature", "properties": { "field_1": 441, "x": -170613.9595, "y": 1680370.631, "scaled_x": 0.55571305863447895, "scaled_y": 0.655987517877338, "post_mean": 3.1509961547568799, "post_sd": 0.15794976532944499, "post_q10": 2.9473006265605299, "post_q50": 3.1505427717685901, "post_q90": 3.35435566919754, "post_prob_exceed": 0.037233333333333299, "post_exc_mean": 0.0023116934659761401, "prosp_score_happy": 0.11732209016211401, "prosp_score_sad": 2.9473006265605299, "domain_class": "Background" }, "geometry": { "type": "Point", "coordinates": [ -157.623762770121004, 65.041798541136728 ] } },
{ "type": "Feature", "properties": { "field_1": 442, "x": -172352.1386, "y": 1648547.434, "scaled_x": 0.55522087251701402, "scaled_y": 0.63938657181529701, "post_mean": 3.1464859548277202, "post_sd": 0.152557249877216, "post_q10": 2.9490624233482698, "post_q50": 3.1463516059334, "post_q90": 3.3443008557040699, "post_prob_exceed": 0.029166666666666698, "post_exc_mean": 0.00174041150880439, "prosp_score_happy": 0.091772507015808497, "prosp_score_sad": 2.9490624233482698, "domain_class": "Background" }, "geometry": { "type": "Point", "coordinates": [ -157.623762770940516, 64.75599115365452 ] } },
{ "type": "Feature", "properties": { "field_1": 443, "x": -174109.6813, "y": 1616369.721, "scaled_x": 0.55472320336554903, "scaled_y": 0.62260068830042303, "post_mean": 3.1416809826489498, "post_sd": 0.14581918055961601, "post_q10": 2.95256463619753, "post_q50": 3.1410714830246902, "post_q90": 3.3295943265215202, "post_prob_exceed": 0.021333333333333301, "post_exc_mean": 0.00121995739081403, "prosp_score_happy": 0.0670225276298443, "prosp_score_sad": 2.95256463619753, "domain_class": "Background" }, "geometry": { "type": "Point", "coordinates": [ -157.623762771331883, 64.467127735204613 ] } },
{ "type": "Feature", "properties": { "field_1": 444, "x": -175886.695, "y": 1583835.525, "scaled_x": 0.55422002076849397, "scaled_y": 0.60562884122396898, "post_mean": 3.1370931301686298, "post_sd": 0.13740497404077501, "post_q10": 2.9591997750168999, "post_q50": 3.1366241985202299, "post_q90": 3.31397522100607, "post_prob_exceed": 0.0148666666666667, "post_exc_mean": 0.00076324661935844396, "prosp_score_happy": 0.046638117868507002, "prosp_score_sad": 2.9591997750168999, "domain_class": "Background" }, "geometry": { "type": "Point", "coordinates": [ -157.623762770540992, 64.175183014153774 ] } },
{ "type": "Feature", "properties": { "field_1": 445, "x": -177683.2851, "y": 1550942.918, "scaled_x": 0.55371129488058302, "scaled_y": 0.58847002482199195, "post_mean": 3.1336075286660301, "post_sd": 0.127273653799894, "post_q10": 2.9687953330140702, "post_q50": 3.1335002875045799, "post_q90": 3.29716923021437, "post_prob_exceed": 0.0089333333333333296, "post_exc_mean": 0.00040760161614208001, "prosp_score_happy": 0.027993560589416499, "prosp_score_sad": 2.9687953330140702, "domain_class": "Background" }, "geometry": { "type": "Point", "coordinates": [ -157.623762770494068, 63.880131802545222 ] } },
{ "type": "Feature", "properties": { "field_1": 446, "x": -179499.555, "y": 1517690.007, "scaled_x": 0.55319699642287601, "scaled_y": 0.57112325158871602, "post_mean": 3.1323691018568298, "post_sd": 0.115694302720304, "post_q10": 2.9829932161330301, "post_q50": 3.13231149586536, "post_q90": 3.2810261918525701, "post_prob_exceed": 0.0046666666666666697, "post_exc_mean": 0.00018692641700962401, "prosp_score_happy": 0.0146177224753319, "prosp_score_sad": 2.9829932161330301, "domain_class": "Background" }, "geometry": { "type": "Point", "coordinates": [ -157.623762771260914, 63.581948953913319 ] } },
{ "type": "Feature", "properties": { "field_1": 447, "x": -181335.606, "y": 1484074.936, "scaled_x": 0.55267709671106902, "scaled_y": 0.55358755331984899, "post_mean": 3.13460891359487, "post_sd": 0.103212385923688, "post_q10": 3.00106012271528, "post_q50": 3.13480804480412, "post_q90": 3.2661393403108598, "post_prob_exceed": 0.0021, "post_exc_mean": 6.8512504090173599e-05, "prosp_score_happy": 0.0065826787185492199, "prosp_score_sad": 3.00106012271528, "domain_class": "Background" }, "geometry": { "type": "Point", "coordinates": [ -157.623762771331229, 63.280609374756438 ] } },
{ "type": "Feature", "properties": { "field_1": 448, "x": -183191.5371, "y": 1450095.893, "scaled_x": 0.55215156771213503, "scaled_y": 0.53586198476421898, "post_mean": 3.1414371666549399, "post_sd": 0.090581698428980603, "post_q10": 3.0250573214346201, "post_q50": 3.14190808487926, "post_q90": 3.2569565252312098, "post_prob_exceed": 0.00063333333333333297, "post_exc_mean": 2.4025856749873501e-05, "prosp_score_happy": 0.0019895768722147998, "prosp_score_sad": 3.0250573214346201, "domain_class": "Background" }, "geometry": { "type": "Point", "coordinates": [ -157.623762771294253, 62.976088080601649 ] } },
{ "type": "Feature", "properties": { "field_1": 449, "x": -185067.445, "y": 1415751.108, "scaled_x": 0.55162038204431596, "scaled_y": 0.51794562258045096, "post_mean": 3.1536327440312601, "post_sd": 0.078676706581149503, "post_q10": 3.0529147921163999, "post_q50": 3.1540014780008101, "post_q90": 3.2538503005316199, "post_prob_exceed": 0.0003, "post_exc_mean": 8.4509632275832802e-06, "prosp_score_happy": 0.00094608982320937903, "prosp_score_sad": 3.0529147921163999, "domain_class": "Background" }, "geometry": { "type": "Point", "coordinates": [ -157.623762771599161, 62.668360171402597 ] } },
{ "type": "Feature", "properties": { "field_1": 450, "x": -186963.4239, "y": 1381038.856, "scaled_x": 0.55108351303375902, "scaled_y": 0.49983756690194697, "post_mean": 3.1714564751476302, "post_sd": 0.068383612165732896, "post_q10": 3.08370490292375, "post_q50": 3.1717001512970202, "post_q90": 3.2586955855058202, "post_prob_exceed": 6.6666666666666697e-05, "post_exc_mean": 1.18476527483519e-06, "prosp_score_happy": 0.00021143043167650899, "prosp_score_sad": 3.08370490292375, "domain_class": "Background" }, "geometry": { "type": "Point", "coordinates": [ -157.623762771862488, 62.357400851633308 ] } },
{ "type": "Feature", "properties": { "field_1": 451, "x": -188879.5654, "y": 1345957.459, "scaled_x": 0.55054093474283505, "scaled_y": 0.48153694238021599, "post_mean": 3.19450944912604, "post_sd": 0.060446992822028901, "post_q10": 3.11689871781974, "post_q50": 3.1946877663859898, "post_q90": 3.27160959238191, "post_prob_exceed": 0.0, "post_exc_mean": 0.0, "prosp_score_happy": 0.0, "prosp_score_sad": 3.11689871781974, "domain_class": "Background" }, "geometry": { "type": "Point", "coordinates": [ -157.623762771086831, 62.043185441289232 ] } },
{ "type": "Feature", "properties": { "field_1": 452, "x": -190815.9585, "y": 1310505.29, "scaled_x": 0.54999262197013199, "scaled_y": 0.46304290027151801, "post_mean": 3.2216515846062399, "post_sd": 0.055262330650495302, "post_q10": 3.15054924118725, "post_q50": 3.2220624508067299, "post_q90": 3.2918909145405499, "post_prob_exceed": 0.0, "post_exc_mean": 0.0, "prosp_score_happy": 0.0, "prosp_score_sad": 3.15054924118725, "domain_class": "Background" }, "geometry": { "type": "Point", "coordinates": [ -157.623762771833327, 61.725689404598299 ] } },
{ "type": "Feature", "properties": { "field_1": 453, "x": -192772.6893, "y": 1274680.771, "scaled_x": 0.549438550335411, "scaled_y": 0.44435461739354098, "post_mean": 3.2509914132707798, "post_sd": 0.0527139983308752, "post_q10": 3.1828024570384001, "post_q50": 3.2515539738552799, "post_q90": 3.3177899344802602, "post_prob_exceed": 0.00016666666666666701, "post_exc_mean": 1.2402853580026301e-06, "prosp_score_happy": 0.00054183190221179702, "prosp_score_sad": 3.1828024570384001, "domain_class": "Background" }, "geometry": { "type": "Point", "coordinates": [ -157.623762772364302, 61.404888325211004 ] } },
{ "type": "Feature", "properties": { "field_1": 454, "x": -194749.8408, "y": 1238482.381, "scaled_x": 0.54887869633623099, "scaled_y": 0.42547130029869501, "post_mean": 3.2799563669545102, "post_sd": 0.052255234144014298, "post_q10": 3.2126179998400999, "post_q50": 3.2805343593409702, "post_q90": 3.3464802527234001, "post_prob_exceed": 0.0018, "post_exc_mean": 2.3664380236361198e-05, "prosp_score_happy": 0.0059039214605181196, "prosp_score_sad": 3.2126179998400999, "domain_class": "Background" }, "geometry": { "type": "Point", "coordinates": [ -157.623762771259265, 61.08075797054488 ] } },
{ "type": "Feature", "properties": { "field_1": 455, "x": -196747.4932, "y": 1201908.654, "scaled_x": 0.54831303726300895, "scaled_y": 0.40639218423078899, "post_mean": 3.3054532404094998, "post_sd": 0.053241012257174598, "post_q10": 3.23750387252871, "post_q50": 3.3060523146171001, "post_q90": 3.3734723864403202, "post_prob_exceed": 0.0085, "post_exc_mean": 0.00014863441666821699, "prosp_score_happy": 0.0280963525434808, "prosp_score_sad": 3.23750387252871, "domain_class": "Background" }, "geometry": { "type": "Point", "coordinates": [ -157.623762770907263, 60.753274266518545 ] } },
{ "type": "Feature", "properties": { "field_1": 456, "x": -198765.7233, "y": 1164958.183, "scaled_x": 0.54774155136890801, "scaled_y": 0.38711653521167699, "post_mean": 3.3241290582387499, "post_sd": 0.055253304188544697, "post_q10": 3.2535391244139, "post_q50": 3.3241334598757799, "post_q90": 3.39487311076403, "post_prob_exceed": 0.0235, "post_exc_mean": 0.00050322425238930198, "prosp_score_happy": 0.0781170328686107, "prosp_score_sad": 3.2535391244139, "domain_class": "Background" }, "geometry": { "type": "Point", "coordinates": [ -157.623762770372878, 60.422413326223378 ] } },
{ "type": "Feature", "properties": { "field_1": 457, "x": -200804.6045, "y": 1127629.625, "scaled_x": 0.54716421786984604, "scaled_y": 0.36764365264957, "post_mean": 3.3327407886522402, "post_sd": 0.058221859007365998, "post_q10": 3.2581694250365998, "post_q50": 3.3323685686153799, "post_q90": 3.4075634579602201, "post_prob_exceed": 0.040633333333333299, "post_exc_mean": 0.00097681374796537105, "prosp_score_happy": 0.13542036737890301, "prosp_score_sad": 3.2581694250365998, "domain_class": "Background" }, "geometry": { "type": "Point", "coordinates": [ -157.62376277048142, 60.088151487164701 ] } },
{ "type": "Feature", "properties": { "field_1": 458, "x": -202864.2069, "y": 1089921.697, "scaled_x": 0.546581016916171, "scaled_y": 0.34797286725238502, "post_mean": 3.3286351016608302, "post_sd": 0.062336709928189599, "post_q10": 3.2490775537471102, "post_q50": 3.3284245660259599, "post_q90": 3.4086289555524498, "post_prob_exceed": 0.0455666666666667, "post_exc_mean": 0.0011445117641615799, "prosp_score_happy": 0.15167480613234499, "prosp_score_sad": 3.2490775537471102, "domain_class": "Background" }, "geometry": { "type": "Point", "coordinates": [ -157.623762771618118, 59.750465268049254 ] } },
{ "type": "Feature", "properties": { "field_1": 459, "x": -204944.5967, "y": 1051833.185, "scaled_x": 0.54599192976256505, "scaled_y": 0.32810354572270201, "post_mean": 3.3103238831986701, "post_sd": 0.067809339609901001, "post_q10": 3.2234645115985301, "post_q50": 3.3105272088853099, "post_q90": 3.3972465925397501, "post_prob_exceed": 0.033433333333333301, "post_exc_mean": 0.00088443979417061999, "prosp_score_happy": 0.110675161828276, "prosp_score_sad": 3.2234645115985301, "domain_class": "Background" }, "geometry": { "type": "Point", "coordinates": [ -157.62376277183651, 59.409331441925623 ] } },
{ "type": "Feature", "properties": { "field_1": 460, "x": -207045.8365, "y": 1013362.944, "scaled_x": 0.54539693868309302, "scaled_y": 0.30803509075776703, "post_mean": 3.2781162385405702, "post_sd": 0.074574513035766093, "post_q10": 3.18291346168825, "post_q50": 3.2784575054572702, "post_q90": 3.3740889356189898, "post_prob_exceed": 0.018766666666666699, "post_exc_mean": 0.00048532650021018199, "prosp_score_happy": 0.061519314743278, "prosp_score_sad": 3.18291346168825, "domain_class": "Background" }, "geometry": { "type": "Point", "coordinates": [ -157.623762772216452, 59.064727028500471 ] } },
{ "type": "Feature", "properties": { "field_1": 461, "x": -215660.4057, "y": 855644.3636, "scaled_x": 0.54295762079681698, "scaled_y": 0.22575933303920101, "post_mean": 3.1095687213607399, "post_sd": 0.10609070944875799, "post_q10": 2.9745187827923698, "post_q50": 3.1091324832093798, "post_q90": 3.2463618651554702, "post_prob_exceed": 0.00116666666666667, "post_exc_mean": 2.6677813051696799e-05, "prosp_score_happy": 0.0036278301749208602, "prosp_score_sad": 2.9745187827923698, "domain_class": "Background" }, "geometry": { "type": "Point", "coordinates": [ -157.623762771473167, 57.651153528577304 ] } },
{ "type": "Feature", "properties": { "field_1": 462, "x": -217866.6907, "y": 815250.9168, "scaled_x": 0.54233288491765996, "scaled_y": 0.20468761508494401, "post_mean": 3.10840200906524, "post_sd": 0.12593716307629599, "post_q10": 2.9461662863021698, "post_q50": 3.1084218941544299, "post_q90": 3.2699781693751402, "post_prob_exceed": 0.0048666666666666702, "post_exc_mean": 0.000185961894736131, "prosp_score_happy": 0.0151275564441175, "prosp_score_sad": 2.9461662863021698, "domain_class": "Background" }, "geometry": { "type": "Point", "coordinates": [ -157.623762770815773, 57.288861364091332 ] } },
{ "type": "Feature", "properties": { "field_1": 463, "x": -220094.1131, "y": 774470.4797, "scaled_x": 0.54170216373190205, "scaled_y": 0.183414019076234, "post_mean": 3.1524530937835999, "post_sd": 0.17041423852662799, "post_q10": 2.93600030169338, "post_q50": 3.151746544131, "post_q90": 3.37105693650222, "post_prob_exceed": 0.049666666666666699, "post_exc_mean": 0.00355386584755054, "prosp_score_happy": 0.15657183699125199, "prosp_score_sad": 2.93600030169338, "domain_class": "Background" }, "geometry": { "type": "Point", "coordinates": [ -157.62376277079531, 56.922966918034923 ] } },
{ "type": "Feature", "properties": { "field_1": 464, "x": -109432.7549, "y": 2342099.428, "scaled_x": 0.57303724551137003, "scaled_y": 1.00118614976517, "post_mean": 2.6822074959161699, "post_sd": 0.37666514410510599, "post_q10": 2.2017246002577302, "post_q50": 2.6828380171954498, "post_q90": 3.1664889907865099, "post_prob_exceed": 0.0225, "post_exc_mean": 0.00316218004011328, "prosp_score_happy": 0.060349668658113698, "prosp_score_sad": 2.2017246002577302, "domain_class": "Background" }, "geometry": { "type": "Point", "coordinates": [ -156.95002630711079, 71.049999996830849 ] } },
{ "type": "Feature", "properties": { "field_1": 465, "x": -110498.6397, "y": 2318119.992, "scaled_x": 0.57273542753336204, "scaled_y": 0.98867699414405696, "post_mean": 2.7772359672333899, "post_sd": 0.325412446490214, "post_q10": 2.36001998903668, "post_q50": 2.7771831172232999, "post_q90": 3.19511816414128, "post_prob_exceed": 0.0213, "post_exc_mean": 0.00254093881262391, "prosp_score_happy": 0.059155126102071097, "prosp_score_sad": 2.36001998903668, "domain_class": "Background" }, "geometry": { "type": "Point", "coordinates": [ -156.950026307815051, 70.829988219774336 ] } },
{ "type": "Feature", "properties": { "field_1": 466, "x": -111577.9046, "y": 2293839.541, "scaled_x": 0.57242982082065497, "scaled_y": 0.97601081049779903, "post_mean": 2.8629927004546198, "post_sd": 0.28194274663746699, "post_q10": 2.5022892848622802, "post_q50": 2.8633559798594099, "post_q90": 3.2259571613713298, "post_prob_exceed": 0.0215333333333333, "post_exc_mean": 0.0021534662766444501, "prosp_score_happy": 0.061649776149789601, "prosp_score_sad": 2.5022892848622802, "domain_class": "Background" }, "geometry": { "type": "Point", "coordinates": [ -156.950026308446809, 70.607519186657314 ] } },
{ "type": "Feature", "properties": { "field_1": 467, "x": -112670.6548, "y": 2269255.706, "scaled_x": 0.57212039558461503, "scaled_y": 0.96318636300959903, "post_mean": 2.93916148491004, "post_sd": 0.24684762429519899, "post_q10": 2.6237418035905402, "post_q50": 2.93946076730606, "post_q90": 3.2568036405881, "post_prob_exceed": 0.0229, "post_exc_mean": 0.0019922420602296702, "prosp_score_happy": 0.067306798004439894, "prosp_score_sad": 2.6237418035905402, "domain_class": "Background" }, "geometry": { "type": "Point", "coordinates": [ -156.950026306342437, 70.382568846063421 ] } },
{ "type": "Feature", "properties": { "field_1": 468, "x": -113776.9956, "y": 2244366.123, "scaled_x": 0.57180712200829298, "scaled_y": 0.95020241847097497, "post_mean": 3.00556622297082, "post_sd": 0.220482465998531, "post_q10": 2.7238487756660401, "post_q50": 3.00554652072511, "post_q90": 3.28893226914861, "post_prob_exceed": 0.0261333333333333, "post_exc_mean": 0.0021160395845781399, "prosp_score_happy": 0.078545463960303999, "prosp_score_sad": 2.7238487756660401, "domain_class": "Background" }, "geometry": { "type": "Point", "coordinates": [ -156.95002630728635, 70.155113038780939 ] } },
{ "type": "Feature", "properties": { "field_1": 469, "x": -114897.0319, "y": 2219168.43, "scaled_x": 0.57148997038800498, "scaled_y": 0.93705774471676695, "post_mean": 3.0621913237890301, "post_sd": 0.20268733999918401, "post_q10": 2.8028445733679099, "post_q50": 3.0621502976942399, "post_q90": 3.3224072668856901, "post_prob_exceed": 0.0331, "post_exc_mean": 0.0026233002816279201, "prosp_score_happy": 0.101358532817417, "prosp_score_sad": 2.8028445733679099, "domain_class": "Background" }, "geometry": { "type": "Point", "coordinates": [ -156.950026308862277, 69.92512746728589 ] } },
{ "type": "Feature", "properties": { "field_1": 470, "x": -116030.8682, "y": 2193660.274, "scaled_x": 0.57116891113333002, "scaled_y": 0.92375111427677303, "post_mean": 3.1091992676895801, "post_sd": 0.192556034341692, "post_q10": 2.8624093650830802, "post_q50": 3.1078895496553298, "post_q90": 3.3552720607001598, "post_prob_exceed": 0.0459, "post_exc_mean": 0.0036172441203491199, "prosp_score_happy": 0.14271224638695201, "prosp_score_sad": 2.8624093650830802, "domain_class": "Background" }, "geometry": { "type": "Point", "coordinates": [ -156.950026308747425, 69.692587756075795 ] } },
{ "type": "Feature", "properties": { "field_1": 471, "x": -117178.609, "y": 2167839.306, "scaled_x": 0.57084391465384798, "scaled_y": 0.91028130176743505, "post_mean": 3.14694369641823, "post_sd": 0.18848162689033299, "post_q10": 2.90468654381278, "post_q50": 3.1462631560822198, "post_q90": 3.39012212825532, "post_prob_exceed": 0.0633, "post_exc_mean": 0.0051976309551918301, "prosp_score_happy": 0.199201535983274, "prosp_score_sad": 2.90468654381278, "domain_class": "Background" }, "geometry": { "type": "Point", "coordinates": [ -156.950026309179862, 69.457469402323341 ] } },
{ "type": "Feature", "properties": { "field_1": 472, "x": -118340.3582, "y": 2141703.186, "scaled_x": 0.57051495152903797, "scaled_y": 0.89664708650015601, "post_mean": 3.1759760231140501, "post_sd": 0.188522049036525, "post_q10": 2.9345867691932401, "post_q50": 3.1764815325178302, "post_q90": 3.4201060638466299, "post_prob_exceed": 0.086233333333333301, "post_exc_mean": 0.0073627539353742603, "prosp_score_happy": 0.27387499905986801, "prosp_score_sad": 2.9345867691932401, "domain_class": "Background" }, "geometry": { "type": "Point", "coordinates": [ -156.950026307333218, 69.219747817903823 ] } },
{ "type": "Feature", "properties": { "field_1": 473, "x": -119516.2196, "y": 2115249.583, "scaled_x": 0.57018199236669198, "scaled_y": 0.88284725248129003, "post_mean": 3.1970434563973602, "post_sd": 0.19084074641358501, "post_q10": 2.9522615440357298, "post_q50": 3.1970127997444102, "post_q90": 3.4418187960977602, "post_prob_exceed": 0.107633333333333, "post_exc_mean": 0.0098563861785378806, "prosp_score_happy": 0.34410844402356899, "prosp_score_sad": 2.9522615440357298, "domain_class": "Background" }, "geometry": { "type": "Point", "coordinates": [ -156.950026307888209, 68.97939832528148 ] } },
{ "type": "Feature", "properties": { "field_1": 474, "x": -120706.2964, "y": 2088476.174, "scaled_x": 0.56984500794450099, "scaled_y": 0.86888058789048905, "post_mean": 3.21107621026629, "post_sd": 0.19397332776777301, "post_q10": 2.9628525206148901, "post_q50": 3.21073929778637, "post_q90": 3.4584711629973199, "post_prob_exceed": 0.124466666666667, "post_exc_mean": 0.012110658811750099, "prosp_score_happy": 0.399671952304477, "prosp_score_sad": 2.9628525206148901, "domain_class": "Background" }, "geometry": { "type": "Point", "coordinates": [ -156.950026309377421, 68.736396144674785 ] } },
{ "type": "Feature", "properties": { "field_1": 475, "x": -121910.6912, "y": 2061380.647, "scaled_x": 0.56950396921005397, "scaled_y": 0.85474588664568296, "post_mean": 3.2191618514933298, "post_sd": 0.19688491679543299, "post_q10": 2.9675921565694998, "post_q50": 3.2200992747725699, "post_q90": 3.4706667628309402, "post_prob_exceed": 0.136833333333333, "post_exc_mean": 0.013772311145618299, "prosp_score_happy": 0.44048864667933801, "prosp_score_sad": 2.9675921565694998, "domain_class": "Background" }, "geometry": { "type": "Point", "coordinates": [ -156.950026307706025, 68.490716417175193 ] } },
{ "type": "Feature", "properties": { "field_1": 476, "x": -123129.5065, "y": 2033960.702, "scaled_x": 0.56915884713925402, "scaled_y": 0.840441948924745, "post_mean": 3.2225052251721999, "post_sd": 0.19891267204582799, "post_q10": 2.9684508708762101, "post_q50": 3.2227999200038702, "post_q90": 3.4771666123694098, "post_prob_exceed": 0.14296666666666699, "post_exc_mean": 0.0146920636888391, "prosp_score_happy": 0.46071083035878502, "prosp_score_sad": 2.9684508708762101, "domain_class": "Background" }, "geometry": { "type": "Point", "coordinates": [ -156.950026309310772, 68.242334209348883 ] } },
{ "type": "Feature", "properties": { "field_1": 477, "x": -124362.8438, "y": 2006214.051, "scaled_x": 0.56880961299116595, "scaled_y": 0.82596758116548696, "post_mean": 3.2223733441964599, "post_sd": 0.199681695614879, "post_q10": 2.96677406238509, "post_q50": 3.2235867850186901, "post_q90": 3.47778697063529, "post_prob_exceed": 0.144, "post_exc_mean": 0.014824905928843, "prosp_score_happy": 0.46402176156429098, "prosp_score_sad": 2.96677406238509, "domain_class": "Background" }, "geometry": { "type": "Point", "coordinates": [ -156.95002630932143, 67.991224509244901 ] } },
{ "type": "Feature", "properties": { "field_1": 478, "x": -125610.8042, "y": 1978138.421, "scaled_x": 0.56845623813812296, "scaled_y": 0.81132159763065104, "post_mean": 3.22002618993587, "post_sd": 0.19903644156538, "post_q10": 2.9648151126615399, "post_q50": 3.2211182410496799, "post_q90": 3.47454866050832, "post_prob_exceed": 0.140866666666667, "post_exc_mean": 0.0143283697886178, "prosp_score_happy": 0.45359435595563302, "prosp_score_sad": 2.9648151126615399, "domain_class": "Background" }, "geometry": { "type": "Point", "coordinates": [ -156.950026309315632, 67.737362248777714 ] } },
{ "type": "Feature", "properties": { "field_1": 479, "x": -126873.4881, "y": 1949731.553, "scaled_x": 0.56809869415066705, "scaled_y": 0.79650281988624205, "post_mean": 3.2166365839188198, "post_sd": 0.196997058888988, "post_q10": 2.9648134147141798, "post_q50": 3.2175050494252702, "post_q90": 3.4668652980888699, "post_prob_exceed": 0.13463333333333299, "post_exc_mean": 0.0133532809016347, "prosp_score_happy": 0.43306650541493702, "prosp_score_sad": 2.9648134147141798, "domain_class": "Background" }, "geometry": { "type": "Point", "coordinates": [ -156.950026309004954, 67.480722290198784 ] } },
{ "type": "Feature", "properties": { "field_1": 480, "x": -128150.9951, "y": 1920991.205, "scaled_x": 0.567736952825872, "scaled_y": 0.78151007836651698, "post_mean": 3.21320513865196, "post_sd": 0.19373422370138299, "post_q10": 2.9665190186092998, "post_q50": 3.2147573670217602, "post_q90": 3.4601664988785101, "post_prob_exceed": 0.1267, "post_exc_mean": 0.0121784420680724, "prosp_score_happy": 0.407113091067204, "prosp_score_sad": 2.9665190186092998, "domain_class": "Background" }, "geometry": { "type": "Point", "coordinates": [ -156.950026307092884, 67.221279448470767 ] } },
{ "type": "Feature", "properties": { "field_1": 481, "x": -129443.4243, "y": 1891915.152, "scaled_x": 0.567370986102393, "scaled_y": 0.76634221237398104, "post_mean": 3.2104794745540501, "post_sd": 0.189548728411227, "post_q10": 2.9696367528818599, "post_q50": 3.21209673673961, "post_q90": 3.45165214638532, "post_prob_exceed": 0.118066666666667, "post_exc_mean": 0.0109604266575263, "prosp_score_happy": 0.37905060996234802, "prosp_score_sad": 2.9696367528818599, "domain_class": "Background" }, "geometry": { "type": "Point", "coordinates": [ -156.950026308153525, 66.95900848627177 ] } },
{ "type": "Feature", "properties": { "field_1": 482, "x": -130750.8735, "y": 1862501.189, "scaled_x": 0.56700076628699503, "scaled_y": 0.75099807164437704, "post_mean": 3.20888980970477, "post_sd": 0.184838893195193, "post_q10": 2.9733410970163101, "post_q50": 3.20978575496492, "post_q90": 3.4440689470211301, "post_prob_exceed": 0.110366666666667, "post_exc_mean": 0.0098543358983477491, "prosp_score_happy": 0.35415447199775002, "prosp_score_sad": 2.9733410970163101, "domain_class": "Background" }, "geometry": { "type": "Point", "coordinates": [ -156.95002630731824, 66.693884136331192 ] } },
{ "type": "Feature", "properties": { "field_1": 483, "x": -132073.44, "y": 1832747.131, "scaled_x": 0.566626265828024, "scaled_y": 0.73547651634668498, "post_mean": 3.2085147173053299, "post_sd": 0.18004036228413201, "post_q10": 2.9796145374633398, "post_q50": 3.2090114456425298, "post_q90": 3.4380190030945599, "post_prob_exceed": 0.104433333333333, "post_exc_mean": 0.0089732952723480201, "prosp_score_happy": 0.33507588697725399, "prosp_score_sad": 2.9796145374633398, "domain_class": "Background" }, "geometry": { "type": "Point", "coordinates": [ -156.950026308588633, 66.42588109596565 ] } },
{ "type": "Feature", "properties": { "field_1": 484, "x": -133411.2198, "y": 1802650.814, "scaled_x": 0.56624745754193595, "scaled_y": 0.71977641760477895, "post_mean": 3.2090901114002199, "post_sd": 0.17553285286508799, "post_q10": 2.9859707520024399, "post_q50": 3.2093165473991001, "post_q90": 3.43288525122207, "post_prob_exceed": 0.098733333333333298, "post_exc_mean": 0.0082589760399731996, "prosp_score_happy": 0.31684416366558099, "prosp_score_sad": 2.9859707520024399, "domain_class": "Background" }, "geometry": { "type": "Point", "coordinates": [ -156.950026307712704, 66.154974031148569 ] } },
{ "type": "Feature", "properties": { "field_1": 485, "x": -134764.3082, "y": 1772210.097, "scaled_x": 0.56586431444340102, "scaled_y": 0.703896658540758, "post_mean": 3.21007025512161, "post_sd": 0.171529157633389, "post_q10": 2.9925938408196799, "post_q50": 3.2103120303197401, "post_q90": 3.4288853795367902, "post_prob_exceed": 0.095666666666666705, "post_exc_mean": 0.0077217246957609004, "prosp_score_happy": 0.30709672107329999, "prosp_score_sad": 2.9925938408196799, "domain_class": "Background" }, "geometry": { "type": "Point", "coordinates": [ -156.950026307654525, 65.881137588873273 ] } },
{ "type": "Feature", "properties": { "field_1": 486, "x": -136132.7991, "y": 1741422.866, "scaled_x": 0.56547680994351501, "scaled_y": 0.68783613636158702, "post_mean": 3.2107413861313598, "post_sd": 0.16798573105082401, "post_q10": 2.9960390613205701, "post_q50": 3.2109753800468002, "post_q90": 3.4249330076792899, "post_prob_exceed": 0.0899, "post_exc_mean": 0.0072239842744937603, "prosp_score_happy": 0.28864565061320901, "prosp_score_sad": 2.9960390613205701, "domain_class": "Background" }, "geometry": { "type": "Point", "coordinates": [ -156.950026306935513, 65.604346427817205 ] } },
{ "type": "Feature", "properties": { "field_1": 487, "x": -137516.7855, "y": 1710287.032, "scaled_x": 0.565084917708221, "scaled_y": 0.67159376131577797, "post_mean": 3.21037727244856, "post_sd": 0.164581879685956, "post_q10": 2.99899137070752, "post_q50": 3.21053283969494, "post_q90": 3.4210346822451498, "post_prob_exceed": 0.086966666666666706, "post_exc_mean": 0.00664803132251019, "prosp_score_happy": 0.27919581012727701, "prosp_score_sad": 2.99899137070752, "domain_class": "Background" }, "geometry": { "type": "Point", "coordinates": [ -156.950026308661762, 65.324575194528236 ] } },
{ "type": "Feature", "properties": { "field_1": 488, "x": -138916.3588, "y": 1678800.534, "scaled_x": 0.56468861185651997, "scaled_y": 0.65516845825837, "post_mean": 3.2084141247034701, "post_sd": 0.16079043538250001, "post_q10": 3.0014378389652698, "post_q50": 3.2081503530610198, "post_q90": 3.41462667657889, "post_prob_exceed": 0.081133333333333293, "post_exc_mean": 0.0058910752054134102, "prosp_score_happy": 0.26030933265094203, "prosp_score_sad": 3.0014378389652698, "domain_class": "Background" }, "geometry": { "type": "Point", "coordinates": [ -156.950026308277273, 65.041798544866666 ] } },
{ "type": "Feature", "properties": { "field_1": 489, "x": -140331.6094, "y": 1646961.341, "scaled_x": 0.56428786679057497, "scaled_y": 0.63855916769425902, "post_mean": 3.2046134176167098, "post_sd": 0.156018902795862, "post_q10": 3.0023936895549701, "post_q50": 3.2045926342771698, "post_q90": 3.4055301730557099, "post_prob_exceed": 0.0712, "post_exc_mean": 0.00490773672694691, "prosp_score_happy": 0.22816847533431001, "prosp_score_sad": 3.0023936895549701, "domain_class": "Background" }, "geometry": { "type": "Point", "coordinates": [ -156.950026308409747, 64.755991155797972 ] } },
{ "type": "Feature", "properties": { "field_1": 490, "x": -141762.6261, "y": 1614767.453, "scaled_x": 0.56388265736560805, "scaled_y": 0.62176484629985596, "post_mean": 3.1991789140967102, "post_sd": 0.149769420300605, "post_q10": 3.0045009162087699, "post_q50": 3.1986832699783299, "post_q90": 3.3918648023356499, "post_prob_exceed": 0.0599, "post_exc_mean": 0.0037391674236503698, "prosp_score_happy": 0.19163081695439299, "prosp_score_sad": 3.0045009162087699, "domain_class": "Background" }, "geometry": { "type": "Point", "coordinates": [ -156.950026306967374, 64.467127728573104 ] } },
{ "type": "Feature", "properties": { "field_1": 491, "x": -143209.4964, "y": 1582216.905, "scaled_x": 0.56347295880495196, "scaled_y": 0.60478446900973304, "post_mean": 3.1928003732606101, "post_sd": 0.14176702240318501, "post_q10": 3.00888894994561, "post_q50": 3.1920385774204201, "post_q90": 3.3754710875865501, "post_prob_exceed": 0.044633333333333303, "post_exc_mean": 0.0025593482340426701, "prosp_score_happy": 0.14250532332653201, "prosp_score_sad": 3.00888894994561, "domain_class": "Background" }, "geometry": { "type": "Point", "coordinates": [ -156.950026307203984, 64.175183018287797 ] } },
{ "type": "Feature", "properties": { "field_1": 492, "x": -144672.3061, "y": 1549307.765, "scaled_x": 0.56305874681331503, "scaled_y": 0.58761702797330395, "post_mean": 3.1866100579335201, "post_sd": 0.132028267488672, "post_q10": 3.0156076786063402, "post_q50": 3.1860429624689202, "post_q90": 3.3562209814761901, "post_prob_exceed": 0.029766666666666702, "post_exc_mean": 0.0015502205432226801, "prosp_score_happy": 0.094854759391154397, "prosp_score_sad": 3.0156076786063402, "domain_class": "Background" }, "geometry": { "type": "Point", "coordinates": [ -156.950026307494795, 63.880131809870022 ] } },
{ "type": "Feature", "properties": { "field_1": 493, "x": -146151.1394, "y": 1516038.138, "scaled_x": 0.56263999754846294, "scaled_y": 0.57026153464146601, "post_mean": 3.1820554111585699, "post_sd": 0.120866385778161, "post_q10": 3.0265761089427001, "post_q50": 3.1815195480408698, "post_q90": 3.3375080096470402, "post_prob_exceed": 0.0174, "post_exc_mean": 0.00082503914090380703, "prosp_score_happy": 0.055367764154159199, "prosp_score_sad": 3.0265761089427001, "domain_class": "Background" }, "geometry": { "type": "Point", "coordinates": [ -156.950026307179741, 63.581948947482338 ] } },
{ "type": "Feature", "properties": { "field_1": 494, "x": -147646.0787, "y": 1482406.171, "scaled_x": 0.56221668767785604, "scaled_y": 0.55271702237491505, "post_mean": 3.1807071030277099, "post_sd": 0.10884388850979999, "post_q10": 3.0410192838293, "post_q50": 3.1808454840397, "post_q90": 3.32030587034513, "post_prob_exceed": 0.0098, "post_exc_mean": 0.000393085497083008, "prosp_score_happy": 0.031170929609671601, "prosp_score_sad": 3.0410192838293, "domain_class": "Background" }, "geometry": { "type": "Point", "coordinates": [ -156.950026306960382, 63.280609372821424 ] } },
{ "type": "Feature", "properties": { "field_1": 495, "x": -149157.2047, "y": 1448410.049, "scaled_x": 0.56178879435032703, "scaled_y": 0.53498254435749304, "post_mean": 3.18403188496751, "post_sd": 0.096687968118872494, "post_q10": 3.06018251973684, "post_q50": 3.1840786529762499, "post_q90": 3.3074533200746599, "post_prob_exceed": 0.0050666666666666698, "post_exc_mean": 0.00016106092080322699, "prosp_score_happy": 0.0161324282171687, "prosp_score_sad": 3.06018251973684, "domain_class": "Background" }, "geometry": { "type": "Point", "coordinates": [ -156.950026307294848, 62.9760880826923 ] } },
{ "type": "Feature", "properties": { "field_1": 496, "x": -150684.5961, "y": 1414048.001, "scaled_x": 0.56135629528103403, "scaled_y": 0.51705717672616103, "post_mean": 3.1931626388424199, "post_sd": 0.085180691713946696, "post_q10": 3.08405322814217, "post_q50": 3.1934405552680301, "post_q90": 3.3014187644828601, "post_prob_exceed": 0.00266666666666667, "post_exc_mean": 6.8797435846247506e-05, "prosp_score_happy": 0.0085151003702464492, "prosp_score_sad": 3.08405322814217, "domain_class": "Background" }, "geometry": { "type": "Point", "coordinates": [ -156.950026307758407, 62.66836017608091 ] } },
{ "type": "Feature", "properties": { "field_1": 497, "x": -152228.3296, "y": 1379318.301, "scaled_x": 0.56091916875145698, "scaled_y": 0.498940019092662, "post_mean": 3.2086946837042301, "post_sd": 0.075029957599087205, "post_q10": 3.1121887268817998, "post_q50": 3.2089075012267001, "post_q90": 3.30429153735522, "post_prob_exceed": 0.0014666666666666699, "post_exc_mean": 3.5788181143215103e-05, "prosp_score_happy": 0.0047060855360995402, "prosp_score_sad": 3.1121887268817998, "domain_class": "Background" }, "geometry": { "type": "Point", "coordinates": [ -156.950026307948093, 62.35740085627107 ] } },
{ "type": "Feature", "properties": { "field_1": 498, "x": -153788.4798, "y": 1344219.27, "scaled_x": 0.56047739363771898, "scaled_y": 0.480630195586843, "post_mean": 3.23053062192648, "post_sd": 0.066729935339552099, "post_q10": 3.1449037277892602, "post_q50": 3.2308096519191598, "post_q90": 3.3156913627541398, "post_prob_exceed": 0.0013666666666666701, "post_exc_mean": 2.1171934926394601e-05, "prosp_score_happy": 0.0044150585166328497, "prosp_score_sad": 3.1449037277892602, "domain_class": "Background" }, "geometry": { "type": "Point", "coordinates": [ -156.950026307269155, 62.043185441845345 ] } },
{ "type": "Feature", "properties": { "field_1": 499, "x": -155365.1192, "y": 1308749.281, "scaled_x": 0.56003094941057996, "scaled_y": 0.46212685746496202, "post_mean": 3.2577888874044598, "post_sd": 0.060447105820470602, "post_q10": 3.18011471274141, "post_q50": 3.2580903752733001, "post_q90": 3.3346882359207601, "post_prob_exceed": 0.00166666666666667, "post_exc_mean": 2.4637182643383498e-05, "prosp_score_happy": 0.0054296481456741104, "prosp_score_sad": 3.18011471274141, "domain_class": "Background" }, "geometry": { "type": "Point", "coordinates": [ -156.950026309159938, 61.725689404346646 ] } },
{ "type": "Feature", "properties": { "field_1": 500, "x": -156958.3177, "y": 1272906.755, "scaled_x": 0.55957981627702302, "scaled_y": 0.44342918102304701, "post_mean": 3.28878601431816, "post_sd": 0.0560083490790124, "post_q10": 3.21659051282121, "post_q50": 3.2890616474307302, "post_q90": 3.3598396332314802, "post_prob_exceed": 0.0046, "post_exc_mean": 7.9900912312858997e-05, "prosp_score_happy": 0.0151284156658636, "prosp_score_sad": 3.21659051282121, "domain_class": "Background" }, "geometry": { "type": "Point", "coordinates": [ -156.950026308165235, 61.404888325642467 ] } },
{ "type": "Feature", "properties": { "field_1": 501, "x": -158568.1432, "y": 1236690.169, "scaled_x": 0.55912397501035405, "scaled_y": 0.424536371770183, "post_mean": 3.3211002947774202, "post_sd": 0.053049978098958402, "post_q10": 3.2526786792017601, "post_q50": 3.3218362573446001, "post_q90": 3.3880492597192902, "post_prob_exceed": 0.0170333333333333, "post_exc_mean": 0.00032529145584778998, "prosp_score_happy": 0.056569408354375503, "prosp_score_sad": 3.2526786792017601, "domain_class": "Background" }, "geometry": { "type": "Point", "coordinates": [ -156.95002630813886, 61.080757961975756 ] } },
{ "type": "Feature", "properties": { "field_1": 502, "x": -160194.6607, "y": 1200098.059, "scaled_x": 0.55866340720504903, "scaled_y": 0.40544766599350401, "post_mean": 3.3517244856093198, "post_sd": 0.051276390185702, "post_q10": 3.2856714006272498, "post_q50": 3.35226328938165, "post_q90": 3.4168445095196098, "post_prob_exceed": 0.054133333333333297, "post_exc_mean": 0.0012074942667366199, "prosp_score_happy": 0.18144001882098401, "prosp_score_sad": 3.2856714006272498, "domain_class": "Background" }, "geometry": { "type": "Point", "coordinates": [ -156.950026307677263, 60.753274263850741 ] } },
{ "type": "Feature", "properties": { "field_1": 503, "x": -161837.9329, "y": 1163129.016, "scaled_x": 0.55819809510685603, "scaled_y": 0.38616232867153999, "post_mean": 3.3773157488728001, "post_sd": 0.050684676164056003, "post_q10": 3.3122973972188001, "post_q50": 3.37747621124843, "post_q90": 3.4421592112050701, "post_prob_exceed": 0.1313, "post_exc_mean": 0.0033658608156998098, "prosp_score_happy": 0.44344155782699801, "prosp_score_sad": 3.3122973972188001, "domain_class": "Background" }, "geometry": { "type": "Point", "coordinates": [ -156.950026308068374, 60.42241333273671 ] } },
{ "type": "Feature", "properties": { "field_1": 504, "x": -163498.0196, "y": 1125781.694, "scaled_x": 0.55772802178269298, "scaled_y": 0.36667965764751598, "post_mean": 3.3945495948881699, "post_sd": 0.051618849008352598, "post_q10": 3.3282070691132701, "post_q50": 3.3942195584224102, "post_q90": 3.4608830689222301, "post_prob_exceed": 0.223066666666667, "post_exc_mean": 0.0066194484314192796, "prosp_score_happy": 0.75721086296638696, "prosp_score_sad": 3.3282070691132701, "domain_class": "Background" }, "geometry": { "type": "Point", "coordinates": [ -156.950026308752342, 60.088151485364968 ] } },
{ "type": "Feature", "properties": { "field_1": 505, "x": -165174.9776, "y": 1088054.812, "scaled_x": 0.557253171148963, "scaled_y": 0.34699898467267298, "post_mean": 3.4005784112364399, "post_sd": 0.054573045343134098, "post_q10": 3.3304315270113101, "post_q50": 3.4004474351332501, "post_q90": 3.47091026957925, "post_prob_exceed": 0.27196666666666702, "post_exc_mean": 0.0090482561717267693, "prosp_score_happy": 0.92484397524260498, "prosp_score_sad": 3.3304315270113101, "domain_class": "Background" }, "geometry": { "type": "Point", "coordinates": [ -156.950026307216064, 59.750465264180107 ] } },
{ "type": "Feature", "properties": { "field_1": 506, "x": -166868.8612, "y": 1049947.155, "scaled_x": 0.55677352782997303, "scaled_y": 0.32711967592793001, "post_mean": 3.3935814905598698, "post_sd": 0.059804662094215803, "post_q10": 3.3171594534784901, "post_q50": 3.3937640755901, "post_q90": 3.4701519799704599, "post_prob_exceed": 0.25033333333333302, "post_exc_mean": 0.0088779631736850394, "prosp_score_happy": 0.84952656647015501, "prosp_score_sad": 3.3171594534784901, "domain_class": "Background" }, "geometry": { "type": "Point", "coordinates": [ -156.950026308705475, 59.40933143857346 ] } },
{ "type": "Feature", "properties": { "field_1": 507, "x": -168579.721, "y": 1011457.577, "scaled_x": 0.55628907749773304, "scaled_y": 0.30704113358886997, "post_mean": 3.3733711726865501, "post_sd": 0.067052235608813002, "post_q10": 3.2881640702070598, "post_q50": 3.3737547187353401, "post_q90": 3.4591769566730801, "post_prob_exceed": 0.1849, "post_exc_mean": 0.0066323060610963096, "prosp_score_happy": 0.62373632982974303, "prosp_score_sad": 3.2881640702070598, "domain_class": "Background" }, "geometry": { "type": "Point", "coordinates": [ -156.950026307193184, 59.064727024616261 ] } },
{ "type": "Feature", "properties": { "field_1": 508, "x": -170307.605, "y": 972585.0045, "scaled_x": 0.55579980656046901, "scaled_y": 0.28676279765155599, "post_mean": 3.34199042136868, "post_sd": 0.075666758955775196, "post_q10": 3.24522188172558, "post_q50": 3.3422812822013701, "post_q90": 3.4391551848209798, "post_prob_exceed": 0.112, "post_exc_mean": 0.0040731251212117797, "prosp_score_happy": 0.374302927193292, "prosp_score_sad": 3.24522188172558, "domain_class": "Background" }, "geometry": { "type": "Point", "coordinates": [ -156.950026307665297, 58.716629308321664 ] } },
{ "type": "Feature", "properties": { "field_1": 509, "x": -172052.5575, "y": 933328.4384, "scaled_x": 0.55530570247410804, "scaled_y": 0.26628414692369001, "post_mean": 3.3042069998324402, "post_sd": 0.085262993457469405, "post_q10": 3.19489134463053, "post_q50": 3.3039835721438302, "post_q90": 3.4136206216973402, "post_prob_exceed": 0.064733333333333296, "post_exc_mean": 0.0023662341533814001, "prosp_score_happy": 0.21389233312248701, "prosp_score_sad": 3.19489134463053, "domain_class": "Background" }, "geometry": { "type": "Point", "coordinates": [ -156.950026308179218, 58.365015855466851 ] } },
{ "type": "Feature", "properties": { "field_1": 510, "x": -173814.6194, "y": 893686.9573, "scaled_x": 0.55480675365733001, "scaled_y": 0.245604700746093, "post_mean": 3.26778924728128, "post_sd": 0.097017098182447706, "post_q10": 3.14411515726216, "post_q50": 3.26744377427076, "post_q90": 3.3916319499022598, "post_prob_exceed": 0.0446, "post_exc_mean": 0.0017146187911368, "prosp_score_happy": 0.14574340042874501, "prosp_score_sad": 3.14411515726216, "domain_class": "Background" }, "geometry": { "type": "Point", "coordinates": [ -156.950026307781201, 58.009864533363768 ] } },
{ "type": "Feature", "properties": { "field_1": 511, "x": -175593.8282, "y": 853659.7203, "scaled_x": 0.554302949491562, "scaled_y": 0.22472402045336301, "post_mean": 3.24345180126552, "post_sd": 0.115574083440824, "post_q10": 3.0956012599379101, "post_q50": 3.2432166007249901, "post_q90": 3.3917438091649599, "post_prob_exceed": 0.0498, "post_exc_mean": 0.0023891924549016902, "prosp_score_happy": 0.161523899703023, "prosp_score_sad": 3.0956012599379101, "domain_class": "Background" }, "geometry": { "type": "Point", "coordinates": [ -156.950026308546342, 57.651153528287992 ] } },
{ "type": "Feature", "properties": { "field_1": 512, "x": -177390.2174, "y": 813245.9699, "scaled_x": 0.55379428049087898, "scaled_y": 0.20364171088669, "post_mean": 3.2443969105795301, "post_sd": 0.14989025753075699, "post_q10": 3.05137483684137, "post_q50": 3.24391321199623, "post_q90": 3.4363926330534502, "post_prob_exceed": 0.103, "post_exc_mean": 0.0074651039227694197, "prosp_score_happy": 0.33417288178969101, "prosp_score_sad": 3.05137483684137, "domain_class": "Background" }, "geometry": { "type": "Point", "coordinates": [ -156.950026307602087, 57.288861364060331 ] } },
{ "type": "Feature", "properties": { "field_1": 513, "x": -179203.817, "y": 772445.0347, "scaled_x": 0.553280738160425, "scaled_y": 0.18235742180234499, "post_mean": 3.2854483756979298, "post_sd": 0.210430177079898, "post_q10": 3.0177324414620701, "post_q50": 3.28475980972186, "post_q90": 3.55454786428884, "post_prob_exceed": 0.23806666666666701, "post_exc_mean": 0.0298367377214406, "prosp_score_happy": 0.78215574330782001, "prosp_score_sad": 3.0177324414620701, "domain_class": "Background" }, "geometry": { "type": "Point", "coordinates": [ -156.950026307569772, 56.922966918432941 ] } },
{ "type": "Feature", "properties": { "field_1": 514, "x": -84451.38931, "y": 2341115.948, "scaled_x": 0.58011101675779397, "scaled_y": 1.0006731058232501, "post_mean": 2.5362213467978401, "post_sd": 0.34962929226417999, "post_q10": 2.08957425324704, "post_q50": 2.5363590763161001, "post_q90": 2.9843418983272301, "post_prob_exceed": 0.0051, "post_exc_mean": 0.00055412830165306698, "prosp_score_happy": 0.012934728868669001, "prosp_score_sad": 2.08957425324704, "domain_class": "Background" }, "geometry": { "type": "Point", "coordinates": [ -156.276289844928669, 71.05000000028312 ] } },
{ "type": "Feature", "properties": { "field_1": 515, "x": -85273.95337, "y": 2317126.933, "scaled_x": 0.57987809794577005, "scaled_y": 0.98815895320381397, "post_mean": 2.6401521772135799, "post_sd": 0.30011322889671399, "post_q10": 2.2562490969649298, "post_q50": 2.6400845990485799, "post_q90": 3.0256702009071001, "post_prob_exceed": 0.0037333333333333298, "post_exc_mean": 0.00034060673981201002, "prosp_score_happy": 0.0098565681282640205, "prosp_score_sad": 2.2562490969649298, "domain_class": "Background" }, "geometry": { "type": "Point", "coordinates": [ -156.276289845386799, 70.829988224935434 ] } },
{ "type": "Feature", "properties": { "field_1": 516, "x": -86106.8431, "y": 2292836.782, "scaled_x": 0.57964225529728497, "scaled_y": 0.975487709438147, "post_mean": 2.7351304599441901, "post_sd": 0.25893890810607501, "post_q10": 2.4034685908067299, "post_q50": 2.7351308079055299, "post_q90": 3.0690405605829998, "post_prob_exceed": 0.0037, "post_exc_mean": 0.00022728326289573101, "prosp_score_happy": 0.0101199827017935, "prosp_score_sad": 2.4034685908067299, "domain_class": "Background" }, "geometry": { "type": "Point", "coordinates": [ -156.276289844742564, 70.607519186652127 ] } },
{ "type": "Feature", "properties": { "field_1": 517, "x": -86950.13977, "y": 2268243.127, "scaled_x": 0.57940346579977098, "scaled_y": 0.96265813923112198, "post_mean": 2.8208094499575598, "post_sd": 0.22674529928321999, "post_q10": 2.5308623645281099, "post_q50": 2.8210216850226999, "post_q90": 3.1125393651098601, "post_prob_exceed": 0.0035333333333333302, "post_exc_mean": 0.00018867586992286301, "prosp_score_happy": 0.0099668600565167107, "prosp_score_sad": 2.5308623645281099, "domain_class": "Background" }, "geometry": { "type": "Point", "coordinates": [ -156.276289844942255, 70.382568851770372 ] } },
{ "type": "Feature", "properties": { "field_1": 518, "x": -87803.92452, "y": 2243343.6, "scaled_x": 0.57916170647747001, "scaled_y": 0.94966900728761094, "post_mean": 2.89697966111952, "post_sd": 0.20379813376782399, "post_q10": 2.6361079475265998, "post_q50": 2.89747732706474, "post_q90": 3.15917238242938, "post_prob_exceed": 0.0040666666666666698, "post_exc_mean": 0.00021945437364258099, "prosp_score_happy": 0.011781050621886001, "prosp_score_sad": 2.6361079475265998, "domain_class": "Background" }, "geometry": { "type": "Point", "coordinates": [ -156.276289844489639, 70.155113033248384 ] } },
{ "type": "Feature", "properties": { "field_1": 519, "x": -88668.27831, "y": 2218135.842, "scaled_x": 0.57891695440559399, "scaled_y": 0.93651908300743902, "post_mean": 2.96358974374423, "post_sd": 0.18963201380998701, "post_q10": 2.7208782464713201, "post_q50": 2.9636648700066299, "post_q90": 3.2073451401596, "post_prob_exceed": 0.0067, "post_exc_mean": 0.00037392330213348101, "prosp_score_happy": 0.019856051283086401, "prosp_score_sad": 2.7208782464713201, "domain_class": "Background" }, "geometry": { "type": "Point", "coordinates": [ -156.27628984524523, 69.925127469523318 ] } },
{ "type": "Feature", "properties": { "field_1": 520, "x": -89543.28189, "y": 2192617.495, "scaled_x": 0.57866918671881895, "scaled_y": 0.92320713631209395, "post_mean": 3.02076460073161, "post_sd": 0.182870581778698, "post_q10": 2.7869525712892198, "post_q50": 3.0199182504091899, "post_q90": 3.25640385418331, "post_prob_exceed": 0.011633333333333299, "post_exc_mean": 0.00072104994349741602, "prosp_score_happy": 0.035141561521844403, "prosp_score_sad": 2.7869525712892198, "domain_class": "Background" }, "geometry": { "type": "Point", "coordinates": [ -156.27628984453392, 69.692587748043849 ] } },
{ "type": "Feature", "properties": { "field_1": 521, "x": -90429.01581, "y": 2166786.213, "scaled_x": 0.57841838060845197, "scaled_y": 0.909731943383005, "post_mean": 3.0688188654371999, "post_sd": 0.18147834839525601, "post_q10": 2.8380594873703502, "post_q50": 3.0687276005725899, "post_q90": 3.3014759625714101, "post_prob_exceed": 0.0219666666666667, "post_exc_mean": 0.0014469457972673199, "prosp_score_happy": 0.067411721077437106, "prosp_score_sad": 2.8380594873703502, "domain_class": "Background" }, "geometry": { "type": "Point", "coordinates": [ -156.276289845103577, 69.457469401873794 ] } },
{ "type": "Feature", "properties": { "field_1": 522, "x": -91325.56035, "y": 2140639.652, "scaled_x": 0.57816451334225605, "scaled_y": 0.89609228144492603, "post_mean": 3.1082637865462099, "post_sd": 0.18330929615861999, "post_q10": 2.8742128303532799, "post_q50": 3.1085851930990902, "post_q90": 3.3446428502813599, "post_prob_exceed": 0.036733333333333298, "post_exc_mean": 0.0027071518402218601, "prosp_score_happy": 0.114176889759131, "prosp_score_sad": 2.8742128303532799, "domain_class": "Background" }, "geometry": { "type": "Point", "coordinates": [ -156.276289844578741, 69.219747814958808 ] } },
{ "type": "Feature", "properties": { "field_1": 523, "x": -92232.9955, "y": 2114175.482, "scaled_x": 0.57790756227010798, "scaled_y": 0.88228693502587496, "post_mean": 3.1398051700407401, "post_sd": 0.18656055664183099, "post_q10": 2.89951085058753, "post_q50": 3.13986933013609, "post_q90": 3.37963796127922, "post_prob_exceed": 0.058466666666666701, "post_exc_mean": 0.0045485195495016404, "prosp_score_happy": 0.183573942275049, "prosp_score_sad": 2.89951085058753, "domain_class": "Background" }, "geometry": { "type": "Point", "coordinates": [ -156.276289845363152, 68.979398327371285 ] } },
{ "type": "Feature", "properties": { "field_1": 524, "x": -93151.40091, "y": 2087391.377, "scaled_x": 0.57764750483816296, "scaled_y": 0.86831469074051804, "post_mean": 3.1643301307182901, "post_sd": 0.18994154857593501, "post_q10": 2.92086710709119, "post_q50": 3.1637939909189199, "post_q90": 3.4064518640083699, "post_prob_exceed": 0.0783, "post_exc_mean": 0.0067065437642576803, "prosp_score_happy": 0.24776704923524201, "prosp_score_sad": 2.92086710709119, "domain_class": "Background" }, "geometry": { "type": "Point", "coordinates": [ -156.276289844813647, 68.736396140527177 ] } },
{ "type": "Feature", "properties": { "field_1": 525, "x": -94080.8559, "y": 2060285.026, "scaled_x": 0.57738431858601702, "scaled_y": 0.85417434302844597, "post_mean": 3.1828804333760199, "post_sd": 0.19263671039022501, "post_q10": 2.9368591957681098, "post_q50": 3.18319318019141, "post_q90": 3.4287218735413498, "post_prob_exceed": 0.0953, "post_exc_mean": 0.0087409744687015102, "prosp_score_happy": 0.30332850530073402, "prosp_score_sad": 2.9368591957681098, "domain_class": "Background" }, "geometry": { "type": "Point", "coordinates": [ -156.276289844847213, 68.490716412886115 ] } },
{ "type": "Feature", "properties": { "field_1": 526, "x": -95021.43937, "y": 2032854.127, "scaled_x": 0.57711798117219704, "scaled_y": 0.83986469102420702, "post_mean": 3.19661084129869, "post_sd": 0.19419592760037699, "post_q10": 2.94891447351685, "post_q50": 3.1968762527490502, "post_q90": 3.4449457487202402, "post_prob_exceed": 0.10983333333333301, "post_exc_mean": 0.010417386478227699, "prosp_score_happy": 0.35109442406930602, "prosp_score_sad": 2.94891447351685, "domain_class": "Background" }, "geometry": { "type": "Point", "coordinates": [ -156.276289844639308, 68.242334201327836 ] } },
{ "type": "Feature", "properties": { "field_1": 527, "x": -95973.22978, "y": 2005096.393, "scaled_x": 0.57684847037981701, "scaled_y": 0.82538454168727904, "post_mean": 3.2067318377213101, "post_sd": 0.19442982895798799, "post_q10": 2.9588545387932399, "post_q50": 3.2078723549574599, "post_q90": 3.4548185506590299, "post_prob_exceed": 0.12076666666666699, "post_exc_mean": 0.0116122235800453, "prosp_score_happy": 0.38726631493547697, "prosp_score_sad": 2.9588545387932399, "domain_class": "Background" }, "geometry": { "type": "Point", "coordinates": [ -156.276289845159511, 67.991224511124557 ] } },
{ "type": "Feature", "properties": { "field_1": 528, "x": -96936.30514, "y": 1977009.547, "scaled_x": 0.57657576411941802, "scaled_y": 0.81073270719375301, "post_mean": 3.2144377895437199, "post_sd": 0.19333463418875599, "post_q10": 2.9663840035840798, "post_q50": 3.2152692383781201, "post_q90": 3.4615895432732202, "post_prob_exceed": 0.12743333333333301, "post_exc_mean": 0.012326154409465599, "prosp_score_happy": 0.409626522314188, "prosp_score_sad": 2.9663840035840798, "domain_class": "Background" }, "geometry": { "type": "Point", "coordinates": [ -156.276289844825868, 67.737362246267026 ] } },
{ "type": "Feature", "properties": { "field_1": 529, "x": -97910.74292, "y": 1948591.331, "scaled_x": 0.57629984045444604, "scaled_y": 0.79590800963129704, "post_mean": 3.2208239579764402, "post_sd": 0.19104604314085499, "post_q10": 2.9768629107965898, "post_q50": 3.2220309065077899, "post_q90": 3.4643633826348399, "post_prob_exceed": 0.13146666666666701, "post_exc_mean": 0.012633743462545, "prosp_score_happy": 0.42343098967530302, "prosp_score_sad": 2.9768629107965898, "domain_class": "Background" }, "geometry": { "type": "Point", "coordinates": [ -156.276289844708913, 67.480722286197448 ] } },
{ "type": "Feature", "properties": { "field_1": 530, "x": -98896.62002, "y": 1919839.502, "scaled_x": 0.57602067760975095, "scaled_y": 0.78090927891250494, "post_mean": 3.2267987910980098, "post_sd": 0.18781188923446901, "post_q10": 2.9868107108479802, "post_q50": 3.228860744815, "post_q90": 3.4661910218292298, "post_prob_exceed": 0.1342, "post_exc_mean": 0.012695881563159201, "prosp_score_happy": 0.43303639776535402, "prosp_score_sad": 2.9868107108479802, "domain_class": "Background" }, "geometry": { "type": "Point", "coordinates": [ -156.276289844556999, 67.221279444910522 ] } },
{ "type": "Feature", "properties": { "field_1": 531, "x": -99894.01277, "y": 1890751.835, "scaled_x": 0.57573825397158196, "scaled_y": 0.76573535433988504, "post_mean": 3.23300126805171, "post_sd": 0.18396898363679601, "post_q10": 2.9983577386914, "post_q50": 3.2347354936766601, "post_q90": 3.4673722817553401, "post_prob_exceed": 0.1376, "post_exc_mean": 0.012676268432547299, "prosp_score_happy": 0.44486097448391498, "prosp_score_sad": 2.9983577386914, "domain_class": "Background" }, "geometry": { "type": "Point", "coordinates": [ -156.276289845203081, 66.959008493158976 ] } },
{ "type": "Feature", "properties": { "field_1": 532, "x": -100902.9968, "y": 1861326.122, "scaled_x": 0.57545254812440605, "scaled_y": 0.75038508408419302, "post_mean": 3.2397361275578498, "post_sd": 0.17990794493966999, "post_q10": 3.0109369457589201, "post_q50": 3.2413576681598402, "post_q90": 3.4693630968209299, "post_prob_exceed": 0.13853333333333301, "post_exc_mean": 0.0127136185144713, "prosp_score_happy": 0.44881144487101399, "prosp_score_sad": 3.0109369457589201, "domain_class": "Background" }, "geometry": { "type": "Point", "coordinates": [ -156.276289844807707, 66.693884144504537 ] } },
{ "type": "Feature", "properties": { "field_1": 533, "x": -101923.6471, "y": 1831560.177, "scaled_x": 0.57516353883391003, "scaled_y": 0.73485732779274604, "post_mean": 3.2469415465415099, "post_sd": 0.176012922578724, "post_q10": 3.0239216213359601, "post_q50": 3.2474050956714602, "post_q90": 3.4711798504991398, "post_prob_exceed": 0.1426, "post_exc_mean": 0.0128796263677666, "prosp_score_happy": 0.46301386453681898, "prosp_score_sad": 3.0239216213359601, "domain_class": "Background" }, "geometry": { "type": "Point", "coordinates": [ -156.276289844156594, 66.425881095198847 ] } },
{ "type": "Feature", "properties": { "field_1": 534, "x": -102956.0379, "y": 1801451.837, "scaled_x": 0.57487120508098499, "scaled_y": 0.71915095711108301, "post_mean": 3.2542030120573902, "post_sd": 0.17257482851444, "post_q10": 3.0356468569053701, "post_q50": 3.2544436872537399, "post_q90": 3.4746428221546899, "post_prob_exceed": 0.147466666666667, "post_exc_mean": 0.013194224781644399, "prosp_score_happy": 0.47988647084473002, "prosp_score_sad": 3.0356468569053701, "domain_class": "Background" }, "geometry": { "type": "Point", "coordinates": [ -156.27628984463766, 66.154974027911265 ] } },
{ "type": "Feature", "properties": { "field_1": 535, "x": -104000.2426, "y": 1770998.96, "scaled_x": 0.57457552608154705, "scaled_y": 0.70326485463963695, "post_mean": 3.2608225936552402, "post_sd": 0.16969716976572499, "post_q10": 3.0448742853299899, "post_q50": 3.2605369717402701, "post_q90": 3.47734147352767, "post_prob_exceed": 0.1519, "post_exc_mean": 0.013537713573266901, "prosp_score_happy": 0.49531895197623199, "prosp_score_sad": 3.0448742853299899, "domain_class": "Background" }, "geometry": { "type": "Point", "coordinates": [ -156.276289845179036, 65.881137588388711 ] } },
{ "type": "Feature", "properties": { "field_1": 536, "x": -105056.3337, "y": 1740199.43, "scaled_x": 0.574276481306358, "scaled_y": 0.68719791654205298, "post_mean": 3.2659441484664602, "post_sd": 0.16723274070767999, "post_q10": 3.05287479644057, "post_q50": 3.26570775229948, "post_q90": 3.4783367069063198, "post_prob_exceed": 0.1568, "post_exc_mean": 0.013761465112852899, "prosp_score_happy": 0.51210004247954, "prosp_score_sad": 3.05287479644057, "domain_class": "Background" }, "geometry": { "type": "Point", "coordinates": [ -156.276289844567657, 65.604346424908528 ] } },
{ "type": "Feature", "properties": { "field_1": 537, "x": -106124.3829, "y": 1709051.158, "scaled_x": 0.573974050452708, "scaled_y": 0.67094905306684005, "post_mean": 3.2687230965040599, "post_sd": 0.164789291356294, "post_q10": 3.05818512832789, "post_q50": 3.2689824331371198, "post_q90": 3.47933502595223, "post_prob_exceed": 0.15733333333333299, "post_exc_mean": 0.0136443875685696, "prosp_score_happy": 0.51427910051663805, "prosp_score_sad": 3.05818512832789, "domain_class": "Background" }, "geometry": { "type": "Point", "coordinates": [ -156.276289844335622, 65.324575191556633 ] } },
{ "type": "Feature", "properties": { "field_1": 538, "x": -107204.4609, "y": 1677552.082, "scaled_x": 0.57366821350105002, "scaled_y": 0.65451718854737795, "post_mean": 3.26851683007586, "post_sd": 0.161815041816952, "post_q10": 3.0600124887234799, "post_q50": 3.2684684919582598, "post_q90": 3.4752499457586201, "post_prob_exceed": 0.15266666666666701, "post_exc_mean": 0.0129039136952713, "prosp_score_happy": 0.49899356939158102, "prosp_score_sad": 3.0600124887234799, "domain_class": "Background" }, "geometry": { "type": "Point", "coordinates": [ -156.27628984437996, 65.041798542520709 ] } },
{ "type": "Feature", "properties": { "field_1": 539, "x": -108296.6374, "y": 1645700.17, "scaled_x": 0.57335895071499898, "scaled_y": 0.63790126296689897, "post_mean": 3.26506237855875, "post_sd": 0.15773757730295501, "post_q10": 3.0612664261917901, "post_q50": 3.2645895066771802, "post_q90": 3.4663846880101801, "post_prob_exceed": 0.14156666666666701, "post_exc_mean": 0.011467016558686099, "prosp_score_happy": 0.46222399739129999, "prosp_score_sad": 3.0612664261917901, "domain_class": "Background" }, "geometry": { "type": "Point", "coordinates": [ -156.276289845203877, 64.755991153113868 ] } },
{ "type": "Feature", "properties": { "field_1": 540, "x": -109400.9809, "y": 1613493.422, "scaled_x": 0.573046242697964, "scaled_y": 0.62110023300181505, "post_mean": 3.2586054039896299, "post_sd": 0.152109133012264, "post_q10": 3.0616455799754401, "post_q50": 3.2583362063497598, "post_q90": 3.4542517034067401, "post_prob_exceed": 0.1252, "post_exc_mean": 0.0094442662423664097, "prosp_score_happy": 0.40797739657950199, "prosp_score_sad": 3.0616455799754401, "domain_class": "Background" }, "geometry": { "type": "Point", "coordinates": [ -156.276289845153912, 64.467127731737378 ] } },
{ "type": "Feature", "properties": { "field_1": 541, "x": -110517.5589, "y": 1580929.87, "scaled_x": 0.57273007033651602, "scaled_y": 0.60411307202171305, "post_mean": 3.2499509578955901, "post_sd": 0.14471667255721399, "post_q10": 3.0623216086459899, "post_q50": 3.2492801304849701, "post_q90": 3.43637704900507, "post_prob_exceed": 0.102833333333333, "post_exc_mean": 0.0070475748786266697, "prosp_score_happy": 0.33420329017026301, "prosp_score_sad": 3.0623216086459899, "domain_class": "Background" }, "geometry": { "type": "Point", "coordinates": [ -156.276289844644481, 64.175183013680638 ] } },
{ "type": "Feature", "properties": { "field_1": 542, "x": -111646.4377, "y": 1548007.584, "scaled_x": 0.57241041485702004, "scaled_y": 0.58693877321932997, "post_mean": 3.2404207186501002, "post_sd": 0.135634667470864, "post_q10": 3.06559122605386, "post_q50": 3.23981589148356, "post_q90": 3.4150496631069598, "post_prob_exceed": 0.0788, "post_exc_mean": 0.0047328639331740002, "prosp_score_happy": 0.25534515262962798, "prosp_score_sad": 3.06559122605386, "domain_class": "Background" }, "geometry": { "type": "Point", "coordinates": [ -156.27628984617192, 63.880131808655449 ] } },
{ "type": "Feature", "properties": { "field_1": 543, "x": -112787.6821, "y": 1514724.667, "scaled_x": 0.57208725791058401, "scaled_y": 0.56957634700224002, "post_mean": 3.23171971427004, "post_sd": 0.12521715302876699, "post_q10": 3.0713016869951599, "post_q50": 3.23118446087912, "post_q90": 3.3940015121279199, "post_prob_exceed": 0.054866666666666702, "post_exc_mean": 0.0028189638046798898, "prosp_score_happy": 0.17731368832295, "prosp_score_sad": 3.0713016869951599, "domain_class": "Background" }, "geometry": { "type": "Point", "coordinates": [ -156.276289844701466, 63.581948949741189 ] } },
{ "type": "Feature", "properties": { "field_1": 544, "x": -113941.3559, "y": 1481079.265, "scaled_x": 0.57176058143147801, "scaled_y": 0.55202482620947602, "post_mean": 3.2257325306511202, "post_sd": 0.114036746658851, "post_q10": 3.0803165451266299, "post_q50": 3.2255306067738401, "post_q90": 3.37223432603514, "post_prob_exceed": 0.0346666666666667, "post_exc_mean": 0.00152743962812568, "prosp_score_happy": 0.111825394395905, "prosp_score_sad": 3.0803165451266299, "domain_class": "Background" }, "geometry": { "type": "Point", "coordinates": [ -156.276289844871627, 63.280609376252251 ] } },
{ "type": "Feature", "properties": { "field_1": 545, "x": -115107.5213, "y": 1447069.562, "scaled_x": 0.57143036780703205, "scaled_y": 0.53428326350321997, "post_mean": 3.2242801913980701, "post_sd": 0.102782173315102, "post_q10": 3.0925931641320701, "post_q50": 3.2242650641496602, "post_q90": 3.3557361643794499, "post_prob_exceed": 0.0206, "post_exc_mean": 0.00078758671972199896, "prosp_score_happy": 0.066420171942800296, "prosp_score_sad": 3.0925931641320701, "domain_class": "Background" }, "geometry": { "type": "Point", "coordinates": [ -156.276289845266064, 62.976088082564516 ] } },
{ "type": "Feature", "properties": { "field_1": 546, "x": -116286.239, "y": 1412693.787, "scaled_x": 0.57109659984931604, "scaled_y": 0.51635073502043105, "post_mean": 3.2288723356942901, "post_sd": 0.092126702766566496, "post_q10": 3.1103530795897099, "post_q50": 3.2289104807215399, "post_q90": 3.34625189079512, "post_prob_exceed": 0.012233333333333299, "post_exc_mean": 0.00042118371892718601, "prosp_score_happy": 0.039499871573326802, "prosp_score_sad": 3.1103530795897099, "domain_class": "Background" }, "geometry": { "type": "Point", "coordinates": [ -156.27628984536608, 62.668360173999417 ] } },
{ "type": "Feature", "properties": { "field_1": 547, "x": -117477.5682, "y": 1377950.213, "scaled_x": 0.57075926079514705, "scaled_y": 0.49822633985119202, "post_mean": 3.24048590827802, "post_sd": 0.082585240836253904, "post_q10": 3.13458200616452, "post_q50": 3.24063828790025, "post_q90": 3.3459411275248301, "post_prob_exceed": 0.00943333333333333, "post_exc_mean": 0.00027344195561183101, "prosp_score_happy": 0.030568583734755999, "prosp_score_sad": 3.13458200616452, "domain_class": "Background" }, "geometry": { "type": "Point", "coordinates": [ -156.276289844842807, 62.357400851057911 ] } },
{ "type": "Feature", "properties": { "field_1": 548, "x": -118681.5665, "y": 1342837.162, "scaled_x": 0.57041833433439804, "scaled_y": 0.47990920264700998, "post_mean": 3.2593941911807498, "post_sd": 0.074395096933118895, "post_q10": 3.1633421343333601, "post_q50": 3.2596496324170099, "post_q90": 3.3541297010652502, "post_prob_exceed": 0.0090666666666666708, "post_exc_mean": 0.00023985646025015501, "prosp_score_happy": 0.029551840666705499, "prosp_score_sad": 3.1633421343333601, "domain_class": "Background" }, "geometry": { "type": "Point", "coordinates": [ -156.276289844917358, 62.043185447240894 ] } },
{ "type": "Feature", "properties": { "field_1": 549, "x": -119898.2898, "y": 1307353.003, "scaled_x": 0.57007380463831803, "scaled_y": 0.461398472577497, "post_mean": 3.2850619676580202, "post_sd": 0.067477094321123102, "post_q10": 3.1984298239487199, "post_q50": 3.2853134976861198, "post_q90": 3.3706353614539202, "post_prob_exceed": 0.0134666666666667, "post_exc_mean": 0.00032410343081931301, "prosp_score_happy": 0.044238834497794699, "prosp_score_sad": 3.1984298239487199, "domain_class": "Background" }, "geometry": { "type": "Point", "coordinates": [ -156.276289845084563, 61.725689404192309 ] } },
{ "type": "Feature", "properties": { "field_1": 550, "x": -121127.7922, "y": 1271496.158, "scaled_x": 0.569725656387847, "scaled_y": 0.44269332646034298, "post_mean": 3.31611641421549, "post_sd": 0.061526748063273302, "post_q10": 3.2367929607321502, "post_q50": 3.3163179562954102, "post_q90": 3.3943635522469302, "post_prob_exceed": 0.028166666666666701, "post_exc_mean": 0.00065273260470685701, "prosp_score_happy": 0.093403945667069596, "prosp_score_sad": 3.2367929607321502, "domain_class": "Background" }, "geometry": { "type": "Point", "coordinates": [ -156.276289845184749, 61.404888318263041 ] } },
{ "type": "Feature", "properties": { "field_1": 551, "x": -122370.1258, "y": 1235265.106, "scaled_x": 0.56937387483025004, "scaled_y": 0.42379297084795597, "post_mean": 3.35040007230057, "post_sd": 0.056230547527750099, "post_q10": 3.2774853885257902, "post_q50": 3.3510953815462701, "post_q90": 3.42228771483656, "post_prob_exceed": 0.067666666666666694, "post_exc_mean": 0.0016934586895410799, "prosp_score_happy": 0.22671040489233801, "prosp_score_sad": 3.2774853885257902, "domain_class": "Background" }, "geometry": { "type": "Point", "coordinates": [ -156.276289844218695, 61.080757969127234 ] } },
{ "type": "Feature", "properties": { "field_1": 552, "x": -123625.3411, "y": 1198658.378, "scaled_x": 0.56901844566585003, "scaled_y": 0.40469663941916101, "post_mean": 3.3851115410247701, "post_sd": 0.051545847951077903, "post_q10": 3.3185291701169799, "post_q50": 3.3853210582986102, "post_q90": 3.4508835941856599, "post_prob_exceed": 0.169, "post_exc_mean": 0.0046973972588543597, "prosp_score_happy": 0.57208385043318699, "prosp_score_sad": 3.3185291701169799, "domain_class": "Background" }, "geometry": { "type": "Point", "coordinates": [ -156.276289844595311, 60.753274267720933 ] } },
{ "type": "Feature", "properties": { "field_1": 553, "x": -124893.4863, "y": 1161674.566, "scaled_x": 0.568659355246244, "scaled_y": 0.385403597674151, "post_mean": 3.41703974116021, "post_sd": 0.047962320078256897, "post_q10": 3.3553861465060999, "post_q50": 3.4171231867398899, "post_q90": 3.4782477826165699, "post_prob_exceed": 0.362866666666667, "post_exc_mean": 0.0118260003277149, "prosp_score_happy": 1.2399298207423399, "prosp_score_sad": 3.3553861465060999, "domain_class": "Background" }, "geometry": { "type": "Point", "coordinates": [ -156.276289844831922, 60.42241332954702 ] } },
{ "type": "Feature", "properties": { "field_1": 554, "x": -126174.6075, "y": 1124312.325, "scaled_x": 0.56829659051766701, "scaled_y": 0.365913143977811, "post_mean": 3.4428964908476001, "post_sd": 0.046581237964562199, "post_q10": 3.3833164438202901, "post_q50": 3.44277722884897, "post_q90": 3.5026122583391301, "post_prob_exceed": 0.5759, "post_exc_mean": 0.023415410265277499, "prosp_score_happy": 1.98276408907914, "prosp_score_sad": 3.3833164438202901, "domain_class": "tier 3" }, "geometry": { "type": "Point", "coordinates": [ -156.276289844590707, 60.088151485087351 ] } },
{ "type": "Feature", "properties": { "field_1": 555, "x": -127468.7487, "y": 1086570.372, "scaled_x": 0.56793013902099498, "scaled_y": 0.34622460903805802, "post_mean": 3.4597468815923702, "post_sd": 0.048661261759926099, "post_q10": 3.3976395238113799, "post_q50": 3.4594919593015301, "post_q90": 3.5225729675061102, "post_prob_exceed": 0.6994, "post_exc_mean": 0.034965163218419401, "prosp_score_happy": 2.4197469689857001, "prosp_score_sad": 3.3976395238113799, "domain_class": "tier 2" }, "geometry": { "type": "Point", "coordinates": [ -156.276289844010336, 59.750465263414178 ] } },
{ "type": "Feature", "properties": { "field_1": 556, "x": -128775.9517, "y": 1048447.492, "scaled_x": 0.56755998892005899, "scaled_y": 0.32633735903581301, "post_mean": 3.4655252289257499, "post_sd": 0.054654878795627498, "post_q10": 3.3958950666144698, "post_q50": 3.46534568535085, "post_q90": 3.5358810088286998, "post_prob_exceed": 0.71863333333333301, "post_exc_mean": 0.041081645135065299, "prosp_score_happy": 2.4904419470136698, "prosp_score_sad": 3.3958950666144698, "domain_class": "tier 2" }, "geometry": { "type": "Point", "coordinates": [ -156.276289845549769, 59.409331438335286 ] } },
{ "type": "Feature", "properties": { "field_1": 557, "x": -130096.2556, "y": 1009942.539, "scaled_x": 0.56718612914322997, "scaled_y": 0.30625079614665901, "post_mean": 3.4596050393522302, "post_sd": 0.063869482637525801, "post_q10": 3.3776622552046902, "post_q50": 3.45929786364254, "post_q90": 3.5411995390320499, "post_prob_exceed": 0.656233333333333, "post_exc_mean": 0.0402691043559366, "prosp_score_happy": 2.2703081469909101, "prosp_score_sad": 3.3776622552046902, "domain_class": "tier 2" }, "geometry": { "type": "Point", "coordinates": [ -156.276289845728002, 59.064727029944734 ] } },
{ "type": "Feature", "properties": { "field_1": 558, "x": -131429.6973, "y": 971054.4373, "scaled_x": 0.56680854924183299, "scaled_y": 0.28596435921900198, "post_mean": 3.4433658041833599, "post_sd": 0.075303063885808305, "post_q10": 3.3472549510554299, "post_q50": 3.4434419784202199, "post_q90": 3.5401638827466302, "post_prob_exceed": 0.54946666666666699, "post_exc_mean": 0.034952802935345501, "prosp_score_happy": 1.8920147305386199, "prosp_score_sad": 3.3472549510554299, "domain_class": "tier 3" }, "geometry": { "type": "Point", "coordinates": [ -156.276289844847554, 58.716629308510832 ] } },
{ "type": "Feature", "properties": { "field_1": 559, "x": -132776.3111, "y": 931782.1891, "scaled_x": 0.566427239503414, "scaled_y": 0.26547752773870398, "post_mean": 3.4206727729902702, "post_sd": 0.0888862666963426, "post_q10": 3.3069808083960202, "post_q50": 3.42098409076138, "post_q90": 3.5343135052511001, "post_prob_exceed": 0.442, "post_exc_mean": 0.029173675381983601, "prosp_score_happy": 1.5119373656616999, "prosp_score_sad": 3.3069808083960202, "domain_class": "tier 3" }, "geometry": { "type": "Point", "coordinates": [ -156.27628984441796, 58.365015854948041 ] } },
{ "type": "Feature", "properties": { "field_1": 560, "x": -134136.1287, "y": 892124.8723, "scaled_x": 0.56604219095174002, "scaled_y": 0.24478982068142499, "post_mean": 3.39816742608653, "post_sd": 0.106823982976815, "post_q10": 3.2623781548360902, "post_q50": 3.39840197800233, "post_q90": 3.5345054313132702, "post_prob_exceed": 0.36923333333333302, "post_exc_mean": 0.027057622409231499, "prosp_score_happy": 1.25471668595868, "prosp_score_sad": 3.2623781548360902, "domain_class": "Background" }, "geometry": { "type": "Point", "coordinates": [ -156.276289845815, 58.009864533550953 ] } },
{ "type": "Feature", "properties": { "field_1": 561, "x": -135509.1787, "y": 852081.6454, "scaled_x": 0.56565339548838101, "scaled_y": 0.22390079906876301, "post_mean": 3.3852678118944, "post_sd": 0.13468538517134601, "post_q10": 3.2121455313585301, "post_q50": 3.3853114720947701, "post_q90": 3.5569142598757701, "post_prob_exceed": 0.35996666666666699, "post_exc_mean": 0.032768977807239898, "prosp_score_happy": 1.2185835700215899, "prosp_score_sad": 3.2121455313585301, "domain_class": "Background" }, "geometry": { "type": "Point", "coordinates": [ -156.276289844713915, 57.651153528356893 ] } },
{ "type": "Feature", "properties": { "field_1": 562, "x": -59461.33205, "y": 2340385.948, "scaled_x": 0.58718724915411502, "scaled_y": 1.00029229271308, "post_mean": 2.4091955322096501, "post_sd": 0.32881071979033699, "post_q10": 1.9883768661073, "post_q50": 2.40897346802767, "post_q90": 2.8322633671832098, "post_prob_exceed": 0.0009, "post_exc_mean": 6.4955376411574603e-05, "prosp_score_happy": 0.0021682759789886799, "prosp_score_sad": 1.9883768661073, "domain_class": "Background" }, "geometry": { "type": "Point", "coordinates": [ -155.602553381567759, 71.049999996132485 ] } },
{ "type": "Feature", "properties": { "field_1": 563, "x": -60040.49072, "y": 2316389.823, "scaled_x": 0.58702325347772899, "scaled_y": 0.987774431078278, "post_mean": 2.5221563425336702, "post_sd": 0.28059951410900003, "post_q10": 2.1617928034335798, "post_q50": 2.5227448377201598, "post_q90": 2.88265010298247, "post_prob_exceed": 0.00046666666666666699, "post_exc_mean": 2.2019772300817699e-05, "prosp_score_happy": 0.00117700629318238, "prosp_score_sad": 2.1617928034335798, "domain_class": "Background" }, "geometry": { "type": "Point", "coordinates": [ -155.602553381937327, 70.829988223179797 ] } },
{ "type": "Feature", "properties": { "field_1": 564, "x": -60626.91959, "y": 2292092.473, "scaled_x": 0.58685719915761103, "scaled_y": 0.97509943186935, "post_mean": 2.6264015041744302, "post_sd": 0.241127945405051, "post_q10": 2.31687739375423, "post_q50": 2.6263383436578001, "post_q90": 2.9357355639893301, "post_prob_exceed": 0.00016666666666666701, "post_exc_mean": 7.4038826599823501e-06, "prosp_score_happy": 0.00043773358402907103, "prosp_score_sad": 2.31687739375423, "domain_class": "Background" }, "geometry": { "type": "Point", "coordinates": [ -155.60255338181716, 70.60751918961536 ] } },
{ "type": "Feature", "properties": { "field_1": 565, "x": -61220.67588, "y": 2267491.528, "scaled_x": 0.58668906999123505, "scaled_y": 0.96226605874784199, "post_mean": 2.7215447408208902, "post_sd": 0.21104967349005299, "post_q10": 2.45127974892273, "post_q50": 2.72093365917604, "post_q90": 2.99178180993382, "post_prob_exceed": 0.00023333333333333301, "post_exc_mean": 4.0295865250251599e-06, "prosp_score_happy": 0.00063502710619154203, "prosp_score_sad": 2.45127974892273, "domain_class": "Background" }, "geometry": { "type": "Point", "coordinates": [ -155.602553381714586, 70.382568849923643 ] } },
{ "type": "Feature", "properties": { "field_1": 566, "x": -61821.81672, "y": 2242584.621, "scaled_x": 0.58651884980156099, "scaled_y": 0.94927307694028495, "post_mean": 2.80733435309735, "post_sd": 0.190520120950077, "post_q10": 2.5636449616514398, "post_q50": 2.8071453027742401, "post_q90": 3.0527784813764902, "post_prob_exceed": 0.00043333333333333299, "post_exc_mean": 1.2155233803991001e-05, "prosp_score_happy": 0.0012165115530088501, "prosp_score_sad": 2.5636449616514398, "domain_class": "Background" }, "geometry": { "type": "Point", "coordinates": [ -155.602553381661636, 70.155113032613698 ] } },
{ "type": "Feature", "properties": { "field_1": 567, "x": -62430.3991, "y": 2217369.391, "scaled_x": 0.58634652245119201, "scaled_y": 0.93611925480318303, "post_mean": 2.8836749361501002, "post_sd": 0.17879057233741, "post_q10": 2.6545933365191199, "post_q50": 2.8828565003557598, "post_q90": 3.11365452267263, "post_prob_exceed": 0.00083333333333333295, "post_exc_mean": 4.0053053137364501e-05, "prosp_score_happy": 0.0024030624467917499, "prosp_score_sad": 2.6545933365191199, "domain_class": "Background" }, "geometry": { "type": "Point", "coordinates": [ -155.602553381812527, 69.925127464264051 ] } },
{ "type": "Feature", "properties": { "field_1": 568, "x": -63046.47989, "y": 2191843.481, "scaled_x": 0.58617207183671005, "scaled_y": 0.922803362779684, "post_mean": 2.95064636886686, "post_sd": 0.17411403698564001, "post_q10": 2.72807485433714, "post_q50": 2.9502069500090999, "post_q90": 3.1745282027405501, "post_prob_exceed": 0.0027666666666666699, "post_exc_mean": 0.00012712362056322099, "prosp_score_happy": 0.0081634549538649806, "prosp_score_sad": 2.72807485433714, "domain_class": "Background" }, "geometry": { "type": "Point", "coordinates": [ -155.602553381719417, 69.692587747782952 ] } },
{ "type": "Feature", "properties": { "field_1": 569, "x": -63670.11579, "y": 2166004.542, "scaled_x": 0.58599548190283401, "scaled_y": 0.90932417548623301, "post_mean": 3.0085181900729401, "post_sd": 0.174183065233979, "post_q10": 2.7869873595728998, "post_q50": 3.0078042873419002, "post_q90": 3.2334092285612699, "post_prob_exceed": 0.00676666666666667, "post_exc_mean": 0.000390351844721985, "prosp_score_happy": 0.020357639752826898, "prosp_score_sad": 2.7869873595728998, "domain_class": "Background" }, "geometry": { "type": "Point", "coordinates": [ -155.602553381532687, 69.45746939527443 ] } },
{ "type": "Feature", "properties": { "field_1": 570, "x": -64301.36334, "y": 2139850.232, "scaled_x": 0.585816736639591, "scaled_y": 0.89568047119090599, "post_mean": 3.0577572458303801, "post_sd": 0.176782888986633, "post_q10": 2.8329705179069702, "post_q50": 3.0576009040663399, "post_q90": 3.2854266874757001, "post_prob_exceed": 0.0161, "post_exc_mean": 0.00099107741698204301, "prosp_score_happy": 0.049229891657869097, "prosp_score_sad": 2.8329705179069702, "domain_class": "Background" }, "geometry": { "type": "Point", "coordinates": [ -155.602553381619828, 69.219747815169328 ] } },
{ "type": "Feature", "properties": { "field_1": 571, "x": -64940.27885, "y": 2113378.218, "scaled_x": 0.585635820102132, "scaled_y": 0.88187103285673696, "post_mean": 3.09902620668201, "post_sd": 0.18020549775995001, "post_q10": 2.86776194024293, "post_q50": 3.0986106156192701, "post_q90": 3.33134512727043, "post_prob_exceed": 0.031133333333333301, "post_exc_mean": 0.0021286744231311001, "prosp_score_happy": 0.096483015901366598, "prosp_score_sad": 2.86776194024293, "domain_class": "Background" }, "geometry": { "type": "Point", "coordinates": [ -155.602553382018783, 68.979398326570163 ] } },
{ "type": "Feature", "properties": { "field_1": 572, "x": -65586.91841, "y": 2086586.174, "scaled_x": 0.58545271640790697, "scaled_y": 0.86789464709839104, "post_mean": 3.1331705124487899, "post_sd": 0.18333002833543699, "post_q10": 2.89760673734818, "post_q50": 3.1320430477822998, "post_q90": 3.3682828008583798, "post_prob_exceed": 0.0515, "post_exc_mean": 0.00381819788318712, "prosp_score_happy": 0.161358281391112, "prosp_score_sad": 2.89760673734818, "domain_class": "Background" }, "geometry": { "type": "Point", "coordinates": [ -155.602553381518788, 68.736396137144965 ] } },
{ "type": "Feature", "properties": { "field_1": 573, "x": -66241.33786, "y": 2059471.789, "scaled_x": 0.58526740974515301, "scaled_y": 0.85375010835545995, "post_mean": 3.1611914353841102, "post_sd": 0.18552337770792801, "post_q10": 2.9240022983784102, "post_q50": 3.1610175801112499, "post_q90": 3.3982203103908799, "post_prob_exceed": 0.071333333333333304, "post_exc_mean": 0.0058118633178033102, "prosp_score_happy": 0.225498322390733, "prosp_score_sad": 2.9240022983784102, "domain_class": "Background" }, "geometry": { "type": "Point", "coordinates": [ -155.602553381666127, 68.490716411571753 ] } },
{ "type": "Feature", "properties": { "field_1": 574, "x": -66903.59276, "y": 2032032.76, "scaled_x": 0.58507988438139502, "scaled_y": 0.83943621524083001, "post_mean": 3.1842035498290699, "post_sd": 0.18650250809968599, "post_q10": 2.94642305828082, "post_q50": 3.1840263029631499, "post_q90": 3.4228384880601701, "post_prob_exceed": 0.090266666666666703, "post_exc_mean": 0.0078116717510645101, "prosp_score_happy": 0.28742744043123802, "prosp_score_sad": 2.94642305828082, "domain_class": "Background" }, "geometry": { "type": "Point", "coordinates": [ -155.602553381865278, 68.24233420383689 ] } },
{ "type": "Feature", "properties": { "field_1": 575, "x": -67573.73834, "y": 2004266.798, "scaled_x": 0.58489012467760204, "scaled_y": 0.82495177367065398, "post_mean": 3.20337589331537, "post_sd": 0.186219592926304, "post_q10": 2.9664408392519102, "post_q50": 3.20368515829461, "post_q90": 3.4408277252794202, "post_prob_exceed": 0.106733333333333, "post_exc_mean": 0.0096417292737194307, "prosp_score_happy": 0.341906987013194, "prosp_score_sad": 2.9664408392519102, "domain_class": "Background" }, "geometry": { "type": "Point", "coordinates": [ -155.602553381731184, 67.991224507272662 ] } },
{ "type": "Feature", "properties": { "field_1": 576, "x": -68251.82954000001, "y": 1976171.628, "scaled_x": 0.58469811507685598, "scaled_y": 0.81029559686434904, "post_mean": 3.21985789364834, "post_sd": 0.18478267478455801, "post_q10": 2.9840296628265901, "post_q50": 3.2206089866638798, "post_q90": 3.4559101550886999, "post_prob_exceed": 0.122266666666667, "post_exc_mean": 0.011241193848745, "prosp_score_happy": 0.393681291796737, "prosp_score_sad": 2.9840296628265901, "domain_class": "Background" }, "geometry": { "type": "Point", "coordinates": [ -155.602553382018186, 67.737362250028639 ] } },
{ "type": "Feature", "properties": { "field_1": 577, "x": -68937.92089, "y": 1947744.989, "scaled_x": 0.58450384013834, "scaled_y": 0.79546650534459495, "post_mean": 3.2346935692327001, "post_sd": 0.18240638622021199, "post_q10": 3.0018149443107198, "post_q50": 3.2357895382950002, "post_q90": 3.4678651226872899, "post_prob_exceed": 0.13626666666666701, "post_exc_mean": 0.0126295403694076, "prosp_score_happy": 0.44078091036744299, "prosp_score_sad": 3.0018149443107198, "domain_class": "Background" }, "geometry": { "type": "Point", "coordinates": [ -155.602553381775408, 67.480722290500481 ] } },
{ "type": "Feature", "properties": { "field_1": 578, "x": -69632.06656000001, "y": 1918984.638, "scaled_x": 0.58430728452317204, "scaled_y": 0.78046332902398896, "post_mean": 3.24873066008178, "post_sd": 0.17938145703052, "post_q10": 3.0197782214674298, "post_q50": 3.2498019614009799, "post_q90": 3.47723082288323, "post_prob_exceed": 0.15136666666666701, "post_exc_mean": 0.0139196465652363, "prosp_score_happy": 0.49174953091437901, "prosp_score_sad": 3.0197782214674298, "domain_class": "Background" }, "geometry": { "type": "Point", "coordinates": [ -155.602553381802096, 67.221279448684868 ] } },
{ "type": "Feature", "properties": { "field_1": 579, "x": -70334.32027, "y": 1889888.349, "scaled_x": 0.58410843301989501, "scaled_y": 0.76528490668337401, "post_mean": 3.2625348595681101, "post_sd": 0.176049063985462, "post_q10": 3.0380308133880898, "post_q50": 3.2636545327826001, "post_q90": 3.4879117064863898, "post_prob_exceed": 0.1658, "post_exc_mean": 0.015326289999755599, "prosp_score_happy": 0.54092827971639301, "prosp_score_sad": 3.0380308133880898, "domain_class": "Background" }, "geometry": { "type": "Point", "coordinates": [ -155.602553381961741, 66.959008492281185 ] } },
{ "type": "Feature", "properties": { "field_1": 580, "x": -71044.73529, "y": 1860453.914, "scaled_x": 0.583907270544473, "scaled_y": 0.74993008649350901, "post_mean": 3.2763225208778701, "post_sd": 0.172765311426616, "post_q10": 3.0572943636551999, "post_q50": 3.2773303983897502, "post_q90": 3.4983227343222798, "post_prob_exceed": 0.1801, "post_exc_mean": 0.016853316724811499, "prosp_score_happy": 0.59006568601010501, "prosp_score_sad": 3.0572943636551999, "domain_class": "Background" }, "geometry": { "type": "Point", "coordinates": [ -155.602553381772395, 66.693884140732251 ] } },
{ "type": "Feature", "properties": { "field_1": 581, "x": -71763.36441, "y": 1830679.147, "scaled_x": 0.58370378214878904, "scaled_y": 0.734397728101709, "post_mean": 3.28992709878559, "post_sd": 0.16984512507487301, "post_q10": 3.0741164341832201, "post_q50": 3.2904158063924398, "post_q90": 3.5069220083012298, "post_prob_exceed": 0.196533333333333, "post_exc_mean": 0.0186439256547241, "prosp_score_happy": 0.64658033914799595, "prosp_score_sad": 3.0741164341832201, "domain_class": "Background" }, "geometry": { "type": "Point", "coordinates": [ -155.602553381909189, 66.42588109611988 ] } },
{ "type": "Feature", "properties": { "field_1": 582, "x": -72490.25987, "y": 1800561.883, "scaled_x": 0.58349795304046503, "scaled_y": 0.71868670211018804, "post_mean": 3.30281385277998, "post_sd": 0.16748692094184101, "post_q10": 3.0904942594487199, "post_q50": 3.3031423079017701, "post_q90": 3.51617241487441, "post_prob_exceed": 0.2153, "post_exc_mean": 0.0206184520176644, "prosp_score_happy": 0.71109582250352998, "prosp_score_sad": 3.0904942594487199, "domain_class": "Background" }, "geometry": { "type": "Point", "coordinates": [ -155.602553382066901, 66.154974028900938 ] } },
{ "type": "Feature", "properties": { "field_1": 583, "x": -73225.47335, "y": 1770099.98, "scaled_x": 0.58328976858569304, "scaled_y": 0.70279589111938301, "post_mean": 3.31415278479454, "post_sd": 0.16569795224078501, "post_q10": 3.1023498512574901, "post_q50": 3.3140750313052898, "post_q90": 3.5250918705525298, "post_prob_exceed": 0.2349, "post_exc_mean": 0.022613716764924002, "prosp_score_happy": 0.77849448914823904, "prosp_score_sad": 3.1023498512574901, "domain_class": "Background" }, "geometry": { "type": "Point", "coordinates": [ -155.602553381845382, 65.881137590526251 ] } },
{ "type": "Feature", "properties": { "field_1": 584, "x": -73969.05596, "y": 1739291.321, "scaled_x": 0.58307921431206799, "scaled_y": 0.686724190771274, "post_mean": 3.3229509517762801, "post_sd": 0.164254325617011, "post_q10": 3.1138792254212002, "post_q50": 3.3235309392530499, "post_q90": 3.5321062146181399, "post_prob_exceed": 0.249733333333333, "post_exc_mean": 0.024298032004713199, "prosp_score_happy": 0.82985161769026305, "prosp_score_sad": 3.1138792254212002, "domain_class": "Background" }, "geometry": { "type": "Point", "coordinates": [ -155.602553381583704, 65.604346425902193 ] } },
{ "type": "Feature", "properties": { "field_1": 585, "x": -74721.05814, "y": 1708133.817, "scaled_x": 0.58286627593690399, "scaled_y": 0.67047051131437196, "post_mean": 3.32823301495963, "post_sd": 0.16272474964936201, "post_q10": 3.11961044625001, "post_q50": 3.3283263727071901, "post_q90": 3.5346534517122299, "post_prob_exceed": 0.259033333333333, "post_exc_mean": 0.025197552652111599, "prosp_score_happy": 0.862123291975043, "prosp_score_sad": 3.11961044625001, "domain_class": "Background" }, "geometry": { "type": "Point", "coordinates": [ -155.602553381731781, 65.324575194693551 ] } },
{ "type": "Feature", "properties": { "field_1": 586, "x": -75481.52967, "y": 1676625.405, "scaled_x": 0.58265093936439905, "scaled_y": 0.65403377656039396, "post_mean": 3.3292457144553, "post_sd": 0.160561077805291, "post_q10": 3.1227360327118898, "post_q50": 3.3291101433876702, "post_q90": 3.5320693555700302, "post_prob_exceed": 0.2573, "post_exc_mean": 0.024828000491472199, "prosp_score_happy": 0.85661492232934899, "prosp_score_sad": 3.1227360327118898, "domain_class": "Background" }, "geometry": { "type": "Point", "coordinates": [ -155.60255338203217, 65.04179854759569 ] } },
{ "type": "Feature", "properties": { "field_1": 587, "x": -76250.51959, "y": 1644764.052, "scaled_x": 0.58243319070829402, "scaled_y": 0.63741292597091104, "post_mean": 3.3256517392234599, "post_sd": 0.15722886551965101, "post_q10": 3.12321509134199, "post_q50": 3.3253906530570698, "post_q90": 3.5254359848745702, "post_prob_exceed": 0.24706666666666699, "post_exc_mean": 0.022915001483622702, "prosp_score_happy": 0.82165768970414399, "prosp_score_sad": 3.12321509134199, "domain_class": "Background" }, "geometry": { "type": "Point", "coordinates": [ -155.60255338190268, 64.75599115636858 ] } },
{ "type": "Feature", "properties": { "field_1": 588, "x": -77028.07621, "y": 1612547.758, "scaled_x": 0.58221301628903699, "scaled_y": 0.62060691622233499, "post_mean": 3.3176751453941402, "post_sd": 0.15233737080668, "post_q10": 3.1212468261036399, "post_q50": 3.31724243921802, "post_q90": 3.5129428447871298, "post_prob_exceed": 0.22413333333333299, "post_exc_mean": 0.0195979939938867, "prosp_score_happy": 0.74360158925433995, "prosp_score_sad": 3.1212468261036399, "domain_class": "Background" }, "geometry": { "type": "Point", "coordinates": [ -155.602553382167031, 64.467127734699943 ] } },
{ "type": "Feature", "properties": { "field_1": 589, "x": -77814.247, "y": 1579974.554, "scaled_x": 0.58199040266493196, "scaled_y": 0.60361472016258999, "post_mean": 3.3061663119512001, "post_sd": 0.14573435565986401, "post_q10": 3.1181820977542101, "post_q50": 3.3052350350358202, "post_q90": 3.4943382853493201, "post_prob_exceed": 0.19006666666666699, "post_exc_mean": 0.0154013892795752, "prosp_score_happy": 0.62839201035819203, "prosp_score_sad": 3.1181820977542101, "domain_class": "Background" }, "geometry": { "type": "Point", "coordinates": [ -155.602553381726068, 64.17518301416078 ] } },
{ "type": "Feature", "properties": { "field_1": 590, "x": -78609.07861, "y": 1547042.51, "scaled_x": 0.581765336626476, "scaled_y": 0.58643533098441303, "post_mean": 3.2925687090808999, "post_sd": 0.13754640104855201, "post_q10": 3.1151825821297598, "post_q50": 3.2918356816190499, "post_q90": 3.4704950844704601, "post_prob_exceed": 0.15303333333333299, "post_exc_mean": 0.0110375353111928, "prosp_score_happy": 0.50387276477968101, "prosp_score_sad": 3.1151825821297598, "domain_class": "Background" }, "geometry": { "type": "Point", "coordinates": [ -155.602553381996415, 63.880131809611839 ] } },
{ "type": "Feature", "properties": { "field_1": 591, "x": -79412.61679, "y": 1513749.728, "scaled_x": 0.58153780521901099, "scaled_y": 0.56906775857371805, "post_mean": 3.2787886719631198, "post_sd": 0.128159663640347, "post_q10": 3.1137867747071502, "post_q50": 3.2779509919557701, "post_q90": 3.4449770045097901, "post_prob_exceed": 0.114933333333333, "post_exc_mean": 0.0071929133121280504, "prosp_score_happy": 0.37684211136429402, "prosp_score_sad": 3.1137867747071502, "domain_class": "Background" }, "geometry": { "type": "Point", "coordinates": [ -155.602553381762533, 63.581948950146575 ] } },
{ "type": "Feature", "properties": { "field_1": 592, "x": -80224.90634, "y": 1480094.353, "scaled_x": 0.58130779575688396, "scaled_y": 0.55151103524787504, "post_mean": 3.2669875293258901, "post_sd": 0.118145084237678, "post_q10": 3.11557883387907, "post_q50": 3.26657865272007, "post_q90": 3.4194497644808601, "post_prob_exceed": 0.0809, "post_exc_mean": 0.0042707077814900397, "prosp_score_happy": 0.26429929112246497, "prosp_score_sad": 3.11557883387907, "domain_class": "Background" }, "geometry": { "type": "Point", "coordinates": [ -155.602553381611415, 63.28060937111119 ] } },
{ "type": "Feature", "properties": { "field_1": 593, "x": -81045.99108000001, "y": 1446074.57, "scaled_x": 0.58107529583193895, "scaled_y": 0.53376421419072695, "post_mean": 3.2593279416654801, "post_sd": 0.108137646304168, "post_q10": 3.12059401526643, "post_q50": 3.2592152644611301, "post_q90": 3.3982307647652799, "post_prob_exceed": 0.0535666666666667, "post_exc_mean": 0.0024532500117202699, "prosp_score_happy": 0.17459133340854699, "prosp_score_sad": 3.12059401526643, "domain_class": "Background" }, "geometry": { "type": "Point", "coordinates": [ -155.60255338181841, 62.976088080628756 ] } },
{ "type": "Feature", "properties": { "field_1": 594, "x": -81875.91377, "y": 1411688.606, "scaled_x": 0.58084029333617404, "scaled_y": 0.51582637049591196, "post_mean": 3.2577108476110102, "post_sd": 0.098687034770124402, "post_q10": 3.1304579364382001, "post_q50": 3.2576525303105499, "post_q90": 3.3838022782980999, "post_prob_exceed": 0.0378, "post_exc_mean": 0.0014620085754106301, "prosp_score_happy": 0.123141470039696, "prosp_score_sad": 3.1304579364382001, "domain_class": "Background" }, "geometry": { "type": "Point", "coordinates": [ -155.602553381741615, 62.668360170813926 ] } },
{ "type": "Feature", "properties": { "field_1": 595, "x": -82714.7161, "y": 1376934.735, "scaled_x": 0.58060277646456704, "scaled_y": 0.497696603775172, "post_mean": 3.2635365149940601, "post_sd": 0.090113109148807796, "post_q10": 3.1474118292503701, "post_q50": 3.2635684803183702, "post_q90": 3.3785180244298201, "post_prob_exceed": 0.030366666666666702, "post_exc_mean": 0.0010143524821528899, "prosp_score_happy": 0.099102725505319594, "prosp_score_sad": 3.1474118292503701, "domain_class": "Background" }, "geometry": { "type": "Point", "coordinates": [ -155.602553382011507, 62.357400855684446 ] } },
{ "type": "Feature", "properties": { "field_1": 596, "x": -83562.43861, "y": 1341811.276, "scaled_x": 0.58036273373773695, "scaled_y": 0.47937403711503002, "post_mean": 3.2775156372991399, "post_sd": 0.082420016022240694, "post_q10": 3.1709416944024902, "post_q50": 3.2775767683167101, "post_q90": 3.3827939131303499, "post_prob_exceed": 0.028733333333333302, "post_exc_mean": 0.00091781134697759004, "prosp_score_happy": 0.094173949311728802, "prosp_score_sad": 3.1709416944024902, "domain_class": "Background" }, "geometry": { "type": "Point", "coordinates": [ -155.60255338200821, 62.04318544637583 ] } },
{ "type": "Feature", "properties": { "field_1": 597, "x": -84419.12064, "y": 1306316.599, "scaled_x": 0.58012015401609096, "scaled_y": 0.46085782020676003, "post_mean": 3.2995476189009501, "post_sd": 0.075323512345791793, "post_q10": 3.2028719707142601, "post_q50": 3.2996851081075498, "post_q90": 3.39594031010339, "post_prob_exceed": 0.036666666666666702, "post_exc_mean": 0.0011179200755281899, "prosp_score_happy": 0.120983412693035, "prosp_score_sad": 3.2028719707142601, "domain_class": "Background" }, "geometry": { "type": "Point", "coordinates": [ -155.602553381723283, 61.725689397798213 ] } },
{ "type": "Feature", "properties": { "field_1": 598, "x": -85284.80028, "y": 1270449.127, "scaled_x": 0.57987502651399403, "scaled_y": 0.44214713038971298, "post_mean": 3.32867591456422, "post_sd": 0.068406524883433906, "post_q10": 3.2412390287727701, "post_q50": 3.3286758808444401, "post_q90": 3.4163251198592901, "post_prob_exceed": 0.0613, "post_exc_mean": 0.0018265199641475901, "prosp_score_happy": 0.204047833562787, "prosp_score_sad": 3.2412390287727701, "domain_class": "Background" }, "geometry": { "type": "Point", "coordinates": [ -155.602553381696964, 61.40488831941996 ] } },
{ "type": "Feature", "properties": { "field_1": 599, "x": -86159.51431, "y": 1234207.336, "scaled_x": 0.57962734081675105, "scaled_y": 0.423241172651312, "post_mean": 3.36312588811656, "post_sd": 0.061368329364925103, "post_q10": 3.2845000932537101, "post_q50": 3.36343202955439, "post_q90": 3.4416294813864501, "post_prob_exceed": 0.124966666666667, "post_exc_mean": 0.00377604854016677, "prosp_score_happy": 0.420278631818299, "prosp_score_sad": 3.2845000932537101, "domain_class": "Background" }, "geometry": { "type": "Point", "coordinates": [ -155.602553381874714, 61.080757968098823 ] } },
{ "type": "Feature", "properties": { "field_1": 600, "x": -87043.29815, "y": 1197589.758, "scaled_x": 0.57937708689476497, "scaled_y": 0.40413918119204401, "post_mean": 3.4004289663100198, "post_sd": 0.054333132971471403, "post_q10": 3.3303465789993298, "post_q50": 3.4007181738652901, "post_q90": 3.4695335171498898, "post_prob_exceed": 0.26753333333333301, "post_exc_mean": 0.0088861179167047891, "prosp_score_happy": 0.90972809612014205, "prosp_score_sad": 3.3303465789993298, "domain_class": "Background" }, "geometry": { "type": "Point", "coordinates": [ -155.60255338204928, 60.753274267650987 ] } },
{ "type": "Feature", "properties": { "field_1": 601, "x": -87936.18578, "y": 1160594.984, "scaled_x": 0.57912425512619703, "scaled_y": 0.38484042099043902, "post_mean": 3.4376365532257598, "post_sd": 0.048218635308126298, "post_q10": 3.3757924580923802, "post_q50": 3.4374932626039199, "post_q90": 3.4989190932273702, "post_prob_exceed": 0.529233333333333, "post_exc_mean": 0.021099089331835099, "prosp_score_happy": 1.81931185185218, "prosp_score_sad": 3.3757924580923802, "domain_class": "tier 3" }, "geometry": { "type": "Point", "coordinates": [ -155.602553381730104, 60.422413328349826 ] } },
{ "type": "Feature", "properties": { "field_1": 602, "x": -88838.20971, "y": 1123221.669, "scaled_x": 0.57886883630545105, "scaled_y": 0.365344190411384, "post_mean": 3.4716260761382598, "post_sd": 0.045000558248223799, "post_q10": 3.4140126942197, "post_q50": 3.4715498146123198, "post_q90": 3.5294188078230802, "post_prob_exceed": 0.79823333333333302, "post_exc_mean": 0.042694828712825698, "prosp_score_happy": 2.7711676548427699, "prosp_score_sad": 3.4140126942197, "domain_class": "tier 2" }, "geometry": { "type": "Point", "coordinates": [ -155.602553381793115, 60.088151484226351 ] } },
{ "type": "Feature", "properties": { "field_1": 603, "x": -89749.40089, "y": 1085468.53, "scaled_x": 0.57861082166866595, "scaled_y": 0.345649820162796, "post_mean": 3.4994972161457598, "post_sd": 0.046988876670150802, "post_q10": 3.43947895128096, "post_q50": 3.49937457840872, "post_q90": 3.55964740741965, "post_prob_exceed": 0.9195, "post_exc_mean": 0.067259272129097797, "prosp_score_happy": 3.2177876902460198, "prosp_score_sad": 3.43947895128096, "domain_class": "tier 1" }, "geometry": { "type": "Point", "coordinates": [ -155.602553381943665, 59.750465267760219 ] } },
{ "type": "Feature", "properties": { "field_1": 604, "x": -90669.78867, "y": 1047334.35, "scaled_x": 0.57835020290504202, "scaled_y": 0.32575667538226999, "post_mean": 3.5190466020281201, "post_sd": 0.054760893785257801, "post_q10": 3.4495866555111099, "post_q50": 3.5189647747941102, "post_q90": 3.5895334828774002, "post_prob_exceed": 0.9406, "post_exc_mean": 0.086501652967478304, "prosp_score_happy": 3.3100152338676501, "prosp_score_sad": 3.4495866555111099, "domain_class": "tier 1" }, "geometry": { "type": "Point", "coordinates": [ -155.6025533817743, 59.409331438137919 ] } },
{ "type": "Feature", "properties": { "field_1": 605, "x": -91599.40072000001, "y": 1008817.984, "scaled_x": 0.57808697217948601, "scaled_y": 0.305664158767052, "post_mean": 3.5292930036901899, "post_sd": 0.066816239611396405, "post_q10": 3.4434409895763198, "post_q50": 3.5294174999577499, "post_q90": 3.6144044157556601, "post_prob_exceed": 0.92476666666666696, "post_exc_mean": 0.097627068484290605, "prosp_score_happy": 3.2637725267125699, "prosp_score_sad": 3.4434409895763198, "domain_class": "tier 1" }, "geometry": { "type": "Point", "coordinates": [ -155.60255338190413, 59.06472702736896 ] } },
{ "type": "Feature", "properties": { "field_1": 606, "x": -92538.26298, "y": 969918.3563, "scaled_x": 0.57782112214678005, "scaled_y": 0.28537170916554899, "post_mean": 3.5310033671502898, "post_sd": 0.081630491560049701, "post_q10": 3.4269808450056298, "post_q50": 3.53147755008668, "post_q90": 3.6351241467399, "post_prob_exceed": 0.88486666666666702, "post_exc_mean": 0.10171203013161, "prosp_score_happy": 3.1244671794790499, "prosp_score_sad": 3.4269808450056298, "domain_class": "tier 1" }, "geometry": { "type": "Point", "coordinates": [ -155.602553381933348, 58.716629308585077 ] } },
{ "type": "Feature", "properties": { "field_1": 607, "x": -93486.39956000001, "y": 930634.468, "scaled_x": 0.57755264597988998, "scaled_y": 0.26487880548979398, "post_mean": 3.52714719635259, "post_sd": 0.099335465876890294, "post_q10": 3.4001274739386398, "post_q50": 3.5272716286718402, "post_q90": 3.6546469693300399, "post_prob_exceed": 0.8269, "post_exc_mean": 0.10251023587736099, "prosp_score_happy": 2.9165980166639498, "prosp_score_sad": 3.4001274739386398, "domain_class": "tier 1" }, "geometry": { "type": "Point", "coordinates": [ -155.602553381882956, 58.365015855531048 ] } },
{ "type": "Feature", "properties": { "field_1": 608, "x": -94443.83273, "y": 890965.3968, "scaled_x": 0.57728153737279997, "scaled_y": 0.244184966611114, "post_mean": 3.5231905888281201, "post_sd": 0.122802807010295, "post_q10": 3.36477157100127, "post_q50": 3.52372147071301, "post_q90": 3.6804887555761301, "post_prob_exceed": 0.769166666666667, "post_exc_mean": 0.10597419254642899, "prosp_score_happy": 2.7099207612403, "prosp_score_sad": 3.36477157100127, "domain_class": "tier 2" }, "geometry": { "type": "Point", "coordinates": [ -155.602553381921865, 58.009864533179233 ] } },
{ "type": "Feature", "properties": { "field_1": 609, "x": -100384.6525, "y": 644821.008, "scaled_x": 0.57559932348750098, "scaled_y": 0.11578084297944199, "post_mean": 4.06477990241968, "post_sd": 0.76366089836623996, "post_q10": 3.0988779218813498, "post_q50": 4.0552704381221698, "post_q90": 5.0479167142347103, "post_prob_exceed": 0.79396666666666704, "post_exc_mean": 0.71623557248295799, "prosp_score_happy": 3.22729974985781, "prosp_score_sad": 3.0988779218813498, "domain_class": "tier 2" }, "geometry": { "type": "Point", "coordinates": [ -155.602553382145061, 55.803464412436583 ] } },
{ "type": "Feature", "properties": { "field_1": 610, "x": -34465.15509, "y": 2339909.505, "scaled_x": 0.59426521441638902, "scaled_y": 1.0000437506026001, "post_mean": 2.30125661377904, "post_sd": 0.31354720800109998, "post_q10": 1.9012494834678999, "post_q50": 2.3003356094986498, "post_q90": 2.7034659700116701, "post_prob_exceed": 6.6666666666666697e-05, "post_exc_mean": 2.1479128123548798e-06, "prosp_score_happy": 0.00015341710758527, "prosp_score_sad": 1.9012494834678999, "domain_class": "Background" }, "geometry": { "type": "Point", "coordinates": [ -154.928816918894739, 71.050000001509716 ] } },
{ "type": "Feature", "properties": { "field_1": 611, "x": -34800.84877, "y": 2315908.739, "scaled_x": 0.594170158752092, "scaled_y": 0.98752346793540702, "post_mean": 2.4233858858342101, "post_sd": 0.26621958684202501, "post_q10": 2.0835259779828998, "post_q50": 2.4215012371307298, "post_q90": 2.7652970916150599, "post_prob_exceed": 0.0, "post_exc_mean": 0.0, "prosp_score_happy": 0.0, "prosp_score_sad": 2.0835259779828998, "domain_class": "Background" }, "geometry": { "type": "Point", "coordinates": [ -154.928816918954254, 70.829988224914246 ] } },
{ "type": "Feature", "properties": { "field_1": 612, "x": -35140.75642, "y": 2291606.69, "scaled_x": 0.59407390985199304, "scaled_y": 0.97484601743770605, "post_mean": 2.5369486021229402, "post_sd": 0.22785415292410799, "post_q10": 2.24531420918083, "post_q50": 2.5363243612923698, "post_q90": 2.8270501684389102, "post_prob_exceed": 0.0, "post_exc_mean": 0.0, "prosp_score_happy": 0.0, "prosp_score_sad": 2.24531420918083, "domain_class": "Background" }, "geometry": { "type": "Point", "coordinates": [ -154.928816918692831, 70.607519190036427 ] } },
{ "type": "Feature", "properties": { "field_1": 613, "x": -35484.91122, "y": 2267000.987, "scaled_x": 0.59397645832077905, "scaled_y": 0.96201016224937896, "post_mean": 2.6415087660702898, "post_sd": 0.199086459500075, "post_q10": 2.3866240716023102, "post_q50": 2.6415436877347198, "post_q90": 2.8960164898991598, "post_prob_exceed": 0.0, "post_exc_mean": 0.0, "prosp_score_happy": 0.0, "prosp_score_sad": 2.3866240716023102, "domain_class": "Background" }, "geometry": { "type": "Point", "coordinates": [ -154.928816918573091, 70.382568846404382 ] } },
{ "type": "Feature", "properties": { "field_1": 614, "x": -35833.34627, "y": 2242089.264, "scaled_x": 0.59387779478579095, "scaled_y": 0.94901466811861801, "post_mean": 2.7367623874976501, "post_sd": 0.17996538883116001, "post_q10": 2.50682362468658, "post_q50": 2.7362650702445799, "post_q90": 2.9678010176831, "post_prob_exceed": 3.3333333333333301e-05, "post_exc_mean": 1.8201793302986901e-07, "prosp_score_happy": 9.1225412916588205e-05, "prosp_score_sad": 2.50682362468658, "domain_class": "Background" }, "geometry": { "type": "Point", "coordinates": [ -154.928816918779006, 70.155113035837687 ] } },
{ "type": "Feature", "properties": { "field_1": 615, "x": -36186.09461, "y": 2216869.158, "scaled_x": 0.59377790989136003, "scaled_y": 0.93585830235860401, "post_mean": 2.8225603625512199, "post_sd": 0.169529864127694, "post_q10": 2.6049531618056498, "post_q50": 2.8217178271922601, "post_q90": 3.0405668804340098, "post_prob_exceed": 0.00016666666666666701, "post_exc_mean": 4.6039406760535696e-06, "prosp_score_happy": 0.000470426727091869, "prosp_score_sad": 2.6049531618056498, "domain_class": "Background" }, "geometry": { "type": "Point", "coordinates": [ -154.928816919024314, 69.925127470812185 ] } },
{ "type": "Feature", "properties": { "field_1": 616, "x": -36543.1892, "y": 2191338.311, "scaled_x": 0.59367679430446796, "scaled_y": 0.92253983489082503, "post_mean": 2.8989287400802701, "post_sd": 0.16579599992159999, "post_q10": 2.6879400087998602, "post_q50": 2.8983203073441302, "post_q90": 3.1123850904554899, "post_prob_exceed": 0.00056666666666666703, "post_exc_mean": 2.45086521551437e-05, "prosp_score_happy": 0.00164272628604548, "prosp_score_sad": 2.6879400087998602, "domain_class": "Background" }, "geometry": { "type": "Point", "coordinates": [ -154.928816918777869, 69.69258774929439 ] } },
{ "type": "Feature", "properties": { "field_1": 617, "x": -36904.66291, "y": 2165494.375, "scaled_x": 0.59357443871758298, "scaled_y": 0.90905804085338504, "post_mean": 2.9660844736170802, "post_sd": 0.16632110774932701, "post_q10": 2.75505228090831, "post_q50": 2.9659884687267302, "post_q90": 3.1808221798882101, "post_prob_exceed": 0.0023666666666666701, "post_exc_mean": 0.00010751660132923201, "prosp_score_happy": 0.0070197332542270901, "prosp_score_sad": 2.75505228090831, "domain_class": "Background" }, "geometry": { "type": "Point", "coordinates": [ -154.928816918784179, 69.457469396637535 ] } },
{ "type": "Feature", "properties": { "field_1": 618, "x": -37270.5485, "y": 2139335.007, "scaled_x": 0.59347083385432198, "scaled_y": 0.89541169799270104, "post_mean": 3.0244444491449798, "post_sd": 0.16890022357546799, "post_q10": 2.8096284998857102, "post_q50": 3.0242496927316398, "post_q90": 3.2425437817812401, "post_prob_exceed": 0.0070666666666666699, "post_exc_mean": 0.000373459203299956, "prosp_score_happy": 0.021372740773957899, "prosp_score_sad": 2.8096284998857102, "domain_class": "Background" }, "geometry": { "type": "Point", "coordinates": [ -154.928816918760674, 69.219747816291587 ] } },
{ "type": "Feature", "properties": { "field_1": 619, "x": -37640.87862, "y": 2112857.873, "scaled_x": 0.59336597046944795, "scaled_y": 0.88159958875014299, "post_mean": 3.0746252336371498, "post_sd": 0.17193281735621399, "post_q10": 2.854624938602, "post_q50": 3.0745409934805199, "post_q90": 3.2967161576135, "post_prob_exceed": 0.017666666666666699, "post_exc_mean": 0.001049078438925, "prosp_score_happy": 0.054318379127589703, "prosp_score_sad": 2.854624938602, "domain_class": "Background" }, "geometry": { "type": "Point", "coordinates": [ -154.928816918827408, 68.979398322379765 ] } },
{ "type": "Feature", "properties": { "field_1": 620, "x": -38015.68577, "y": 2086060.649, "scaled_x": 0.59325983936019899, "scaled_y": 0.86762050078369901, "post_mean": 3.1174309824272601, "post_sd": 0.174442099993151, "post_q10": 2.89393179679193, "post_q50": 3.1175251516787701, "post_q90": 3.34132684697021, "post_prob_exceed": 0.034366666666666698, "post_exc_mean": 0.0023058094717948899, "prosp_score_happy": 0.107135711429417, "prosp_score_sad": 2.89393179679193, "domain_class": "Background" }, "geometry": { "type": "Point", "coordinates": [ -154.928816918852192, 68.736396144779775 ] } },
{ "type": "Feature", "properties": { "field_1": 621, "x": -38395.00233, "y": 2058941.02, "scaled_x": 0.59315243135779205, "scaled_y": 0.85347322644631696, "post_mean": 3.1538270477063599, "post_sd": 0.17593950655788201, "post_q10": 2.9294244546269299, "post_q50": 3.1539709817298398, "post_q90": 3.38059732338693, "post_prob_exceed": 0.055733333333333301, "post_exc_mean": 0.0041015811304566099, "prosp_score_happy": 0.175773294125501, "prosp_score_sad": 2.9294244546269299, "domain_class": "Background" }, "geometry": { "type": "Point", "coordinates": [ -154.928816918850288, 68.490716415960051 ] } },
{ "type": "Feature", "properties": { "field_1": 622, "x": -38778.86049, "y": 2031496.684, "scaled_x": 0.59304373734724503, "scaled_y": 0.83915656487254198, "post_mean": 3.1848973680294499, "post_sd": 0.176271442172315, "post_q10": 2.95970690446245, "post_q50": 3.1849481842062799, "post_q90": 3.4113369784557199, "post_prob_exceed": 0.0788, "post_exc_mean": 0.0062668543204599499, "prosp_score_happy": 0.25096991260071999, "prosp_score_sad": 2.95970690446245, "domain_class": "Background" }, "geometry": { "type": "Point", "coordinates": [ -154.928816918640734, 68.242334203021983 ] } },
{ "type": "Feature", "properties": { "field_1": 623, "x": -39167.29228, "y": 2003725.352, "scaled_x": 0.59293374825888301, "scaled_y": 0.82466932197852805, "post_mean": 3.2117848223575498, "post_sd": 0.17549738015674499, "post_q10": 2.9877450047179899, "post_q50": 3.2123721862413701, "post_q90": 3.4359712206627302, "post_prob_exceed": 0.1022, "post_exc_mean": 0.0085844080470694993, "prosp_score_happy": 0.32824440884494199, "prosp_score_sad": 2.9877450047179899, "domain_class": "Background" }, "geometry": { "type": "Point", "coordinates": [ -154.928816918567264, 67.991224503298156 ] } },
{ "type": "Feature", "properties": { "field_1": 624, "x": -39560.32953, "y": 1975624.749, "scaled_x": 0.59282245507966103, "scaled_y": 0.81001031098369203, "post_mean": 3.2356154687058298, "post_sd": 0.173805448585717, "post_q10": 3.0134348818344998, "post_q50": 3.2363708414663299, "post_q90": 3.4578563112221801, "post_prob_exceed": 0.126233333333333, "post_exc_mean": 0.0109671075374744, "prosp_score_happy": 0.40844252599963199, "prosp_score_sad": 3.0134348818344998, "domain_class": "Background" }, "geometry": { "type": "Point", "coordinates": [ -154.928816918861912, 67.737362248910713 ] } },
{ "type": "Feature", "properties": { "field_1": 625, "x": -39958.00385, "y": 1947192.613, "scaled_x": 0.59270984885883105, "scaled_y": 0.79517835188905295, "post_mean": 3.2574101278633401, "post_sd": 0.171458459079671, "post_q10": 3.03883896594929, "post_q50": 3.2583928563582401, "post_q90": 3.4768152087729001, "post_prob_exceed": 0.1518, "post_exc_mean": 0.013428959592873199, "prosp_score_happy": 0.49447485740965502, "prosp_score_sad": 3.03883896594929, "domain_class": "Background" }, "geometry": { "type": "Point", "coordinates": [ -154.928816918860178, 67.480722293157612 ] } },
{ "type": "Feature", "properties": { "field_1": 626, "x": -40360.34664, "y": 1918426.7, "scaled_x": 0.59259592070510902, "scaled_y": 0.78017227408554402, "post_mean": 3.2779899980766101, "post_sd": 0.16875986857317701, "post_q10": 3.0629437963953698, "post_q50": 3.2786029946276298, "post_q90": 3.49414586982923, "post_prob_exceed": 0.178, "post_exc_mean": 0.016147001422539199, "prosp_score_happy": 0.58348221965763702, "prosp_score_sad": 3.0629437963953698, "domain_class": "Background" }, "geometry": { "type": "Point", "coordinates": [ -154.928816918884678, 67.221279450934034 ] } },
{ "type": "Feature", "properties": { "field_1": 627, "x": -40767.38903, "y": 1889324.784, "scaled_x": 0.59248066180366599, "scaled_y": 0.76499091635400995, "post_mean": 3.2978866408010599, "post_sd": 0.16602728409375, "post_q10": 3.0863242763477801, "post_q50": 3.2988577522263198, "post_q90": 3.51084134278705, "post_prob_exceed": 0.20646666666666699, "post_exc_mean": 0.019257409171453101, "prosp_score_happy": 0.68090366177072603, "prosp_score_sad": 3.0863242763477801, "domain_class": "Background" }, "geometry": { "type": "Point", "coordinates": [ -154.928816918829966, 66.959008493827071 ] } },
{ "type": "Feature", "properties": { "field_1": 628, "x": -41179.16191, "y": 1859884.657, "scaled_x": 0.59236406340762904, "scaled_y": 0.749633126865209, "post_mean": 3.3172700538303901, "post_sd": 0.16356048361784001, "post_q10": 3.1092888434479402, "post_q50": 3.3186557874349698, "post_q90": 3.527370482457, "post_prob_exceed": 0.235366666666667, "post_exc_mean": 0.022769454352929899, "prosp_score_happy": 0.78077479500321201, "prosp_score_sad": 3.1092888434479402, "domain_class": "Background" }, "geometry": { "type": "Point", "coordinates": [ -154.928816918860122, 66.693884145118631 ] } },
{ "type": "Feature", "properties": { "field_1": 629, "x": -41595.69587, "y": 1830104.131, "scaled_x": 0.592246116855076, "scaled_y": 0.734097764223132, "post_mean": 3.3359106608277198, "post_sd": 0.16159470541420601, "post_q10": 3.1302244521082701, "post_q50": 3.3366511146755098, "post_q90": 3.5421072484365101, "post_prob_exceed": 0.27073333333333299, "post_exc_mean": 0.026786790131268098, "prosp_score_happy": 0.90314221290809205, "prosp_score_sad": 3.1302244521082701, "domain_class": "Background" }, "geometry": { "type": "Point", "coordinates": [ -154.928816918680127, 66.4258810927019 ] } },
{ "type": "Feature", "properties": { "field_1": 630, "x": -42017.02119, "y": 1799981.043, "scaled_x": 0.59212681357186403, "scaled_y": 0.71838370007331898, "post_mean": 3.3531905686307102, "post_sd": 0.16024095825797899, "post_q10": 3.1491210389129898, "post_q50": 3.3533624661554402, "post_q90": 3.55730962079965, "post_prob_exceed": 0.30886666666666701, "post_exc_mean": 0.031310628970119797, "prosp_score_happy": 1.0356887936310699, "prosp_score_sad": 3.1491210389129898, "domain_class": "Background" }, "geometry": { "type": "Point", "coordinates": [ -154.928816918883683, 66.154974028793632 ] } },
{ "type": "Feature", "properties": { "field_1": 631, "x": -42443.16783, "y": 1769513.249, "scaled_x": 0.59200614507446203, "scaled_y": 0.70248981597288196, "post_mean": 3.3681751598508201, "post_sd": 0.159430900093399, "post_q10": 3.1641892851076601, "post_q50": 3.3684637661052701, "post_q90": 3.5707103203375001, "post_prob_exceed": 0.34156666666666702, "post_exc_mean": 0.035920275077169397, "prosp_score_happy": 1.1504563620997099, "prosp_score_sad": 3.1641892851076601, "domain_class": "Background" }, "geometry": { "type": "Point", "coordinates": [ -154.928816918853641, 65.881137590574909 ] } },
{ "type": "Feature", "properties": { "field_1": 632, "x": -42874.1654, "y": 1738698.632, "scaled_x": 0.59188410297844596, "scaled_y": 0.68641500756379903, "post_mean": 3.3797473768512001, "post_sd": 0.15889435556249201, "post_q10": 3.17599183485979, "post_q50": 3.3802502930999898, "post_q90": 3.5814697629144598, "post_prob_exceed": 0.3693, "post_exc_mean": 0.039853714427232997, "prosp_score_happy": 1.24814070627115, "prosp_score_sad": 3.17599183485979, "domain_class": "Background" }, "geometry": { "type": "Point", "coordinates": [ -154.928816918596226, 65.604346426637491 ] } },
{ "type": "Feature", "properties": { "field_1": 633, "x": -43310.04316, "y": 1707535.102, "scaled_x": 0.59176067899849905, "scaled_y": 0.67015818457292198, "post_mean": 3.3867947221961199, "post_sd": 0.15819160718612399, "post_q10": 3.1838591990073302, "post_q50": 3.38705184146716, "post_q90": 3.5872545151473401, "post_prob_exceed": 0.38543333333333302, "post_exc_mean": 0.042287411246088098, "prosp_score_happy": 1.30538357909179, "prosp_score_sad": 3.1838591990073302, "domain_class": "Background" }, "geometry": { "type": "Point", "coordinates": [ -154.928816918710339, 65.324575191297441 ] } },
{ "type": "Feature", "properties": { "field_1": 634, "x": -43750.82994, "y": 1676020.597, "scaled_x": 0.59163586497106202, "scaled_y": 0.65371827133362903, "post_mean": 3.3884253466037002, "post_sd": 0.15680062273085901, "post_q10": 3.1869795354739701, "post_q50": 3.38862454256767, "post_q90": 3.5865939716512498, "post_prob_exceed": 0.38783333333333297, "post_exc_mean": 0.042440043016910498, "prosp_score_happy": 1.3141442969244701, "prosp_score_sad": 3.1869795354739701, "domain_class": "Background" }, "geometry": { "type": "Point", "coordinates": [ -154.928816918956414, 65.041798547805485 ] } },
{ "type": "Feature", "properties": { "field_1": 635, "x": -44196.55417, "y": 1644153.082, "scaled_x": 0.591509652845842, "scaled_y": 0.63709420626416602, "post_mean": 3.3841784933901899, "post_sd": 0.15423580770762599, "post_q10": 3.18639861673925, "post_q50": 3.3843768587080101, "post_q90": 3.5800813976310302, "post_prob_exceed": 0.375033333333333, "post_exc_mean": 0.0398701412575235, "prosp_score_happy": 1.2691797409711001, "prosp_score_sad": 3.18639861673925, "domain_class": "Background" }, "geometry": { "type": "Point", "coordinates": [ -154.92881691863451, 64.755991153501171 ] } },
{ "type": "Feature", "properties": { "field_1": 636, "x": -44647.24386, "y": 1611930.558, "scaled_x": 0.59138203469147399, "scaled_y": 0.62028494656260802, "post_mean": 3.37419003826707, "post_sd": 0.15016411683654901, "post_q10": 3.18128461556819, "post_q50": 3.3738639905883199, "post_q90": 3.5663910001900101, "post_prob_exceed": 0.34463333333333301, "post_exc_mean": 0.0348214854882897, "prosp_score_happy": 1.16285836018811, "prosp_score_sad": 3.18128461556819, "domain_class": "Background" }, "geometry": { "type": "Point", "coordinates": [ -154.928816918810213, 64.467127734512502 ] } },
{ "type": "Feature", "properties": { "field_1": 637, "x": -45102.92653, "y": 1579351.055, "scaled_x": 0.59125300271534298, "scaled_y": 0.60328946455521804, "post_mean": 3.3592785042428401, "post_sd": 0.144488294305439, "post_q10": 3.1739620726194602, "post_q50": 3.35831991935276, "post_q90": 3.5455558518856098, "post_prob_exceed": 0.30223333333333302, "post_exc_mean": 0.028004074841298299, "prosp_score_happy": 1.01528593993233, "prosp_score_sad": 3.1739620726194602, "domain_class": "Background" }, "geometry": { "type": "Point", "coordinates": [ -154.928816918768973, 64.175183016848436 ] } },
{ "type": "Feature", "properties": { "field_1": 638, "x": -45563.62921, "y": 1546412.642, "scaled_x": 0.59112254926358099, "scaled_y": 0.58610675291307102, "post_mean": 3.3409304823009802, "post_sd": 0.137378079369881, "post_q10": 3.1650691898796799, "post_q50": 3.3404288809835201, "post_q90": 3.5193724372840198, "post_prob_exceed": 0.248966666666667, "post_exc_mean": 0.020618879864513801, "prosp_score_happy": 0.831780325743535, "prosp_score_sad": 3.1650691898796799, "domain_class": "Background" }, "geometry": { "type": "Point", "coordinates": [ -154.928816918955704, 63.880131809768706 ] } },
{ "type": "Feature", "properties": { "field_1": 639, "x": -46029.37841, "y": 1513113.422, "scaled_x": 0.59099066682956702, "scaled_y": 0.56873582204374096, "post_mean": 3.32118339441667, "post_sd": 0.12924112912843899, "post_q10": 3.15598619542958, "post_q50": 3.32061244580879, "post_q90": 3.4891051475545098, "post_prob_exceed": 0.1908, "post_exc_mean": 0.0139068340706523, "prosp_score_happy": 0.63368179165470095, "prosp_score_sad": 3.15598619542958, "domain_class": "Background" }, "geometry": { "type": "Point", "coordinates": [ -154.928816918900623, 63.581948954601934 ] } },
{ "type": "Feature", "properties": { "field_1": 640, "x": -46500.20011, "y": 1479451.538, "scaled_x": 0.59085734805675405, "scaled_y": 0.55117570322127596, "post_mean": 3.3024226827349801, "post_sd": 0.120634104920364, "post_q10": 3.1489312380411101, "post_q50": 3.3017140228898398, "post_q90": 3.4587730935271002, "post_prob_exceed": 0.1391, "post_exc_mean": 0.00861823749033927, "prosp_score_happy": 0.45936699516843499, "prosp_score_sad": 3.1489312380411101, "domain_class": "Background" }, "geometry": { "type": "Point", "coordinates": [ -154.928816918741461, 63.280609372003042 ] } },
{ "type": "Feature", "properties": { "field_1": 641, "x": -46976.1197, "y": 1445425.176, "scaled_x": 0.59072258575566094, "scaled_y": 0.53342545015118004, "post_mean": 3.28712461753411, "post_sd": 0.112123965943196, "post_q10": 3.1438040578284601, "post_q50": 3.28661466330187, "post_q90": 3.4316216032223599, "post_prob_exceed": 0.096466666666666701, "post_exc_mean": 0.0050731786609054903, "prosp_score_happy": 0.31709795477145702, "prosp_score_sad": 3.1438040578284601, "domain_class": "Background" }, "geometry": { "type": "Point", "coordinates": [ -154.928816918836503, 62.976088082191694 ] } },
{ "type": "Feature", "properties": { "field_1": 642, "x": -47457.16197, "y": 1411032.562, "scaled_x": 0.59058637290670402, "scaled_y": 0.51548413740542998, "post_mean": 3.2775821050110898, "post_sd": 0.104126064182122, "post_q10": 3.1439947896263698, "post_q50": 3.2770916164923198, "post_q90": 3.4105535543859, "post_prob_exceed": 0.066866666666666699, "post_exc_mean": 0.0030638084408740498, "prosp_score_happy": 0.219160990088408, "prosp_score_sad": 3.1439947896263698, "domain_class": "Background" }, "geometry": { "type": "Point", "coordinates": [ -154.928816918736487, 62.668360171396301 ] } },
{ "type": "Feature", "properties": { "field_1": 643, "x": -47943.35108, "y": 1376271.97, "scaled_x": 0.59044870266869198, "scaled_y": 0.49735086459576699, "post_mean": 3.2756491742686702, "post_sd": 0.096769590903554401, "post_q10": 3.1504716268389701, "post_q50": 3.27551751269004, "post_q90": 3.3988532061779799, "post_prob_exceed": 0.051166666666666701, "post_exc_mean": 0.0020721366533791299, "prosp_score_happy": 0.167604049416747, "prosp_score_sad": 3.1504716268389701, "domain_class": "Background" }, "geometry": { "type": "Point", "coordinates": [ -154.928816918811435, 62.357400856625944 ] } },
{ "type": "Feature", "properties": { "field_1": 644, "x": -48434.71054, "y": 1341141.718, "scaled_x": 0.590309568384488, "scaled_y": 0.47902475428705299, "post_mean": 3.2825326228868201, "post_sd": 0.089854272965609605, "post_q10": 3.1668892612762098, "post_q50": 3.2825175982376198, "post_q90": 3.3970156511464999, "post_prob_exceed": 0.0458, "post_exc_mean": 0.00169489452996887, "prosp_score_happy": 0.150339994128216, "prosp_score_sad": 3.1668892612762098, "domain_class": "Background" }, "geometry": { "type": "Point", "coordinates": [ -154.928816918753569, 62.043185442974305 ] } },
{ "type": "Feature", "properties": { "field_1": 645, "x": -48931.26314, "y": 1305640.177, "scaled_x": 0.59016896360083204, "scaled_y": 0.46050495669222402, "post_mean": 3.2986500685073099, "post_sd": 0.082937304108212206, "post_q10": 3.19281216546598, "post_q50": 3.2985581576182899, "post_q90": 3.4048603601051499, "post_prob_exceed": 0.0498, "post_exc_mean": 0.0017679646462824201, "prosp_score_happy": 0.16427277341166399, "prosp_score_sad": 3.19281216546598, "domain_class": "Background" }, "geometry": { "type": "Point", "coordinates": [ -154.928816918671572, 61.725689397113868 ] } },
{ "type": "Feature", "properties": { "field_1": 646, "x": -49433.03096, "y": 1269765.769, "scaled_x": 0.59002688206550902, "scaled_y": 0.441790648628969, "post_mean": 3.3235653205467299, "post_sd": 0.075534158297758794, "post_q10": 3.2273636173364602, "post_q50": 3.3235571912172102, "post_q90": 3.42064828441799, "post_prob_exceed": 0.071233333333333301, "post_exc_mean": 0.0023878939036364099, "prosp_score_happy": 0.23674863633361201, "prosp_score_sad": 3.2273636173364602, "domain_class": "Background" }, "geometry": { "type": "Point", "coordinates": [ -154.928816918732394, 61.404888322301254 ] } },
{ "type": "Feature", "properties": { "field_1": 647, "x": -49940.03533, "y": 1233516.969, "scaled_x": 0.58988331773867497, "scaled_y": 0.42288103456304899, "post_mean": 3.3560062805553899, "post_sd": 0.067389812116481498, "post_q10": 3.2701452322987499, "post_q50": 3.3561386170341398, "post_q90": 3.44214790234038, "post_prob_exceed": 0.123566666666667, "post_exc_mean": 0.0041279225157293698, "prosp_score_happy": 0.41469050940062802, "prosp_score_sad": 3.2701452322987499, "domain_class": "Background" }, "geometry": { "type": "Point", "coordinates": [ -154.928816918934416, 61.080757969087237 ] } },
{ "type": "Feature", "properties": { "field_1": 648, "x": -50452.29676, "y": 1196892.309, "scaled_x": 0.58973826481267999, "scaled_y": 0.40377534869495002, "post_mean": 3.3939676740079299, "post_sd": 0.058821407892140902, "post_q10": 3.3190309646302198, "post_q50": 3.3937750825452602, "post_q90": 3.4691842331018701, "post_prob_exceed": 0.24763333333333301, "post_exc_mean": 0.0086845837818689698, "prosp_score_happy": 0.84045952834016402, "prosp_score_sad": 3.3190309646302198, "domain_class": "Background" }, "geometry": { "type": "Point", "coordinates": [ -154.928816918857137, 60.75327426382745 ] } },
{ "type": "Feature", "properties": { "field_1": 649, "x": -50969.83495, "y": 1159890.381, "scaled_x": 0.58959171770923302, "scaled_y": 0.38447285652486601, "post_mean": 3.4348997830907999, "post_sd": 0.051201040285989201, "post_q10": 3.3695233362989101, "post_q50": 3.43440480184355, "post_q90": 3.5006190342101902, "post_prob_exceed": 0.5034, "post_exc_mean": 0.020883218554784099, "prosp_score_happy": 1.7291285508079099, "prosp_score_sad": 3.3695233362989101, "domain_class": "tier 3" }, "geometry": { "type": "Point", "coordinates": [ -154.928816918629281, 60.422413328166726 ] } },
{ "type": "Feature", "properties": { "field_1": 650, "x": -51492.66876, "y": 1122509.839, "scaled_x": 0.58944367108790197, "scaled_y": 0.36497285589602002, "post_mean": 3.47598309568296, "post_sd": 0.0473827893355349, "post_q10": 3.4159069780509599, "post_q50": 3.4759337678659601, "post_q90": 3.5364635291078801, "post_prob_exceed": 0.81256666666666699, "post_exc_mean": 0.046827274346692503, "prosp_score_happy": 2.8244679974487799, "prosp_score_sad": 3.4159069780509599, "domain_class": "tier 1" }, "geometry": { "type": "Point", "coordinates": [ -154.928816918864698, 60.088151489526823 ] } },
{ "type": "Feature", "properties": { "field_1": 651, "x": -52020.81612, "y": 1084749.398, "scaled_x": 0.58929411987159297, "scaled_y": 0.34527467647300603, "post_mean": 3.51448521479257, "post_sd": 0.050542104354980903, "post_q10": 3.4503340400498801, "post_q50": 3.5140877187269899, "post_q90": 3.5798058507684201, "post_prob_exceed": 0.9461, "post_exc_mean": 0.081686251397761797, "prosp_score_happy": 3.3250544617152502, "prosp_score_sad": 3.4503340400498801, "domain_class": "tier 1" }, "geometry": { "type": "Point", "coordinates": [ -154.928816918781223, 59.750465264722649 ] } },
{ "type": "Feature", "properties": { "field_1": 652, "x": -52554.29403, "y": 1046607.844, "scaled_x": 0.58914305924655397, "scaled_y": 0.32537768495840602, "post_mean": 3.5481884958136201, "post_sd": 0.060972972234470499, "post_q10": 3.4709839149427202, "post_q50": 3.5479511618586499, "post_q90": 3.6263702221834699, "post_prob_exceed": 0.969733333333333, "post_exc_mean": 0.114933384113697, "prosp_score_happy": 3.4407966573403299, "prosp_score_sad": 3.4709839149427202, "domain_class": "tier 1" }, "geometry": { "type": "Point", "coordinates": [ -154.928816918742598, 59.409331441866783 ] } },
{ "type": "Feature", "properties": { "field_1": 653, "x": -53093.11855, "y": 1008084.029, "scaled_x": 0.58899048466520398, "scaled_y": 0.305281282484478, "post_mean": 3.5758637447930202, "post_sd": 0.076302008257062001, "post_q10": 3.4786752823901401, "post_q50": 3.5754809031919499, "post_q90": 3.67352107810893, "post_prob_exceed": 0.96896666666666698, "post_exc_mean": 0.142833576287966, "prosp_score_happy": 3.4648927732462802, "prosp_score_sad": 3.4786752823901401, "domain_class": "tier 1" }, "geometry": { "type": "Point", "coordinates": [ -154.928816918802795, 59.06472702812556 ] } },
{ "type": "Feature", "properties": { "field_1": 654, "x": -53637.3047, "y": 969176.8784, "scaled_x": 0.58883639187445203, "scaled_y": 0.28498490847345898, "post_mean": 3.5977475510092898, "post_sd": 0.094658093657275705, "post_q10": 3.4770808059243299, "post_q50": 3.5978808796217101, "post_q90": 3.7193440008774998, "post_prob_exceed": 0.95823333333333305, "post_exc_mean": 0.165387310587231, "prosp_score_happy": 3.4474816282954701, "prosp_score_sad": 3.4770808059243299, "domain_class": "tier 1" }, "geometry": { "type": "Point", "coordinates": [ -154.928816918782189, 58.716629308326155 ] } },
{ "type": "Feature", "properties": { "field_1": 655, "x": -54186.86646, "y": 929885.393, "scaled_x": 0.58868077691569298, "scaled_y": 0.26448804168088302, "post_mean": 3.6159620622651301, "post_sd": 0.116354790766462, "post_q10": 3.4672548121895801, "post_q50": 3.6165917640481302, "post_q90": 3.7660076789449599, "post_prob_exceed": 0.94086666666666696, "post_exc_mean": 0.18493663974827099, "prosp_score_happy": 3.4021381723165098, "prosp_score_sad": 3.4672548121895801, "domain_class": "tier 1" }, "geometry": { "type": "Point", "coordinates": [ -154.928816918758571, 58.365015855257802 ] } },
{ "type": "Feature", "properties": { "field_1": 656, "x": -9650.976604, "y": 2291379.483, "scaled_x": 0.60129164464277196, "scaled_y": 0.97472749222630395, "post_mean": 2.4664733357423998, "post_sd": 0.21811766301937999, "post_q10": 2.18755989799245, "post_q50": 2.4663363057243699, "post_q90": 2.7459358202368902, "post_prob_exceed": 0.0, "post_exc_mean": 0.0, "prosp_score_happy": 0.0, "prosp_score_sad": 2.18755989799245, "domain_class": "Background" }, "geometry": { "type": "Point", "coordinates": [ -154.255080455676904, 70.607519187948242 ] } },
{ "type": "Feature", "properties": { "field_1": 657, "x": -9745.494486, "y": 2266771.556, "scaled_x": 0.60126488077858098, "scaled_y": 0.96189047686214502, "post_mean": 2.5803821804454201, "post_sd": 0.189886530134773, "post_q10": 2.33707671950806, "post_q50": 2.5802806541927099, "post_q90": 2.8227500812820199, "post_prob_exceed": 0.0, "post_exc_mean": 0.0, "prosp_score_happy": 0.0, "prosp_score_sad": 2.33707671950806, "domain_class": "Background" }, "geometry": { "type": "Point", "coordinates": [ -154.255080455721867, 70.38256885504444 ] } },
{ "type": "Feature", "properties": { "field_1": 658, "x": -9841.187887, "y": 2241857.579, "scaled_x": 0.60123778405218198, "scaled_y": 0.94889380690569902, "post_mean": 2.68491646587383, "post_sd": 0.17124317701077399, "post_q10": 2.4664099538634701, "post_q50": 2.68429775302145, "post_q90": 2.9054540088355001, "post_prob_exceed": 0.0, "post_exc_mean": 0.0, "prosp_score_happy": 0.0, "prosp_score_sad": 2.4664099538634701, "domain_class": "Background" }, "geometry": { "type": "Point", "coordinates": [ -154.255080455648482, 70.155113033962024 ] } },
{ "type": "Feature", "properties": { "field_1": 659, "x": -9938.06588, "y": 2216635.192, "scaled_x": 0.60121035189444705, "scaled_y": 0.93573625123513104, "post_mean": 2.7798627976647401, "post_sd": 0.16111025747810501, "post_q10": 2.5734920475095202, "post_q50": 2.7794199126857801, "post_q90": 2.9868869743539501, "post_prob_exceed": 3.3333333333333301e-05, "post_exc_mean": 2.6161119563103199e-07, "prosp_score_happy": 9.2662093255491303e-05, "prosp_score_sad": 2.5734920475095202, "domain_class": "Background" }, "geometry": { "type": "Point", "coordinates": [ -154.255080455674573, 69.92512746653972 ] } },
{ "type": "Feature", "properties": { "field_1": 660, "x": -10036.13752, "y": 2191102.037, "scaled_x": 0.60118258174134498, "scaled_y": 0.92241657977192903, "post_mean": 2.86518367382285, "post_sd": 0.157396662649925, "post_q10": 2.6651140134922202, "post_q50": 2.8643435452458399, "post_q90": 3.0677379033591499, "post_prob_exceed": 0.00013333333333333299, "post_exc_mean": 4.3207608935834902e-06, "prosp_score_happy": 0.000382024489843047, "prosp_score_sad": 2.6651140134922202, "domain_class": "Background" }, "geometry": { "type": "Point", "coordinates": [ -154.255080455747276, 69.692587752652457 ] } },
{ "type": "Feature", "properties": { "field_1": 661, "x": -10135.41183, "y": 2165255.764, "scaled_x": 0.60115447103790698, "scaled_y": 0.90893356661087599, "post_mean": 2.9410351330853399, "post_sd": 0.157620665364677, "post_q10": 2.7410327497501799, "post_q50": 2.9405216178606701, "post_q90": 3.1450931488912199, "post_prob_exceed": 0.00063333333333333297, "post_exc_mean": 3.1174383909349098e-05, "prosp_score_happy": 0.0018626555842873799, "prosp_score_sad": 2.7410327497501799, "domain_class": "Background" }, "geometry": { "type": "Point", "coordinates": [ -154.255080455783713, 69.457469401370005 ] } },
{ "type": "Feature", "properties": { "field_1": 662, "x": -10235.89781, "y": 2139094.03, "scaled_x": 0.60112601723567405, "scaled_y": 0.895285989498385, "post_mean": 3.0077777718969001, "post_sd": 0.15961896576236401, "post_q10": 2.8057584545198901, "post_q50": 3.0070967758060201, "post_q90": 3.2139603785963202, "post_prob_exceed": 0.0035333333333333302, "post_exc_mean": 0.000155262621571771, "prosp_score_happy": 0.010627481460702399, "prosp_score_sad": 2.8057584545198901, "domain_class": "Background" }, "geometry": { "type": "Point", "coordinates": [ -154.255080455801078, 69.219747818086532 ] } },
{ "type": "Feature", "properties": { "field_1": 663, "x": -10337.60442, "y": 2112614.502, "scaled_x": 0.60109721779751701, "scaled_y": 0.88147263139748999, "post_mean": 3.06597846984875, "post_sd": 0.16188390371834399, "post_q10": 2.8596390285608302, "post_q50": 3.0655001442452798, "post_q90": 3.27501005632669, "post_prob_exceed": 0.0108, "post_exc_mean": 0.00056303388734464102, "prosp_score_happy": 0.0331125674743665, "prosp_score_sad": 2.8596390285608302, "domain_class": "Background" }, "geometry": { "type": "Point", "coordinates": [ -154.255080455776636, 68.979398327926702 ] } },
{ "type": "Feature", "properties": { "field_1": 664, "x": -10440.54059, "y": 2085814.854, "scaled_x": 0.60106807019480002, "scaled_y": 0.86749227892285596, "post_mean": 3.11640009470156, "post_sd": 0.16355048413238801, "post_q10": 2.9068472149060902, "post_q50": 3.1158557444507, "post_q90": 3.3279062124506198, "post_prob_exceed": 0.0255, "post_exc_mean": 0.00150838476635135, "prosp_score_happy": 0.079468202414889694, "prosp_score_sad": 2.9068472149060902, "domain_class": "Background" }, "geometry": { "type": "Point", "coordinates": [ -154.255080455612614, 68.736396144526083 ] } },
{ "type": "Feature", "properties": { "field_1": 665, "x": -10544.71522, "y": 2058692.772, "scaled_x": 0.60103857190737997, "scaled_y": 0.85334372494909105, "post_mean": 3.1599765175603101, "post_sd": 0.16424153991554799, "post_q10": 2.9497662443863302, "post_q50": 3.1601503328336502, "post_q90": 3.37233923454035, "post_prob_exceed": 0.0477, "post_exc_mean": 0.0031591033085419701, "prosp_score_happy": 0.15073087988762701, "prosp_score_sad": 2.9497662443863302, "domain_class": "Background" }, "geometry": { "type": "Point", "coordinates": [ -154.255080455604201, 68.49071641133061 ] } },
{ "type": "Feature", "properties": { "field_1": 666, "x": -10650.13715, "y": 2031245.955, "scaled_x": 0.60100872043210796, "scaled_y": 0.83902576913240401, "post_mean": 3.1977708449421498, "post_sd": 0.16390395718467701, "post_q10": 2.9878556046653202, "post_q50": 3.1982488313952899, "post_q90": 3.4087948902871599, "post_prob_exceed": 0.075, "post_exc_mean": 0.0054561843580919703, "prosp_score_happy": 0.23983281337066101, "prosp_score_sad": 2.9878556046653202, "domain_class": "Background" }, "geometry": { "type": "Point", "coordinates": [ -154.25508045579403, 68.242334206364461 ] } },
{ "type": "Feature", "properties": { "field_1": 667, "x": -10756.81516, "y": 2003472.112, "scaled_x": 0.60097851328282104, "scaled_y": 0.82453721634562305, "post_mean": 3.2309157958842198, "post_sd": 0.16267893563719399, "post_q10": 3.0237480675141599, "post_q50": 3.2309233521596901, "post_q90": 3.4393087841134098, "post_prob_exceed": 0.105866666666667, "post_exc_mean": 0.0082617963267031993, "prosp_score_happy": 0.34204628559094202, "prosp_score_sad": 3.0237480675141599, "domain_class": "Background" }, "geometry": { "type": "Point", "coordinates": [ -154.255080455710896, 67.991224510724905 ] } },
{ "type": "Feature", "properties": { "field_1": 668, "x": -10864.75801, "y": 1975368.967, "scaled_x": 0.60094794797902196, "scaled_y": 0.80987687928650398, "post_mean": 3.2605369017239298, "post_sd": 0.16081004308842201, "post_q10": 3.0559037109927001, "post_q50": 3.2606497774141898, "post_q90": 3.4674295363603802, "post_prob_exceed": 0.1406, "post_exc_mean": 0.0115138108427588, "prosp_score_happy": 0.45843148838238501, "prosp_score_sad": 3.0559037109927001, "domain_class": "Background" }, "geometry": { "type": "Point", "coordinates": [ -154.255080455785276, 67.737362249374144 ] } },
{ "type": "Feature", "properties": { "field_1": 669, "x": -10973.97437, "y": 1946934.259, "scaled_x": 0.60091702206569597, "scaled_y": 0.795043578477729, "post_mean": 3.2876617855719998, "post_sd": 0.15858270634486399, "post_q10": 3.0855909274864501, "post_q50": 3.2878007452031399, "post_q90": 3.4915612223339898, "post_prob_exceed": 0.17876666666666699, "post_exc_mean": 0.015259946751721499, "prosp_score_happy": 0.58772433853408701, "prosp_score_sad": 3.0855909274864501, "domain_class": "Background" }, "geometry": { "type": "Point", "coordinates": [ -154.255080455677927, 67.480722286502157 ] } },
{ "type": "Feature", "properties": { "field_1": 670, "x": -11084.47287, "y": 1918165.745, "scaled_x": 0.60088573309915505, "scaled_y": 0.78003614383189201, "post_mean": 3.3131220324258401, "post_sd": 0.156286774370887, "post_q10": 3.1134272765351301, "post_q50": 3.3132670345663402, "post_q90": 3.51447364777867, "post_prob_exceed": 0.2193, "post_exc_mean": 0.019677135019973001, "prosp_score_happy": 0.72656766171098597, "prosp_score_sad": 3.1134272765351301, "domain_class": "Background" }, "geometry": { "type": "Point", "coordinates": [ -154.25508045573352, 67.221279447849469 ] } },
{ "type": "Feature", "properties": { "field_1": 671, "x": -11196.26206, "y": 1889061.197, "scaled_x": 0.60085407865836704, "scaled_y": 0.764853413086515, "post_mean": 3.3374579248405301, "post_sd": 0.15419199901685701, "post_q10": 3.1401647159466801, "post_q50": 3.3381177849013, "post_q90": 3.5367170258819498, "post_prob_exceed": 0.26426666666666698, "post_exc_mean": 0.024915705091437701, "prosp_score_happy": 0.88197888093785803, "prosp_score_sad": 3.1401647159466801, "domain_class": "Background" }, "geometry": { "type": "Point", "coordinates": [ -154.255080455773111, 66.959008488774984 ] } },
{ "type": "Feature", "properties": { "field_1": 672, "x": -11309.35041, "y": 1859618.408, "scaled_x": 0.60082205634494901, "scaled_y": 0.74949423493401501, "post_mean": 3.3608398713313901, "post_sd": 0.15252469827524301, "post_q10": 3.1664592065217101, "post_q50": 3.3616424010966202, "post_q90": 3.5579553474148899, "post_prob_exceed": 0.31216666666666698, "post_exc_mean": 0.0310456687505891, "prosp_score_happy": 1.04914217983395, "prosp_score_sad": 3.1664592065217101, "domain_class": "Background" }, "geometry": { "type": "Point", "coordinates": [ -154.255080455639671, 66.693884143373154 ] } },
{ "type": "Feature", "properties": { "field_1": 673, "x": -11423.74634, "y": 1829835.189, "scaled_x": 0.60078966377467802, "scaled_y": 0.73395746745672596, "post_mean": 3.38302278466315, "post_sd": 0.151435960314794, "post_q10": 3.18938952930485, "post_q50": 3.38376520226719, "post_q90": 3.57725073900298, "post_prob_exceed": 0.36756666666666699, "post_exc_mean": 0.038149076792129602, "prosp_score_happy": 1.24348640821602, "prosp_score_sad": 3.18938952930485, "domain_class": "Background" }, "geometry": { "type": "Point", "coordinates": [ -154.2550804556098, 66.425881092308529 ] } },
{ "type": "Feature", "properties": { "field_1": 674, "x": -11539.45816, "y": 1799709.377, "scaled_x": 0.60075689859447801, "scaled_y": 0.71824198230018399, "post_mean": 3.4033495680454902, "post_sd": 0.15096049719145299, "post_q10": 3.2099188598475701, "post_q50": 3.4037118449980301, "post_q90": 3.5955430615054502, "post_prob_exceed": 0.42113333333333303, "post_exc_mean": 0.0460061429423997, "prosp_score_happy": 1.4332639480895599, "prosp_score_sad": 3.2099188598475701, "domain_class": "tier 3" }, "geometry": { "type": "Point", "coordinates": [ -154.255080455725079, 66.154974029563732 ] } },
{ "type": "Feature", "properties": { "field_1": 675, "x": -11656.49409, "y": 1769238.827, "scaled_x": 0.60072375847675896, "scaled_y": 0.70234666049983996, "post_mean": 3.4208161070816798, "post_sd": 0.15097871084019501, "post_q10": 3.2282074270233601, "post_q50": 3.4217384340263699, "post_q90": 3.61258544263326, "post_prob_exceed": 0.46653333333333302, "post_exc_mean": 0.053799851766225003, "prosp_score_happy": 1.59592474115717, "prosp_score_sad": 3.2282074270233601, "domain_class": "tier 3" }, "geometry": { "type": "Point", "coordinates": [ -154.255080455568788, 65.88113758507518 ] } },
{ "type": "Feature", "properties": { "field_1": 676, "x": -11774.86228, "y": 1738421.424, "scaled_x": 0.60069024111375102, "scaled_y": 0.68627039874099705, "post_mean": 3.4342018994185102, "post_sd": 0.15120418745351699, "post_q10": 3.23992291449244, "post_q50": 3.4345507781871798, "post_q90": 3.6258929022566999, "post_prob_exceed": 0.5015, "post_exc_mean": 0.060414901568395699, "prosp_score_happy": 1.7222522525583801, "prosp_score_sad": 3.23992291449244, "domain_class": "tier 3" }, "geometry": { "type": "Point", "coordinates": [ -154.255080455720645, 65.6043464271239 ] } },
{ "type": "Feature", "properties": { "field_1": 677, "x": -11894.57074, "y": 1707255.076, "scaled_x": 0.60065634423732694, "scaled_y": 0.67001210570718195, "post_mean": 3.4422583799740298, "post_sd": 0.15121532445927099, "post_q10": 3.2477087690042299, "post_q50": 3.4423476929433399, "post_q90": 3.6341455224100998, "post_prob_exceed": 0.52236666666666698, "post_exc_mean": 0.064609101325299803, "prosp_score_happy": 1.79812103575243, "prosp_score_sad": 3.2477087690042299, "domain_class": "tier 3" }, "geometry": { "type": "Point", "coordinates": [ -154.255080455629439, 65.324575193757482 ] } },
{ "type": "Feature", "properties": { "field_1": 678, "x": -12015.62741, "y": 1675737.72, "scaled_x": 0.60062206559918196, "scaled_y": 0.65357070521011196, "post_mean": 3.4439330726346098, "post_sd": 0.150532864006129, "post_q10": 3.2511196425778501, "post_q50": 3.4440019518981799, "post_q90": 3.6354090042161298, "post_prob_exceed": 0.52696666666666703, "post_exc_mean": 0.0652584269293707, "prosp_score_happy": 1.8148379315093499, "prosp_score_sad": 3.2511196425778501, "domain_class": "tier 3" }, "geometry": { "type": "Point", "coordinates": [ -154.255080455644617, 65.041798540934082 ] } },
{ "type": "Feature", "properties": { "field_1": 679, "x": -12138.04009, "y": 1643867.324, "scaled_x": 0.60058740299065305, "scaled_y": 0.63694513723301904, "post_mean": 3.43859571670921, "post_sd": 0.14872546686909299, "post_q10": 3.2484559378550601, "post_q50": 3.4379840932955199, "post_q90": 3.62866953957244, "post_prob_exceed": 0.51143333333333296, "post_exc_mean": 0.061774297180834201, "prosp_score_happy": 1.75861246938231, "prosp_score_sad": 3.2484559378550601, "domain_class": "tier 3" }, "geometry": { "type": "Point", "coordinates": [ -154.255080455661727, 64.755991154552447 ] } },
{ "type": "Feature", "properties": { "field_1": 680, "x": -12261.81647, "y": 1611641.885, "scaled_x": 0.60055235423422304, "scaled_y": 0.62013435688732899, "post_mean": 3.4262264312995701, "post_sd": 0.14551454220096699, "post_q10": 3.2400571697044498, "post_q50": 3.4258804431265601, "post_q90": 3.6133718956314702, "post_prob_exceed": 0.47673333333333301, "post_exc_mean": 0.054359050843297799, "prosp_score_happy": 1.63339634734821, "prosp_score_sad": 3.2400571697044498, "domain_class": "tier 3" }, "geometry": { "type": "Point", "coordinates": [ -154.255080455609374, 64.467127726496244 ] } },
{ "type": "Feature", "properties": { "field_1": 681, "x": -12386.96411, "y": 1579059.437, "scaled_x": 0.60051691718919098, "scaled_y": 0.60313733858595397, "post_mean": 3.4075288212646502, "post_sd": 0.14084997888719999, "post_q10": 3.2281157594528902, "post_q50": 3.40673050981112, "post_q90": 3.58970053836148, "post_prob_exceed": 0.422866666666667, "post_exc_mean": 0.044086422452722103, "prosp_score_happy": 1.4409303542187799, "prosp_score_sad": 3.2281157594528902, "domain_class": "tier 3" }, "geometry": { "type": "Point", "coordinates": [ -154.255080455668605, 64.175183020220445 ] } },
{ "type": "Feature", "properties": { "field_1": 682, "x": -12513.49044, "y": 1546118.044, "scaled_x": 0.60048108975166203, "scaled_y": 0.58595307239165795, "post_mean": 3.3839429641849801, "post_sd": 0.13493546592294101, "post_q10": 3.21242008409263, "post_q50": 3.3828550824659098, "post_q90": 3.5593124140697001, "post_prob_exceed": 0.3518, "post_exc_mean": 0.032690344208665401, "prosp_score_happy": 1.1904711348002699, "prosp_score_sad": 3.21242008409263, "domain_class": "Background" }, "geometry": { "type": "Point", "coordinates": [ -154.255080455712033, 63.880131801752384 ] } },
{ "type": "Feature", "properties": { "field_1": 683, "x": -12641.40273, "y": 1512815.813, "scaled_x": 0.60044486986304901, "scaled_y": 0.56858057079866398, "post_mean": 3.35755167439476, "post_sd": 0.12819077643115701, "post_q10": 3.1938640442649899, "post_q50": 3.3561700961360801, "post_q90": 3.5238458047769199, "post_prob_exceed": 0.27356666666666701, "post_exc_mean": 0.0220388437124183, "prosp_score_happy": 0.91851421972526004, "prosp_score_sad": 3.1938640442649899, "domain_class": "Background" }, "geometry": { "type": "Point", "coordinates": [ -154.255080455721469, 63.581948949786408 ] } },
{ "type": "Feature", "properties": { "field_1": 684, "x": -12770.70812, "y": 1479150.886, "scaled_x": 0.60040825550157595, "scaled_y": 0.551018864559358, "post_mean": 3.3308931643250599, "post_sd": 0.121148213540525, "post_q10": 3.1772903705503301, "post_q50": 3.3299836058171302, "post_q90": 3.4879885478675199, "post_prob_exceed": 0.197833333333333, "post_exc_mean": 0.0135369785374102, "prosp_score_happy": 0.65896169767563995, "prosp_score_sad": 3.1772903705503301, "domain_class": "Background" }, "geometry": { "type": "Point", "coordinates": [ -154.255080455768024, 63.280609377517514 ] } },
{ "type": "Feature", "properties": { "field_1": 685, "x": -12901.41358, "y": 1445121.446, "scaled_x": 0.60037124469360603, "scaled_y": 0.53326700581425801, "post_mean": 3.30670906432991, "post_sd": 0.114296155628375, "post_q10": 3.1602222023950199, "post_q50": 3.30614103447969, "post_q90": 3.4536606271936501, "post_prob_exceed": 0.1341, "post_exc_mean": 0.0077330881807673698, "prosp_score_happy": 0.44342968552664003, "prosp_score_sad": 3.1602222023950199, "domain_class": "Background" }, "geometry": { "type": "Point", "coordinates": [ -154.255080455672442, 62.976088079787893 ] } },
{ "type": "Feature", "properties": { "field_1": 686, "x": -13033.52592, "y": 1410725.722, "scaled_x": 0.60033383551080399, "scaled_y": 0.51532407070032604, "post_mean": 3.28766503811095, "post_sd": 0.107909050030596, "post_q10": 3.1489739369053198, "post_q50": 3.28729570687074, "post_q90": 3.4261446627866099, "post_prob_exceed": 0.087166666666666698, "post_exc_mean": 0.0043696092835576704, "prosp_score_happy": 0.28657480248867101, "prosp_score_sad": 3.1489739369053198, "domain_class": "Background" }, "geometry": { "type": "Point", "coordinates": [ -154.255080455589194, 62.668360171107999 ] } },
{ "type": "Feature", "properties": { "field_1": 687, "x": -13167.05179, "y": 1375961.986, "scaled_x": 0.60029602607014498, "scaled_y": 0.49718915778598, "post_mean": 3.2760813726804598, "post_sd": 0.101931046164272, "post_q10": 3.1448670336818298, "post_q50": 3.2756989548965598, "post_q90": 3.4065754298323698, "post_prob_exceed": 0.059833333333333301, "post_exc_mean": 0.00265308564179425, "prosp_score_happy": 0.196018868798714, "prosp_score_sad": 3.1448670336818298, "domain_class": "Background" }, "geometry": { "type": "Point", "coordinates": [ -154.255080455766574, 62.35740085199032 ] } },
{ "type": "Feature", "properties": { "field_1": 688, "x": -13301.99762, "y": 1340828.558, "scaled_x": 0.600257814550897, "scaled_y": 0.47886139067940597, "post_mean": 3.27370478414392, "post_sd": 0.095979211896160099, "post_q10": 3.1507235633853599, "post_q50": 3.2736007510339999, "post_q90": 3.39615223913537, "post_prob_exceed": 0.046533333333333302, "post_exc_mean": 0.0018563234250799001, "prosp_score_happy": 0.152336395955497, "prosp_score_sad": 3.1507235633853599, "domain_class": "Background" }, "geometry": { "type": "Point", "coordinates": [ -154.255080455759412, 62.043185446776569 ] } },
{ "type": "Feature", "properties": { "field_1": 689, "x": -13438.36968, "y": 1305323.806, "scaled_x": 0.600219199177635, "scaled_y": 0.46033991802855401, "post_mean": 3.2815434258262601, "post_sd": 0.089483588151180404, "post_q10": 3.1671303397694599, "post_q50": 3.2813647601826399, "post_q90": 3.3958473231810902, "post_prob_exceed": 0.043766666666666697, "post_exc_mean": 0.0015772475652051001, "prosp_score_happy": 0.14362221727032901, "prosp_score_sad": 3.1671303397694599, "domain_class": "Background" }, "geometry": { "type": "Point", "coordinates": [ -154.255080455603007, 61.725689396626677 ] } },
{ "type": "Feature", "properties": { "field_1": 690, "x": -13576.17404, "y": 1269446.154, "scaled_x": 0.600180178231567, "scaled_y": 0.44162391769443599, "post_mean": 3.2997779157228999, "post_sd": 0.0819250247766449, "post_q10": 3.1952625213213999, "post_q50": 3.3000422055825198, "post_q90": 3.40492887755798, "post_prob_exceed": 0.048833333333333298, "post_exc_mean": 0.00170511108113722, "prosp_score_happy": 0.16113915488446801, "prosp_score_sad": 3.1952625213213999, "domain_class": "Background" }, "geometry": { "type": "Point", "coordinates": [ -154.255080455614916, 61.404888323959838 ] } },
{ "type": "Feature", "properties": { "field_1": 691, "x": -13715.41656, "y": 1233194.075, "scaled_x": 0.60014075005336298, "scaled_y": 0.422712593099491, "post_mean": 3.3277541465847098, "post_sd": 0.073134289011774697, "post_q10": 3.2344649141075501, "post_q50": 3.32800955816107, "post_q90": 3.4213156508157399, "post_prob_exceed": 0.071766666666666701, "post_exc_mean": 0.0023738292469127598, "prosp_score_happy": 0.23882182258656301, "prosp_score_sad": 3.2344649141075501, "domain_class": "Background" }, "geometry": { "type": "Point", "coordinates": [ -154.255080455694554, 61.080757962677325 ] } },
{ "type": "Feature", "properties": { "field_1": 692, "x": -13856.10286, "y": 1196566.104, "scaled_x": 0.60010091305165403, "scaled_y": 0.40360518000918999, "post_mean": 3.3640593135336698, "post_sd": 0.063694835732226701, "post_q10": 3.28330638377847, "post_q50": 3.3639197990068901, "post_q90": 3.44561929203023, "post_prob_exceed": 0.1371, "post_exc_mean": 0.0044110856734304298, "prosp_score_happy": 0.46121253188546601, "prosp_score_sad": 3.28330638377847, "domain_class": "Background" }, "geometry": { "type": "Point", "coordinates": [ -154.255080455711095, 60.753274267141869 ] } },
{ "type": "Feature", "properties": { "field_1": 693, "x": -13998.23836, "y": 1159560.83, "scaled_x": 0.60006066569170202, "scaled_y": 0.38430094235874102, "post_mean": 3.40668040823078, "post_sd": 0.055564867259652997, "post_q10": 3.3360241189507698, "post_q50": 3.4060572777710099, "post_q90": 3.4783461024305402, "post_prob_exceed": 0.31003333333333299, "post_exc_mean": 0.011179434110305799, "prosp_score_happy": 1.0561844825651501, "prosp_score_sad": 3.3360241189507698, "domain_class": "Background" }, "geometry": { "type": "Point", "coordinates": [ -154.255080455674005, 60.422413333315042 ] } },
{ "type": "Feature", "properties": { "field_1": 694, "x": -14141.82824, "y": 1122176.907, "scaled_x": 0.60002000650672804, "scaled_y": 0.36479917799136602, "post_mean": 3.45324271800223, "post_sd": 0.052543110831975597, "post_q10": 3.3861036632813, "post_q50": 3.4528211287680501, "post_q90": 3.5206185454121299, "post_prob_exceed": 0.64403333333333301, "post_exc_mean": 0.031920433339059501, "prosp_score_happy": 2.2240034184840298, "prosp_score_sad": 3.3861036632813, "domain_class": "tier 2" }, "geometry": { "type": "Point", "coordinates": [ -154.255080455766688, 60.088151489710377 ] } },
{ "type": "Feature", "properties": { "field_1": 695, "x": -14286.87741, "y": 1084413.051, "scaled_x": 0.59997893410640801, "scaled_y": 0.34509921709332397, "post_mean": 3.5013229079421899, "post_sd": 0.058278376880746101, "post_q10": 3.4266223633857198, "post_q50": 3.5011591168740801, "post_q90": 3.5761481801444099, "post_prob_exceed": 0.87473333333333303, "post_exc_mean": 0.070877674124790596, "prosp_score_happy": 3.0627238583406302, "prosp_score_sad": 3.4266223633857198, "domain_class": "tier 1" }, "geometry": { "type": "Point", "coordinates": [ -154.255080455596243, 59.750465263118208 ] } },
{ "type": "Feature", "properties": { "field_1": 696, "x": -14433.39056, "y": 1046268.048, "scaled_x": 0.59993744716271102, "scaled_y": 0.32520042636719299, "post_mean": 3.54882508196641, "post_sd": 0.072360325764786598, "post_q10": 3.4564462928355599, "post_q50": 3.54879969707661, "post_q90": 3.64177753645061, "post_prob_exceed": 0.9441, "post_exc_mean": 0.116526687470939, "prosp_score_happy": 3.3504457598844901, "prosp_score_sad": 3.4564462928355599, "domain_class": "tier 1" }, "geometry": { "type": "Point", "coordinates": [ -154.255080455649363, 59.409331442635235 ] } },
{ "type": "Feature", "properties": { "field_1": 697, "x": -14581.37209, "y": 1007740.749, "scaled_x": 0.59989554442972604, "scaled_y": 0.305102206423573, "post_mean": 3.5943980499678698, "post_sd": 0.091763887527867405, "post_q10": 3.4772900703993801, "post_q50": 3.5942011887797101, "post_q90": 3.71203611907724, "post_prob_exceed": 0.96033333333333304, "post_exc_mean": 0.16186392611099501, "prosp_score_happy": 3.4518202606524802, "prosp_score_sad": 3.4772900703993801, "domain_class": "tier 1" }, "geometry": { "type": "Point", "coordinates": [ -154.25508045568742, 59.064727027413866 ] } },
{ "type": "Feature", "properties": { "field_1": 698, "x": -14730.82612, "y": 968830.08, "scaled_x": 0.59985322474082603, "scaled_y": 0.28480399699769499, "post_mean": 3.6378581479271999, "post_sd": 0.114515772091972, "post_q10": 3.4910688035081501, "post_q50": 3.6383271953215601, "post_q90": 3.7851361839847, "post_prob_exceed": 0.963, "post_exc_mean": 0.20554866257488999, "prosp_score_happy": 3.5032573964539, "prosp_score_sad": 3.4910688035081501, "domain_class": "tier 1" }, "geometry": { "type": "Point", "coordinates": [ -154.255080455621055, 58.716629308515934 ] } },
{ "type": "Feature", "properties": { "field_1": 699, "x": -14881.7565, "y": 929535.0413, "scaled_x": 0.59981048700583695, "scaled_y": 0.264305276584264, "post_mean": 3.6805672011214501, "post_sd": 0.14106745217555999, "post_q10": 3.50050535880992, "post_q50": 3.6810538615125501, "post_q90": 3.8615237337361101, "post_prob_exceed": 0.96046666666666702, "post_exc_mean": 0.248857851818089, "prosp_score_happy": 3.5350621111037799, "prosp_score_sad": 3.50050535880992, "domain_class": "tier 1" }, "geometry": { "type": "Point", "coordinates": [ -154.255080455628303, 58.365015855066339 ] } },
{ "type": "Feature", "properties": { "field_1": 700, "x": -15188.06016, "y": 849788.2457, "scaled_x": 0.59972375347579898, "scaled_y": 0.222704420065157, "post_mean": 3.7783677514728602, "post_sd": 0.22253499651026401, "post_q10": 3.4943226947661699, "post_q50": 3.7767921481824498, "post_q90": 4.0631068783625102, "post_prob_exceed": 0.93926666666666703, "post_exc_mean": 0.35024167100301001, "prosp_score_happy": 3.54889488336674, "prosp_score_sad": 3.4943226947661699, "domain_class": "tier 1" }, "geometry": { "type": "Point", "coordinates": [ -154.255080455646805, 57.651153528531061 ] } },
{ "type": "Feature", "properties": { "field_1": 701, "x": -15343.43959, "y": 809334.8887, "scaled_x": 0.599679755939305, "scaled_y": 0.201601449248444, "post_mean": 3.8454619827473202, "post_sd": 0.29215281335368098, "post_q10": 3.4739099214743101, "post_q50": 3.8440079216122598, "post_q90": 4.2189964767557901, "post_prob_exceed": 0.9215, "post_exc_mean": 0.42204533821125001, "prosp_score_happy": 3.5435932171016602, "prosp_score_sad": 3.4739099214743101, "domain_class": "tier 1" }, "geometry": { "type": "Point", "coordinates": [ -154.255080455726045, 57.288861364327197 ] } },
{ "type": "Feature", "properties": { "field_1": 702, "x": -15500.30763, "y": 768493.9674, "scaled_x": 0.59963533688515702, "scaled_y": 0.18029630094340701, "post_mean": 3.9353462504433101, "post_sd": 0.39134927115353002, "post_q10": 3.43652376918382, "post_q50": 3.934716465862, "post_q90": 4.4393341509336803, "post_prob_exceed": 0.90113333333333301, "post_exc_mean": 0.51998997998054097, "prosp_score_happy": 3.5462716844828202, "prosp_score_sad": 3.43652376918382, "domain_class": "tier 1" }, "geometry": { "type": "Point", "coordinates": [ -154.255080455703393, 56.92296691831482 ] } },
{ "type": "Feature", "properties": { "field_1": 703, "x": -15658.66652, "y": 727264.8991, "scaled_x": 0.59959049567907197, "scaled_y": 0.15878867117772, "post_mean": 4.05727532158794, "post_sd": 0.52583188292490901, "post_q10": 3.38455837583157, "post_q50": 4.0559882051915404, "post_q90": 4.7348373451268904, "post_prob_exceed": 0.88313333333333299, "post_exc_mean": 0.65356257977687005, "prosp_score_happy": 3.5831150790050299, "prosp_score_sad": 3.38455837583157, "domain_class": "tier 1" }, "geometry": { "type": "Point", "coordinates": [ -154.255080455612557, 56.553449443265919 ] } },
{ "type": "Feature", "properties": { "field_1": 704, "x": 15686.58214, "y": 2315714.819, "scaled_x": 0.60846627622374705, "scaled_y": 0.987422307280167, "post_mean": 2.2819933211648702, "post_sd": 0.248711600357954, "post_q10": 1.9624773545880001, "post_q50": 2.2820362074054801, "post_q90": 2.6016400575732099, "post_prob_exceed": 0.0, "post_exc_mean": 0.0, "prosp_score_happy": 0.0, "prosp_score_sad": 1.9624773545880001, "domain_class": "Background" }, "geometry": { "type": "Point", "coordinates": [ -153.581343992496642, 70.829988223331355 ] } },
{ "type": "Feature", "properties": { "field_1": 705, "x": 15839.79649, "y": 2291410.876, "scaled_x": 0.60850966069204804, "scaled_y": 0.97474386875502705, "post_mean": 2.4142662623045799, "post_sd": 0.21080905955868801, "post_q10": 2.1435191809119698, "post_q50": 2.41350669501352, "post_q90": 2.68485629635247, "post_prob_exceed": 0.0, "post_exc_mean": 0.0, "prosp_score_happy": 0.0, "prosp_score_sad": 2.1435191809119698, "domain_class": "Background" }, "geometry": { "type": "Point", "coordinates": [ -153.581343992489053, 70.607519188987169 ] } },
{ "type": "Feature", "properties": { "field_1": 706, "x": 15994.92525, "y": 2266803.256, "scaled_x": 0.60855358724834596, "scaled_y": 0.96190701354103902, "post_mean": 2.5374177894677601, "post_sd": 0.18241120716446199, "post_q10": 2.3047685356816201, "post_q50": 2.5371901940573598, "post_q90": 2.7707488127642899, "post_prob_exceed": 0.0, "post_exc_mean": 0.0, "prosp_score_happy": 0.0, "prosp_score_sad": 2.3047685356816201, "domain_class": "Background" }, "geometry": { "type": "Point", "coordinates": [ -153.581343992441305, 70.382568851974497 ] } },
{ "type": "Feature", "properties": { "field_1": 707, "x": 16151.98334, "y": 2241889.591, "scaled_x": 0.60859806011741502, "scaled_y": 0.94891050634307295, "post_mean": 2.6510058659341, "post_sd": 0.16345215616154599, "post_q10": 2.4423665601439102, "post_q50": 2.6505599647378801, "post_q90": 2.86053941093749, "post_prob_exceed": 0.0, "post_exc_mean": 0.0, "prosp_score_happy": 0.0, "prosp_score_sad": 2.4423665601439102, "domain_class": "Background" }, "geometry": { "type": "Point", "coordinates": [ -153.581343992564371, 70.155113037525837 ] } },
{ "type": "Feature", "properties": { "field_1": 708, "x": 16310.98566, "y": 2216667.519, "scaled_x": 0.60864308351836904, "scaled_y": 0.93575311499597102, "post_mean": 2.7547417891219799, "post_sd": 0.152834735832512, "post_q10": 2.5588900529126, "post_q50": 2.7544397733386998, "post_q90": 2.9505416428233699, "post_prob_exceed": 0.0, "post_exc_mean": 0.0, "prosp_score_happy": 0.0, "prosp_score_sad": 2.5588900529126, "domain_class": "Background" }, "geometry": { "type": "Point", "coordinates": [ -153.581343992603593, 69.925127468945206 ] } },
{ "type": "Feature", "properties": { "field_1": 709, "x": 16471.94707, "y": 2191134.683, "scaled_x": 0.60868866165899305, "scaled_y": 0.92243360994288104, "post_mean": 2.8485143841721801, "post_sd": 0.14846384009223601, "post_q10": 2.6588844613513301, "post_q50": 2.8479339002962099, "post_q90": 3.03915494103282, "post_prob_exceed": 3.3333333333333301e-05, "post_exc_mean": 5.7723459641577998e-07, "prosp_score_happy": 9.49504794724062e-05, "prosp_score_sad": 2.6588844613513301, "domain_class": "Background" }, "geometry": { "type": "Point", "coordinates": [ -153.581343992529611, 69.692587754969892 ] } },
{ "type": "Feature", "properties": { "field_1": 710, "x": 16634.88238, "y": 2165288.732, "scaled_x": 0.60873479873291603, "scaled_y": 0.90895076475692504, "post_mean": 2.9324101404663798, "post_sd": 0.14787351293398099, "post_q10": 2.7443538581579499, "post_q50": 2.93162420515963, "post_q90": 3.1231894621344298, "post_prob_exceed": 0.0004, "post_exc_mean": 1.0076811810587699e-05, "prosp_score_happy": 0.0011729640561865501, "prosp_score_sad": 2.7443538581579499, "domain_class": "Background" }, "geometry": { "type": "Point", "coordinates": [ -153.581343992620674, 69.457469395307712 ] } },
{ "type": "Feature", "properties": { "field_1": 711, "x": 16799.80636, "y": 2139127.326, "scaled_x": 0.60878149892243705, "scaled_y": 0.89530335874950295, "post_mean": 3.0067268768061299, "post_sd": 0.14894163546004599, "post_q10": 2.8174406174136601, "post_q50": 3.0060164430885399, "post_q90": 3.1992597128282001, "post_prob_exceed": 0.00166666666666667, "post_exc_mean": 7.4883912918007297e-05, "prosp_score_happy": 0.0050112114613435604, "prosp_score_sad": 2.8174406174136601, "domain_class": "Background" }, "geometry": { "type": "Point", "coordinates": [ -153.581343992412968, 69.219747822358556 ] } },
{ "type": "Feature", "properties": { "field_1": 712, "x": 16966.73372, "y": 2112648.128, "scaled_x": 0.60882876639287098, "scaled_y": 0.88149017279700104, "post_mean": 3.0719782424723601, "post_sd": 0.150224972172913, "post_q10": 2.8802693427974302, "post_q50": 3.0714570924854798, "post_q90": 3.2656353836620799, "post_prob_exceed": 0.0075, "post_exc_mean": 0.00033688784015003701, "prosp_score_happy": 0.0230398368185427, "prosp_score_sad": 2.8802693427974302, "domain_class": "Background" }, "geometry": { "type": "Point", "coordinates": [ -153.581343992474615, 68.979398324634715 ] } },
{ "type": "Feature", "properties": { "field_1": 713, "x": 17135.67911, "y": 2085848.815, "scaled_x": 0.60887660529253795, "scaled_y": 0.86750999507906801, "post_mean": 3.12888603585183, "post_sd": 0.15093778697695301, "post_q10": 2.9362155316588399, "post_q50": 3.12815426227063, "post_q90": 3.3238961036169901, "post_prob_exceed": 0.0209, "post_exc_mean": 0.0010984102936049699, "prosp_score_happy": 0.065393718149303295, "prosp_score_sad": 2.9362155316588399, "domain_class": "Background" }, "geometry": { "type": "Point", "coordinates": [ -153.581343992661203, 68.736396142752895 ] } },
{ "type": "Feature", "properties": { "field_1": 714, "x": 17306.65714, "y": 2058727.072, "scaled_x": 0.60892501975843305, "scaled_y": 0.85336161794865095, "post_mean": 3.1783575957009602, "post_sd": 0.15078733192664301, "post_q10": 2.9852701512654098, "post_q50": 3.1786728504525699, "post_q90": 3.3728864705094699, "post_prob_exceed": 0.045633333333333297, "post_exc_mean": 0.0026936531286242799, "prosp_score_happy": 0.145039051617154, "prosp_score_sad": 2.9852701512654098, "domain_class": "Background" }, "geometry": { "type": "Point", "coordinates": [ -153.581343992581395, 68.490716410814926 ] } },
{ "type": "Feature", "properties": { "field_1": 715, "x": 17479.6823, "y": 2031280.598, "scaled_x": 0.60897401389357397, "scaled_y": 0.83904384106195995, "post_mean": 3.2214458002341599, "post_sd": 0.149800167121554, "post_q10": 3.0298202433909802, "post_q50": 3.2214977532521201, "post_q90": 3.4145250560418301, "post_prob_exceed": 0.079366666666666696, "post_exc_mean": 0.0052505480778536904, "prosp_score_happy": 0.25567541501191798, "prosp_score_sad": 3.0298202433909802, "domain_class": "Background" }, "geometry": { "type": "Point", "coordinates": [ -153.581343992619594, 68.242334206586804 ] } },
{ "type": "Feature", "properties": { "field_1": 716, "x": 17654.76904, "y": 2003507.102, "scaled_x": 0.60902359178964904, "scaled_y": 0.824555469291822, "post_mean": 3.2592903521332302, "post_sd": 0.148181645279717, "post_q10": 3.0710673884197899, "post_q50": 3.2593940436244702, "post_q90": 3.4499534081827301, "post_prob_exceed": 0.1203, "post_exc_mean": 0.0087053809189646808, "prosp_score_happy": 0.39209262936162798, "prosp_score_sad": 3.0710673884197899, "domain_class": "Background" }, "geometry": { "type": "Point", "coordinates": [ -153.581343992598761, 67.9912245109076 ] } },
{ "type": "Feature", "properties": { "field_1": 717, "x": 17831.93171, "y": 1975404.308, "scaled_x": 0.60907375751003301, "scaled_y": 0.80989531533599302, "post_mean": 3.2930406577402902, "post_sd": 0.146212906224441, "post_q10": 3.1065003538217502, "post_q50": 3.2924151437225802, "post_q90": 3.48121210071263, "post_prob_exceed": 0.168333333333333, "post_exc_mean": 0.013066315944279899, "prosp_score_happy": 0.55432851071961498, "prosp_score_sad": 3.1065003538217502, "domain_class": "Background" }, "geometry": { "type": "Point", "coordinates": [ -153.581343992476434, 67.737362248485454 ] } },
{ "type": "Feature", "properties": { "field_1": 718, "x": 18011.18454, "y": 1946969.956, "scaled_x": 0.60912451508411802, "scaled_y": 0.79506220023881702, "post_mean": 3.3237631892368298, "post_sd": 0.14418156138796401, "post_q10": 3.1401978289943102, "post_q50": 3.3232851596467898, "post_q90": 3.5093555023022298, "post_prob_exceed": 0.2241, "post_exc_mean": 0.018493872334198601, "prosp_score_happy": 0.74485533070797305, "prosp_score_sad": 3.1401978289943102, "domain_class": "Background" }, "geometry": { "type": "Point", "coordinates": [ -153.581343992656713, 67.480722292280589 ] } },
{ "type": "Feature", "properties": { "field_1": 719, "x": 18192.54171, "y": 1918201.801, "scaled_x": 0.60917586852714201, "scaled_y": 0.78005495286956394, "post_mean": 3.3523394831451498, "post_sd": 0.14234130776808501, "post_q10": 3.1708663595517401, "post_q50": 3.3521222026157198, "post_q90": 3.53558284195688, "post_prob_exceed": 0.28306666666666702, "post_exc_mean": 0.025113465533547999, "prosp_score_happy": 0.94893556302895299, "prosp_score_sad": 3.1708663595517401, "domain_class": "Background" }, "geometry": { "type": "Point", "coordinates": [ -153.581343992502184, 67.221279449731384 ] } },
{ "type": "Feature", "properties": { "field_1": 720, "x": 18376.01723, "y": 1889097.617, "scaled_x": 0.60922782180620205, "scaled_y": 0.76487241200907996, "post_mean": 3.3793647450587798, "post_sd": 0.14089315019729901, "post_q10": 3.1993567422096199, "post_q50": 3.3798344274796901, "post_q90": 3.5612292467486899, "post_prob_exceed": 0.34843333333333298, "post_exc_mean": 0.033066711295045903, "prosp_score_happy": 1.1774833226699799, "prosp_score_sad": 3.1993567422096199, "domain_class": "Background" }, "geometry": { "type": "Point", "coordinates": [ -153.581343992544788, 66.959008493988051 ] } },
{ "type": "Feature", "properties": { "field_1": 721, "x": 18561.62503, "y": 1859655.195, "scaled_x": 0.60928037886574404, "scaled_y": 0.74951342530645904, "post_mean": 3.40506080601841, "post_sd": 0.13997670703274501, "post_q10": 3.2258553759511801, "post_q50": 3.4061620172487501, "post_q90": 3.5862883644312098, "post_prob_exceed": 0.416833333333333, "post_exc_mean": 0.042420094640625301, "prosp_score_happy": 1.4193428459753401, "prosp_score_sad": 3.2258553759511801, "domain_class": "tier 3" }, "geometry": { "type": "Point", "coordinates": [ -153.581343992682719, 66.693884140876975 ] } },
{ "type": "Feature", "properties": { "field_1": 722, "x": 18749.37891, "y": 1829872.349, "scaled_x": 0.60933354361340197, "scaled_y": 0.733976852409019, "post_mean": 3.4292198887290701, "post_sd": 0.139658742719588, "post_q10": 3.2505220706623499, "post_q50": 3.4300503035288599, "post_q90": 3.6079838852756301, "post_prob_exceed": 0.488366666666667, "post_exc_mean": 0.053244819460376097, "prosp_score_happy": 1.67471668632565, "prosp_score_sad": 3.2505220706623499, "domain_class": "tier 3" }, "geometry": { "type": "Point", "coordinates": [ -153.581343992483284, 66.425881097825524 ] } },
{ "type": "Feature", "properties": { "field_1": 723, "x": 18939.2925, "y": 1799746.913, "scaled_x": 0.60938731990867401, "scaled_y": 0.71826156339731195, "post_mean": 3.4511961358801999, "post_sd": 0.13991207812794701, "post_q10": 3.2719230001206099, "post_q50": 3.4520662419360799, "post_q90": 3.6300292451886098, "post_prob_exceed": 0.55156666666666698, "post_exc_mean": 0.064795167469381396, "prosp_score_happy": 1.90356474868032, "prosp_score_sad": 3.2719230001206099, "domain_class": "tier 3" }, "geometry": { "type": "Point", "coordinates": [ -153.581343992501871, 66.154974031574412 ] } },
{ "type": "Feature", "properties": { "field_1": 724, "x": 19131.37932, "y": 1769276.744, "scaled_x": 0.60944171157990701, "scaled_y": 0.70236644035011198, "post_mean": 3.46995872981792, "post_sd": 0.14059081037832899, "post_q10": 3.2900487894569501, "post_q50": 3.4705497691134499, "post_q90": 3.6491939180392898, "post_prob_exceed": 0.6048, "post_exc_mean": 0.075909434708204201, "prosp_score_happy": 2.0986310397938799, "prosp_score_sad": 3.2900487894569501, "domain_class": "tier 2" }, "geometry": { "type": "Point", "coordinates": [ -153.581343992506021, 65.881137589808461 ] } },
{ "type": "Feature", "properties": { "field_1": 725, "x": 19325.65271, "y": 1738459.726, "scaled_x": 0.60949672240448205, "scaled_y": 0.68629037943105997, "post_mean": 3.48421298630466, "post_sd": 0.14141973784950301, "post_q10": 3.3029145224852399, "post_q50": 3.4845607781376202, "post_q90": 3.6636811233339399, "post_prob_exceed": 0.6402, "post_exc_mean": 0.085083890607643306, "prosp_score_happy": 2.2305931538322401, "prosp_score_sad": 3.3029145224852399, "domain_class": "tier 2" }, "geometry": { "type": "Point", "coordinates": [ -153.581343992484506, 65.604346431582229 ] } },
{ "type": "Feature", "properties": { "field_1": 726, "x": 19522.12585, "y": 1707293.767, "scaled_x": 0.609552356114474, "scaled_y": 0.67003228932368397, "post_mean": 3.4925842350802299, "post_sd": 0.14201722592037799, "post_q10": 3.3108867077742299, "post_q50": 3.4923702295110299, "post_q90": 3.6730292369325599, "post_prob_exceed": 0.6608, "post_exc_mean": 0.0907319192801921, "prosp_score_happy": 2.3078996625410202, "prosp_score_sad": 3.3108867077742299, "domain_class": "tier 2" }, "geometry": { "type": "Point", "coordinates": [ -153.581343992613256, 65.324575194713034 ] } },
{ "type": "Feature", "properties": { "field_1": 727, "x": 19720.81175, "y": 1675776.805, "scaled_x": 0.60960861639381803, "scaled_y": 0.65359109436135998, "post_mean": 3.49384543159224, "post_sd": 0.14195851966484699, "post_q10": 3.31238532140702, "post_q50": 3.4934046112149502, "post_q90": 3.6743439654508698, "post_prob_exceed": 0.66193333333333304, "post_exc_mean": 0.0915754717630861, "prosp_score_happy": 2.3126927526852898, "prosp_score_sad": 3.31238532140702, "domain_class": "tier 2" }, "geometry": { "type": "Point", "coordinates": [ -153.581343992655121, 65.041798543902971 ] } },
{ "type": "Feature", "properties": { "field_1": 728, "x": 19921.72323, "y": 1643906.807, "scaled_x": 0.60966550687264998, "scaled_y": 0.63696573400566203, "post_mean": 3.4871566378046301, "post_sd": 0.14086822240067501, "post_q10": 3.3072525931800101, "post_q50": 3.4864966487248799, "post_q90": 3.6678157443333799, "post_prob_exceed": 0.6458, "post_exc_mean": 0.086782250595622307, "prosp_score_happy": 2.25200575669423, "prosp_score_sad": 3.3072525931800101, "domain_class": "tier 2" }, "geometry": { "type": "Point", "coordinates": [ -153.581343992533306, 64.755991155848704 ] } },
{ "type": "Feature", "properties": { "field_1": 729, "x": 20124.87289, "y": 1611681.771, "scaled_x": 0.60972303111881099, "scaled_y": 0.62015516388967495, "post_mean": 3.4722767201142402, "post_sd": 0.13851711392782701, "post_q10": 3.2959501410368199, "post_q50": 3.4722296475815, "post_q90": 3.6503282378242501, "post_prob_exceed": 0.6059, "post_exc_mean": 0.076528032929532905, "prosp_score_happy": 2.1038524647172201, "prosp_score_sad": 3.2959501410368199, "domain_class": "tier 2" }, "geometry": { "type": "Point", "coordinates": [ -153.58134399268539, 64.467127731177783 ] } },
{ "type": "Feature", "properties": { "field_1": 730, "x": 20330.27316, "y": 1579099.729, "scaled_x": 0.60978119265200303, "scaled_y": 0.60315835738298795, "post_mean": 3.4497081514509502, "post_sd": 0.13489450570976599, "post_q10": 3.27764076533271, "post_q50": 3.44924064716463, "post_q90": 3.6238336000885201, "post_prob_exceed": 0.5443, "post_exc_mean": 0.062078385907679501, "prosp_score_happy": 1.87767614683475, "prosp_score_sad": 3.27764076533271, "domain_class": "tier 3" }, "geometry": { "type": "Point", "coordinates": [ -153.581343992618315, 64.175183015200602 ] } },
{ "type": "Feature", "properties": { "field_1": 731, "x": 20537.93621, "y": 1546158.749, "scaled_x": 0.60983999491830598, "scaled_y": 0.58597430663501404, "post_mean": 3.4207456263624998, "post_sd": 0.130230695177177, "post_q10": 3.2548086402449798, "post_q50": 3.4189833329678199, "post_q90": 3.5901127594822899, "post_prob_exceed": 0.45496666666666702, "post_exc_mean": 0.045727446657317601, "prosp_score_happy": 1.55632523514073, "prosp_score_sad": 3.2548086402449798, "domain_class": "tier 3" }, "geometry": { "type": "Point", "coordinates": [ -153.581343992532538, 63.880131809564411 ] } },
{ "type": "Feature", "properties": { "field_1": 732, "x": 20747.87399, "y": 1512856.933, "scaled_x": 0.60989944130150497, "scaled_y": 0.56860202153166495, "post_mean": 3.3874162792792801, "post_sd": 0.124951374643141, "post_q10": 3.2284069229407799, "post_q50": 3.3856390299834001, "post_q90": 3.54888903960207, "post_prob_exceed": 0.35256666666666697, "post_exc_mean": 0.030255077755434099, "prosp_score_happy": 1.1942900661978999, "prosp_score_sad": 3.2284069229407799, "domain_class": "Background" }, "geometry": { "type": "Point", "coordinates": [ -153.581343992734816, 63.581948947967042 ] } },
{ "type": "Feature", "properties": { "field_1": 733, "x": 20960.09822, "y": 1479192.426, "scaled_x": 0.60995953512025802, "scaled_y": 0.55104053439031198, "post_mean": 3.3523191514333801, "post_sd": 0.119558267179713, "post_q10": 3.2000340633144999, "post_q50": 3.35118513065748, "post_q90": 3.50715921703067, "post_prob_exceed": 0.2484, "post_exc_mean": 0.0178248599058249, "prosp_score_happy": 0.83271607721605201, "prosp_score_sad": 3.2000340633144999, "domain_class": "Background" }, "geometry": { "type": "Point", "coordinates": [ -153.581343992698919, 63.280609370265125 ] } },
{ "type": "Feature", "properties": { "field_1": 734, "x": 21174.62034, "y": 1445163.412, "scaled_x": 0.61002027961393701, "scaled_y": 0.53328889787313705, "post_mean": 3.3183888145381499, "post_sd": 0.114454236500248, "post_q10": 3.17179543106089, "post_q50": 3.31748277816282, "post_q90": 3.4655831705918398, "post_prob_exceed": 0.158233333333333, "post_exc_mean": 0.0094552048670862501, "prosp_score_happy": 0.52507972342042097, "prosp_score_sad": 3.17179543106089, "domain_class": "Background" }, "geometry": { "type": "Point", "coordinates": [ -153.581343992594952, 62.976088080041244 ] } },
{ "type": "Feature", "properties": { "field_1": 735, "x": 21391.45152, "y": 1410768.118, "scaled_x": 0.61008167794546098, "scaled_y": 0.515346187073776, "post_mean": 3.2886188046112301, "post_sd": 0.109768083944618, "post_q10": 3.1479965450380099, "post_q50": 3.2881150874913301, "post_q90": 3.4296281250396898, "post_prob_exceed": 0.0927, "post_exc_mean": 0.0047282639934747503, "prosp_score_happy": 0.30485496318746103, "prosp_score_sad": 3.1479965450380099, "domain_class": "Background" }, "geometry": { "type": "Point", "coordinates": [ -153.581343992564996, 62.668360173708145 ] } },
{ "type": "Feature", "properties": { "field_1": 736, "x": 21610.60265, "y": 1376004.816, "scaled_x": 0.61014373319846205, "scaled_y": 0.49721150056065, "post_mean": 3.2657830760725202, "post_sd": 0.10526164758805701, "post_q10": 3.13065827326216, "post_q50": 3.2651812295049001, "post_q90": 3.4012636908754601, "post_prob_exceed": 0.053966666666666697, "post_exc_mean": 0.0024138783498688201, "prosp_score_happy": 0.17624342667204701, "prosp_score_sad": 3.13065827326216, "domain_class": "Background" }, "geometry": { "type": "Point", "coordinates": [ -153.581343992674221, 62.357400851589411 ] } },
{ "type": "Feature", "properties": { "field_1": 737, "x": 21832.08433, "y": 1340871.827, "scaled_x": 0.61020644837445803, "scaled_y": 0.47888396246360398, "post_mean": 3.2521892798194099, "post_sd": 0.100380505870536, "post_q10": 3.1238977422697101, "post_q50": 3.2515661485131599, "post_q90": 3.3800171709475602, "post_prob_exceed": 0.035, "post_exc_mean": 0.00133835998622073, "prosp_score_happy": 0.11382662479368, "prosp_score_sad": 3.1238977422697101, "domain_class": "Background" }, "geometry": { "type": "Point", "coordinates": [ -153.581343992622607, 62.043185446782978 ] } },
{ "type": "Feature", "properties": { "field_1": 738, "x": 22055.90684, "y": 1305367.519, "scaled_x": 0.61026982638435301, "scaled_y": 0.46036272143058898, "post_mean": 3.2494890499041502, "post_sd": 0.094441672276372401, "post_q10": 3.1285094574579002, "post_q50": 3.2496816787063798, "post_q90": 3.3702499470802798, "post_prob_exceed": 0.023866666666666699, "post_exc_mean": 0.00086558194397613004, "prosp_score_happy": 0.077554471991045801, "prosp_score_sad": 3.1285094574579002, "domain_class": "Background" }, "geometry": { "type": "Point", "coordinates": [ -153.581343992572187, 61.725689400265345 ] } },
{ "type": "Feature", "properties": { "field_1": 739, "x": 22282.08012, "y": 1269490.315, "scaled_x": 0.61033387004277495, "scaled_y": 0.44164695480095501, "post_mean": 3.2585608407600102, "post_sd": 0.086905853393095603, "post_q10": 3.14735015736591, "post_q50": 3.2586648857721201, "post_q90": 3.3695044202736502, "post_prob_exceed": 0.020766666666666701, "post_exc_mean": 0.00068629767064699897, "prosp_score_happy": 0.067669446793116206, "prosp_score_sad": 3.14735015736591, "domain_class": "Background" }, "geometry": { "type": "Point", "coordinates": [ -153.581343992552206, 61.404888325338405 ] } },
{ "type": "Feature", "properties": { "field_1": 740, "x": 22510.61379, "y": 1233238.689, "scaled_x": 0.61039858207374298, "scaled_y": 0.42273586651880302, "post_mean": 3.2794725531213502, "post_sd": 0.077718007826317798, "post_q10": 3.17976598764211, "post_q50": 3.2794724961083599, "post_q90": 3.37832267712681, "post_prob_exceed": 0.0233, "post_exc_mean": 0.00067578193713195697, "prosp_score_happy": 0.076411710487727394, "prosp_score_sad": 3.17976598764211, "domain_class": "Background" }, "geometry": { "type": "Point", "coordinates": [ -153.581343992562665, 61.08075796467481 ] } },
{ "type": "Feature", "properties": { "field_1": 741, "x": 22741.51709, "y": 1196611.175, "scaled_x": 0.61046396509367296, "scaled_y": 0.40362869182794198, "post_mean": 3.3115253768283699, "post_sd": 0.067812166532711604, "post_q10": 3.2247599712899602, "post_q50": 3.3114795775570101, "post_q90": 3.3983706371461899, "post_prob_exceed": 0.0359, "post_exc_mean": 0.00095768436907659902, "prosp_score_happy": 0.118883761028138, "prosp_score_sad": 3.2247599712899602, "domain_class": "Background" }, "geometry": { "type": "Point", "coordinates": [ -153.581343992635766, 60.753274263532319 ] } },
{ "type": "Feature", "properties": { "field_1": 742, "x": 22974.79892, "y": 1159606.363, "scaled_x": 0.61053002162270598, "scaled_y": 0.38432469518524098, "post_mean": 3.35337677048435, "post_sd": 0.059932322004005098, "post_q10": 3.2765535177810099, "post_q50": 3.3529393328769501, "post_q90": 3.4306900242354801, "post_prob_exceed": 0.091066666666666699, "post_exc_mean": 0.0024958831148922298, "prosp_score_happy": 0.30538084456544201, "prosp_score_sad": 3.2765535177810099, "domain_class": "Background" }, "geometry": { "type": "Point", "coordinates": [ -153.581343992565053, 60.422413326654713 ] } },
{ "type": "Feature", "properties": { "field_1": 743, "x": 23210.46775, "y": 1122222.907, "scaled_x": 0.61059675405922198, "scaled_y": 0.36482317443392498, "post_mean": 3.4032381506265801, "post_sd": 0.058988800312956703, "post_q10": 3.3280017596327802, "post_q50": 3.40303273952832, "post_q90": 3.4788856424061301, "post_prob_exceed": 0.3005, "post_exc_mean": 0.011326820494539201, "prosp_score_happy": 1.02267306426329, "prosp_score_sad": 3.3280017596327802, "domain_class": "Background" }, "geometry": { "type": "Point", "coordinates": [ -153.581343992631076, 60.08815148240658 ] } },
{ "type": "Feature", "properties": { "field_1": 744, "x": 23448.53168, "y": 1084459.524, "scaled_x": 0.61066416469683404, "scaled_y": 0.34512346028191199, "post_mean": 3.4591401660611298, "post_sd": 0.068760739948932198, "post_q10": 3.3709866711767802, "post_q50": 3.4591656089308298, "post_q90": 3.5474122406169699, "post_prob_exceed": 0.64336666666666698, "post_exc_mean": 0.041861633523677902, "prosp_score_happy": 2.2254954781715299, "prosp_score_sad": 3.3709866711767802, "domain_class": "tier 2" }, "geometry": { "type": "Point", "coordinates": [ -153.581343992618116, 59.750465266376089 ] } },
{ "type": "Feature", "properties": { "field_1": 745, "x": 24177.16853, "y": 968877.9967, "scaled_x": 0.61087048690048096, "scaled_y": 0.28482899330941602, "post_mean": 3.6476528792646499, "post_sd": 0.141746391743554, "post_q10": 3.4651964247366802, "post_q50": 3.6477692362402099, "post_q90": 3.8291469146343999, "post_prob_exceed": 0.93286666666666695, "post_exc_mean": 0.21768810512332101, "prosp_score_happy": 3.4027737826366802, "prosp_score_sad": 3.4651964247366802, "domain_class": "tier 1" }, "geometry": { "type": "Point", "coordinates": [ -153.5813439926672, 58.716629308330212 ] } },
{ "type": "Feature", "properties": { "field_1": 746, "x": 24927.61011, "y": 849837.6497, "scaled_x": 0.61108298337316502, "scaled_y": 0.222730192244465, "post_mean": 3.8729030740161101, "post_sd": 0.27198872435580201, "post_q10": 3.5266456318103798, "post_q50": 3.8705588583889901, "post_q90": 4.2231379533481297, "post_prob_exceed": 0.94696666666666696, "post_exc_mean": 0.44507893523118602, "prosp_score_happy": 3.66751011432412, "prosp_score_sad": 3.5266456318103798, "domain_class": "tier 1" }, "geometry": { "type": "Point", "coordinates": [ -153.581343992641393, 57.651153528346406 ] } },
{ "type": "Feature", "properties": { "field_1": 747, "x": 25182.62871, "y": 809384.7981, "scaled_x": 0.61115519492755299, "scaled_y": 0.201627485075623, "post_mean": 3.97002083037387, "post_sd": 0.34975221449904798, "post_q10": 3.5240399781740299, "post_q50": 3.9685778049864102, "post_q90": 4.4178049725639701, "post_prob_exceed": 0.93816666666666704, "post_exc_mean": 0.545597183498164, "prosp_score_happy": 3.7245412090290801, "prosp_score_sad": 3.5240399781740299, "domain_class": "tier 1" }, "geometry": { "type": "Point", "coordinates": [ -153.581343992526115, 57.288861363951895 ] } },
{ "type": "Feature", "properties": { "field_1": 748, "x": 25440.09051, "y": 768544.3871000001, "scaled_x": 0.61122809830312397, "scaled_y": 0.18032260297460101, "post_mean": 4.0878712995317397, "post_sd": 0.45751617933608801, "post_q10": 3.50292965795914, "post_q50": 4.0869629759149602, "post_q90": 4.6707138114802902, "post_prob_exceed": 0.92406666666666704, "post_exc_mean": 0.66965361302271298, "prosp_score_happy": 3.7774656055206299, "prosp_score_sad": 3.50292965795914, "domain_class": "tier 1" }, "geometry": { "type": "Point", "coordinates": [ -153.581343992594554, 56.922966918267129 ] } },
{ "type": "Feature", "properties": { "field_1": 749, "x": 40929.17497, "y": 2316002.003, "scaled_x": 0.61561401707493302, "scaled_y": 0.98757212020103402, "post_mean": 2.23766612664856, "post_sd": 0.24346839067419099, "post_q10": 1.92333002104103, "post_q50": 2.2376158661210899, "post_q90": 2.5518441581458702, "post_prob_exceed": 0.0, "post_exc_mean": 0.0, "prosp_score_happy": 0.0, "prosp_score_sad": 1.92333002104103, "domain_class": "Background" }, "geometry": { "type": "Point", "coordinates": [ -152.907607529656445, 70.829988220398519 ] } },
{ "type": "Feature", "properties": { "field_1": 750, "x": 41328.93936, "y": 2291700.865, "scaled_x": 0.61572721512397999, "scaled_y": 0.97489514493722795, "post_mean": 2.3792525322630702, "post_sd": 0.20497382437509701, "post_q10": 2.1163535042094099, "post_q50": 2.37882652075593, "post_q90": 2.6429705083240398, "post_prob_exceed": 0.0, "post_exc_mean": 0.0, "prosp_score_happy": 0.0, "prosp_score_sad": 2.1163535042094099, "domain_class": "Background" }, "geometry": { "type": "Point", "coordinates": [ -152.907607529630212, 70.607519186118665 ] } },
{ "type": "Feature", "properties": { "field_1": 751, "x": 41733.69879, "y": 2267096.085, "scaled_x": 0.61584182757810502, "scaled_y": 0.96205977124273701, "post_mean": 2.51149009250318, "post_sd": 0.175795588008892, "post_q10": 2.2867201937728501, "post_q50": 2.5114874886175, "post_q90": 2.7363358003171898, "post_prob_exceed": 0.0, "post_exc_mean": 0.0, "prosp_score_happy": 0.0, "prosp_score_sad": 2.2867201937728501, "domain_class": "Background" }, "geometry": { "type": "Point", "coordinates": [ -152.907607529714625, 70.382568848729633 ] } },
{ "type": "Feature", "properties": { "field_1": 752, "x": 42143.49222, "y": 2242185.296, "scaled_x": 0.61595786546929499, "scaled_y": 0.94906476434409304, "post_mean": 2.63385039074078, "post_sd": 0.15588041002023501, "post_q10": 2.4346763474520001, "post_q50": 2.6333159243596, "post_q90": 2.8340539112224499, "post_prob_exceed": 0.0, "post_exc_mean": 0.0, "prosp_score_happy": 0.0, "prosp_score_sad": 2.4346763474520001, "domain_class": "Background" }, "geometry": { "type": "Point", "coordinates": [ -152.907607529341163, 70.155113040092843 ] } },
{ "type": "Feature", "properties": { "field_1": 753, "x": 42558.35849, "y": 2216966.134, "scaled_x": 0.61607533979555795, "scaled_y": 0.93590889103281305, "post_mean": 2.7459583802461802, "post_sd": 0.14419527088941, "post_q10": 2.56141657438266, "post_q50": 2.7454872076376202, "post_q90": 2.9293841161213701, "post_prob_exceed": 0.0, "post_exc_mean": 0.0, "prosp_score_happy": 0.0, "prosp_score_sad": 2.56141657438266, "domain_class": "Background" }, "geometry": { "type": "Point", "coordinates": [ -152.907607529776584, 69.925127462785071 ] } },
{ "type": "Feature", "properties": { "field_1": 754, "x": 42978.33638, "y": 2191436.245, "scaled_x": 0.61619426153791501, "scaled_y": 0.92259092331703296, "post_mean": 2.8476192109229599, "post_sd": 0.13871538535344399, "post_q10": 2.6704678749944, "post_q50": 2.8471876770528, "post_q90": 3.0253563966953299, "post_prob_exceed": 0.0, "post_exc_mean": 0.0, "prosp_score_happy": 0.0, "prosp_score_sad": 2.6704678749944, "domain_class": "Background" }, "geometry": { "type": "Point", "coordinates": [ -152.907607529582634, 69.692587750420884 ] } },
{ "type": "Feature", "properties": { "field_1": 755, "x": 43403.46454, "y": 2165593.278, "scaled_x": 0.61631464164057304, "scaled_y": 0.90910963476987205, "post_mean": 2.9388414573953798, "post_sd": 0.137013564399772, "post_q10": 2.7645780997284399, "post_q50": 2.9381667532191398, "post_q90": 3.1147192177091698, "post_prob_exceed": 0.00013333333333333299, "post_exc_mean": 1.2468399618556899e-06, "prosp_score_happy": 0.00039184552765271702, "prosp_score_sad": 2.7645780997284399, "domain_class": "Background" }, "geometry": { "type": "Point", "coordinates": [ -152.907607529406334, 69.457469400207373 ] } },
{ "type": "Feature", "properties": { "field_1": 756, "x": 43833.7815, "y": 2139434.89, "scaled_x": 0.61643649101375997, "scaled_y": 0.89546380313774698, "post_mean": 3.0198541335009201, "post_sd": 0.13698670724759601, "post_q10": 2.8450676831158002, "post_q50": 3.0194004201139202, "post_q90": 3.1964409131386602, "post_prob_exceed": 0.00123333333333333, "post_exc_mean": 4.2858166057897002e-05, "prosp_score_happy": 0.0037244867646511301, "prosp_score_sad": 2.8450676831158002, "domain_class": "Background" }, "geometry": { "type": "Point", "coordinates": [ -152.907607529580588, 69.21974781482065 ] } },
{ "type": "Feature", "properties": { "field_1": 757, "x": 44269.32565, "y": 2112958.749, "scaled_x": 0.61655982052806202, "scaled_y": 0.88165221190535104, "post_mean": 3.09111469607083, "post_sd": 0.13721871269322, "post_q10": 2.9159293330349301, "post_q50": 3.0909822824750499, "post_q90": 3.2677652571324902, "post_prob_exceed": 0.0056333333333333296, "post_exc_mean": 0.000239697461164026, "prosp_score_happy": 0.017413279454532402, "prosp_score_sad": 2.9159293330349301, "domain_class": "Background" }, "geometry": { "type": "Point", "coordinates": [ -152.907607529414719, 68.979398325756961 ] } },
{ "type": "Feature", "properties": { "field_1": 758, "x": 44710.13523, "y": 2086162.529, "scaled_x": 0.61668464101159104, "scaled_y": 0.86767364768735, "post_mean": 3.1533049395326, "post_sd": 0.13697055105299899, "post_q10": 2.9781964490691299, "post_q50": 3.15305347882164, "post_q90": 3.3299132237207201, "post_prob_exceed": 0.0197, "post_exc_mean": 0.00092762436908452601, "prosp_score_happy": 0.062120107308792097, "prosp_score_sad": 2.9781964490691299, "domain_class": "Background" }, "geometry": { "type": "Point", "coordinates": [ -152.907607529498222, 68.736396143948795 ] } },
{ "type": "Feature", "properties": { "field_1": 759, "x": 45156.24831, "y": 2059043.916, "scaled_x": 0.61681096324432005, "scaled_y": 0.85352690335835002, "post_mean": 3.2073116352399502, "post_sd": 0.136011476678153, "post_q10": 3.0341411281963002, "post_q50": 3.2068926508031801, "post_q90": 3.38245358737906, "post_prob_exceed": 0.049, "post_exc_mean": 0.0026407796938643598, "prosp_score_happy": 0.15715827012675701, "prosp_score_sad": 3.0341411281963002, "domain_class": "Background" }, "geometry": { "type": "Point", "coordinates": [ -152.907607529734634, 68.490716410160488 ] } },
{ "type": "Feature", "properties": { "field_1": 760, "x": 45607.70276, "y": 2031600.61, "scaled_x": 0.61693879794959205, "scaled_y": 0.83921077909622399, "post_mean": 3.2541892697399302, "post_sd": 0.13443355407562099, "post_q10": 3.08277675567208, "post_q50": 3.2540136239282198, "post_q90": 3.4272889927330898, "post_prob_exceed": 0.092166666666666702, "post_exc_mean": 0.0056490887709177498, "prosp_score_happy": 0.29992777769436402, "prosp_score_sad": 3.08277675567208, "domain_class": "Background" }, "geometry": { "type": "Point", "coordinates": [ -152.907607529305466, 68.242334208801395 ] } },
{ "type": "Feature", "properties": { "field_1": 761, "x": 46064.53623, "y": 2003830.319, "scaled_x": 0.61706815578845198, "scaled_y": 0.82472407925213898, "post_mean": 3.2951031240852302, "post_sd": 0.13249596307077199, "post_q10": 3.12644419800966, "post_q50": 3.2943328366537301, "post_q90": 3.4654196817891698, "post_prob_exceed": 0.148433333333333, "post_exc_mean": 0.0101062329268411, "prosp_score_happy": 0.48910314038505198, "prosp_score_sad": 3.12644419800966, "domain_class": "Background" }, "geometry": { "type": "Point", "coordinates": [ -152.907607529520362, 67.991224509278197 ] } },
{ "type": "Feature", "properties": { "field_1": 762, "x": 46526.78617, "y": 1975730.768, "scaled_x": 0.61719904736531295, "scaled_y": 0.81006561704550994, "post_mean": 3.3312525501299701, "post_sd": 0.130506215380288, "post_q10": 3.1646792657705398, "post_q50": 3.3306527257585099, "post_q90": 3.4994639541634802, "post_prob_exceed": 0.2164, "post_exc_mean": 0.0161160722312104, "prosp_score_happy": 0.72088305184812596, "prosp_score_sad": 3.1646792657705398, "domain_class": "Background" }, "geometry": { "type": "Point", "coordinates": [ -152.907607529767517, 67.737362242971415 ] } },
{ "type": "Feature", "properties": { "field_1": 763, "x": 46994.48976, "y": 1947299.698, "scaled_x": 0.61733148320813702, "scaled_y": 0.79523421404234496, "post_mean": 3.3637768438836102, "post_sd": 0.12873889201533101, "post_q10": 3.1995685121899999, "post_q50": 3.3630726624179301, "post_q90": 3.5298705270399902, "post_prob_exceed": 0.29323333333333301, "post_exc_mean": 0.023799559200359501, "prosp_score_happy": 0.98637149652147105, "prosp_score_sad": 3.1995685121899999, "domain_class": "Background" }, "geometry": { "type": "Point", "coordinates": [ -152.907607529616911, 67.480722289506659 ] } },
{ "type": "Feature", "properties": { "field_1": 764, "x": 47467.68392, "y": 1918534.863, "scaled_x": 0.61746547377126004, "scaled_y": 0.78022869859025101, "post_mean": 3.3936493192928201, "post_sd": 0.127392713644045, "post_q10": 3.2305551153073302, "post_q50": 3.3933929589096001, "post_q90": 3.5584193069938799, "post_prob_exceed": 0.37483333333333302, "post_exc_mean": 0.033249834192006, "prosp_score_happy": 1.2720528865149201, "prosp_score_sad": 3.2305551153073302, "domain_class": "Background" }, "geometry": { "type": "Point", "coordinates": [ -152.907607529717382, 67.221279444960032 ] } },
{ "type": "Feature", "properties": { "field_1": 765, "x": 47946.40528, "y": 1889434.038, "scaled_x": 0.61760102942690298, "scaled_y": 0.765047909991735, "post_mean": 3.4215690564272898, "post_sd": 0.12658209794362901, "post_q10": 3.2595463326882901, "post_q50": 3.4216082173489402, "post_q90": 3.58539314679612, "post_prob_exceed": 0.4612, "post_exc_mean": 0.044502799077419601, "prosp_score_happy": 1.5780276488242699, "prosp_score_sad": 3.2595463326882901, "domain_class": "tier 3" }, "geometry": { "type": "Point", "coordinates": [ -152.907607529428844, 66.959008489181755 ] } },
{ "type": "Feature", "properties": { "field_1": 766, "x": 48430.69014, "y": 1859995.015, "scaled_x": 0.617738160453844, "scaled_y": 0.74969069641755504, "post_mean": 3.4478637611201699, "post_sd": 0.12634990878192801, "post_q10": 3.28633373281333, "post_q50": 3.4481076803742998, "post_q90": 3.6113883010382501, "post_prob_exceed": 0.54603333333333304, "post_exc_mean": 0.0575877650165703, "prosp_score_happy": 1.8826485423636501, "prosp_score_sad": 3.28633373281333, "domain_class": "tier 3" }, "geometry": { "type": "Point", "coordinates": [ -152.9076075292719, 66.693884144705009 ] } },
{ "type": "Feature", "properties": { "field_1": 767, "x": 48920.57449, "y": 1830215.606, "scaled_x": 0.61787687704308003, "scaled_y": 0.73415591647170297, "post_mean": 3.4724202299167199, "post_sd": 0.12668144351267599, "post_q10": 3.30997775628324, "post_q50": 3.4732053405241698, "post_q90": 3.63469321222217, "post_prob_exceed": 0.62133333333333296, "post_exc_mean": 0.072078188533124504, "prosp_score_happy": 2.1575304361882499, "prosp_score_sad": 3.30997775628324, "domain_class": "tier 2" }, "geometry": { "type": "Point", "coordinates": [ -152.907607529322121, 66.425881098677948 ] } },
{ "type": "Feature", "properties": { "field_1": 768, "x": 49416.09394, "y": 1800093.646, "scaled_x": 0.61801718927800697, "scaled_y": 0.71844244075639496, "post_mean": 3.49466002035384, "post_sd": 0.12750361971348001, "post_q10": 3.3313543150779901, "post_q50": 3.49538209067827, "post_q90": 3.65728438085132, "post_prob_exceed": 0.6851, "post_exc_mean": 0.086918378481041295, "prosp_score_happy": 2.39419157994441, "prosp_score_sad": 3.3313543150779901, "domain_class": "tier 2" }, "geometry": { "type": "Point", "coordinates": [ -152.907607529688335, 66.15497402460737 ] } },
{ "type": "Feature", "properties": { "field_1": 769, "x": 49917.28374, "y": 1769626.994, "scaled_x": 0.61815910714008104, "scaled_y": 0.70254915239372695, "post_mean": 3.5135756856808, "post_sd": 0.12866826823291699, "post_q10": 3.3480226267817499, "post_q50": 3.51407937714727, "post_q90": 3.6775184071639102, "post_prob_exceed": 0.733866666666667, "post_exc_mean": 0.100722095374874, "prosp_score_happy": 2.5784960765316201, "prosp_score_sad": 3.3480226267817499, "domain_class": "tier 2" }, "geometry": { "type": "Point", "coordinates": [ -152.907607529713118, 65.88113758593137 ] } },
{ "type": "Feature", "properties": { "field_1": 770, "x": 50424.17871, "y": 1738813.533, "scaled_x": 0.61830264048900196, "scaled_y": 0.68647494702567902, "post_mean": 3.5278364558853301, "post_sd": 0.12993569587996401, "post_q10": 3.3609494300246401, "post_q50": 3.5277785676536499, "post_q90": 3.6920758364530601, "post_prob_exceed": 0.76443333333333296, "post_exc_mean": 0.11177755997234699, "prosp_score_happy": 2.69679578142728, "prosp_score_sad": 3.3609494300246401, "domain_class": "tier 2" }, "geometry": { "type": "Point", "coordinates": [ -152.907607529527496, 65.604346430512095 ] } },
{ "type": "Feature", "properties": { "field_1": 771, "x": 50936.81325, "y": 1707651.171, "scaled_x": 0.61844779906553804, "scaled_y": 0.67021873333577797, "post_mean": 3.5359615349977802, "post_sd": 0.13098204156656101, "post_q10": 3.3680622676685301, "post_q50": 3.53547123696121, "post_q90": 3.7022287496241502, "post_prob_exceed": 0.78256666666666697, "post_exc_mean": 0.118326059741919, "prosp_score_happy": 2.7671256319047699, "prosp_score_sad": 3.3680622676685301, "domain_class": "tier 2" }, "geometry": { "type": "Point", "coordinates": [ -152.907607529444846, 65.324575194002591 ] } },
{ "type": "Feature", "properties": { "field_1": 772, "x": 51455.22127, "y": 1676137.847, "scaled_x": 0.618594592471711, "scaled_y": 0.65377943617906398, "post_mean": 3.53654565918383, "post_sd": 0.13144530938722401, "post_q10": 3.3685098155017399, "post_q50": 3.5359194360933999, "post_q90": 3.70452457533441, "post_prob_exceed": 0.78196666666666703, "post_exc_mean": 0.118849977930824, "prosp_score_happy": 2.7654608206264499, "prosp_score_sad": 3.3685098155017399, "domain_class": "tier 2" }, "geometry": { "type": "Point", "coordinates": [ -152.907607529342272, 65.041798547944552 ] } },
{ "type": "Feature", "properties": { "field_1": 773, "x": 51979.43622, "y": 1644271.527, "scaled_x": 0.618743030179285, "scaled_y": 0.63715599449544702, "post_mean": 3.5285081413684001, "post_sd": 0.13100574407412999, "post_q10": 3.36140347525386, "post_q50": 3.5278069684695401, "post_q90": 3.6968889379901402, "post_prob_exceed": 0.76356666666666695, "post_exc_mean": 0.112434994180566, "prosp_score_happy": 2.69425119981087, "prosp_score_sad": 3.36140347525386, "domain_class": "tier 2" }, "geometry": { "type": "Point", "coordinates": [ -152.907607529434586, 64.755991157959528 ] } },
{ "type": "Feature", "properties": { "field_1": 774, "x": 52509.49103, "y": 1612050.21, "scaled_x": 0.61889312151278297, "scaled_y": 0.62034736443967498, "post_mean": 3.5113271316653698, "post_sd": 0.129478212020052, "post_q10": 3.3457474826753799, "post_q50": 3.5105429792843599, "post_q90": 3.6784134648561699, "post_prob_exceed": 0.72336666666666705, "post_exc_mean": 0.099113337850916194, "prosp_score_happy": 2.5399770028090098, "prosp_score_sad": 3.3457474826753799, "domain_class": "tier 2" }, "geometry": { "type": "Point", "coordinates": [ -152.907607529452349, 64.467127731573129 ] } },
{ "type": "Feature", "properties": { "field_1": 775, "x": 53045.41806, "y": 1579471.929, "scaled_x": 0.61904487563532495, "scaled_y": 0.60335251990299799, "post_mean": 3.4852187578916101, "post_sd": 0.12688522920741199, "post_q10": 3.32327427733681, "post_q50": 3.4842832663543, "post_q90": 3.6488922717960199, "post_prob_exceed": 0.65303333333333302, "post_exc_mean": 0.080160155392855606, "prosp_score_happy": 2.2759640228618201, "prosp_score_sad": 3.32327427733681, "domain_class": "tier 2" }, "geometry": { "type": "Point", "coordinates": [ -152.907607529356909, 64.17518302102107 ] } },
{ "type": "Feature", "properties": { "field_1": 776, "x": 53587.24911, "y": 1546534.75, "scaled_x": 0.61919830155145805, "scaled_y": 0.58617045199150497, "post_mean": 3.45122780017509, "post_sd": 0.123479175359878, "post_q10": 3.2936702173488901, "post_q50": 3.4497997549079802, "post_q90": 3.6111462240300298, "post_prob_exceed": 0.5504, "post_exc_mean": 0.058340382225564397, "prosp_score_happy": 1.8995557812163699, "prosp_score_sad": 3.2936702173488901, "domain_class": "tier 3" }, "geometry": { "type": "Point", "coordinates": [ -152.907607529460421, 63.880131808034271 ] } },
{ "type": "Feature", "properties": { "field_1": 777, "x": 54135.01537, "y": 1513236.778, "scaled_x": 0.61935340809300399, "scaled_y": 0.56880017215609502, "post_mean": 3.4112115265401499, "post_sd": 0.11968881954885099, "post_q10": 3.25860192087899, "post_q50": 3.4095373406782801, "post_q90": 3.56608492648818, "post_prob_exceed": 0.41966666666666702, "post_exc_mean": 0.037408610490495202, "prosp_score_happy": 1.43157177063802, "prosp_score_sad": 3.25860192087899, "domain_class": "tier 3" }, "geometry": { "type": "Point", "coordinates": [ -152.907607529425661, 63.581948951219893 ] } },
{ "type": "Feature", "properties": { "field_1": 778, "x": 54688.74737, "y": 1479576.156, "scaled_x": 0.61951020390489397, "scaled_y": 0.55124071167081601, "post_mean": 3.3677174761709101, "post_sd": 0.115981812057755, "post_q10": 3.2199672296426698, "post_q50": 3.3665926524868102, "post_q90": 3.5172537093768801, "post_prob_exceed": 0.2851, "post_exc_mean": 0.020701663058320899, "prosp_score_happy": 0.96013625245632706, "prosp_score_sad": 3.2199672296426698, "domain_class": "Background" }, "geometry": { "type": "Point", "coordinates": [ -152.907607529625579, 63.280609370608957 ] } },
{ "type": "Feature", "properties": { "field_1": 779, "x": 55248.47498, "y": 1445551.07, "scaled_x": 0.61966869744517705, "scaled_y": 0.53349112424116996, "post_mean": 3.3237743723320499, "post_sd": 0.112669557087182, "post_q10": 3.1796025262041598, "post_q50": 3.3228369606372299, "post_q90": 3.4689119453639301, "post_prob_exceed": 0.1668, "post_exc_mean": 0.0098901427872593404, "prosp_score_happy": 0.55440556530498597, "prosp_score_sad": 3.1796025262041598, "domain_class": "Background" }, "geometry": { "type": "Point", "coordinates": [ -152.907607529481652, 62.976088085807703 ] } },
{ "type": "Feature", "properties": { "field_1": 780, "x": 55814.22737, "y": 1411159.745, "scaled_x": 0.61982889697368404, "scaled_y": 0.51555048391747305, "post_mean": 3.2826284246043702, "post_sd": 0.109728948449883, "post_q10": 3.14164734654684, "post_q50": 3.28250808333721, "post_q90": 3.4242992331950401, "post_prob_exceed": 0.0836, "post_exc_mean": 0.0041698995244967198, "prosp_score_happy": 0.27442773629692502, "prosp_score_sad": 3.14164734654684, "domain_class": "Background" }, "geometry": { "type": "Point", "coordinates": [ -152.907607529582094, 62.668360173502542 ] } },
{ "type": "Feature", "properties": { "field_1": 781, "x": 56386.03295, "y": 1376400.455, "scaled_x": 0.61999081053504501, "scaled_y": 0.49741789031146699, "post_mean": 3.2474627908630098, "post_sd": 0.106737392596602, "post_q10": 3.1110595271633099, "post_q50": 3.2473573908421001, "post_q90": 3.3837555667486199, "post_prob_exceed": 0.0397666666666667, "post_exc_mean": 0.00166838151838514, "prosp_score_happy": 0.129140770316652, "prosp_score_sad": 3.1110595271633099, "domain_class": "Background" }, "geometry": { "type": "Point", "coordinates": [ -152.907607529599147, 62.357400850127767 ] } },
{ "type": "Feature", "properties": { "field_1": 782, "x": 56963.91935, "y": 1341271.521, "scaled_x": 0.62015444595302505, "scaled_y": 0.479092467552999, "post_mean": 3.2211359145992802, "post_sd": 0.102971434517447, "post_q10": 3.08860946226272, "post_q50": 3.22128745116399, "post_q90": 3.3523391611890898, "post_prob_exceed": 0.0185666666666667, "post_exc_mean": 0.00066937111593382405, "prosp_score_happy": 0.059805756814393402, "prosp_score_sad": 3.08860946226272, "domain_class": "Background" }, "geometry": { "type": "Point", "coordinates": [ -152.907607529349036, 62.043185447044792 ] } },
{ "type": "Feature", "properties": { "field_1": 783, "x": 57547.91339, "y": 1305771.311, "scaled_x": 0.62031981082202503, "scaled_y": 0.46057336429001899, "post_mean": 3.2059672386536699, "post_sd": 0.097637966858408198, "post_q10": 3.0799522786720499, "post_q50": 3.2064163955776399, "post_q90": 3.33026161164875, "post_prob_exceed": 0.0088666666666666703, "post_exc_mean": 0.00029448848647611902, "prosp_score_happy": 0.028426242849395801, "prosp_score_sad": 3.0799522786720499, "domain_class": "Background" }, "geometry": { "type": "Point", "coordinates": [ -152.907607529354522, 61.725689403548287 ] } },
{ "type": "Feature", "properties": { "field_1": 784, "x": 58138.04104, "y": 1269898.247, "scaled_x": 0.62048691249576005, "scaled_y": 0.44185975734021499, "post_mean": 3.2035892064116198, "post_sd": 0.090181819149731002, "post_q10": 3.0870778628472499, "post_q50": 3.2037670184015501, "post_q90": 3.3178158788869401, "post_prob_exceed": 0.0051666666666666701, "post_exc_mean": 0.00014059280049511601, "prosp_score_happy": 0.01655187756646, "prosp_score_sad": 3.0870778628472499, "domain_class": "Background" }, "geometry": { "type": "Point", "coordinates": [ -152.907607529397438, 61.404888322368315 ] } },
{ "type": "Feature", "properties": { "field_1": 785, "x": 58734.32736, "y": 1233650.805, "scaled_x": 0.62065575807026896, "scaled_y": 0.42295085169101199, "post_mean": 3.2148752336893698, "post_sd": 0.080688339056114999, "post_q10": 3.1107908485398599, "post_q50": 3.2149889950268, "post_q90": 3.3174949464529799, "post_prob_exceed": 0.0031, "post_exc_mean": 7.6229629384109599e-05, "prosp_score_happy": 0.0099661132244370405, "prosp_score_sad": 3.1107908485398599, "domain_class": "Background" }, "geometry": { "type": "Point", "coordinates": [ -152.907607529671253, 61.080757962489571 ] } },
{ "type": "Feature", "properties": { "field_1": 786, "x": 59336.79651, "y": 1197027.519, "scaled_x": 0.62082635438674205, "scaled_y": 0.40384588258622001, "post_mean": 3.2399460838816201, "post_sd": 0.0705541176284709, "post_q10": 3.14864392823279, "post_q50": 3.23950190278003, "post_q90": 3.3300006737349102, "post_prob_exceed": 0.0027, "post_exc_mean": 6.36343725264197e-05, "prosp_score_happy": 0.0087478544264803695, "prosp_score_sad": 3.14864392823279, "domain_class": "Background" }, "geometry": { "type": "Point", "coordinates": [ -152.907607529365322, 60.753274267649488 ] } },
{ "type": "Feature", "properties": { "field_1": 787, "x": 59945.47165, "y": 1160026.978, "scaled_x": 0.62099870800321, "scaled_y": 0.38454411396104399, "post_mean": 3.2782521299379002, "post_sd": 0.063604071372899501, "post_q10": 3.1967249990963098, "post_q50": 3.2781716528751201, "post_q90": 3.3608131793988401, "post_prob_exceed": 0.00646666666666667, "post_exc_mean": 0.00014155524778579101, "prosp_score_happy": 0.021199363773598399, "prosp_score_sad": 3.1967249990963098, "domain_class": "Background" }, "geometry": { "type": "Point", "coordinates": [ -152.907607529436859, 60.422413332203512 ] } },
{ "type": "Feature", "properties": { "field_1": 788, "x": 60560.37494, "y": 1122647.836, "scaled_x": 0.62117282519454098, "scaled_y": 0.36504484365871098, "post_mean": 3.32872572179385, "post_sd": 0.066082447542104697, "post_q10": 3.2443380609303798, "post_q50": 3.3287352814183202, "post_q90": 3.4136093216172601, "post_prob_exceed": 0.055866666666666703, "post_exc_mean": 0.00157319716737416, "prosp_score_happy": 0.185964810324216, "prosp_score_sad": 3.2443380609303798, "domain_class": "Background" }, "geometry": { "type": "Point", "coordinates": [ -152.907607529555122, 60.088151483122914 ] } },
{ "type": "Feature", "properties": { "field_1": 789, "x": 63729.01286, "y": 930030.611, "scaled_x": 0.62207006276660504, "scaled_y": 0.264563796363395, "post_mean": 3.7204181406099002, "post_sd": 0.219739857834158, "post_q10": 3.4394439970441701, "post_q50": 3.71963592031193, "post_q90": 4.0024674187701699, "post_prob_exceed": 0.90456666666666696, "post_exc_mean": 0.29641522285430999, "prosp_score_happy": 3.3653662360576999, "prosp_score_sad": 3.4394439970441701, "domain_class": "tier 1" }, "geometry": { "type": "Point", "coordinates": [ -152.90760752948853, 58.365015855005723 ] } },
{ "type": "Feature", "properties": { "field_1": 790, "x": 64381.68823, "y": 890355.3555, "scaled_x": 0.62225487557233095, "scaled_y": 0.243866731371678, "post_mean": 3.8239713798158199, "post_sd": 0.271249066751719, "post_q10": 3.4773153965358699, "post_q50": 3.8215419525082699, "post_q90": 4.1724780382465898, "post_prob_exceed": 0.9253, "post_exc_mean": 0.39915980046813598, "prosp_score_happy": 3.5383207177435798, "prosp_score_sad": 3.4773153965358699, "domain_class": "tier 1" }, "geometry": { "type": "Point", "coordinates": [ -152.90760752951681, 58.009864533106921 ] } },
{ "type": "Feature", "properties": { "field_1": 791, "x": 65040.71486, "y": 850294.0155, "scaled_x": 0.62244148681298295, "scaled_y": 0.222968260846761, "post_mean": 3.9391770496618301, "post_sd": 0.33727539296093101, "post_q10": 3.5084305945090799, "post_q50": 3.9365203881486401, "post_q90": 4.3733975334116, "post_prob_exceed": 0.93253333333333299, "post_exc_mean": 0.51511315176091399, "prosp_score_happy": 3.6734139047113099, "prosp_score_sad": 3.5084305945090799, "domain_class": "tier 1" }, "geometry": { "type": "Point", "coordinates": [ -152.907607529536619, 57.651153528825809 ] } },
{ "type": "Feature", "properties": { "field_1": 792, "x": 65706.10523, "y": 809845.8327, "scaled_x": 0.62262990002242102, "scaled_y": 0.20186798921250601, "post_mean": 4.0696834287549599, "post_sd": 0.42543974366892801, "post_q10": 3.5251553257440702, "post_q50": 4.06903907619464, "post_q90": 4.6123704215258998, "post_prob_exceed": 0.9332, "post_exc_mean": 0.64828083069032605, "prosp_score_happy": 3.7978285757141301, "prosp_score_sad": 3.5251553257440702, "domain_class": "tier 1" }, "geometry": { "type": "Point", "coordinates": [ -152.907607529454566, 57.288861364530192 ] } },
{ "type": "Feature", "properties": { "field_1": 793, "x": 67468.17715, "y": 2267650.013, "scaled_x": 0.62312885167648202, "scaled_y": 0.96234873431738499, "post_mean": 2.50115819345416, "post_sd": 0.16953491917749799, "post_q10": 2.2841512087422302, "post_q50": 2.5018848570122598, "post_q90": 2.71771051222114, "post_prob_exceed": 0.0, "post_exc_mean": 0.0, "prosp_score_happy": 0.0, "prosp_score_sad": 2.2841512087422302, "domain_class": "Background" }, "geometry": { "type": "Point", "coordinates": [ -152.233871066800191, 70.382568846566429 ] } },
{ "type": "Feature", "properties": { "field_1": 794, "x": 68130.66373, "y": 2242744.663, "scaled_x": 0.62331644264319097, "scaled_y": 0.94935656473724295, "post_mean": 2.6319484227471501, "post_sd": 0.148157397659097, "post_q10": 2.44258851269666, "post_q50": 2.6324012749189101, "post_q90": 2.8214049750700299, "post_prob_exceed": 0.0, "post_exc_mean": 0.0, "prosp_score_happy": 0.0, "prosp_score_sad": 2.44258851269666, "domain_class": "Background" }, "geometry": { "type": "Point", "coordinates": [ -152.233871066519299, 70.155113036497994 ] } },
{ "type": "Feature", "properties": { "field_1": 795, "x": 68801.35126, "y": 2217531.008, "scaled_x": 0.62350635580658298, "scaled_y": 0.93620356421746698, "post_mean": 2.7519486553571002, "post_sd": 0.13498926188665999, "post_q10": 2.5792289666830102, "post_q50": 2.75125162656188, "post_q90": 2.9244644298737299, "post_prob_exceed": 0.0, "post_exc_mean": 0.0, "prosp_score_happy": 0.0, "prosp_score_sad": 2.5792289666830102, "domain_class": "Background" }, "geometry": { "type": "Point", "coordinates": [ -152.233871066647367, 69.925127463852078 ] } },
{ "type": "Feature", "properties": { "field_1": 796, "x": 69480.3024, "y": 2192006.693, "scaled_x": 0.62369860890958295, "scaled_y": 0.92288850424453095, "post_mean": 2.8608710011677498, "post_sd": 0.12813265951973299, "post_q10": 2.6972882789600998, "post_q50": 2.86045372127121, "post_q90": 3.0235842380308702, "post_prob_exceed": 0.0, "post_exc_mean": 0.0, "prosp_score_happy": 0.0, "prosp_score_sad": 2.6972882789600998, "domain_class": "Background" }, "geometry": { "type": "Point", "coordinates": [ -152.233871066750794, 69.692587748440687 ] } },
{ "type": "Feature", "properties": { "field_1": 797, "x": 70167.57966, "y": 2166169.369, "scaled_x": 0.62389321965264299, "scaled_y": 0.90941015943487802, "post_mean": 2.9586385224660998, "post_sd": 0.12520353593929701, "post_q10": 2.7988166937895, "post_q50": 2.9580418486078801, "post_q90": 3.1185806514846499, "post_prob_exceed": 3.3333333333333301e-05, "post_exc_mean": 4.5887093224717599e-07, "prosp_score_happy": 9.8621284082203294e-05, "prosp_score_sad": 2.7988166937895, "domain_class": "Background" }, "geometry": { "type": "Point", "coordinates": [ -152.233871066171133, 69.457469401008723 ] } },
{ "type": "Feature", "properties": { "field_1": 798, "x": 70863.24531, "y": 2140016.693, "scaled_x": 0.62409020566825402, "scaled_y": 0.89576730753492395, "post_mean": 3.0454063227163299, "post_sd": 0.124079713186283, "post_q10": 2.8874419050948901, "post_q50": 3.0447893491103, "post_q90": 3.2042651062504302, "post_prob_exceed": 0.000933333333333333, "post_exc_mean": 2.9668081528189101e-05, "prosp_score_happy": 0.0028423792345352401, "prosp_score_sad": 2.8874419050948901, "domain_class": "Background" }, "geometry": { "type": "Point", "coordinates": [ -152.233871066278709, 69.219747819576057 ] } },
{ "type": "Feature", "properties": { "field_1": 799, "x": 71567.36143, "y": 2113546.332, "scaled_x": 0.62428958453510797, "scaled_y": 0.88195873150770199, "post_mean": 3.1215738633777601, "post_sd": 0.12332489682822501, "post_q10": 2.96449130131617, "post_q50": 3.1213235844576599, "post_q90": 3.2794002250302099, "post_prob_exceed": 0.0053333333333333297, "post_exc_mean": 0.000207206617662796, "prosp_score_happy": 0.016648393938014702, "prosp_score_sad": 2.96449130131617, "domain_class": "Background" }, "geometry": { "type": "Point", "coordinates": [ -152.233871066515661, 68.979398321938575 ] } },
{ "type": "Feature", "properties": { "field_1": 800, "x": 72279.98983000001, "y": 2086755.963, "scaled_x": 0.62449137375544195, "scaled_y": 0.86798321953286195, "post_mean": 3.1877852374094799, "post_sd": 0.122210238870555, "post_q10": 3.0314086363565802, "post_q50": 3.1872840245676102, "post_q90": 3.3444339686282198, "post_prob_exceed": 0.021933333333333301, "post_exc_mean": 0.00094770060321303898, "prosp_score_happy": 0.069918756207181201, "prosp_score_sad": 3.0314086363565802, "domain_class": "Background" }, "geometry": { "type": "Point", "coordinates": [ -152.233871066443356, 68.736396141652875 ] } },
{ "type": "Feature", "properties": { "field_1": 801, "x": 73001.19205, "y": 2059643.272, "scaled_x": 0.624695590755042, "scaled_y": 0.85383956448501097, "post_mean": 3.24491401917621, "post_sd": 0.120545117167075, "post_q10": 3.0910869118994801, "post_q50": 3.2441388100459898, "post_q90": 3.3991639109238201, "post_prob_exceed": 0.059633333333333302, "post_exc_mean": 0.0029972143406014999, "prosp_score_happy": 0.19350503934354099, "prosp_score_sad": 3.0910869118994801, "domain_class": "Background" }, "geometry": { "type": "Point", "coordinates": [ -152.23387106638026, 68.490716414880268 ] } },
{ "type": "Feature", "properties": { "field_1": 802, "x": 73731.02931, "y": 2032205.957, "scaled_x": 0.62490225286907897, "scaled_y": 0.83952656549869697, "post_mean": 3.2940296323740101, "post_sd": 0.118476569382876, "post_q10": 3.1428656867634199, "post_q50": 3.2933943984703999, "post_q90": 3.4459427724652998, "post_prob_exceed": 0.119166666666667, "post_exc_mean": 0.0068987794756012397, "prosp_score_happy": 0.39253853119123699, "prosp_score_sad": 3.1428656867634199, "domain_class": "Background" }, "geometry": { "type": "Point", "coordinates": [ -152.233871066651659, 68.242334203382242 ] } },
{ "type": "Feature", "properties": { "field_1": 803, "x": 74469.56251, "y": 2004441.73, "scaled_x": 0.62511137734211297, "scaled_y": 0.82504302901173499, "post_mean": 3.3363430538910599, "post_sd": 0.11631280708762599, "post_q10": 3.1881408766679402, "post_q50": 3.3358110034421302, "post_q90": 3.4862018272126698, "post_prob_exceed": 0.20206666666666701, "post_exc_mean": 0.013096610417516001, "prosp_score_happy": 0.674163719756253, "prosp_score_sad": 3.1881408766679402, "domain_class": "Background" }, "geometry": { "type": "Point", "coordinates": [ -152.233871066327595, 67.991224508232008 ] } },
{ "type": "Feature", "properties": { "field_1": 804, "x": 75216.85215000001, "y": 1976348.315, "scaled_x": 0.62532298130544095, "scaled_y": 0.81038776772187904, "post_mean": 3.3731312065635901, "post_sd": 0.114382462980537, "post_q10": 3.2277724493656499, "post_q50": 3.3727386414480498, "post_q90": 3.5202658671915001, "post_prob_exceed": 0.2975, "post_exc_mean": 0.021599464240027798, "prosp_score_happy": 1.0035065339526701, "prosp_score_sad": 3.2277724493656499, "domain_class": "Background" }, "geometry": { "type": "Point", "coordinates": [ -152.23387106641124, 67.737362247265963 ] } },
{ "type": "Feature", "properties": { "field_1": 805, "x": 75972.95836, "y": 1947923.452, "scaled_x": 0.62553708178558798, "scaled_y": 0.79555960267347403, "post_mean": 3.40564175309619, "post_sd": 0.11293685394868901, "post_q10": 3.2611918175832701, "post_q50": 3.4050343815752702, "post_q90": 3.5516623282392898, "post_prob_exceed": 0.4015, "post_exc_mean": 0.032377801307876201, "prosp_score_happy": 1.3673651638681199, "prosp_score_sad": 3.2611918175832701, "domain_class": "tier 3" }, "geometry": { "type": "Point", "coordinates": [ -152.233871066574181, 67.480722286630851 ] } },
{ "type": "Feature", "properties": { "field_1": 806, "x": 76737.94081, "y": 1919164.898, "scaled_x": 0.62575369567882499, "scaled_y": 0.780557363779113, "post_mean": 3.4349832484333098, "post_sd": 0.11210459080134901, "post_q10": 3.2924001887691001, "post_q50": 3.43454120409895, "post_q90": 3.57958711488399, "post_prob_exceed": 0.5019, "post_exc_mean": 0.0452605262059066, "prosp_score_happy": 1.7240180923886801, "prosp_score_sad": 3.2924001887691001, "domain_class": "tier 3" }, "geometry": { "type": "Point", "coordinates": [ -152.233871066680223, 67.22127944505867 ] } },
{ "type": "Feature", "properties": { "field_1": 807, "x": 77511.85872, "y": 1890070.427, "scaled_x": 0.62597283975400098, "scaled_y": 0.765379889819641, "post_mean": 3.4620094668549801, "post_sd": 0.111898939688074, "post_q10": 3.3191082691473102, "post_q50": 3.4618017601988198, "post_q90": 3.60632750356634, "post_prob_exceed": 0.5987, "post_exc_mean": 0.0600174028304103, "prosp_score_happy": 2.0727050678060799, "prosp_score_sad": 3.3191082691473102, "domain_class": "tier 3" }, "geometry": { "type": "Point", "coordinates": [ -152.233871066548346, 66.959008488989369 ] } },
{ "type": "Feature", "properties": { "field_1": 808, "x": 78294.7708, "y": 1860637.831, "scaled_x": 0.62619453063555097, "scaled_y": 0.75002602896581605, "post_mean": 3.4872108048036599, "post_sd": 0.112259545761139, "post_q10": 3.3432209779909798, "post_q50": 3.4869515791627199, "post_q90": 3.6306029698784599, "post_prob_exceed": 0.68273333333333297, "post_exc_mean": 0.076335986122922098, "prosp_score_happy": 2.3808350567996199, "prosp_score_sad": 3.3432209779909798, "domain_class": "tier 2" }, "geometry": { "type": "Point", "coordinates": [ -152.233871066708303, 66.693884136624376 ] } },
{ "type": "Feature", "properties": { "field_1": 809, "x": 79086.73521, "y": 1830864.925, "scaled_x": 0.62641878479217294, "scaled_y": 0.73449464138661602, "post_mean": 3.5106291330411499, "post_sd": 0.113096383717347, "post_q10": 3.36553092501003, "post_q50": 3.5112895241400399, "post_q90": 3.6547563314606699, "post_prob_exceed": 0.75206666666666699, "post_exc_mean": 0.093473149913524997, "prosp_score_happy": 2.6402271499891499, "prosp_score_sad": 3.36553092501003, "domain_class": "tier 2" }, "geometry": { "type": "Point", "coordinates": [ -152.23387106628914, 66.425881097814326 ] } },
{ "type": "Feature", "properties": { "field_1": 810, "x": 79887.80953, "y": 1800749.542, "scaled_x": 0.62664561852833001, "scaled_y": 0.71878459664093097, "post_mean": 3.53181421484366, "post_sd": 0.11430805956299001, "post_q10": 3.3851244407757601, "post_q50": 3.5326040613142098, "post_q90": 3.6769705390140901, "post_prob_exceed": 0.80423333333333302, "post_exc_mean": 0.110344490987644, "prosp_score_happy": 2.8404027187177601, "prosp_score_sad": 3.3851244407757601, "domain_class": "tier 1" }, "geometry": { "type": "Point", "coordinates": [ -152.233871066690853, 66.154974023813651 ] } },
{ "type": "Feature", "properties": { "field_1": 811, "x": 80698.05073, "y": 1770289.543, "scaled_x": 0.626875047975754, "scaled_y": 0.70289477889418395, "post_mean": 3.5498384997615799, "post_sd": 0.115767497133582, "post_q10": 3.4015526429186802, "post_q50": 3.5504960690599598, "post_q90": 3.6969013123995702, "post_prob_exceed": 0.842733333333333, "post_exc_mean": 0.12557846511460699, "prosp_score_happy": 2.9915672316990798, "prosp_score_sad": 3.4015526429186802, "domain_class": "tier 1" }, "geometry": { "type": "Point", "coordinates": [ -152.233871066308751, 65.881137591834346 ] } },
{ "type": "Feature", "properties": { "field_1": 812, "x": 81517.51511, "y": 1739482.809, "scaled_x": 0.62710708907646295, "scaled_y": 0.68682408274502904, "post_mean": 3.56338183462467, "post_sd": 0.117292591782761, "post_q10": 3.4128125997192802, "post_q50": 3.5632871053377602, "post_q90": 3.7123670242027602, "post_prob_exceed": 0.86496666666666699, "post_exc_mean": 0.13746052986900401, "prosp_score_happy": 3.08220650755585, "prosp_score_sad": 3.4128125997192802, "domain_class": "tier 1" }, "geometry": { "type": "Point", "coordinates": [ -152.23387106659041, 65.60434642762614 ] } },
{ "type": "Feature", "properties": { "field_1": 813, "x": 82346.25827000001, "y": 1708327.252, "scaled_x": 0.62734175757425803, "scaled_y": 0.67057141896364203, "post_mean": 3.5708879815910102, "post_sd": 0.118632640132979, "post_q10": 3.4189606468207301, "post_q50": 3.5704074989194701, "post_q90": 3.7213461595191801, "post_prob_exceed": 0.87643333333333295, "post_exc_mean": 0.144225985229124, "prosp_score_happy": 3.12964525666575, "prosp_score_sad": 3.4189606468207301, "domain_class": "tier 1" }, "geometry": { "type": "Point", "coordinates": [ -152.233871066254494, 65.32457519866017 ] } },
{ "type": "Feature", "properties": { "field_1": 814, "x": 83184.33506, "y": 1676820.808, "scaled_x": 0.62757906900057103, "scaled_y": 0.65413571084007605, "post_mean": 3.5707819820954798, "post_sd": 0.119495048663405, "post_q10": 3.4181379198236099, "post_q50": 3.57002730899183, "post_q90": 3.72402506944628, "post_prob_exceed": 0.87446666666666695, "post_exc_mean": 0.14424758926992401, "prosp_score_happy": 3.12252981727642, "prosp_score_sad": 3.4181379198236099, "domain_class": "tier 1" }, "geometry": { "type": "Point", "coordinates": [ -152.233871066439065, 65.041798545509522 ] } },
{ "type": "Feature", "properties": { "field_1": 815, "x": 84031.79954000001, "y": 1644961.446, "scaled_x": 0.62781903866313404, "scaled_y": 0.637515898879226, "post_mean": 3.5617236433445498, "post_sd": 0.119615047405237, "post_q10": 3.4094002955975902, "post_q50": 3.5605838738890498, "post_q90": 3.7154729357905598, "post_prob_exceed": 0.8588, "post_exc_mean": 0.13636018599411801, "prosp_score_happy": 3.0588082649042998, "prosp_score_sad": 3.4094002955975902, "domain_class": "tier 1" }, "geometry": { "type": "Point", "coordinates": [ -152.23387106639214, 64.75599115673019 ] } },
{ "type": "Feature", "properties": { "field_1": 816, "x": 84888.70494, "y": 1612747.164, "scaled_x": 0.62806168163465503, "scaled_y": 0.62071093871418104, "post_mean": 3.5428614115153598, "post_sd": 0.118847259354595, "post_q10": 3.3916323545971099, "post_q50": 3.54158717354299, "post_q90": 3.6959709781997998, "post_prob_exceed": 0.81966666666666699, "post_exc_mean": 0.12028608762279901, "prosp_score_happy": 2.9039654036387601, "prosp_score_sad": 3.3916323545971099, "domain_class": "tier 1" }, "geometry": { "type": "Point", "coordinates": [ -152.23387106661022, 64.467127726962119 ] } },
{ "type": "Feature", "properties": { "field_1": 817, "x": 85755.10358, "y": 1580175.996, "scaled_x": 0.62830701273016698, "scaled_y": 0.60371980475785003, "post_mean": 3.5140461215635099, "post_sd": 0.11724318872013099, "post_q10": 3.36425894732941, "post_q50": 3.5126366207731299, "post_q90": 3.6646224127368301, "post_prob_exceed": 0.7515, "post_exc_mean": 0.097125184860793704, "prosp_score_happy": 2.6408056603549799, "prosp_score_sad": 3.36425894732941, "domain_class": "tier 2" }, "geometry": { "type": "Point", "coordinates": [ -152.233871066589927, 64.175183013553706 ] } },
{ "type": "Feature", "properties": { "field_1": 818, "x": 86631.04687000001, "y": 1547246.009, "scaled_x": 0.62855504650702299, "scaled_y": 0.58654148863798505, "post_mean": 3.4759678657878501, "post_sd": 0.115075129664476, "post_q10": 3.3285585576835799, "post_q50": 3.4748535227294699, "post_q90": 3.62385744501477, "post_prob_exceed": 0.63886666666666703, "post_exc_mean": 0.069835846190740403, "prosp_score_happy": 2.2206800038563301, "prosp_score_sad": 3.3285585576835799, "domain_class": "tier 2" }, "geometry": { "type": "Point", "coordinates": [ -152.233871066504122, 63.880131803409974 ] } },
{ "type": "Feature", "properties": { "field_1": 819, "x": 87516.58522, "y": 1513955.308, "scaled_x": 0.62880579723941399, "scaled_y": 0.56917500180548497, "post_mean": 3.4301913629703802, "post_sd": 0.11277355437109, "post_q10": 3.2857947059108601, "post_q50": 3.4291598490350799, "post_q90": 3.5749908805926398, "post_prob_exceed": 0.48323333333333301, "post_exc_mean": 0.043192971128225802, "prosp_score_happy": 1.65758280629939, "prosp_score_sad": 3.2857947059108601, "domain_class": "tier 3" }, "geometry": { "type": "Point", "coordinates": [ -152.233871066300793, 63.581948951428856 ] } },
{ "type": "Feature", "properties": { "field_1": 820, "x": 88411.768, "y": 1480302.036, "scaled_x": 0.62905927890704505, "scaled_y": 0.55161937553439599, "post_mean": 3.3790829013689301, "post_sd": 0.110767784106813, "post_q10": 3.2372147973007501, "post_q50": 3.3785649733826002, "post_q90": 3.5215365026396199, "post_prob_exceed": 0.30976666666666702, "post_exc_mean": 0.0221947329119839, "prosp_score_happy": 1.04672724674738, "prosp_score_sad": 3.2372147973007501, "domain_class": "Background" }, "geometry": { "type": "Point", "coordinates": [ -152.233871066513018, 63.280609374013203 ] } },
{ "type": "Feature", "properties": { "field_1": 821, "x": 89316.64351, "y": 1446284.378, "scaled_x": 0.62931550518663704, "scaled_y": 0.53387366300856198, "post_mean": 3.3256407203429701, "post_sd": 0.10926862421464199, "post_q10": 3.1861227354582198, "post_q50": 3.3255405052596099, "post_q90": 3.4663266635243399, "post_prob_exceed": 0.1624, "post_exc_mean": 0.0093157282617349606, "prosp_score_happy": 0.54008405298369799, "prosp_score_sad": 3.1861227354582198, "domain_class": "Background" }, "geometry": { "type": "Point", "coordinates": [ -152.233871066719331, 62.976088078274444 ] } },
{ "type": "Feature", "properties": { "field_1": 822, "x": 90231.25888, "y": 1411900.563, "scaled_x": 0.62957448942360905, "scaled_y": 0.51593694036494397, "post_mean": 3.2732558945536501, "post_sd": 0.108090717199661, "post_q10": 3.1351742855621798, "post_q50": 3.2729134306200298, "post_q90": 3.4120136689968801, "post_prob_exceed": 0.0682, "post_exc_mean": 0.00321528248506147, "prosp_score_happy": 0.223236052008559, "prosp_score_sad": 3.1351742855621798, "domain_class": "Background" }, "geometry": { "type": "Point", "coordinates": [ -152.233871066507049, 62.668360173226176 ] } },
{ "type": "Feature", "properties": { "field_1": 823, "x": 91155.66005000001, "y": 1377148.863, "scaled_x": 0.62983624462641996, "scaled_y": 0.49780830617195998, "post_mean": 3.2254393075224899, "post_sd": 0.106621550978267, "post_q10": 3.0883994119758, "post_q50": 3.2255908103859401, "post_q90": 3.3615748320161201, "post_prob_exceed": 0.0249333333333333, "post_exc_mean": 0.00096675778063844305, "prosp_score_happy": 0.080420953400894002, "prosp_score_sad": 3.0883994119758, "domain_class": "Background" }, "geometry": { "type": "Point", "coordinates": [ -152.233871066374917, 62.357400854033941 ] } },
{ "type": "Feature", "properties": { "field_1": 824, "x": 92089.89169, "y": 1342027.598, "scaled_x": 0.63010078344391196, "scaled_y": 0.47948688403779599, "post_mean": 3.1855513199005001, "post_sd": 0.103968753985986, "post_q10": 3.0521169142468101, "post_q50": 3.1857725238867598, "post_q90": 3.3180795773375702, "post_prob_exceed": 0.00743333333333333, "post_exc_mean": 0.00025756385190375, "prosp_score_happy": 0.023679264811260401, "prosp_score_sad": 3.0521169142468101, "domain_class": "Background" }, "geometry": { "type": "Point", "coordinates": [ -152.233871066671043, 62.043185439841189 ] } },
{ "type": "Feature", "properties": { "field_1": 825, "x": 93033.99716, "y": 1306535.14, "scaled_x": 0.63036811815398697, "scaled_y": 0.460971824697049, "post_mean": 3.1565655303174802, "post_sd": 0.099231123065584306, "post_q10": 3.0287448916928001, "post_q50": 3.1572049724846001, "post_q90": 3.28269643396772, "post_prob_exceed": 0.0021, "post_exc_mean": 6.9157401142762306e-05, "prosp_score_happy": 0.0066287876136666996, "prosp_score_sad": 3.0287448916928001, "domain_class": "Background" }, "geometry": { "type": "Point", "coordinates": [ -152.233871066340356, 61.725689402523599 ] } },
{ "type": "Feature", "properties": { "field_1": 826, "x": 93988.01844, "y": 1270669.909, "scaled_x": 0.63063826064378103, "scaled_y": 0.442262303924083, "post_mean": 3.14088926697183, "post_sd": 0.091845150987480098, "post_q10": 3.02278582947531, "post_q50": 3.1417290022992801, "post_q90": 3.2568516123442999, "post_prob_exceed": 0.00063333333333333297, "post_exc_mean": 1.8884794858912001e-05, "prosp_score_happy": 0.0019892298690821599, "prosp_score_sad": 3.02278582947531, "domain_class": "Background" }, "geometry": { "type": "Point", "coordinates": [ -152.23387106630841, 61.404888323848908 ] } },
{ "type": "Feature", "properties": { "field_1": 827, "x": 94951.99606, "y": 1234430.382, "scaled_x": 0.63091122238984698, "scaled_y": 0.42335752722798597, "post_mean": 3.14025383069619, "post_sd": 0.082079900589059895, "post_q10": 3.0340777080378198, "post_q50": 3.1403752712572, "post_q90": 3.2439171351007601, "post_prob_exceed": 0.0002, "post_exc_mean": 4.3044906386321197e-06, "prosp_score_happy": 0.00062805076613923702, "prosp_score_sad": 3.0340777080378198, "domain_class": "Background" }, "geometry": { "type": "Point", "coordinates": [ -152.233871066232751, 61.080757968764864 ] } },
{ "type": "Feature", "properties": { "field_1": 828, "x": 95925.96904, "y": 1197815.091, "scaled_x": 0.63118701444116199, "scaled_y": 0.40425672880924302, "post_mean": 3.1556789832505299, "post_sd": 0.071967557310878297, "post_q10": 3.0631600232266298, "post_q50": 3.1555641203216598, "post_q90": 3.2474825373965701, "post_prob_exceed": 0.0, "post_exc_mean": 0.0, "prosp_score_happy": 0.0, "prosp_score_sad": 3.0631600232266298, "domain_class": "Background" }, "geometry": { "type": "Point", "coordinates": [ -152.2338710666493, 60.753274260271844 ] } },
{ "type": "Feature", "properties": { "field_1": 829, "x": 103026.5817, "y": 930876.4814, "scaled_x": 0.63319763749879099, "scaled_y": 0.265005054634394, "post_mean": 3.6935914562287202, "post_sd": 0.27478188074995402, "post_q10": 3.3433208228739999, "post_q50": 3.6925778686700998, "post_q90": 4.0473441597409003, "post_prob_exceed": 0.82933333333333303, "post_exc_mean": 0.28487245045793402, "prosp_score_happy": 3.06321851436569, "prosp_score_sad": 3.3433208228739999, "domain_class": "tier 1" }, "geometry": { "type": "Point", "coordinates": [ -152.233871066755029, 58.365015855173269 ] } },
{ "type": "Feature", "properties": { "field_1": 830, "x": 93195.71175, "y": 2268464.984, "scaled_x": 0.63041390956650001, "scaled_y": 0.96277387355192301, "post_mean": 2.5047379663681002, "post_sd": 0.16359061005842601, "post_q10": 2.2953497764951099, "post_q50": 2.5056761811111299, "post_q90": 2.7135804617094501, "post_prob_exceed": 0.0, "post_exc_mean": 0.0, "prosp_score_happy": 0.0, "prosp_score_sad": 2.2953497764951099, "domain_class": "Background" }, "geometry": { "type": "Point", "coordinates": [ -151.560134602967821, 70.382568854704218 ] } },
{ "type": "Feature", "properties": { "field_1": 831, "x": 94110.82331000001, "y": 2243567.636, "scaled_x": 0.63067303430558097, "scaled_y": 0.94978587830946204, "post_mean": 2.6435545616396099, "post_sd": 0.14034751665164699, "post_q10": 2.4640897744152799, "post_q50": 2.6443906631787, "post_q90": 2.8229490540529998, "post_prob_exceed": 0.0, "post_exc_mean": 0.0, "prosp_score_happy": 0.0, "prosp_score_sad": 2.4640897744152799, "domain_class": "Background" }, "geometry": { "type": "Point", "coordinates": [ -151.560134602771086, 70.155113041053227 ] } },
{ "type": "Feature", "properties": { "field_1": 832, "x": 95037.26306, "y": 2218362.082, "scaled_x": 0.630935366756603, "scaled_y": 0.93663710377188603, "post_mean": 2.7709071147027702, "post_sd": 0.12540330056948601, "post_q10": 2.6104681715967701, "post_q50": 2.7707871098341399, "post_q90": 2.93062510313906, "post_prob_exceed": 0.0, "post_exc_mean": 0.0, "prosp_score_happy": 0.0, "prosp_score_sad": 2.6104681715967701, "domain_class": "Background" }, "geometry": { "type": "Point", "coordinates": [ -151.56013460359037, 69.925127464276514 ] } },
{ "type": "Feature", "properties": { "field_1": 833, "x": 95975.11758000001, "y": 2192845.969, "scaled_x": 0.63120093143572398, "scaled_y": 0.92332632246899005, "post_mean": 2.8864063308012402, "post_sd": 0.117043188028834, "post_q10": 2.7362513682471699, "post_q50": 2.8862215061848699, "post_q90": 3.03551137985743, "post_prob_exceed": 0.0, "post_exc_mean": 0.0, "prosp_score_happy": 0.0, "prosp_score_sad": 2.7362513682471699, "domain_class": "Background" }, "geometry": { "type": "Point", "coordinates": [ -151.560134602993571, 69.692587755484453 ] } },
{ "type": "Feature", "properties": { "field_1": 834, "x": 96924.47319, "y": 2167016.946, "scaled_x": 0.63146975278548001, "scaled_y": 0.90985230797389605, "post_mean": 2.9898833820778399, "post_sd": 0.11292708571636501, "post_q10": 2.8450302712669999, "post_q50": 2.98979556093831, "post_q90": 3.1335400175213302, "post_prob_exceed": 3.3333333333333301e-05, "post_exc_mean": 1.11272096063826e-06, "prosp_score_happy": 9.96627794025948e-05, "prosp_score_sad": 2.8450302712669999, "domain_class": "Background" }, "geometry": { "type": "Point", "coordinates": [ -151.560134603333438, 69.457469400359386 ] } },
{ "type": "Feature", "properties": { "field_1": 835, "x": 97885.41594000001, "y": 2140872.673, "scaled_x": 0.63174185517195303, "scaled_y": 0.89621383959800305, "post_mean": 3.0814156938930202, "post_sd": 0.110862983705557, "post_q10": 2.9398338072825698, "post_q50": 3.0812847676973001, "post_q90": 3.22287002439099, "post_prob_exceed": 0.00086666666666666695, "post_exc_mean": 2.4428777509860901e-05, "prosp_score_happy": 0.0026705602680406099, "prosp_score_sad": 2.9398338072825698, "domain_class": "Background" }, "geometry": { "type": "Point", "coordinates": [ -151.560134603526592, 69.219747817363682 ] } },
{ "type": "Feature", "properties": { "field_1": 836, "x": 98858.03157000001, "y": 2114410.818, "scaled_x": 0.63201726287344695, "scaled_y": 0.882409700826007, "post_mean": 3.1613443728524402, "post_sd": 0.109332232931485, "post_q10": 3.0222482136150699, "post_q50": 3.1616834960058902, "post_q90": 3.30153045739495, "post_prob_exceed": 0.0063666666666666698, "post_exc_mean": 0.00023409522486636899, "prosp_score_happy": 0.020127225840493802, "prosp_score_sad": 3.0222482136150699, "domain_class": "Background" }, "geometry": { "type": "Point", "coordinates": [ -151.560134602925075, 68.979398326542153 ] } },
{ "type": "Feature", "properties": { "field_1": 837, "x": 99842.40544, "y": 2087629.057, "scaled_x": 0.632296000060662, "scaled_y": 0.86843867931589602, "post_mean": 3.23027968475348, "post_sd": 0.107568767082534, "post_q10": 3.09304795787267, "post_q50": 3.2298675152755898, "post_q90": 3.3680181319225699, "post_prob_exceed": 0.028633333333333299, "post_exc_mean": 0.00119739466876939, "prosp_score_happy": 0.092493674973441298, "prosp_score_sad": 3.09304795787267, "domain_class": "Background" }, "geometry": { "type": "Point", "coordinates": [ -151.560134603005281, 68.736396145612005 ] } },
{ "type": "Feature", "properties": { "field_1": 838, "x": 100838.6226, "y": 2060525.077, "scaled_x": 0.63257809081651795, "scaled_y": 0.85429956846393995, "post_mean": 3.2890909317738601, "post_sd": 0.10539404605595699, "post_q10": 3.15508961097055, "post_q50": 3.28844899855735, "post_q90": 3.4238036123054498, "post_prob_exceed": 0.0841, "post_exc_mean": 0.0040682013825773097, "prosp_score_happy": 0.27661254736218199, "prosp_score_sad": 3.15508961097055, "domain_class": "Background" }, "geometry": { "type": "Point", "coordinates": [ -151.560134602905919, 68.490716413065996 ] } },
{ "type": "Feature", "properties": { "field_1": 839, "x": 101846.7675, "y": 2033096.578, "scaled_x": 0.63286355905403902, "scaled_y": 0.83999116844800903, "post_mean": 3.3388772983246899, "post_sd": 0.10299721128044, "post_q10": 3.2068379295553502, "post_q50": 3.3384515314135301, "post_q90": 3.4710749881284499, "post_prob_exceed": 0.1796, "post_exc_mean": 0.00990038005428945, "prosp_score_happy": 0.599662362779115, "prosp_score_sad": 3.2068379295553502, "domain_class": "Background" }, "geometry": { "type": "Point", "coordinates": [ -151.560134604723743, 68.242334202113867 ] } },
{ "type": "Feature", "properties": { "field_1": 840, "x": 102866.9244, "y": 2005341.272, "scaled_x": 0.63315242863244803, "scaled_y": 0.82551228570591795, "post_mean": 3.3809169664061498, "post_sd": 0.100731408093748, "post_q10": 3.2522426945801999, "post_q50": 3.3806451152299801, "post_q90": 3.51014988684698, "post_prob_exceed": 0.29876666666666701, "post_exc_mean": 0.019162708166666299, "prosp_score_happy": 1.0101052923299401, "prosp_score_sad": 3.2522426945801999, "domain_class": "Background" }, "geometry": { "type": "Point", "coordinates": [ -151.560134604522858, 67.991224507117806 ] } },
{ "type": "Feature", "properties": { "field_1": 841, "x": 103899.1769, "y": 1977256.884, "scaled_x": 0.63344472322407996, "scaled_y": 0.81086173345708301, "post_mean": 3.4165932263115701, "post_sd": 0.098943884945619801, "post_q10": 3.2908255532726201, "post_q50": 3.4162781566418201, "post_q90": 3.5439560495527198, "post_prob_exceed": 0.4288, "post_exc_mean": 0.031433925260512599, "prosp_score_happy": 1.4650351754424, "prosp_score_sad": 3.2908255532726201, "domain_class": "tier 3" }, "geometry": { "type": "Point", "coordinates": [ -151.560134602796722, 67.737362248339153 ] } },
{ "type": "Feature", "properties": { "field_1": 842, "x": 104943.6079, "y": 1948841.155, "scaled_x": 0.63374046630305902, "scaled_y": 0.79603833326751094, "post_mean": 3.4472985987056299, "post_sd": 0.097856228364646095, "post_q10": 3.3228573705180899, "post_q50": 3.4469665270318202, "post_q90": 3.5735218960208299, "post_prob_exceed": 0.55296666666666705, "post_exc_mean": 0.046068630570239098, "prosp_score_happy": 1.90624121513092, "prosp_score_sad": 3.3228573705180899, "domain_class": "tier 3" }, "geometry": { "type": "Point", "coordinates": [ -151.560134602620138, 67.480722294438081 ] } },
{ "type": "Feature", "properties": { "field_1": 843, "x": 106000.2999, "y": 1920091.841, "scaled_x": 0.63403968123024101, "scaled_y": 0.78104091452813396, "post_mean": 3.47432112340165, "post_sd": 0.097516492155103607, "post_q10": 3.3506158253529099, "post_q50": 3.4740543369269501, "post_q90": 3.5997683590362599, "post_prob_exceed": 0.6586, "post_exc_mean": 0.062330332622498, "prosp_score_happy": 2.28818789187233, "prosp_score_sad": 3.3506158253529099, "domain_class": "tier 2" }, "geometry": { "type": "Point", "coordinates": [ -151.560134603466253, 67.221279448608584 ] } },
{ "type": "Feature", "properties": { "field_1": 844, "x": 107069.3347, "y": 1891006.718, "scaled_x": 0.63434239116827196, "scaled_y": 0.76586831706311898, "post_mean": 3.4987208280958502, "post_sd": 0.097828452357056006, "post_q10": 3.3742002409732801, "post_q50": 3.4984598612266899, "post_q90": 3.6243944572326501, "post_prob_exceed": 0.74503333333333299, "post_exc_mean": 0.079609945693619899, "prosp_score_happy": 2.60666364095901, "prosp_score_sad": 3.3742002409732801, "domain_class": "tier 2" }, "geometry": { "type": "Point", "coordinates": [ -151.560134604028889, 66.959008488880372 ] } },
{ "type": "Feature", "properties": { "field_1": 845, "x": 108150.7934, "y": 1861583.58, "scaled_x": 0.63464861908158199, "scaled_y": 0.750519390086549, "post_mean": 3.5212086340945601, "post_sd": 0.098629398285211903, "post_q10": 3.3950509161189402, "post_q50": 3.5215334333822601, "post_q90": 3.6471499596152399, "post_prob_exceed": 0.81206666666666705, "post_exc_mean": 0.097418776391264797, "prosp_score_happy": 2.8594561581270601, "prosp_score_sad": 3.3950509161189402, "domain_class": "tier 1" }, "geometry": { "type": "Point", "coordinates": [ -151.560134603918954, 66.69388414506615 ] } },
{ "type": "Feature", "properties": { "field_1": 846, "x": 109244.7564, "y": 1831820.239, "scaled_x": 0.63495838773638802, "scaled_y": 0.73499299220241598, "post_mean": 3.5420437594779099, "post_sd": 0.099766484103025702, "post_q10": 3.4143543628195898, "post_q50": 3.5423881745339698, "post_q90": 3.66930949653658, "post_prob_exceed": 0.85943333333333305, "post_exc_mean": 0.115161366138685, "prosp_score_happy": 3.0441504750206301, "prosp_score_sad": 3.4143543628195898, "domain_class": "tier 1" }, "geometry": { "type": "Point", "coordinates": [ -151.560134603620043, 66.425881093683699 ] } },
{ "type": "Feature", "properties": { "field_1": 847, "x": 110351.3031, "y": 1801714.533, "scaled_x": 0.63527171961574802, "scaled_y": 0.719287995577919, "post_mean": 3.56096807676112, "post_sd": 0.101131126584927, "post_q10": 3.4315517428265299, "post_q50": 3.5614572848600599, "post_q90": 3.6899279076515898, "post_prob_exceed": 0.89596666666666702, "post_exc_mean": 0.13211188943786201, "prosp_score_happy": 3.1905086978420698, "prosp_score_sad": 3.4315517428265299, "domain_class": "tier 1" }, "geometry": { "type": "Point", "coordinates": [ -151.560134604576831, 66.154974024750203 ] } },
{ "type": "Feature", "properties": { "field_1": 848, "x": 111470.5124, "y": 1771264.321, "scaled_x": 0.635588637061135, "scaled_y": 0.703403283335157, "post_mean": 3.57719561744126, "post_sd": 0.102641491667454, "post_q10": 3.4453825769950499, "post_q50": 3.5775206030363802, "post_q90": 3.7077623788290199, "post_prob_exceed": 0.9189, "post_exc_mean": 0.14709780837464101, "prosp_score_happy": 3.2870850528667801, "prosp_score_sad": 3.4453825769950499, "domain_class": "tier 1" }, "geometry": { "type": "Point", "coordinates": [ -151.560134602230846, 65.88113759123415 ] } },
{ "type": "Feature", "properties": { "field_1": 849, "x": 112602.4618, "y": 1740467.486, "scaled_x": 0.63590916201759895, "scaled_y": 0.68733775111610895, "post_mean": 3.5894713342526199, "post_sd": 0.104194752980714, "post_q10": 3.4563039636334101, "post_q50": 3.5895441087016202, "post_q90": 3.7218954840709499, "post_prob_exceed": 0.93133333333333301, "post_exc_mean": 0.15867678709369301, "prosp_score_happy": 3.3429943026339402, "prosp_score_sad": 3.4563039636334101, "domain_class": "tier 1" }, "geometry": { "type": "Point", "coordinates": [ -151.56013460341714, 65.604346430836571 ] } },
{ "type": "Feature", "properties": { "field_1": 850, "x": 113747.2283, "y": 1709321.939, "scaled_x": 0.63623331628860502, "scaled_y": 0.67109030916928702, "post_mean": 3.5962049445981799, "post_sd": 0.10562860045627501, "post_q10": 3.4612265628299199, "post_q50": 3.5958838442357699, "post_q90": 3.7308817709478301, "post_prob_exceed": 0.93783333333333296, "post_exc_mean": 0.16514348823834399, "prosp_score_happy": 3.3726408705423299, "prosp_score_sad": 3.4612265628299199, "domain_class": "tier 1" }, "geometry": { "type": "Point", "coordinates": [ -151.560134603357909, 65.324575195957038 ] } },
{ "type": "Feature", "properties": { "field_1": 851, "x": 114904.8876, "y": 1677825.619, "scaled_x": 0.63656112130951104, "scaled_y": 0.65465988234973105, "post_mean": 3.5956736837235699, "post_sd": 0.10672706063470699, "post_q10": 3.4598030638812198, "post_q50": 3.5948582236409599, "post_q90": 3.7317367404406201, "post_prob_exceed": 0.9362, "post_exc_mean": 0.16474395033422101, "prosp_score_happy": 3.3662697027020099, "prosp_score_sad": 3.4598030638812198, "domain_class": "tier 1" }, "geometry": { "type": "Point", "coordinates": [ -151.560134603211395, 65.041798548162845 ] } },
{ "type": "Feature", "properties": { "field_1": 852, "x": 116075.5144, "y": 1645976.493, "scaled_x": 0.63689259823251199, "scaled_y": 0.63804541011901295, "post_mean": 3.5862740970876898, "post_sd": 0.10728087812260199, "post_q10": 3.4494822763086699, "post_q50": 3.58556510969626, "post_q90": 3.7236228648085699, "post_prob_exceed": 0.924433333333333, "post_exc_mean": 0.15603142612149001, "prosp_score_happy": 3.3152713178177602, "prosp_score_sad": 3.4494822763086699, "domain_class": "tier 1" }, "geometry": { "type": "Point", "coordinates": [ -151.560134603477906, 64.755991152212104 ] } },
{ "type": "Feature", "properties": { "field_1": 853, "x": 117259.1822, "y": 1613772.563, "scaled_x": 0.63722776787000801, "scaled_y": 0.62124585019686696, "post_mean": 3.56679072853, "post_sd": 0.107181647254771, "post_q10": 3.43055379214338, "post_q50": 3.56631182328112, "post_q90": 3.7039959210659901, "post_prob_exceed": 0.89446666666666697, "post_exc_mean": 0.13825090551341601, "prosp_score_happy": 3.1903754136457998, "prosp_score_sad": 3.43055379214338, "domain_class": "tier 1" }, "geometry": { "type": "Point", "coordinates": [ -151.560134602840549, 64.467127732837653 ] } },
{ "type": "Feature", "properties": { "field_1": 854, "x": 118455.9633, "y": 1581211.86, "scaled_x": 0.63756665069460605, "scaled_y": 0.60426017543121802, "post_mean": 3.53664222193561, "post_sd": 0.106507078214181, "post_q10": 3.4013419515644898, "post_q50": 3.5359851215036402, "post_q90": 3.67353008341717, "post_prob_exceed": 0.83223333333333305, "post_exc_mean": 0.112023796665128, "prosp_score_happy": 2.9433115451688798, "prosp_score_sad": 3.4013419515644898, "domain_class": "tier 1" }, "geometry": { "type": "Point", "coordinates": [ -151.560134602794875, 64.175183014839803 ] } },
{ "type": "Feature", "properties": { "field_1": 855, "x": 119665.9286, "y": 1548292.454, "scaled_x": 0.63790926678248405, "scaled_y": 0.58708737901480301, "post_mean": 3.4960657074282699, "post_sd": 0.105547463766239, "post_q10": 3.36134184846135, "post_q50": 3.49539682519679, "post_q90": 3.6316467453286698, "post_prob_exceed": 0.7213, "post_exc_mean": 0.080213067675038996, "prosp_score_happy": 2.5217121947680101, "prosp_score_sad": 3.36134184846135, "domain_class": "tier 2" }, "geometry": { "type": "Point", "coordinates": [ -151.560134604094998, 63.880131806469201 ] } },
{ "type": "Feature", "properties": { "field_1": 856, "x": 120889.1479, "y": 1515012.449, "scaled_x": 0.638255635898346, "scaled_y": 0.56972647187685999, "post_mean": 3.4462090650997501, "post_sd": 0.10473106342751599, "post_q10": 3.31161112582592, "post_q50": 3.4456580657821299, "post_q90": 3.58052377437645, "post_prob_exceed": 0.54673333333333296, "post_exc_mean": 0.048234231025815602, "prosp_score_happy": 1.88415736952554, "prosp_score_sad": 3.31161112582592, "domain_class": "tier 3" }, "geometry": { "type": "Point", "coordinates": [ -151.56013460444575, 63.581948948167657 ] } },
{ "type": "Feature", "properties": { "field_1": 857, "x": 122125.6894, "y": 1481369.991, "scaled_x": 0.63860577735383195, "scaled_y": 0.55217648685641996, "post_mean": 3.3891161343710401, "post_sd": 0.10443851553944999, "post_q10": 3.25488284276258, "post_q50": 3.3891300261262298, "post_q90": 3.5227408299503198, "post_prob_exceed": 0.334133333333333, "post_exc_mean": 0.023054980761940201, "prosp_score_happy": 1.13241667103118, "prosp_score_sad": 3.25488284276258, "domain_class": "Background" }, "geometry": { "type": "Point", "coordinates": [ -151.560134602767363, 63.280609377844804 ] } },
{ "type": "Feature", "properties": { "field_1": 858, "x": 123375.6197, "y": 1447363.263, "scaled_x": 0.63895971000752605, "scaled_y": 0.53443647609400302, "post_mean": 3.3276082279373802, "post_sd": 0.104763564799148, "post_q10": 3.1934626323553101, "post_q50": 3.3274714783099801, "post_q90": 3.4612157830361201, "post_prob_exceed": 0.155466666666667, "post_exc_mean": 0.0084574090365851107, "prosp_score_happy": 0.51733215916999797, "prosp_score_sad": 3.1934626323553101, "domain_class": "Background" }, "geometry": { "type": "Point", "coordinates": [ -151.560134602767363, 62.976088079537917 ] } },
{ "type": "Feature", "properties": { "field_1": 859, "x": 124639.0039, "y": 1412990.496, "scaled_x": 0.63931745229326897, "scaled_y": 0.51650551676989298, "post_mean": 3.2650821263946201, "post_sd": 0.105344541235846, "post_q10": 3.1299632871935601, "post_q50": 3.2648727523762999, "post_q90": 3.39962267965298, "post_prob_exceed": 0.054133333333333297, "post_exc_mean": 0.00238255946205926, "prosp_score_happy": 0.176749779108829, "prosp_score_sad": 3.1299632871935601, "domain_class": "Background" }, "geometry": { "type": "Point", "coordinates": [ -151.560134602835944, 62.668360175055895 ] } },
{ "type": "Feature", "properties": { "field_1": 860, "x": 125915.9055, "y": 1378249.962, "scaled_x": 0.63967902219184203, "scaled_y": 0.49838270745251001, "post_mean": 3.20525606255215, "post_sd": 0.10537616960070401, "post_q10": 3.0696532679205002, "post_q50": 3.2054900793307199, "post_q90": 3.3399274203176299, "post_prob_exceed": 0.0147, "post_exc_mean": 0.00051847682668457, "prosp_score_happy": 0.0471172641195165, "prosp_score_sad": 3.0696532679205002, "domain_class": "Background" }, "geometry": { "type": "Point", "coordinates": [ -151.560134603228505, 62.357400854591241 ] } },
{ "type": "Feature", "properties": { "field_1": 861, "x": 127206.3862, "y": 1343139.982, "scaled_x": 0.64004443717433501, "scaled_y": 0.48006717227169898, "post_mean": 3.1518996511221902, "post_sd": 0.103805211175214, "post_q10": 3.0187146906299498, "post_q50": 3.15305604911774, "post_q90": 3.2842220978276599, "post_prob_exceed": 0.0028666666666666701, "post_exc_mean": 9.2561272124375493e-05, "prosp_score_happy": 0.0090354456665502798, "prosp_score_sad": 3.0187146906299498, "domain_class": "Background" }, "geometry": { "type": "Point", "coordinates": [ -151.560134604170656, 62.043185441406429 ] } },
{ "type": "Feature", "properties": { "field_1": 862, "x": 128510.506, "y": 1307658.928, "scaled_x": 0.640413714230463, "scaled_y": 0.46155806196205901, "post_mean": 3.1085812099211698, "post_sd": 0.099636745557835693, "post_q10": 2.9808511456875801, "post_q50": 3.10969629276503, "post_q90": 3.2350327987146001, "post_prob_exceed": 0.0006, "post_exc_mean": 1.39559842742118e-05, "prosp_score_happy": 0.0018651487259526999, "prosp_score_sad": 2.9808511456875801, "domain_class": "Background" }, "geometry": { "type": "Point", "coordinates": [ -151.560134602568127, 61.725689402655227 ] } },
{ "type": "Feature", "properties": { "field_1": 863, "x": 129828.3227, "y": 1271805.221, "scaled_x": 0.64078686972698395, "scaled_y": 0.442854552819617, "post_mean": 3.07845877387633, "post_sd": 0.092326982717238298, "post_q10": 2.96042578698099, "post_q50": 3.0791351064427901, "post_q90": 3.1952921364211502, "post_prob_exceed": 3.3333333333333301e-05, "post_exc_mean": 1.17245752614645e-06, "prosp_score_happy": 0.000102615292462544, "prosp_score_sad": 2.96042578698099, "domain_class": "Background" }, "geometry": { "type": "Point", "coordinates": [ -151.560134602943293, 61.404888324577335 ] } },
{ "type": "Feature", "properties": { "field_1": 864, "x": 131159.8924, "y": 1235577.338, "scaled_x": 0.64116391954928198, "scaled_y": 0.42395585035345801, "post_mean": 3.06413172165438, "post_sd": 0.082414503726238, "post_q10": 2.9584340044405399, "post_q50": 3.0647769028453502, "post_q90": 3.1685070151620001, "post_prob_exceed": 0.0, "post_exc_mean": 0.0, "prosp_score_happy": 0.0, "prosp_score_sad": 2.9584340044405399, "domain_class": "Background" }, "geometry": { "type": "Point", "coordinates": [ -151.560134602977399, 61.080757967706241 ] } },
{ "type": "Feature", "properties": { "field_1": 865, "x": 135237.6475, "y": 1124634.265, "scaled_x": 0.64231858448032497, "scaled_y": 0.366081087776016, "post_mean": 3.1323251984841201, "post_sd": 0.084808487929061302, "post_q10": 3.0231800061220899, "post_q50": 3.13253791722618, "post_q90": 3.2405854360696802, "post_prob_exceed": 0.0002, "post_exc_mean": 4.0949432582811603e-06, "prosp_score_happy": 0.00062646503969682502, "prosp_score_sad": 3.0231800061220899, "domain_class": "Background" }, "geometry": { "type": "Point", "coordinates": [ -151.560134602961256, 60.088151490081358 ] } },
{ "type": "Feature", "properties": { "field_1": 866, "x": 136624.746, "y": 1086895.614, "scaled_x": 0.64271135794380596, "scaled_y": 0.34639427536350997, "post_mean": 3.19458326160064, "post_sd": 0.115656948973312, "post_q10": 3.0467506498624899, "post_q50": 3.1947969765142199, "post_q90": 3.3429025453985801, "post_prob_exceed": 0.018766666666666699, "post_exc_mean": 0.00085566529761075204, "prosp_score_happy": 0.059951679209372, "prosp_score_sad": 3.0467506498624899, "domain_class": "Background" }, "geometry": { "type": "Point", "coordinates": [ -151.560134603991457, 59.750465267953011 ] } },
{ "type": "Feature", "properties": { "field_1": 867, "x": 138025.8445, "y": 1048776.069, "scaled_x": 0.64310809567405502, "scaled_y": 0.32650876510335097, "post_mean": 3.2766902746440301, "post_sd": 0.15879461669243999, "post_q10": 3.0733028297568499, "post_q50": 3.2771653036777999, "post_q90": 3.4787726761665501, "post_prob_exceed": 0.15973333333333301, "post_exc_mean": 0.013463768520178001, "prosp_score_happy": 0.52339665986980599, "prosp_score_sad": 3.0733028297568499, "domain_class": "Background" }, "geometry": { "type": "Point", "coordinates": [ -151.56013460331792, 59.409331439494146 ] } },
{ "type": "Feature", "properties": { "field_1": 868, "x": 118913.6547, "y": 2269540.912, "scaled_x": 0.63769625146656495, "scaled_y": 0.96333514408343601, "post_mean": 2.5203792066334998, "post_sd": 0.15842415392338699, "post_q10": 2.3181979101651802, "post_q50": 2.5208017837351901, "post_q90": 2.7231187548559199, "post_prob_exceed": 0.0, "post_exc_mean": 0.0, "prosp_score_happy": 0.0, "prosp_score_sad": 2.3181979101651802, "domain_class": "Background" }, "geometry": { "type": "Point", "coordinates": [ -150.886398140904191, 70.382568853763871 ] } },
{ "type": "Feature", "properties": { "field_1": 869, "x": 120081.2971, "y": 2244654.128, "scaled_x": 0.63802688332115498, "scaled_y": 0.95035265967617499, "post_mean": 2.66676205693572, "post_sd": 0.13299429859888601, "post_q10": 2.4970426981748099, "post_q50": 2.6670546449843999, "post_q90": 2.8372177102799299, "post_prob_exceed": 0.0, "post_exc_mean": 0.0, "prosp_score_happy": 0.0, "prosp_score_sad": 2.4970426981748099, "domain_class": "Background" }, "geometry": { "type": "Point", "coordinates": [ -150.886398140381687, 70.155113032783149 ] } },
{ "type": "Feature", "properties": { "field_1": 870, "x": 121263.3937, "y": 2219459.271, "scaled_x": 0.63836160805465503, "scaled_y": 0.93720946535481697, "post_mean": 2.8008744174281799, "post_sd": 0.116070766671675, "post_q10": 2.65212689304653, "post_q50": 2.8006266050947901, "post_q90": 2.9493792655128699, "post_prob_exceed": 0.0, "post_exc_mean": 0.0, "prosp_score_happy": 0.0, "prosp_score_sad": 2.65212689304653, "domain_class": "Background" }, "geometry": { "type": "Point", "coordinates": [ -150.886398140423211, 69.925127468921261 ] } },
{ "type": "Feature", "properties": { "field_1": 871, "x": 122460.0551, "y": 2193953.984, "scaled_x": 0.63870045698477196, "scaled_y": 0.92390433156251195, "post_mean": 2.9222186215789798, "post_sd": 0.106194300423059, "post_q10": 2.7857745508085698, "post_q50": 2.92185640814915, "post_q90": 3.05733168216815, "post_prob_exceed": 0.0, "post_exc_mean": 0.0, "prosp_score_happy": 0.0, "prosp_score_sad": 2.7857745508085698, "domain_class": "Background" }, "geometry": { "type": "Point", "coordinates": [ -150.886398140660219, 69.6925877476952 ] } },
{ "type": "Feature", "properties": { "field_1": 872, "x": 123671.3914, "y": 2168135.922, "scaled_x": 0.63904346128763201, "scaled_y": 0.91043603500235004, "post_mean": 3.0305290077739802, "post_sd": 0.10108375538016599, "post_q10": 2.90105152824718, "post_q50": 3.0300882145325501, "post_q90": 3.1592240673236298, "post_prob_exceed": 3.3333333333333301e-05, "post_exc_mean": 1.61378601228047e-06, "prosp_score_happy": 0.00010101763359246599, "prosp_score_sad": 2.90105152824718, "domain_class": "Background" }, "geometry": { "type": "Point", "coordinates": [ -150.886398139154011, 69.457469400342461 ] } },
{ "type": "Feature", "properties": { "field_1": 873, "x": 124897.5123, "y": 2142002.743, "scaled_x": 0.63939065202609702, "scaled_y": 0.89680335394240895, "post_mean": 3.1258031776793498, "post_sd": 0.098418067745813201, "post_q10": 3.0000550953887499, "post_q50": 3.12581263213684, "post_q90": 3.25165475308467, "post_prob_exceed": 0.00116666666666667, "post_exc_mean": 3.08296981274063e-05, "prosp_score_happy": 0.00364677037395924, "prosp_score_sad": 3.0000550953887499, "domain_class": "Background" }, "geometry": { "type": "Point", "coordinates": [ -150.886398140495146, 69.219747818138217 ] } },
{ "type": "Feature", "properties": { "field_1": 874, "x": 126138.5273, "y": 2115552.116, "scaled_x": 0.63974206020639701, "scaled_y": 0.88300507238904402, "post_mean": 3.2083251626151101, "post_sd": 0.096513385906703303, "post_q10": 3.08370172381326, "post_q50": 3.20832843960609, "post_q90": 3.3316047622020299, "post_prob_exceed": 0.0101333333333333, "post_exc_mean": 0.00035327451763221399, "prosp_score_happy": 0.032511028314499799, "prosp_score_sad": 3.08370172381326, "domain_class": "Background" }, "geometry": { "type": "Point", "coordinates": [ -150.886398141303602, 68.979398321197309 ] } },
{ "type": "Feature", "properties": { "field_1": 875, "x": 127394.5454, "y": 2088781.72, "scaled_x": 0.64009771669317905, "scaled_y": 0.86903997956523105, "post_mean": 3.2786768684443102, "post_sd": 0.094499837108602699, "post_q10": 3.1574164876173798, "post_q50": 3.27857174313678, "post_q90": 3.3994208052216299, "post_prob_exceed": 0.050266666666666703, "post_exc_mean": 0.0019848444518776901, "prosp_score_happy": 0.16480815725380099, "prosp_score_sad": 3.1574164876173798, "domain_class": "Background" }, "geometry": { "type": "Point", "coordinates": [ -150.886398139082814, 68.736396145465378 ] } },
{ "type": "Feature", "properties": { "field_1": 876, "x": 128665.6749, "y": 2061689.241, "scaled_x": 0.64045765215287997, "scaled_y": 0.85490686834557506, "post_mean": 3.33773376541407, "post_sd": 0.092167465540990895, "post_q10": 3.22024274791635, "post_q50": 3.3372817744372298, "post_q90": 3.4560725772364398, "post_prob_exceed": 0.1482, "post_exc_mean": 0.0070352701540935996, "prosp_score_happy": 0.49465214403436403, "prosp_score_sad": 3.22024274791635, "domain_class": "Background" }, "geometry": { "type": "Point", "coordinates": [ -150.886398140413775, 68.490716411567561 ] } },
{ "type": "Feature", "properties": { "field_1": 877, "x": 129952.0238, "y": 2034272.381, "scaled_x": 0.64082189716698501, "scaled_y": 0.84060453995127404, "post_mean": 3.3866409231554302, "post_sd": 0.089721249548561699, "post_q10": 3.27217542222178, "post_q50": 3.38575724397045, "post_q90": 3.5019422681145702, "post_prob_exceed": 0.2996, "post_exc_mean": 0.017004821397652099, "prosp_score_happy": 1.0146376205773699, "prosp_score_sad": 3.27217542222178, "domain_class": "Background" }, "geometry": { "type": "Point", "coordinates": [ -150.886398140836462, 68.242334201898856 ] } },
{ "type": "Feature", "properties": { "field_1": 878, "x": 131253.6994, "y": 2006528.853, "scaled_x": 0.64119048211876695, "scaled_y": 0.82613180134180098, "post_mean": 3.4267662036322601, "post_sd": 0.087543970051591397, "post_q10": 3.3151713250339498, "post_q50": 3.4260900646660302, "post_q90": 3.53900022479236, "post_prob_exceed": 0.4657, "post_exc_mean": 0.031460935849813298, "prosp_score_happy": 1.59584502103154, "prosp_score_sad": 3.3151713250339498, "domain_class": "tier 3" }, "geometry": { "type": "Point", "coordinates": [ -150.886398140421448, 67.991224511132842 ] } },
{ "type": "Feature", "properties": { "field_1": 879, "x": 132570.8084, "y": 1978456.382, "scaled_x": 0.64156343722160303, "scaled_y": 0.81148746573657504, "post_mean": 3.45962863369353, "post_sd": 0.085992345560092595, "post_q10": 3.3502148336613899, "post_q50": 3.4592010088877401, "post_q90": 3.57028297938137, "post_prob_exceed": 0.61543333333333305, "post_exc_mean": 0.048615573905275697, "prosp_score_happy": 2.1291707821294499, "prosp_score_sad": 3.3502148336613899, "domain_class": "tier 2" }, "geometry": { "type": "Point", "coordinates": [ -150.886398140104347, 67.737362250807678 ] } },
{ "type": "Feature", "properties": { "field_1": 880, "x": 133903.4567, "y": 1950052.71, "scaled_x": 0.64194079246234004, "scaled_y": 0.79667035522326202, "post_mean": 3.4868021996122001, "post_sd": 0.085252695848673704, "post_q10": 3.3788397441953402, "post_q50": 3.48660530774844, "post_q90": 3.5967642479918398, "post_prob_exceed": 0.73023333333333296, "post_exc_mean": 0.066665286011501498, "prosp_score_happy": 2.5461791928968198, "prosp_score_sad": 3.3788397441953402, "domain_class": "tier 2" }, "geometry": { "type": "Point", "coordinates": [ -150.886398140839646, 67.480722289946641 ] } },
{ "type": "Feature", "properties": { "field_1": 881, "x": 135251.7496, "y": 1921315.596, "scaled_x": 0.642322577657926, "scaled_y": 0.78167930075778103, "post_mean": 3.50979835543792, "post_sd": 0.0852920750702897, "post_q10": 3.4017364231675602, "post_q50": 3.5098989871006001, "post_q90": 3.6191917287367801, "post_prob_exceed": 0.8135, "post_exc_mean": 0.084461666238763403, "prosp_score_happy": 2.8552209621487501, "prosp_score_sad": 3.4017364231675602, "domain_class": "tier 1" }, "geometry": { "type": "Point", "coordinates": [ -150.886398139001358, 67.221279450177818 ] } },
{ "type": "Feature", "properties": { "field_1": 882, "x": 136615.7913, "y": 1892242.815, "scaled_x": 0.64270882231383197, "scaled_y": 0.76651314164263695, "post_mean": 3.5299343756143799, "post_sd": 0.085913290178111001, "post_q10": 3.4212118746848201, "post_q50": 3.53014555346385, "post_q90": 3.6394552834660501, "post_prob_exceed": 0.87036666666666695, "post_exc_mean": 0.101603149586694, "prosp_score_happy": 3.07233721605557, "prosp_score_sad": 3.4212118746848201, "domain_class": "tier 1" }, "geometry": { "type": "Point", "coordinates": [ -150.886398139056865, 66.959008492072556 ] } },
{ "type": "Feature", "properties": { "field_1": 883, "x": 137995.6853, "y": 1862832.161, "scaled_x": 0.64309955573731703, "scaled_y": 0.75117072709191302, "post_mean": 3.5481990249358901, "post_sd": 0.086869867873890602, "post_q10": 3.4372541487574901, "post_q50": 3.5488017789069102, "post_q90": 3.6592451256385399, "post_prob_exceed": 0.90753333333333297, "post_exc_mean": 0.118028743198828, "prosp_score_happy": 3.2201088884301501, "prosp_score_sad": 3.4372541487574901, "domain_class": "tier 1" }, "geometry": { "type": "Point", "coordinates": [ -150.886398140983459, 66.693884137024881 ] } },
{ "type": "Feature", "properties": { "field_1": 884, "x": 139391.5342, "y": 1833081.451, "scaled_x": 0.64349480698079298, "scaled_y": 0.73565091831790896, "post_mean": 3.5651311767799601, "post_sd": 0.087971232317077305, "post_q10": 3.4524718688134501, "post_q50": 3.5660058741529199, "post_q90": 3.67764579510342, "post_prob_exceed": 0.93276666666666697, "post_exc_mean": 0.133775937532262, "prosp_score_happy": 3.3254355239944502, "prosp_score_sad": 3.4524718688134501, "domain_class": "tier 1" }, "geometry": { "type": "Point", "coordinates": [ -150.886398140762907, 66.425881098162634 ] } },
{ "type": "Feature", "properties": { "field_1": 885, "x": 140803.4395, "y": 1802988.52, "scaled_x": 0.643894604785194, "scaled_y": 0.71995258592284095, "post_mean": 3.5807300322912998, "post_sd": 0.089128319128832595, "post_q10": 3.4659505613089299, "post_q50": 3.58149786269531, "post_q90": 3.6949171660636599, "post_prob_exceed": 0.95036666666666703, "post_exc_mean": 0.14861218752487501, "prosp_score_happy": 3.4030064650219098, "prosp_score_sad": 3.4659505613089299, "domain_class": "tier 1" }, "geometry": { "type": "Point", "coordinates": [ -150.886398140177874, 66.154974030212571 ] } },
{ "type": "Feature", "properties": { "field_1": 886, "x": 142231.5015, "y": 1772551.228, "scaled_x": 0.64429897755165899, "scaled_y": 0.70407461355046697, "post_mean": 3.5944162745727501, "post_sd": 0.090329880079412395, "post_q10": 3.4783136969550101, "post_q50": 3.5946676157535, "post_q90": 3.7094141781399701, "post_prob_exceed": 0.96163333333333301, "post_exc_mean": 0.16183771186861701, "prosp_score_happy": 3.4565105035049801, "prosp_score_sad": 3.4783136969550101, "domain_class": "tier 1" }, "geometry": { "type": "Point", "coordinates": [ -150.88639814153214, 65.881137587100952 ] } },
{ "type": "Feature", "properties": { "field_1": 887, "x": 143675.8196, "y": 1741767.461, "scaled_x": 0.64470795342648302, "scaled_y": 0.68801589840775301, "post_mean": 3.60506075221867, "post_sd": 0.091574777223561096, "post_q10": 3.4871689087142901, "post_q50": 3.6047700171845398, "post_q90": 3.7213471673835699, "post_prob_exceed": 0.96843333333333304, "post_exc_mean": 0.17222310853629999, "prosp_score_happy": 3.4912610011403, "prosp_score_sad": 3.4871689087142901, "domain_class": "tier 1" }, "geometry": { "type": "Point", "coordinates": [ -150.886398140115233, 65.604346425245581 ] } },
{ "type": "Feature", "properties": { "field_1": 888, "x": 145136.4916, "y": 1710635.131, "scaled_x": 0.645121560102901, "scaled_y": 0.67177535126487198, "post_mean": 3.6110903564605499, "post_sd": 0.092806606887339396, "post_q10": 3.49280386558668, "post_q50": 3.6107685262398901, "post_q90": 3.72979757512732, "post_prob_exceed": 0.97046666666666703, "post_exc_mean": 0.178154972180782, "prosp_score_happy": 3.50444282126641, "prosp_score_sad": 3.49280386558668, "domain_class": "tier 1" }, "geometry": { "type": "Point", "coordinates": [ -150.886398139547907, 65.324575198193642 ] } },
{ "type": "Feature", "properties": { "field_1": 889, "x": 146613.6143, "y": 1679152.175, "scaled_x": 0.64553982499098606, "scaled_y": 0.65535189593354104, "post_mean": 3.61066990587861, "post_sd": 0.093896595977038699, "post_q10": 3.4913044100508399, "post_q50": 3.6101358159624701, "post_q90": 3.7306688670848298, "post_prob_exceed": 0.96956666666666702, "post_exc_mean": 0.17781284442818701, "prosp_score_happy": 3.5007851850763698, "prosp_score_sad": 3.4913044100508399, "domain_class": "tier 1" }, "geometry": { "type": "Point", "coordinates": [ -150.886398139639283, 65.041798541665315 ] } },
{ "type": "Feature", "properties": { "field_1": 890, "x": 148107.2829, "y": 1647316.565, "scaled_x": 0.64596277504775101, "scaled_y": 0.63874447448364102, "post_mean": 3.6019455230998498, "post_sd": 0.094694560109449794, "post_q10": 3.4816283501814702, "post_q50": 3.6015965666922298, "post_q90": 3.72279837272366, "post_prob_exceed": 0.96146666666666702, "post_exc_mean": 0.169426097126262, "prosp_score_happy": 3.46315055560973, "prosp_score_sad": 3.4816283501814702, "domain_class": "tier 1" }, "geometry": { "type": "Point", "coordinates": [ -150.886398139321074, 64.755991157548252 ] } },
{ "type": "Feature", "properties": { "field_1": 891, "x": 149617.5912, "y": 1615126.299, "scaled_x": 0.64639043683378405, "scaled_y": 0.62195204254825898, "post_mean": 3.5833218580670101, "post_sd": 0.095127966100403805, "post_q10": 3.4620245963094698, "post_q50": 3.5831709386061701, "post_q90": 3.7049129947686401, "post_prob_exceed": 0.94276666666666697, "post_exc_mean": 0.15167622573678799, "prosp_score_happy": 3.3782364037236499, "prosp_score_sad": 3.4620245963094698, "domain_class": "tier 1" }, "geometry": { "type": "Point", "coordinates": [ -150.886398141310764, 64.467127727130219 ] } },
{ "type": "Feature", "properties": { "field_1": 892, "x": 151144.6316, "y": 1582579.413, "scaled_x": 0.64682283651324701, "scaled_y": 0.60497357558362796, "post_mean": 3.5537359330560201, "post_sd": 0.095297543429936696, "post_q10": 3.43188663547516, "post_q50": 3.5533138181817199, "post_q90": 3.6751803731007402, "post_prob_exceed": 0.89593333333333303, "post_exc_mean": 0.124415598201937, "prosp_score_happy": 3.1839104802893199, "prosp_score_sad": 3.43188663547516, "domain_class": "tier 1" }, "geometry": { "type": "Point", "coordinates": [ -150.886398140340191, 64.175183012457921 ] } },
{ "type": "Feature", "properties": { "field_1": 893, "x": 152688.4945, "y": 1549673.976, "scaled_x": 0.64725999968397496, "scaled_y": 0.58780806626082505, "post_mean": 3.5128873480604601, "post_sd": 0.095505895748021305, "post_q10": 3.3905718526936401, "post_q50": 3.5126701103860398, "post_q90": 3.6351244274796999, "post_prob_exceed": 0.7917, "post_exc_mean": 0.089852407136360696, "prosp_score_happy": 2.7811529134594699, "prosp_score_sad": 3.3905718526936401, "domain_class": "tier 2" }, "geometry": { "type": "Point", "coordinates": [ -150.886398140550227, 63.880131805529764 ] } },
{ "type": "Feature", "properties": { "field_1": 894, "x": 154249.2689, "y": 1516408.093, "scaled_x": 0.64770195154737897, "scaled_y": 0.57045452603074698, "post_mean": 3.4613896684023202, "post_sd": 0.096166659818452002, "post_q10": 3.3380116355907701, "post_q50": 3.4618265914871, "post_q90": 3.5846679105249399, "post_prob_exceed": 0.612933333333333, "post_exc_mean": 0.053753124820834997, "prosp_score_happy": 2.1216011074194001, "prosp_score_sad": 3.3380116355907701, "domain_class": "tier 2" }, "geometry": { "type": "Point", "coordinates": [ -150.886398140090051, 63.581948948540166 ] } },
{ "type": "Feature", "properties": { "field_1": 895, "x": 155827.0417, "y": 1482779.91, "scaled_x": 0.648148716710229, "scaled_y": 0.552911987732427, "post_mean": 3.4008202951253401, "post_sd": 0.097589635294103499, "post_q10": 3.2754493114799099, "post_q50": 3.4014834871081199, "post_q90": 3.5258633469983498, "post_prob_exceed": 0.3688, "post_exc_mean": 0.024595667952841401, "prosp_score_happy": 1.2542225248422301, "prosp_score_sad": 3.2754493114799099, "domain_class": "Background" }, "geometry": { "type": "Point", "coordinates": [ -150.886398140701573, 63.280609372404811 ] } },
{ "type": "Feature", "properties": { "field_1": 896, "x": 157421.8981, "y": 1448787.613, "scaled_x": 0.64860031929791995, "scaled_y": 0.53517950507137002, "post_mean": 3.3336631356077402, "post_sd": 0.099726462867899796, "post_q10": 3.20557634258292, "post_q50": 3.3339118962569598, "post_q90": 3.4609608271427899, "post_prob_exceed": 0.15683333333333299, "post_exc_mean": 0.0081376941378154405, "prosp_score_happy": 0.52282950176781395, "prosp_score_sad": 3.20557634258292, "domain_class": "Background" }, "geometry": { "type": "Point", "coordinates": [ -150.886398140566143, 62.976088081033907 ] } },
{ "type": "Feature", "properties": { "field_1": 897, "x": 159033.9212, "y": 1414429.431, "scaled_x": 0.64905678284120605, "scaled_y": 0.51725615418453696, "post_mean": 3.2631558893742501, "post_sd": 0.102026969599003, "post_q10": 3.1314660658246001, "post_q50": 3.2632617335071501, "post_q90": 3.3929999010104499, "post_prob_exceed": 0.047033333333333302, "post_exc_mean": 0.0019481501046898599, "prosp_score_happy": 0.15347709866356901, "prosp_score_sad": 3.1314660658246001, "domain_class": "Background" }, "geometry": { "type": "Point", "coordinates": [ -150.886398139551545, 62.668360171617032 ] } },
{ "type": "Feature", "properties": { "field_1": 898, "x": 160663.1918, "y": 1379703.639, "scaled_x": 0.64951813021957105, "scaled_y": 0.49914103520533198, "post_mean": 3.1930676504674702, "post_sd": 0.10350312783045, "post_q10": 3.0603053886919498, "post_q50": 3.1938869618119501, "post_q90": 3.3255535863944399, "post_prob_exceed": 0.00976666666666667, "post_exc_mean": 0.000334890968811686, "prosp_score_happy": 0.0311856273862323, "prosp_score_sad": 3.0603053886919498, "domain_class": "Background" }, "geometry": { "type": "Point", "coordinates": [ -150.886398140274622, 62.357400854701602 ] } },
{ "type": "Feature", "properties": { "field_1": 899, "x": 162309.7888, "y": 1344608.558, "scaled_x": 0.64998438377448997, "scaled_y": 0.48083327226360101, "post_mean": 3.12744022392822, "post_sd": 0.102968578124327, "post_q10": 2.9954429607999402, "post_q50": 3.1289421541793301, "post_q90": 3.2585147528172, "post_prob_exceed": 0.0014666666666666699, "post_exc_mean": 3.7386193715099203e-05, "prosp_score_happy": 0.0045869123284280602, "prosp_score_sad": 2.9954429607999402, "domain_class": "Background" }, "geometry": { "type": "Point", "coordinates": [ -150.886398140300088, 62.043185447111497 ] } },
{ "type": "Feature", "properties": { "field_1": 900, "x": 163973.7886, "y": 1309142.559, "scaled_x": 0.65045556513953096, "scaled_y": 0.46233201557228198, "post_mean": 3.07032741748493, "post_sd": 0.099375199075759701, "post_q10": 2.9424659459554001, "post_q50": 3.0713387792653299, "post_q90": 3.1967202746279999, "post_prob_exceed": 0.0001, "post_exc_mean": 2.4445603488375199e-06, "prosp_score_happy": 0.00030703274174849297, "prosp_score_sad": 2.9424659459554001, "domain_class": "Background" }, "geometry": { "type": "Point", "coordinates": [ -150.886398140212037, 61.725689400930399 ] } },
{ "type": "Feature", "properties": { "field_1": 901, "x": 165655.2651, "y": 1273304.066, "scaled_x": 0.65093169524036099, "scaled_y": 0.44363644299238503, "post_mean": 3.0255616733250399, "post_sd": 0.092267356150170399, "post_q10": 2.9070675075315702, "post_q50": 3.0262381269712302, "post_q90": 3.1428476132716399, "post_prob_exceed": 0.0, "post_exc_mean": 0.0, "prosp_score_happy": 0.0, "prosp_score_sad": 2.9070675075315702, "domain_class": "Background" }, "geometry": { "type": "Point", "coordinates": [ -150.886398140821683, 61.404888323197255 ] } },
{ "type": "Feature", "properties": { "field_1": 902, "x": 169070.9316, "y": 1200503.562, "scaled_x": 0.65189888189747303, "scaled_y": 0.40565920141626499, "post_mean": 2.9862441165818998, "post_sd": 0.074566534773469598, "post_q10": 2.8906426986148501, "post_q50": 2.9867590723706599, "post_q90": 3.0815623452151502, "post_prob_exceed": 0.0, "post_exc_mean": 0.0, "prosp_score_happy": 0.0, "prosp_score_sad": 2.8906426986148501, "domain_class": "Background" }, "geometry": { "type": "Point", "coordinates": [ -150.886398140336496, 60.753274259500422 ] } },
{ "type": "Feature", "properties": { "field_1": 903, "x": 170805.2563, "y": 1163538.679, "scaled_x": 0.652389976595664, "scaled_y": 0.38637603420736699, "post_mean": 2.99688761361221, "post_sd": 0.077296504993991696, "post_q10": 2.8971209720776998, "post_q50": 2.9976025716311399, "post_q90": 3.0953237540027798, "post_prob_exceed": 0.0, "post_exc_mean": 0.0, "prosp_score_happy": 0.0, "prosp_score_sad": 2.8971209720776998, "domain_class": "Background" }, "geometry": { "type": "Point", "coordinates": [ -150.886398140167529, 60.422413331586519 ] } },
{ "type": "Feature", "properties": { "field_1": 904, "x": 172557.3272, "y": 1126195.559, "scaled_x": 0.65288609634177897, "scaled_y": 0.36689555520620498, "post_mean": 3.03020295121748, "post_sd": 0.099046581269170805, "post_q10": 2.9017815085060201, "post_q50": 3.0305980060591202, "post_q90": 3.1572485203495, "post_prob_exceed": 3.3333333333333301e-05, "post_exc_mean": 1.7423320232074299e-07, "prosp_score_happy": 0.000101006765040583, "prosp_score_sad": 2.9017815085060201, "domain_class": "Background" }, "geometry": { "type": "Point", "coordinates": [ -150.886398139788213, 60.088151482378962 ] } },
{ "type": "Feature", "properties": { "field_1": 905, "x": 174327.2043, "y": 1088472.922, "scaled_x": 0.653387258125532, "scaled_y": 0.34721709668568002, "post_mean": 3.0873428843853898, "post_sd": 0.13862176017275399, "post_q10": 2.90962811816203, "post_q50": 3.08684503648696, "post_q90": 3.2649190165530002, "post_prob_exceed": 0.0068333333333333302, "post_exc_mean": 0.00034233446709615198, "prosp_score_happy": 0.021096843043300201, "prosp_score_sad": 2.90962811816203, "domain_class": "Background" }, "geometry": { "type": "Point", "coordinates": [ -150.886398140190465, 59.750465261950765 ] } },
{ "type": "Feature", "properties": { "field_1": 906, "x": 176114.9447, "y": 1050369.553, "scaled_x": 0.65389347811547005, "scaled_y": 0.32734002482671298, "post_mean": 3.16899487235042, "post_sd": 0.19145029487072601, "post_q10": 2.9242754676018001, "post_q50": 3.1684482450470299, "post_q90": 3.4130904465723999, "post_prob_exceed": 0.082733333333333298, "post_exc_mean": 0.0074484102328736396, "prosp_score_happy": 0.26218150910579102, "prosp_score_sad": 2.9242754676018001, "domain_class": "Background" }, "geometry": { "type": "Point", "coordinates": [ -150.886398139683735, 59.409331438546779 ] } },
{ "type": "Feature", "properties": { "field_1": 907, "x": 144619.3593, "y": 2270877.687, "scaled_x": 0.64497512793204304, "scaled_y": 0.96403248852912704, "post_mean": 2.5461433843929302, "post_sd": 0.15496002647541501, "post_q10": 2.3486347827015002, "post_q50": 2.5457213472015798, "post_q90": 2.74378570899162, "post_prob_exceed": 0.0, "post_exc_mean": 0.0, "prosp_score_happy": 0.0, "prosp_score_sad": 2.3486347827015002, "domain_class": "Background" }, "geometry": { "type": "Point", "coordinates": [ -150.212661675983838, 70.382568850371726 ] } },
{ "type": "Feature", "properties": { "field_1": 908, "x": 146039.4122, "y": 2246004.03, "scaled_x": 0.645377232826439, "scaled_y": 0.95105685197624601, "post_mean": 2.6995851809228002, "post_sd": 0.12710854133513799, "post_q10": 2.5376282374987902, "post_q50": 2.6996424205676699, "post_q90": 2.86149127149028, "post_prob_exceed": 0.0, "post_exc_mean": 0.0, "prosp_score_happy": 0.0, "prosp_score_sad": 2.5376282374987902, "domain_class": "Background" }, "geometry": { "type": "Point", "coordinates": [ -150.212661677440622, 70.155113037423547 ] } },
{ "type": "Feature", "properties": { "field_1": 909, "x": 147477.0441, "y": 2220822.461, "scaled_x": 0.64578431542408599, "scaled_y": 0.937920589496817, "post_mean": 2.8398243690727498, "post_sd": 0.108090011904421, "post_q10": 2.70191331757874, "post_q50": 2.8400665899312401, "post_q90": 2.9774957610591501, "post_prob_exceed": 0.0, "post_exc_mean": 0.0, "prosp_score_happy": 0.0, "prosp_score_sad": 2.70191331757874, "domain_class": "Background" }, "geometry": { "type": "Point", "coordinates": [ -150.21266167611779, 69.925127467926984 ] } },
{ "type": "Feature", "properties": { "field_1": 910, "x": 148932.3891, "y": 2195330.627, "scaled_x": 0.64619641369699798, "scaled_y": 0.92462247362063599, "post_mean": 2.9662494339283598, "post_sd": 0.096796369577812097, "post_q10": 2.8422093310844598, "post_q50": 2.96639410049404, "post_q90": 3.08989549187377, "post_prob_exceed": 0.0, "post_exc_mean": 0.0, "prosp_score_happy": 0.0, "prosp_score_sad": 2.8422093310844598, "domain_class": "Background" }, "geometry": { "type": "Point", "coordinates": [ -150.212661678040917, 69.692587752709926 ] } },
{ "type": "Feature", "properties": { "field_1": 911, "x": 150405.5814, "y": 2169526.182, "scaled_x": 0.64661356564550398, "scaled_y": 0.91116128052913403, "post_mean": 3.0784946500552102, "post_sd": 0.091050617511770002, "post_q10": 2.96185345089427, "post_q50": 3.0781529716458098, "post_q90": 3.1944044679461401, "post_prob_exceed": 6.6666666666666697e-05, "post_exc_mean": 1.96248198622648e-06, "prosp_score_happy": 0.00020523297667034699, "prosp_score_sad": 2.96185345089427, "domain_class": "Background" }, "geometry": { "type": "Point", "coordinates": [ -150.212661676447539, 69.457469402494652 ] } },
{ "type": "Feature", "properties": { "field_1": 912, "x": 151896.7543, "y": 2143406.786, "scaled_x": 0.64703580901508495, "scaled_y": 0.89753578953371005, "post_mean": 3.17647728075994, "post_sd": 0.088340880473489897, "post_q10": 3.0628279010747401, "post_q50": 3.1764873641825999, "post_q90": 3.2887436795677401, "post_prob_exceed": 0.0023, "post_exc_mean": 6.4058034256092797e-05, "prosp_score_happy": 0.0073058977457478597, "prosp_score_sad": 3.0628279010747401, "domain_class": "Background" }, "geometry": { "type": "Point", "coordinates": [ -150.212661678707661, 69.219747815616486 ] } },
{ "type": "Feature", "properties": { "field_1": 913, "x": 153406.041, "y": 2116970.111, "scaled_x": 0.64746318152290905, "scaled_y": 0.88374478620570596, "post_mean": 3.2604271840363799, "post_sd": 0.086710324227827998, "post_q10": 3.14889032747331, "post_q50": 3.2602127365114999, "post_q90": 3.37089335239357, "post_prob_exceed": 0.022033333333333301, "post_exc_mean": 0.00077978261123107598, "prosp_score_happy": 0.071838078954935006, "prosp_score_sad": 3.14889032747331, "domain_class": "Background" }, "geometry": { "type": "Point", "coordinates": [ -150.212661677490303, 68.979398328189646 ] } },
{ "type": "Feature", "properties": { "field_1": 914, "x": 154933.574, "y": 2090213.833, "scaled_x": 0.64789572068793, "scaled_y": 0.86978705820311097, "post_mean": 3.33090488716334, "post_sd": 0.085093862595119002, "post_q10": 3.2219872840922799, "post_q50": 3.33093901312394, "post_q90": 3.43966133150965, "post_prob_exceed": 0.1123, "post_exc_mean": 0.0046481338794830502, "prosp_score_happy": 0.37406061882844299, "prosp_score_sad": 3.2219872840922799, "domain_class": "Background" }, "geometry": { "type": "Point", "coordinates": [ -150.212661677254999, 68.736396137907093 ] } },
{ "type": "Feature", "properties": { "field_1": 915, "x": 156479.4851, "y": 2063135.645, "scaled_x": 0.64833346383088597, "scaled_y": 0.85566140205216401, "post_mean": 3.3888036787777098, "post_sd": 0.083183645015400806, "post_q10": 3.28191022372468, "post_q50": 3.3889891732257298, "post_q90": 3.4955280681640599, "post_prob_exceed": 0.29376666666666701, "post_exc_mean": 0.0153576855274066, "prosp_score_happy": 0.99551756070226505, "prosp_score_sad": 3.28191022372468, "domain_class": "Background" }, "geometry": { "type": "Point", "coordinates": [ -150.212661675753623, 68.490716417716328 ] } },
{ "type": "Feature", "properties": { "field_1": 916, "x": 158043.9055, "y": 2035733.245, "scaled_x": 0.64877644810262103, "scaled_y": 0.84136661688741499, "post_mean": 3.43533151273021, "post_sd": 0.081147907076802694, "post_q10": 3.3311177498592999, "post_q50": 3.4354230068796499, "post_q90": 3.5394073547398199, "post_prob_exceed": 0.50693333333333301, "post_exc_mean": 0.033018622537445599, "prosp_score_happy": 1.7414840548533701, "prosp_score_sad": 3.3311177498592999, "domain_class": "tier 3" }, "geometry": { "type": "Point", "coordinates": [ -150.212661678347843, 68.242334202901418 ] } },
{ "type": "Feature", "properties": { "field_1": 917, "x": 159626.9659, "y": 2008004.349, "scaled_x": 0.64922471051239705, "scaled_y": 0.826901511233324, "post_mean": 3.4719687689892398, "post_sd": 0.079355303632914501, "post_q10": 3.3705170228005401, "post_q50": 3.4720587140571402, "post_q90": 3.5738478325153999, "post_prob_exceed": 0.68453333333333299, "post_exc_mean": 0.054179667929215899, "prosp_score_happy": 2.3766783546654402, "prosp_score_sad": 3.3705170228005401, "domain_class": "tier 2" }, "geometry": { "type": "Point", "coordinates": [ -150.212661677695962, 67.991224504267777 ] } },
{ "type": "Feature", "properties": { "field_1": 918, "x": 161228.7959, "y": 1979946.685, "scaled_x": 0.64967828775799796, "scaled_y": 0.81226489987429196, "post_mean": 3.50039933969438, "post_sd": 0.078142265717928594, "post_q10": 3.4008932611323099, "post_q50": 3.5000841937148102, "post_q90": 3.6007258248559602, "post_prob_exceed": 0.8031, "post_exc_mean": 0.074943973116605597, "prosp_score_happy": 2.8111707097085601, "prosp_score_sad": 3.4008932611323099, "domain_class": "tier 1" }, "geometry": { "type": "Point", "coordinates": [ -150.212661676470503, 67.73736224967989 ] } },
{ "type": "Feature", "properties": { "field_1": 919, "x": 162849.5244, "y": 1951557.994, "scaled_x": 0.65013721633899402, "scaled_y": 0.79745560437632701, "post_mean": 3.5224143934285901, "post_sd": 0.077654100357919004, "post_q10": 3.4240458597581598, "post_q50": 3.5218568536674302, "post_q90": 3.6219802534068299, "post_prob_exceed": 0.8744, "post_exc_mean": 0.093333973376883594, "prosp_score_happy": 3.0799991456139599, "prosp_score_sad": 3.4240458597581598, "domain_class": "tier 1" }, "geometry": { "type": "Point", "coordinates": [ -150.212661676261149, 67.480722288345618 ] } },
{ "type": "Feature", "properties": { "field_1": 920, "x": 164489.2792, "y": 1922836.037, "scaled_x": 0.65060153244347796, "scaled_y": 0.78247245673866805, "post_mean": 3.5397912054413698, "post_sd": 0.077799979705166597, "post_q10": 3.44108677673387, "post_q50": 3.53946348210766, "post_q90": 3.6389210317659102, "post_prob_exceed": 0.9158, "post_exc_mean": 0.108938966762798, "prosp_score_happy": 3.2417407859432101, "prosp_score_sad": 3.44108677673387, "domain_class": "tier 1" }, "geometry": { "type": "Point", "coordinates": [ -150.212661677633861, 67.22127944937391 ] } },
{ "type": "Feature", "properties": { "field_1": 921, "x": 166148.1874, "y": 1893778.59, "scaled_x": 0.65107127206132798, "scaled_y": 0.76731429678548602, "post_mean": 3.55415327518087, "post_sd": 0.078326245222273605, "post_q10": 3.4546122961462502, "post_q50": 3.5540682835408601, "post_q90": 3.65379211767958, "post_prob_exceed": 0.9386, "post_exc_mean": 0.122341359027879, "prosp_score_happy": 3.3359282640847598, "prosp_score_sad": 3.4546122961462502, "domain_class": "tier 1" }, "geometry": { "type": "Point", "coordinates": [ -150.212661677574829, 66.959008491618832 ] } },
{ "type": "Feature", "properties": { "field_1": 922, "x": 167826.3748, "y": 1864383.449, "scaled_x": 0.65154647081431305, "scaled_y": 0.75197997477418399, "post_mean": 3.5668223466084701, "post_sd": 0.078952255888674897, "post_q10": 3.4666147662064399, "post_q50": 3.56685375474401, "post_q90": 3.6672279904747098, "post_prob_exceed": 0.95396666666666696, "post_exc_mean": 0.13437437543075001, "prosp_score_happy": 3.4026296245862602, "prosp_score_sad": 3.4666147662064399, "domain_class": "tier 1" }, "geometry": { "type": "Point", "coordinates": [ -150.212661676751793, 66.693884144031074 ] } },
{ "type": "Feature", "properties": { "field_1": 923, "x": 169523.966, "y": 1834648.43, "scaled_x": 0.65202716398440697, "scaled_y": 0.73646835139540101, "post_mean": 3.5786774289588901, "post_sd": 0.079490482007673599, "post_q10": 3.47698081937699, "post_q50": 3.57913418163574, "post_q90": 3.6798870577586702, "post_prob_exceed": 0.96516666666666695, "post_exc_mean": 0.14578004895434199, "prosp_score_happy": 3.4540201651834801, "prosp_score_sad": 3.47698081937699, "domain_class": "tier 1" }, "geometry": { "type": "Point", "coordinates": [ -150.212661677103853, 66.425881100458994 ] } },
{ "type": "Feature", "properties": { "field_1": 924, "x": 171241.0845, "y": 1804571.37, "scaled_x": 0.652513386542107, "scaled_y": 0.72077829829467799, "post_mean": 3.59003949177478, "post_sd": 0.079899563228975207, "post_q10": 3.4879049141357399, "post_q50": 3.5904394873775902, "post_q90": 3.6917902550003601, "post_prob_exceed": 0.97386666666666699, "post_exc_mean": 0.15682238435468099, "prosp_score_happy": 3.4962197930564001, "prosp_score_sad": 3.4879049141357399, "domain_class": "tier 1" }, "geometry": { "type": "Point", "coordinates": [ -150.212661678310241, 66.154974023340799 ] } },
{ "type": "Feature", "properties": { "field_1": 925, "x": 172977.8524, "y": 1774150.133, "scaled_x": 0.65300517306148198, "scaled_y": 0.704908701202418, "post_mean": 3.6006021330920999, "post_sd": 0.080259624206593203, "post_q10": 3.4977941087114601, "post_q50": 3.6009195078829599, "post_q90": 3.70312503219774, "post_prob_exceed": 0.9808, "post_exc_mean": 0.167181296019487, "prosp_score_happy": 3.5314705721367301, "prosp_score_sad": 3.4977941087114601, "domain_class": "tier 1" }, "geometry": { "type": "Point", "coordinates": [ -150.212661676971834, 65.881137592324933 ] } },
{ "type": "Feature", "properties": { "field_1": 926, "x": 174734.3904, "y": 1743382.602, "scaled_x": 0.65350255772017396, "scaled_y": 0.688858455760604, "post_mean": 3.60942701792096, "post_sd": 0.080691578816408996, "post_q10": 3.50633415311288, "post_q50": 3.6094310330702299, "post_q90": 3.7126386337894202, "post_prob_exceed": 0.9843, "post_exc_mean": 0.17588196007941301, "prosp_score_happy": 3.5527590137396001, "prosp_score_sad": 3.50633415311288, "domain_class": "tier 1" }, "geometry": { "type": "Point", "coordinates": [ -150.21266167664453, 65.604346426956056 ] } },
{ "type": "Feature", "properties": { "field_1": 927, "x": 176510.8176, "y": 1712266.692, "scaled_x": 0.65400557424276795, "scaled_y": 0.67262647430439404, "post_mean": 3.61501737903248, "post_sd": 0.081266685150283902, "post_q10": 3.5112455304238499, "post_q50": 3.6151013246672199, "post_q90": 3.7193147904287902, "post_prob_exceed": 0.98623333333333296, "post_exc_mean": 0.181413893972424, "prosp_score_happy": 3.5652506397811301, "prosp_score_sad": 3.5112455304238499, "domain_class": "tier 1" }, "geometry": { "type": "Point", "coordinates": [ -150.21266167588476, 65.324575197771736 ] } },
{ "type": "Feature", "properties": { "field_1": 928, "x": 178307.2516, "y": 1680800.342, "scaled_x": 0.65451425592910395, "scaled_y": 0.65621168168882704, "post_mean": 3.6154733271785999, "post_sd": 0.081962293574216305, "post_q10": 3.51129957637575, "post_q50": 3.6154247781329598, "post_q90": 3.7208181231239501, "post_prob_exceed": 0.986, "post_exc_mean": 0.18188862477888201, "prosp_score_happy": 3.5648567005980998, "prosp_score_sad": 3.51129957637575, "domain_class": "tier 1" }, "geometry": { "type": "Point", "coordinates": [ -150.212661676058019, 65.041798548718631 ] } },
{ "type": "Feature", "properties": { "field_1": 929, "x": 180123.8083, "y": 1648981.522, "scaled_x": 0.65502863559764801, "scaled_y": 0.63961301894046096, "post_mean": 3.6087200294903501, "post_sd": 0.082698401265954999, "post_q10": 3.50393745284248, "post_q50": 3.6083408037350302, "post_q90": 3.71441063491381, "post_prob_exceed": 0.98306666666666698, "post_exc_mean": 0.17526217674310601, "prosp_score_happy": 3.5476123703243099, "prosp_score_sad": 3.50393745284248, "domain_class": "tier 1" }, "geometry": { "type": "Point", "coordinates": [ -150.212661677010402, 64.755991154122356 ] } },
{ "type": "Feature", "properties": { "field_1": 930, "x": 181960.6018, "y": 1616808.235, "scaled_x": 0.65554874555717402, "scaled_y": 0.62282944430069098, "post_mean": 3.5927862736293101, "post_sd": 0.083440436290650705, "post_q10": 3.48659384538428, "post_q50": 3.5925370032183399, "post_q90": 3.6991307815165202, "post_prob_exceed": 0.9727, "post_exc_mean": 0.15969719666593901, "prosp_score_happy": 3.4947032083592302, "prosp_score_sad": 3.48659384538428, "domain_class": "tier 1" }, "geometry": { "type": "Point", "coordinates": [ -150.212661676849137, 64.467127730597923 ] } },
{ "type": "Feature", "properties": { "field_1": 931, "x": 183817.7442, "y": 1584278.515, "scaled_x": 0.65607461755013197, "scaled_y": 0.60585993218242995, "post_mean": 3.5660995239637998, "post_sd": 0.084306316260511799, "post_q10": 3.4578725087223101, "post_q50": 3.5658903411968601, "post_q90": 3.6737751760833901, "post_prob_exceed": 0.94166666666666698, "post_exc_mean": 0.13415486124770701, "prosp_score_happy": 3.3580770517325802, "prosp_score_sad": 3.4578725087223101, "domain_class": "tier 1" }, "geometry": { "type": "Point", "coordinates": [ -150.212661678489923, 64.175183013107173 ] } },
{ "type": "Feature", "properties": { "field_1": 932, "x": 185695.3458, "y": 1551390.433, "scaled_x": 0.65660628280928202, "scaled_y": 0.58870347630007402, "post_mean": 3.52775747855953, "post_sd": 0.085596115268254003, "post_q10": 3.41763713780658, "post_q50": 3.52783810182025, "post_q90": 3.6372633811616999, "post_prob_exceed": 0.861933333333333, "post_exc_mean": 0.099631651277636499, "prosp_score_happy": 3.0406917626864098, "prosp_score_sad": 3.41763713780658, "domain_class": "tier 1" }, "geometry": { "type": "Point", "coordinates": [ -150.212661678374531, 63.880131802292354 ] } },
{ "type": "Feature", "properties": { "field_1": 933, "x": 187593.5146, "y": 1518142.096, "scaled_x": 0.65714377191610895, "scaled_y": 0.57135908914784705, "post_mean": 3.4777374507787302, "post_sd": 0.0876816475518057, "post_q10": 3.3644595638291901, "post_q50": 3.4781917343469999, "post_q90": 3.58983528055585, "post_prob_exceed": 0.68963333333333299, "post_exc_mean": 0.0612557267083867, "prosp_score_happy": 2.3983636706387101, "prosp_score_sad": 3.3644595638291901, "domain_class": "tier 2" }, "geometry": { "type": "Point", "coordinates": [ -150.212661678017867, 63.581948949394985 ] } },
{ "type": "Feature", "properties": { "field_1": 934, "x": 189512.3565, "y": 1484531.65, "scaled_x": 0.65768711485746101, "scaled_y": 0.55382580356478095, "post_mean": 3.4170139650060598, "post_sd": 0.090765432170636803, "post_q10": 3.2999736550979799, "post_q50": 3.4177270769607202, "post_q90": 3.5335616955395199, "post_prob_exceed": 0.42923333333333302, "post_exc_mean": 0.028366169428322902, "prosp_score_happy": 1.4666962942460999, "prosp_score_sad": 3.2999736550979799, "domain_class": "tier 3" }, "geometry": { "type": "Point", "coordinates": [ -150.212661676351246, 63.28060937649397 ] } },
{ "type": "Feature", "properties": { "field_1": 935, "x": 191451.9749, "y": 1450557.281, "scaled_x": 0.65823634091227901, "scaled_y": 0.53610267325638095, "post_mean": 3.3475698673915502, "post_sd": 0.094628871220107602, "post_q10": 3.2263563011187002, "post_q50": 3.34768276168337, "post_q90": 3.4684022996589401, "post_prob_exceed": 0.17936666666666701, "post_exc_mean": 0.0091815875007187995, "prosp_score_happy": 0.60044244854779705, "prosp_score_sad": 3.2263563011187002, "domain_class": "Background" }, "geometry": { "type": "Point", "coordinates": [ -150.212661676620712, 62.976088079046598 ] } },
{ "type": "Feature", "properties": { "field_1": 936, "x": 193412.4708, "y": 1416217.221, "scaled_x": 0.65879147867991605, "scaled_y": 0.518188775924592, "post_mean": 3.2723035698101599, "post_sd": 0.098534069426864004, "post_q10": 3.1460777037212599, "post_q50": 3.27278127594708, "post_q90": 3.3981767837022998, "post_prob_exceed": 0.049866666666666698, "post_exc_mean": 0.0020339602383783301, "prosp_score_happy": 0.16317887134786699, "prosp_score_sad": 3.1460777037212599, "domain_class": "Background" }, "geometry": { "type": "Point", "coordinates": [ -150.21266167752222, 62.66836017273063 ] } },
{ "type": "Feature", "properties": { "field_1": 937, "x": 195393.9428, "y": 1381509.744, "scaled_x": 0.65935255608013599, "scaled_y": 0.50008321118115795, "post_mean": 3.1948506720419001, "post_sd": 0.101343392907639, "post_q10": 3.0649404691529201, "post_q50": 3.1960936850176198, "post_q90": 3.3243704827807501, "post_prob_exceed": 0.0088, "post_exc_mean": 0.00030321158357997, "prosp_score_happy": 0.0281146859139687, "prosp_score_sad": 3.0649404691529201, "domain_class": "Background" }, "geometry": { "type": "Point", "coordinates": [ -150.212661677845887, 62.357400850890969 ] } },
{ "type": "Feature", "properties": { "field_1": 938, "x": 197396.4866, "y": 1346433.173, "scaled_x": 0.65991960021153495, "scaled_y": 0.48178510419924903, "post_mean": 3.11934908083267, "post_sd": 0.10179252947685601, "post_q10": 2.9888683462072398, "post_q50": 3.1205744355166001, "post_q90": 3.2487066366701698, "post_prob_exceed": 0.000966666666666667, "post_exc_mean": 2.5639460484398699e-05, "prosp_score_happy": 0.0030153707781382499, "prosp_score_sad": 2.9888683462072398, "domain_class": "Background" }, "geometry": { "type": "Point", "coordinates": [ -150.212661678393914, 62.043185440410902 ] } },
{ "type": "Feature", "properties": { "field_1": 939, "x": 199420.1952, "y": 1310985.881, "scaled_x": 0.66049263740817099, "scaled_y": 0.463293606235124, "post_mean": 3.05018097669433, "post_sd": 0.098856165400778004, "post_q10": 2.9232364358244198, "post_q50": 3.0510768318619399, "post_q90": 3.1750910861515802, "post_prob_exceed": 0.0, "post_exc_mean": 0.0, "prosp_score_happy": 0.0, "prosp_score_sad": 2.9232364358244198, "domain_class": "Background" }, "geometry": { "type": "Point", "coordinates": [ -150.212661677007929, 61.725689403520072 ] } },
{ "type": "Feature", "properties": { "field_1": 940, "x": 201465.1585, "y": 1275166.29, "scaled_x": 0.66107169312629899, "scaled_y": 0.444607894106471, "post_mean": 2.9917230767179301, "post_sd": 0.0922915100268627, "post_q10": 2.8731570188570301, "post_q50": 2.9926152779320301, "post_q90": 3.1084124612378901, "post_prob_exceed": 0.0, "post_exc_mean": 0.0, "prosp_score_happy": 0.0, "prosp_score_sad": 2.8731570188570301, "domain_class": "Background" }, "geometry": { "type": "Point", "coordinates": [ -150.212661677292459, 61.404888321977005 ] } },
{ "type": "Feature", "properties": { "field_1": 941, "x": 205619.1936, "y": 1202404.184, "scaled_x": 0.66224795764799405, "scaled_y": 0.40665068329994603, "post_mean": 2.9231671284321301, "post_sd": 0.0788268638509209, "post_q10": 2.8220740651560101, "post_q50": 2.9234851589080701, "post_q90": 3.02328268811848, "post_prob_exceed": 0.0, "post_exc_mean": 0.0, "prosp_score_happy": 0.0, "prosp_score_sad": 2.8220740651560101, "domain_class": "Background" }, "geometry": { "type": "Point", "coordinates": [ -150.212661676887876, 60.753274263379119 ] } },
{ "type": "Feature", "properties": { "field_1": 942, "x": 207728.4293, "y": 1165458.797, "scaled_x": 0.66284521286179898, "scaled_y": 0.38737768640940001, "post_mean": 2.9200981714818202, "post_sd": 0.087982948387446497, "post_q10": 2.8067981749131898, "post_q50": 2.9210565859741799, "post_q90": 3.03265454838305, "post_prob_exceed": 0.0, "post_exc_mean": 0.0, "prosp_score_happy": 0.0, "prosp_score_sad": 2.8067981749131898, "domain_class": "Background" }, "geometry": { "type": "Point", "coordinates": [ -150.212661677388382, 60.422413330820362 ] } },
{ "type": "Feature", "properties": { "field_1": 943, "x": 209859.2474, "y": 1128135.373, "scaled_x": 0.66344857938925506, "scaled_y": 0.36790748205894702, "post_mean": 2.9416288896213598, "post_sd": 0.117787930330675, "post_q10": 2.7898202518532802, "post_q50": 2.9417876866446, "post_q90": 3.09296298513329, "post_prob_exceed": 3.3333333333333301e-05, "post_exc_mean": 7.3779828089119996e-07, "prosp_score_happy": 9.8054296320712102e-05, "prosp_score_sad": 2.7898202518532802, "domain_class": "Background" }, "geometry": { "type": "Point", "coordinates": [ -150.212661677404128, 60.088151481482925 ] } },
{ "type": "Feature", "properties": { "field_1": 944, "x": 212011.7209, "y": 1090432.633, "scaled_x": 0.66405807790118099, "scaled_y": 0.34823940304315298, "post_mean": 2.9898974821450999, "post_sd": 0.16586597219195401, "post_q10": 2.7785572361428699, "post_q50": 2.9902017424933902, "post_q90": 3.2024084418725298, "post_prob_exceed": 0.00446666666666667, "post_exc_mean": 0.000263123169518116, "prosp_score_happy": 0.013354875420248101, "prosp_score_sad": 2.7785572361428699, "domain_class": "Background" }, "geometry": { "type": "Point", "coordinates": [ -150.212661677287144, 59.750465268336981 ] } },
{ "type": "Feature", "properties": { "field_1": 945, "x": 170310.1797, "y": 2272475.172, "scaled_x": 0.65224978975898995, "scaled_y": 0.96486583542132998, "post_mean": 2.58007814727535, "post_sd": 0.154451646644401, "post_q10": 2.3831161870175799, "post_q50": 2.5797280729467502, "post_q90": 2.7757595350134801, "post_prob_exceed": 0.0, "post_exc_mean": 0.0, "prosp_score_happy": 0.0, "prosp_score_sad": 2.3831161870175799, "domain_class": "Background" }, "geometry": { "type": "Point", "coordinates": [ -149.53892521377972, 70.382568849930294 ] } },
{ "type": "Feature", "properties": { "field_1": 946, "x": 171982.4971, "y": 2247617.201, "scaled_x": 0.65272332635155095, "scaled_y": 0.951898381655362, "post_mean": 2.7400374246453598, "post_sd": 0.124051119830076, "post_q10": 2.5819955801308501, "post_q50": 2.7398936946757702, "post_q90": 2.8974203875534799, "post_prob_exceed": 0.0, "post_exc_mean": 0.0, "prosp_score_happy": 0.0, "prosp_score_sad": 2.5819955801308501, "domain_class": "Background" }, "geometry": { "type": "Point", "coordinates": [ -149.538925214527126, 70.155113036079726 ] } },
{ "type": "Feature", "properties": { "field_1": 947, "x": 173675.5162, "y": 2222451.512, "scaled_x": 0.65320272487706699, "scaled_y": 0.93877040316523397, "post_mean": 2.8857454623355898, "post_sd": 0.10293138265187, "post_q10": 2.7543367740628302, "post_q50": 2.8863331837912898, "post_q90": 3.01735486371485, "post_prob_exceed": 0.0, "post_exc_mean": 0.0, "prosp_score_happy": 0.0, "prosp_score_sad": 2.7543367740628302, "domain_class": "Background" }, "geometry": { "type": "Point", "coordinates": [ -149.538925215173776, 69.925127464103582 ] } },
{ "type": "Feature", "properties": { "field_1": 948, "x": 175389.3952, "y": 2196975.754, "scaled_x": 0.65368803013175303, "scaled_y": 0.92548067352406604, "post_mean": 3.01647312095391, "post_sd": 0.090436434579296801, "post_q10": 2.90067369735337, "post_q50": 3.0165105474556699, "post_q90": 3.1319822568797502, "post_prob_exceed": 0.0, "post_exc_mean": 0.0, "prosp_score_happy": 0.0, "prosp_score_sad": 2.90067369735337, "domain_class": "Background" }, "geometry": { "type": "Point", "coordinates": [ -149.53892521479122, 69.692587749399109 ] } },
{ "type": "Feature", "properties": { "field_1": 949, "x": 177124.2918, "y": 2171187.582, "scaled_x": 0.65417928677024195, "scaled_y": 0.91202796943494902, "post_mean": 3.1317529944562499, "post_sd": 0.084562914745212603, "post_q10": 3.0232985757435999, "post_q50": 3.13173447581265, "post_q90": 3.2392699916688699, "post_prob_exceed": 0.0002, "post_exc_mean": 5.33023325982692e-06, "prosp_score_happy": 0.00062635059889125095, "prosp_score_sad": 3.0232985757435999, "domain_class": "Background" }, "geometry": { "type": "Point", "coordinates": [ -149.538925214906868, 69.457469398483468 ] } },
{ "type": "Feature", "properties": { "field_1": 950, "x": 178880.3633, "y": 2145084.658, "scaled_x": 0.65467653933390202, "scaled_y": 0.898411071252608, "post_mean": 3.2314231091892198, "post_sd": 0.082543893564167303, "post_q10": 3.1252771761543099, "post_q50": 3.23143088684298, "post_q90": 3.3375035743704999, "post_prob_exceed": 0.0077, "post_exc_mean": 0.000212731488443541, "prosp_score_happy": 0.024881957940757, "prosp_score_sad": 3.1252771761543099, "domain_class": "Background" }, "geometry": { "type": "Point", "coordinates": [ -149.538925215225419, 69.219747814310466 ] } },
{ "type": "Feature", "properties": { "field_1": 951, "x": 180657.7664, "y": 2118664.654, "scaled_x": 0.65517983219420595, "scaled_y": 0.88462876454838502, "post_mean": 3.3156635077351702, "post_sd": 0.082018702212773298, "post_q10": 3.2106660141972001, "post_q50": 3.3158796746707102, "post_q90": 3.42071747965191, "post_prob_exceed": 0.075733333333333305, "post_exc_mean": 0.00274531377988499, "prosp_score_happy": 0.25110624965247702, "prosp_score_sad": 3.2106660141972001, "domain_class": "Background" }, "geometry": { "type": "Point", "coordinates": [ -149.538925213671831, 68.979398319734585 ] } },
{ "type": "Feature", "properties": { "field_1": 952, "x": 182456.657, "y": 2091925.251, "scaled_x": 0.65568920949609499, "scaled_y": 0.87067983958857598, "post_mean": 3.3850214587728402, "post_sd": 0.081617853883049707, "post_q10": 3.2802825233005999, "post_q50": 3.3847756439511101, "post_q90": 3.4898262308253298, "post_prob_exceed": 0.2738, "post_exc_mean": 0.013730019381931099, "prosp_score_happy": 0.92681887541200303, "prosp_score_sad": 3.2802825233005999, "domain_class": "Background" }, "geometry": { "type": "Point", "coordinates": [ -149.538925212994627, 68.73639614455837 ] } },
{ "type": "Feature", "properties": { "field_1": 953, "x": 184277.1905, "y": 2064864.138, "scaled_x": 0.656204715242931, "scaled_y": 0.85656309081277604, "post_mean": 3.4404205536036798, "post_sd": 0.080854762446581394, "post_q10": 3.3373770894649799, "post_q50": 3.4404065786715399, "post_q90": 3.54381846379313, "post_prob_exceed": 0.53266666666666695, "post_exc_mean": 0.035542067260474701, "prosp_score_happy": 1.8325973482195601, "prosp_score_sad": 3.3373770894649799, "domain_class": "tier 3" }, "geometry": { "type": "Point", "coordinates": [ -149.538925214913036, 68.49071641225504 ] } },
{ "type": "Feature", "properties": { "field_1": 954, "x": 186119.5215, "y": 2037479.02, "scaled_x": 0.65672639321154502, "scaled_y": 0.84227732100716302, "post_mean": 3.4831488542439599, "post_sd": 0.079789851538064893, "post_q10": 3.3813519209252201, "post_q50": 3.4831860408380302, "post_q90": 3.5853980510208601, "post_prob_exceed": 0.73033333333333295, "post_exc_mean": 0.062234351758990003, "prosp_score_happy": 2.54385971321617, "prosp_score_sad": 3.3813519209252201, "domain_class": "tier 2" }, "geometry": { "type": "Point", "coordinates": [ -149.538925214472584, 68.242334208248124 ] } },
{ "type": "Feature", "properties": { "field_1": 955, "x": 187983.8037, "y": 2009767.61, "scaled_x": 0.65725428692392296, "scaled_y": 0.82782133713121497, "post_mean": 3.5148217138546798, "post_sd": 0.078713918346969697, "post_q10": 3.41457037038928, "post_q50": 3.5145575791546801, "post_q90": 3.6157571605742098, "post_prob_exceed": 0.8494, "post_exc_mean": 0.087009634864176205, "prosp_score_happy": 2.9854895637481702, "prosp_score_sad": 3.41457037038928, "domain_class": "tier 1" }, "geometry": { "type": "Point", "coordinates": [ -149.538925215473682, 67.991224503313518 ] } },
{ "type": "Feature", "properties": { "field_1": 956, "x": 189870.1899, "y": 1981727.64, "scaled_x": 0.65778843964720501, "scaled_y": 0.81319395605597999, "post_mean": 3.5373158562647902, "post_sd": 0.077903707559019694, "post_q10": 3.43850556496972, "post_q50": 3.5372110061774098, "post_q90": 3.63733037943677, "post_prob_exceed": 0.9096, "post_exc_mean": 0.106668825499687, "prosp_score_happy": 3.2175425028584601, "prosp_score_sad": 3.43850556496972, "domain_class": "tier 1" }, "geometry": { "type": "Point", "coordinates": [ -149.538925212707511, 67.737362248403429 ] } },
{ "type": "Feature", "properties": { "field_1": 957, "x": 191778.8317, "y": 1953356.852, "scaled_x": 0.65832889430873798, "scaled_y": 0.79839399986912596, "post_mean": 3.55267334981089, "post_sd": 0.077469127226530099, "post_q10": 3.4540986060060899, "post_q50": 3.55219731733871, "post_q90": 3.6521237943977001, "post_prob_exceed": 0.93826666666666703, "post_exc_mean": 0.120823370374397, "prosp_score_happy": 3.3333549816825698, "prosp_score_sad": 3.4540986060060899, "domain_class": "tier 1" }, "geometry": { "type": "Point", "coordinates": [ -149.538925213399466, 67.480722289021969 ] } },
{ "type": "Feature", "properties": { "field_1": 958, "x": 193709.8798, "y": 1924653.008, "scaled_x": 0.65887569358102105, "scaled_y": 0.78342030109155603, "post_mean": 3.5629768929947998, "post_sd": 0.077314296038438202, "post_q10": 3.4644608740663601, "post_q50": 3.56242773995272, "post_q90": 3.6620509820520502, "post_prob_exceed": 0.95353333333333301, "post_exc_mean": 0.13057550393825801, "prosp_score_happy": 3.3974172333669799, "prosp_score_sad": 3.4644608740663601, "domain_class": "tier 1" }, "geometry": { "type": "Point", "coordinates": [ -149.538925214260672, 67.221279450452755 ] } },
{ "type": "Feature", "properties": { "field_1": 959, "x": 195663.4838, "y": 1895613.885, "scaled_x": 0.65942887982507603, "scaled_y": 0.76827170006910095, "post_mean": 3.57020170547377, "post_sd": 0.077205902143620705, "post_q10": 3.4719434355781602, "post_q50": 3.5696023200395199, "post_q90": 3.6690776224100801, "post_prob_exceed": 0.9614, "post_exc_mean": 0.13748707012349701, "prosp_score_happy": 3.4323919196424901, "prosp_score_sad": 3.4719434355781602, "domain_class": "tier 1" }, "geometry": { "type": "Point", "coordinates": [ -149.538925214196809, 66.959008487957874 ] } },
{ "type": "Feature", "properties": { "field_1": 960, "x": 197639.7918, "y": 1866237.282, "scaled_x": 0.65998849497718204, "scaled_y": 0.75294704862414996, "post_mean": 3.5760537758436302, "post_sd": 0.076898124175240307, "post_q10": 3.4785762758943699, "post_q50": 3.5759459673294098, "post_q90": 3.6741089486763299, "post_prob_exceed": 0.96736666666666704, "post_exc_mean": 0.143089330089017, "prosp_score_happy": 3.4593552209585998, "prosp_score_sad": 3.4785762758943699, "domain_class": "tier 1" }, "geometry": { "type": "Point", "coordinates": [ -149.538925212606301, 66.693884144993646 ] } },
{ "type": "Feature", "properties": { "field_1": 961, "x": 199638.9506, "y": 1836521.014, "scaled_x": 0.66055458060550898, "scaled_y": 0.73744520692568105, "post_mean": 3.5818089458142399, "post_sd": 0.076248189017931303, "post_q10": 3.48430980310741, "post_q50": 3.5816039660343901, "post_q90": 3.6795098771014798, "post_prob_exceed": 0.97386666666666699, "post_exc_mean": 0.14861093673336101, "prosp_score_happy": 3.4882043386969599, "prosp_score_sad": 3.48430980310741, "domain_class": "tier 1" }, "geometry": { "type": "Point", "coordinates": [ -149.538925213893833, 66.425881094029862 ] } },
{ "type": "Feature", "properties": { "field_1": 962, "x": 201661.1056, "y": 1806462.923, "scaled_x": 0.66112717788179798, "scaled_y": 0.72176504922754203, "post_mean": 3.5881713976631899, "post_sd": 0.075276693754447704, "post_q10": 3.49230394039034, "post_q50": 3.5880173421918502, "post_q90": 3.6849363586280002, "post_prob_exceed": 0.98, "post_exc_mean": 0.15474927124325299, "prosp_score_happy": 3.5164079697099302, "prosp_score_sad": 3.49230394039034, "domain_class": "tier 1" }, "geometry": { "type": "Point", "coordinates": [ -149.538925213104164, 66.154974030161426 ] } },
{ "type": "Feature", "properties": { "field_1": 963, "x": 203706.4006, "y": 1776060.869, "scaled_x": 0.66170632752473202, "scaled_y": 0.70590545917349201, "post_mean": 3.5951725833877801, "post_sd": 0.074156062742102499, "post_q10": 3.5006072623303002, "post_q50": 3.59529658318655, "post_q90": 3.69057128233593, "post_prob_exceed": 0.9856, "post_exc_mean": 0.16158367059040701, "prosp_score_happy": 3.5434020981869998, "prosp_score_sad": 3.5006072623303002, "domain_class": "tier 1" }, "geometry": { "type": "Point", "coordinates": [ -149.538925213973613, 65.881137585032064 ] } },
{ "type": "Feature", "properties": { "field_1": 964, "x": 205774.9777, "y": 1745312.742, "scaled_x": 0.66229206977161903, "scaled_y": 0.68986533605714395, "post_mean": 3.6021312774127301, "post_sd": 0.073135391523748594, "post_q10": 3.5089050681117899, "post_q50": 3.60193293021945, "post_q90": 3.6960550721691199, "post_prob_exceed": 0.98876666666666702, "post_exc_mean": 0.168422493827669, "prosp_score_happy": 3.5616673360631301, "prosp_score_sad": 3.5089050681117899, "domain_class": "tier 1" }, "geometry": { "type": "Point", "coordinates": [ -149.538925213210916, 65.604346429042678 ] } },
{ "type": "Feature", "properties": { "field_1": 965, "x": 207866.9772, "y": 1714216.454, "scaled_x": 0.66288444435007499, "scaled_y": 0.67364359064866997, "post_mean": 3.6076913629953702, "post_sd": 0.072435796275541198, "post_q10": 3.5152391886080698, "post_q50": 3.6076050655265699, "post_q90": 3.7006106155223599, "post_prob_exceed": 0.99123333333333297, "post_exc_mean": 0.17391392758124999, "prosp_score_happy": 3.5760639353797701, "prosp_score_sad": 3.5152391886080698, "domain_class": "tier 1" }, "geometry": { "type": "Point", "coordinates": [ -149.5389252145022, 65.324575194017356 ] } },
{ "type": "Feature", "properties": { "field_1": 966, "x": 209982.5377, "y": 1682769.948, "scaled_x": 0.66348349050634103, "scaled_y": 0.65723914988975796, "post_mean": 3.6099457325908699, "post_sd": 0.072174448169953498, "post_q10": 3.5178193722674602, "post_q50": 3.6098718498202902, "post_q90": 3.7026129164394099, "post_prob_exceed": 0.99213333333333298, "post_exc_mean": 0.17614560089098699, "prosp_score_happy": 3.5815474928278301, "prosp_score_sad": 3.5178193722674602, "domain_class": "tier 1" }, "geometry": { "type": "Point", "coordinates": [ -149.538925213220267, 65.04179854804002 ] } },
{ "type": "Feature", "properties": { "field_1": 967, "x": 212121.7955, "y": 1650971.194, "scaled_x": 0.66408924683538695, "scaled_y": 0.64065095480696599, "post_mean": 3.6066429385525498, "post_sd": 0.072371816046893397, "post_q10": 3.51444730323428, "post_q50": 3.6064799860752501, "post_q90": 3.69929584788337, "post_prob_exceed": 0.99133333333333296, "post_exc_mean": 0.172873361843776, "prosp_score_happy": 3.5753853664184199, "prosp_score_sad": 3.51444730323428, "domain_class": "tier 1" }, "geometry": { "type": "Point", "coordinates": [ -149.538925215062704, 64.755991154084001 ] } },
{ "type": "Feature", "properties": { "field_1": 968, "x": 214284.8851, "y": 1618818.197, "scaled_x": 0.664701751422487, "scaled_y": 0.623877964685012, "post_mean": 3.5954596302421602, "post_sd": 0.073045846690841104, "post_q10": 3.5022195246444099, "post_q50": 3.5952073570780199, "post_q90": 3.6884880574933399, "post_prob_exceed": 0.9867, "post_exc_mean": 0.16182561434133499, "prosp_score_happy": 3.54764001715994, "prosp_score_sad": 3.5022195246444099, "domain_class": "tier 1" }, "geometry": { "type": "Point", "coordinates": [ -149.538925213987056, 64.467127735293587 ] } },
{ "type": "Feature", "properties": { "field_1": 969, "x": 216471.9386, "y": 1586308.991, "scaled_x": 0.66532104167333295, "scaled_y": 0.60691915393680795, "post_mean": 3.5743090978207599, "post_sd": 0.074326236947256902, "post_q10": 3.4793087820795399, "post_q50": 3.5739693979762399, "post_q90": 3.6695738966245401, "post_prob_exceed": 0.9721, "post_exc_mean": 0.141131162343269, "prosp_score_happy": 3.4745858739915598, "prosp_score_sad": 3.4793087820795399, "domain_class": "tier 1" }, "geometry": { "type": "Point", "coordinates": [ -149.53892521341885, 64.175183015520389 ] } },
{ "type": "Feature", "properties": { "field_1": 970, "x": 218683.0856, "y": 1553441.649, "scaled_x": 0.66594715428570594, "scaled_y": 0.58977351732007599, "post_mean": 3.5416474834176799, "post_sd": 0.076484910974268294, "post_q10": 3.4434324130783698, "post_q50": 3.54164410348797, "post_q90": 3.6394972561021102, "post_prob_exceed": 0.91946666666666699, "post_exc_mean": 0.11035166718568799, "prosp_score_happy": 3.2564268060864401, "prosp_score_sad": 3.4434324130783698, "domain_class": "tier 1" }, "geometry": { "type": "Point", "coordinates": [ -149.538925214130643, 63.88013180255799 ] } },
{ "type": "Feature", "properties": { "field_1": 971, "x": 220918.4534, "y": 1520214.28, "scaled_x": 0.66658012530611999, "scaled_y": 0.57244006837236106, "post_mean": 3.4967369666943702, "post_sd": 0.079809363148518997, "post_q10": 3.3938493427661398, "post_q50": 3.4972917525992901, "post_q90": 3.59872361593469, "post_prob_exceed": 0.78333333333333299, "post_exc_mean": 0.072592983675223793, "prosp_score_happy": 2.73911062391059, "prosp_score_sad": 3.3938493427661398, "domain_class": "tier 2" }, "geometry": { "type": "Point", "coordinates": [ -149.538925214409346, 63.581948954794441 ] } },
{ "type": "Feature", "properties": { "field_1": 972, "x": 223178.1668, "y": 1486625.029, "scaled_x": 0.66721999007318, "scaled_y": 0.55491783941103501, "post_mean": 3.4398306360001598, "post_sd": 0.084351241297993595, "post_q10": 3.33175399183845, "post_q50": 3.4402837954093299, "post_q90": 3.5478853105733799, "post_prob_exceed": 0.529233333333333, "post_exc_mean": 0.036672930335784899, "prosp_score_happy": 1.8204730335924899, "prosp_score_sad": 3.33175399183845, "domain_class": "tier 3" }, "geometry": { "type": "Point", "coordinates": [ -149.538925214166852, 63.28060937486881 ] } },
{ "type": "Feature", "properties": { "field_1": 973, "x": 225462.3475, "y": 1452672.086, "scaled_x": 0.66786678304769098, "scaled_y": 0.53720588622824905, "post_mean": 3.3722559551111901, "post_sd": 0.089704406248997906, "post_q10": 3.2568926174177801, "post_q50": 3.3723358028092001, "post_q90": 3.4872937934694801, "post_prob_exceed": 0.24636666666666701, "post_exc_mean": 0.0129832190544614, "prosp_score_happy": 0.83081145880756102, "prosp_score_sad": 3.2568926174177801, "domain_class": "Background" }, "geometry": { "type": "Point", "coordinates": [ -149.538925214751799, 62.97608808381824 ] } },
{ "type": "Feature", "properties": { "field_1": 974, "x": 227771.1146, "y": 1418353.682, "scaled_x": 0.66852053795423605, "scaled_y": 0.51930328600428799, "post_mean": 3.2963899342011498, "post_sd": 0.094968034943155602, "post_q10": 3.1749050773553602, "post_q50": 3.2969411302370002, "post_q90": 3.4178200345523901, "post_prob_exceed": 0.0731333333333333, "post_exc_mean": 0.0030611124287213002, "prosp_score_happy": 0.24107598385457801, "prosp_score_sad": 3.1749050773553602, "domain_class": "Background" }, "geometry": { "type": "Point", "coordinates": [ -149.538925214367794, 62.668360178326743 ] } },
{ "type": "Feature", "properties": { "field_1": 975, "x": 230104.5841, "y": 1383668.092, "scaled_x": 0.66918128763959805, "scaled_y": 0.50120913887255603, "post_mean": 3.2155357764491201, "post_sd": 0.098913558969549398, "post_q10": 3.0889169587993899, "post_q50": 3.2164226139157499, "post_q90": 3.3423225791745299, "post_prob_exceed": 0.012666666666666699, "post_exc_mean": 0.0004550926222408, "prosp_score_happy": 0.040730119835022199, "prosp_score_sad": 3.0889169587993899, "domain_class": "Background" }, "geometry": { "type": "Point", "coordinates": [ -149.538925213995043, 62.357400851010837 ] } },
{ "type": "Feature", "properties": { "field_1": 976, "x": 232462.8686, "y": 1348613.642, "scaled_x": 0.66984906398780797, "scaled_y": 0.48292257157120899, "post_mean": 3.13372410871566, "post_sd": 0.10027933060132101, "post_q10": 3.0051581934287701, "post_q50": 3.1348818446950499, "post_q90": 3.2616115079549202, "post_prob_exceed": 0.0014333333333333301, "post_exc_mean": 3.66193671996787e-05, "prosp_score_happy": 0.0044916712224924498, "prosp_score_sad": 3.0051581934287701, "domain_class": "Background" }, "geometry": { "type": "Point", "coordinates": [ -149.538925213981173, 62.043185446156421 ] } },
{ "type": "Feature", "properties": { "field_1": 977, "x": 234846.0777, "y": 1313188.703, "scaled_x": 0.67052389803341095, "scaled_y": 0.464442734313182, "post_mean": 3.0554695631903002, "post_sd": 0.098174226988400101, "post_q10": 2.9285586375083299, "post_q50": 3.0564328780089598, "post_q90": 3.1801149770020598, "post_prob_exceed": 3.3333333333333301e-05, "post_exc_mean": 5.2822814964308395e-07, "prosp_score_happy": 0.00010184898543967699, "prosp_score_sad": 2.9285586375083299, "domain_class": "Background" }, "geometry": { "type": "Point", "coordinates": [ -149.538925214141187, 61.725689398922007 ] } },
{ "type": "Feature", "properties": { "field_1": 978, "x": 237254.3173, "y": 1277391.701, "scaled_x": 0.671205819763255, "scaled_y": 0.44576880600281099, "post_mean": 2.9855149290463801, "post_sd": 0.092748245171600005, "post_q10": 2.8659552597325701, "post_q50": 2.9865991092936, "post_q90": 3.1036022050777001, "post_prob_exceed": 0.0, "post_exc_mean": 0.0, "prosp_score_happy": 0.0, "prosp_score_sad": 2.8659552597325701, "domain_class": "Background" }, "geometry": { "type": "Point", "coordinates": [ -149.538925214295233, 61.404888317895946 ] } },
{ "type": "Feature", "properties": { "field_1": 979, "x": 239687.6897, "y": 1241221.116, "scaled_x": 0.67189485814480199, "scaled_y": 0.42689999371416898, "post_mean": 2.9285908234390798, "post_sd": 0.086557649560727007, "post_q10": 2.8176694865444798, "post_q50": 2.9291407529517999, "post_q90": 3.0400477369557999, "post_prob_exceed": 0.0, "post_exc_mean": 0.0, "prosp_score_happy": 0.0, "prosp_score_sad": 2.8176694865444798, "domain_class": "Background" }, "geometry": { "type": "Point", "coordinates": [ -149.538925213661173, 61.080757968923116 ] } },
{ "type": "Feature", "properties": { "field_1": 980, "x": 242146.2935, "y": 1204675.482, "scaled_x": 0.67259104109781598, "scaled_y": 0.40783553269106299, "post_mean": 2.8892112151162501, "post_sd": 0.086690964290430703, "post_q10": 2.7778989610251599, "post_q50": 2.8898631058140301, "post_q90": 2.9994569685119301, "post_prob_exceed": 0.0, "post_exc_mean": 0.0, "prosp_score_happy": 0.0, "prosp_score_sad": 2.7778989610251599, "domain_class": "Background" }, "geometry": { "type": "Point", "coordinates": [ -149.538925212722177, 60.753274267908353 ] } },
{ "type": "Feature", "properties": { "field_1": 981, "x": 244630.2231, "y": 1167753.393, "scaled_x": 0.67329439535278401, "scaled_y": 0.38857468947701002, "post_mean": 2.8715160138694, "post_sd": 0.103349439826089, "post_q10": 2.7376663547679398, "post_q50": 2.8721562789305199, "post_q90": 3.0040185534497001, "post_prob_exceed": 0.0, "post_exc_mean": 0.0, "prosp_score_happy": 0.0, "prosp_score_sad": 2.7376663547679398, "domain_class": "Background" }, "geometry": { "type": "Point", "coordinates": [ -149.538925214914883, 60.422413327308305 ] } },
{ "type": "Feature", "properties": { "field_1": 982, "x": 247139.5691, "y": 1130453.507, "scaled_x": 0.67400494656417298, "scaled_y": 0.36911676400188198, "post_mean": 2.8791633258546501, "post_sd": 0.14093717656537599, "post_q10": 2.69777039296756, "post_q50": 2.87947544595922, "post_q90": 3.0593497235289502, "post_prob_exceed": 0.0001, "post_exc_mean": 3.1268106078873698e-06, "prosp_score_happy": 0.00028791633258546501, "prosp_score_sad": 2.69777039296756, "domain_class": "Background" }, "geometry": { "type": "Point", "coordinates": [ -149.538925214437739, 60.088151484177246 ] } },
{ "type": "Feature", "properties": { "field_1": 983, "x": 249674.4175, "y": 1092774.543, "scaled_x": 0.67472271908390802, "scaled_y": 0.34946108801692, "post_mean": 2.9152671854497001, "post_sd": 0.19693555988980599, "post_q10": 2.66576248476427, "post_q50": 2.9156900463388502, "post_q90": 3.1674520128035901, "post_prob_exceed": 0.0051666666666666701, "post_exc_mean": 0.00037506395433141698, "prosp_score_happy": 0.015062213791490101, "prosp_score_sad": 2.66576248476427, "domain_class": "Background" }, "geometry": { "type": "Point", "coordinates": [ -149.538925214562568, 59.750465266431981 ] } },
{ "type": "Feature", "properties": { "field_1": 984, "x": 195983.472, "y": 2274333.202, "scaled_x": 0.65951948829562601, "scaled_y": 0.96583509868584905, "post_mean": 2.6202851311452702, "post_sd": 0.158226513010882, "post_q10": 2.4178415073697699, "post_q50": 2.6210466544974098, "post_q90": 2.8217420681059902, "post_prob_exceed": 0.0, "post_exc_mean": 0.0, "prosp_score_happy": 0.0, "prosp_score_sad": 2.4178415073697699, "domain_class": "Background" }, "geometry": { "type": "Point", "coordinates": [ -148.865188750683302, 70.382568846984768 ] } },
{ "type": "Feature", "properties": { "field_1": 985, "x": 197907.8817, "y": 2249493.476, "scaled_x": 0.66006440782587095, "scaled_y": 0.95287716263932698, "post_mean": 2.78620172028362, "post_sd": 0.125244492870067, "post_q10": 2.6262678390040501, "post_q50": 2.7871349603172102, "post_q90": 2.9459453601484702, "post_prob_exceed": 0.0, "post_exc_mean": 0.0, "prosp_score_happy": 0.0, "prosp_score_sad": 2.6262678390040501, "domain_class": "Background" }, "geometry": { "type": "Point", "coordinates": [ -148.865188751738231, 70.155113038131958 ] } },
{ "type": "Feature", "properties": { "field_1": 986, "x": 199856.1139, "y": 2224346.257, "scaled_x": 0.66061607298076697, "scaled_y": 0.939758819242548, "post_mean": 2.9367132350220801, "post_sd": 0.10211044753397699, "post_q10": 2.8054653679960002, "post_q50": 2.9370726144655501, "post_q90": 3.0672066288976101, "post_prob_exceed": 0.0, "post_exc_mean": 0.0, "prosp_score_happy": 0.0, "prosp_score_sad": 2.8054653679960002, "domain_class": "Background" }, "geometry": { "type": "Point", "coordinates": [ -148.865188750868498, 69.925127463331336 ] } },
{ "type": "Feature", "properties": { "field_1": 987, "x": 201828.3504, "y": 2198889.197, "scaled_x": 0.66117453523914904, "scaled_y": 0.92647884363361799, "post_mean": 3.0709707275809102, "post_sd": 0.088676665255761206, "post_q10": 2.9575853873751998, "post_q50": 3.0716157566722502, "post_q90": 3.1846986831628699, "post_prob_exceed": 0.0, "post_exc_mean": 0.0, "prosp_score_happy": 0.0, "prosp_score_sad": 2.9575853873751998, "domain_class": "Background" }, "geometry": { "type": "Point", "coordinates": [ -148.865188750835557, 69.692587749741051 ] } },
{ "type": "Feature", "properties": { "field_1": 988, "x": 203824.7728, "y": 2173119.952, "scaled_x": 0.661739846023219, "scaled_y": 0.91303601303729098, "post_mean": 3.18840504621831, "post_sd": 0.083159078006048798, "post_q10": 3.08223429524491, "post_q50": 3.1885848513383102, "post_q90": 3.2946769529241, "post_prob_exceed": 0.0015, "post_exc_mean": 2.9904366933848601e-05, "prosp_score_happy": 0.0047826075693274701, "prosp_score_sad": 3.08223429524491, "domain_class": "Background" }, "geometry": { "type": "Point", "coordinates": [ -148.865188751536493, 69.457469397250065 ] } },
{ "type": "Feature", "properties": { "field_1": 989, "x": 205845.5621, "y": 2147036.187, "scaled_x": 0.66231205658528503, "scaled_y": 0.89942910937327603, "post_mean": 3.2887774572388899, "post_sd": 0.0824682638380905, "post_q10": 3.18372942265212, "post_q50": 3.2888028008465899, "post_q90": 3.3936837083036901, "post_prob_exceed": 0.0392666666666667, "post_exc_mean": 0.00128086441569696, "prosp_score_happy": 0.129139328154247, "prosp_score_sad": 3.18372942265212, "domain_class": "Background" }, "geometry": { "type": "Point", "coordinates": [ -148.865188750455388, 69.219747820453648 ] } },
{ "type": "Feature", "properties": { "field_1": 990, "x": 207890.8985, "y": 2120635.574, "scaled_x": 0.66289121795112205, "scaled_y": 0.88565691821291403, "post_mean": 3.3722236560915402, "post_sd": 0.083719734703882401, "post_q10": 3.2651863457257102, "post_q50": 3.3724905038746402, "post_q90": 3.47916307380047, "post_prob_exceed": 0.2304, "post_exc_mean": 0.011160031113462299, "prosp_score_happy": 0.77696033036348999, "prosp_score_sad": 3.2651863457257102, "domain_class": "Background" }, "geometry": { "type": "Point", "coordinates": [ -148.86518875151441, 68.97939832679198 ] } },
{ "type": "Feature", "properties": { "field_1": 991, "x": 209960.9617, "y": 2093915.795, "scaled_x": 0.66347738100492704, "scaled_y": 0.87171823034416596, "post_mean": 3.4392865376114301, "post_sd": 0.0851516526323252, "post_q10": 3.33012372912318, "post_q50": 3.4390532466969801, "post_q90": 3.5483250066063698, "post_prob_exceed": 0.5246, "post_exc_mean": 0.036680587816043199, "prosp_score_happy": 1.80424971763096, "prosp_score_sad": 3.33012372912318, "domain_class": "tier 3" }, "geometry": { "type": "Point", "coordinates": [ -148.865188751790129, 68.736396139557613 ] } },
{ "type": "Feature", "properties": { "field_1": 992, "x": 212055.9304, "y": 2066874.544, "scaled_x": 0.66407059634773202, "scaled_y": 0.85761184281493297, "post_mean": 3.49093264275806, "post_sd": 0.086040422954226106, "post_q10": 3.38094208282793, "post_q50": 3.4908623304454198, "post_q90": 3.6005783117427401, "post_prob_exceed": 0.74553333333333305, "post_exc_mean": 0.069999566099469099, "prosp_score_happy": 2.6026066495975599, "prosp_score_sad": 3.38094208282793, "domain_class": "tier 2" }, "geometry": { "type": "Point", "coordinates": [ -148.86518875016921, 68.490716412186941 ] } },
{ "type": "Feature", "properties": { "field_1": 993, "x": 214175.9823, "y": 2039509.525, "scaled_x": 0.66467091429740999, "scaled_y": 0.84333655788973405, "post_mean": 3.5285469576709301, "post_sd": 0.086292700830840896, "post_q10": 3.4177917149871, "post_q50": 3.5286327271713298, "post_q90": 3.6395826983473998, "post_prob_exceed": 0.86513333333333298, "post_exc_mean": 0.100499561954515, "prosp_score_happy": 3.05266359131305, "prosp_score_sad": 3.4177917149871, "domain_class": "tier 1" }, "geometry": { "type": "Point", "coordinates": [ -148.865188750962176, 68.24233420594885 ] } },
{ "type": "Feature", "properties": { "field_1": 994, "x": 216321.2944, "y": 2011818.454, "scaled_x": 0.66527838497362002, "scaled_y": 0.82889118409302898, "post_mean": 3.5539010061305198, "post_sd": 0.086089204017579801, "post_q10": 3.4440663214771301, "post_q50": 3.5536661911302301, "post_q90": 3.66430667012949, "post_prob_exceed": 0.9192, "post_exc_mean": 0.123104404090896, "prosp_score_happy": 3.2667458048351699, "prosp_score_sad": 3.4440663214771301, "domain_class": "tier 1" }, "geometry": { "type": "Point", "coordinates": [ -148.865188752879845, 67.991224503485157 ] } },
{ "type": "Feature", "properties": { "field_1": 995, "x": 218492.0426, "y": 1983799.064, "scaled_x": 0.66589305818454003, "scaled_y": 0.81427453881753098, "post_mean": 3.5690901784443501, "post_sd": 0.085640110888831195, "post_q10": 3.4600540339041599, "post_q50": 3.56856711370098, "post_q90": 3.6792833716237601, "post_prob_exceed": 0.943533333333333, "post_exc_mean": 0.13722571775894399, "prosp_score_happy": 3.36755555303486, "prosp_score_sad": 3.4600540339041599, "domain_class": "tier 1" }, "geometry": { "type": "Point", "coordinates": [ -148.865188749602083, 67.737362249663661 ] } },
{ "type": "Feature", "properties": { "field_1": 996, "x": 220688.4013, "y": 1955449.099, "scaled_x": 0.66651498331361003, "scaled_y": 0.79948544519422904, "post_mean": 3.5764380633984199, "post_sd": 0.085045265261353697, "post_q10": 3.4685039462051099, "post_q50": 3.5761475569042198, "post_q90": 3.68580337539382, "post_prob_exceed": 0.95393333333333297, "post_exc_mean": 0.14414454427259199, "prosp_score_happy": 3.4116834832778702, "prosp_score_sad": 3.4685039462051099, "domain_class": "tier 1" }, "geometry": { "type": "Point", "coordinates": [ -148.865188750072093, 67.480722293171809 ] } },
{ "type": "Feature", "properties": { "field_1": 997, "x": 222910.544, "y": 1926766.321, "scaled_x": 0.66714420948941999, "scaled_y": 0.78452273574402798, "post_mean": 3.5783683323041702, "post_sd": 0.084254541032624003, "post_q10": 3.4711545745701899, "post_q50": 3.5776859280008702, "post_q90": 3.6864761160755899, "post_prob_exceed": 0.9568, "post_exc_mean": 0.14594078186977799, "prosp_score_happy": 3.42378282034863, "prosp_score_sad": 3.4711545745701899, "domain_class": "tier 1" }, "geometry": { "type": "Point", "coordinates": [ -148.865188751533992, 67.221279444441052 ] } },
{ "type": "Feature", "properties": { "field_1": 998, "x": 225158.6427, "y": 1897748.512, "scaled_x": 0.66778078541581998, "scaled_y": 0.76938525342106601, "post_mean": 3.5772485300092098, "post_sd": 0.083113362549706402, "post_q10": 3.4719852172233199, "post_q50": 3.5770245793434601, "post_q90": 3.6840021794286502, "post_prob_exceed": 0.95776666666666699, "post_exc_mean": 0.144781542095822, "prosp_score_happy": 3.4261694004251599, "prosp_score_sad": 3.4719852172233199, "domain_class": "tier 1" }, "geometry": { "type": "Point", "coordinates": [ -148.865188750215935, 66.959008489111312 ] } },
{ "type": "Feature", "properties": { "field_1": 999, "x": 227432.8678, "y": 1868393.469, "scaled_x": 0.66842475934359902, "scaled_y": 0.75407184900441004, "post_mean": 3.5752146714233501, "post_sd": 0.081457135706320696, "post_q10": 3.4719594157018099, "post_q50": 3.5750154840330701, "post_q90": 3.6795344973739801, "post_prob_exceed": 0.9586, "post_exc_mean": 0.14269037657261999, "prosp_score_happy": 3.4272007840264198, "prosp_score_sad": 3.4719594157018099, "domain_class": "tier 1" }, "geometry": { "type": "Point", "coordinates": [ -148.865188752343641, 66.693884138165828 ] } },
{ "type": "Feature", "properties": { "field_1": 1000, "x": 229733.3885, "y": 1838699.012, "scaled_x": 0.66907617918375295, "scaled_y": 0.73858138527134698, "post_mean": 3.57399046403749, "post_sd": 0.079208877596613894, "post_q10": 3.4734053028676399, "post_q50": 3.5736289914706001, "post_q90": 3.6753068228995098, "post_prob_exceed": 0.961, "post_exc_mean": 0.141305498245448, "prosp_score_happy": 3.4346048359400299, "prosp_score_sad": 3.4734053028676399, "domain_class": "tier 1" }, "geometry": { "type": "Point", "coordinates": [ -148.865188750941314, 66.425881094415985 ] } },
{ "type": "Feature", "properties": { "field_1": 1001, "x": 232060.3719, "y": 1808662.982, "scaled_x": 0.66973509225263705, "scaled_y": 0.72291273595406202, "post_mean": 3.5747195161905498, "post_sd": 0.0764430708930251, "post_q10": 3.4775683729125801, "post_q50": 3.57418436723691, "post_q90": 3.6724373131550601, "post_prob_exceed": 0.9677, "post_exc_mean": 0.14175284297263199, "prosp_score_happy": 3.4592560758176001, "prosp_score_sad": 3.4775683729125801, "domain_class": "tier 1" }, "geometry": { "type": "Point", "coordinates": [ -148.865188749736575, 66.154974029876428 ] } },
{ "type": "Feature", "properties": { "field_1": 1002, "x": 234413.9835, "y": 1778283.242, "scaled_x": 0.67040154541354802, "scaled_y": 0.70706478626129998, "post_mean": 3.5778320801333998, "post_sd": 0.073395072602781802, "post_q10": 3.4841881367003502, "post_q50": 3.5773866672551402, "post_q90": 3.6722606960345998, "post_prob_exceed": 0.97543333333333304, "post_exc_mean": 0.14455706302424501, "prosp_score_happy": 3.48993667203146, "prosp_score_sad": 3.4841881367003502, "domain_class": "tier 1" }, "geometry": { "type": "Point", "coordinates": [ -148.865188750031706, 65.881137589026196 ] } },
{ "type": "Feature", "properties": { "field_1": 1003, "x": 236794.3868, "y": 1747557.682, "scaled_x": 0.67107558496345798, "scaled_y": 0.69103643548667404, "post_mean": 3.5829685939325402, "post_sd": 0.070411407202235696, "post_q10": 3.4935635580875202, "post_q50": 3.5824628522189301, "post_q90": 3.6735642855159201, "post_prob_exceed": 0.9829, "post_exc_mean": 0.14942893470065799, "prosp_score_happy": 3.5216998309763001, "prosp_score_sad": 3.4935635580875202, "domain_class": "tier 1" }, "geometry": { "type": "Point", "coordinates": [ -148.865188751094422, 65.604346428378847 ] } },
{ "type": "Feature", "properties": { "field_1": 1004, "x": 239201.7434, "y": 1716484.217, "scaled_x": 0.67175725666133301, "scaled_y": 0.674826595965341, "post_mean": 3.5889795142034502, "post_sd": 0.067855911581289799, "post_q10": 3.5034738129685201, "post_q50": 3.5888803086330898, "post_q90": 3.6762700583185302, "post_prob_exceed": 0.98863333333333303, "post_exc_mean": 0.15526233511638801, "prosp_score_happy": 3.5481847803919999, "prosp_score_sad": 3.5034738129685201, "domain_class": "tier 1" }, "geometry": { "type": "Point", "coordinates": [ -148.865188751433521, 65.324575192832896 ] } },
{ "type": "Feature", "properties": { "field_1": 1005, "x": 241636.2126, "y": 1685060.791, "scaled_x": 0.67244660561486502, "scaled_y": 0.65843419516065305, "post_mean": 3.5940140850990501, "post_sd": 0.066014328796787994, "post_q10": 3.5102564929286499, "post_q50": 3.5935911414811401, "post_q90": 3.6787920467300501, "post_prob_exceed": 0.99213333333333298, "post_exc_mean": 0.16020139570526301, "prosp_score_happy": 3.5657411742962699, "prosp_score_sad": 3.5102564929286499, "domain_class": "tier 1" }, "geometry": { "type": "Point", "coordinates": [ -148.865188750745119, 65.04179854599866 ] } },
{ "type": "Feature", "properties": { "field_1": 1006, "x": 244097.9514, "y": 1653285.376, "scaled_x": 0.673143676280475, "scaled_y": 0.641858175142488, "post_mean": 3.5956999958132201, "post_sd": 0.065058408717160204, "post_q10": 3.5130512312399, "post_q50": 3.5956556380190299, "post_q90": 3.6791638304937999, "post_prob_exceed": 0.9933, "post_exc_mean": 0.16185112996249501, "prosp_score_happy": 3.5716088058412701, "prosp_score_sad": 3.5130512312399, "domain_class": "tier 1" }, "geometry": { "type": "Point", "coordinates": [ -148.865188751477518, 64.755991155355375 ] } },
{ "type": "Feature", "properties": { "field_1": 1007, "x": 246587.1145, "y": 1621155.977, "scaled_x": 0.67384851246330901, "scaled_y": 0.62509749519556701, "post_mean": 3.59140260090581, "post_sd": 0.065101979168481705, "post_q10": 3.5080001112744901, "post_q50": 3.5910848834735001, "post_q90": 3.6747501858151699, "post_prob_exceed": 0.99176666666666702, "post_exc_mean": 0.15758325914633001, "prosp_score_happy": 3.5618333861583502, "prosp_score_sad": 3.5080001112744901, "domain_class": "tier 1" }, "geometry": { "type": "Point", "coordinates": [ -148.865188750658774, 64.46712773095534 ] } },
{ "type": "Feature", "properties": { "field_1": 1008, "x": 249103.8538, "y": 1588670.632, "scaled_x": 0.67456115717566201, "scaled_y": 0.60815113181944802, "post_mean": 3.57853882599637, "post_sd": 0.066300389656618997, "post_q10": 3.4937244808975998, "post_q50": 3.5782914414970199, "post_q90": 3.66344659754983, "post_prob_exceed": 0.9859, "post_exc_mean": 0.14488526036723301, "prosp_score_happy": 3.5280814285498199, "prosp_score_sad": 3.4937244808975998, "domain_class": "tier 1" }, "geometry": { "type": "Point", "coordinates": [ -148.865188750432964, 64.175183019609349 ] } },
{ "type": "Feature", "properties": { "field_1": 1009, "x": 251648.3187, "y": 1555827.413, "scaled_x": 0.67528165272192497, "scaled_y": 0.59101807925019101, "post_mean": 3.5549099634463599, "post_sd": 0.068878034815099395, "post_q10": 3.4671790683428698, "post_q50": 3.5545407397441302, "post_q90": 3.64273458781518, "post_prob_exceed": 0.9609, "post_exc_mean": 0.12199206326840201, "prosp_score_happy": 3.4159129838756099, "prosp_score_sad": 3.4671790683428698, "domain_class": "tier 1" }, "geometry": { "type": "Point", "coordinates": [ -148.865188750133512, 63.880131807364613 ] } },
{ "type": "Feature", "properties": { "field_1": 1010, "x": 254220.6555, "y": 1522624.43, "scaled_x": 0.67601004052868496, "scaled_y": 0.57369735154700396, "post_mean": 3.5190121023188898, "post_sd": 0.0729998861713788, "post_q10": 3.4257074525901499, "post_q50": 3.5191132090230601, "post_q90": 3.6125322182645698, "post_prob_exceed": 0.87836666666666696, "post_exc_mean": 0.089415686750040899, "prosp_score_happy": 3.0909829302734999, "prosp_score_sad": 3.4257074525901499, "domain_class": "tier 1" }, "geometry": { "type": "Point", "coordinates": [ -148.865188752259257, 63.581948949270519 ] } },
{ "type": "Feature", "properties": { "field_1": 1011, "x": 256821.0079, "y": 1489059.832, "scaled_x": 0.67674636128630805, "scaled_y": 0.55618798311390405, "post_mean": 3.4702846827674301, "post_sd": 0.078539390694155706, "post_q10": 3.3693082872979399, "post_q50": 3.4704387095447302, "post_q90": 3.5705184473601701, "post_prob_exceed": 0.67933333333333301, "post_exc_mean": 0.052762950778970898, "prosp_score_happy": 2.3574800611600102, "prosp_score_sad": 3.3693082872979399, "domain_class": "tier 2" }, "geometry": { "type": "Point", "coordinates": [ -148.865188750815065, 63.280609371457999 ] } },
{ "type": "Feature", "properties": { "field_1": 1012, "x": 259449.5159, "y": 1455131.809, "scaled_x": 0.67749065463746205, "scaled_y": 0.53848902974304302, "post_mean": 3.40926669147973, "post_sd": 0.084913351778421603, "post_q10": 3.29996321966349, "post_q50": 3.40927618715877, "post_q90": 3.5179657509381399, "post_prob_exceed": 0.38716666666666699, "post_exc_mean": 0.0228808138176992, "prosp_score_happy": 1.3199544207178999, "prosp_score_sad": 3.29996321966349, "domain_class": "Background" }, "geometry": { "type": "Point", "coordinates": [ -148.865188750368674, 62.976088083147708 ] } },
{ "type": "Feature", "properties": { "field_1": 1013, "x": 262106.3165, "y": 1420838.593, "scaled_x": 0.67824295937532997, "scaled_y": 0.52059956913636896, "post_mean": 3.3376444809596202, "post_sd": 0.091107855162108398, "post_q10": 3.2205933748442601, "post_q50": 3.3379988820994502, "post_q90": 3.45430792625758, "post_prob_exceed": 0.14446666666666699, "post_exc_mean": 0.0067473209809411497, "prosp_score_happy": 0.48217837268263303, "prosp_score_sad": 3.2205933748442601, "domain_class": "Background" }, "geometry": { "type": "Point", "coordinates": [ -148.865188750351336, 62.668360178381739 ] } },
{ "type": "Feature", "properties": { "field_1": 1014, "x": 264791.5432, "y": 1386178.461, "scaled_x": 0.67900331330202601, "scaled_y": 0.50251870247060804, "post_mean": 3.2581918724888901, "post_sd": 0.095877658593485099, "post_q10": 3.13548306701276, "post_q50": 3.2591872345179098, "post_q90": 3.3814252793147599, "post_prob_exceed": 0.032766666666666701, "post_exc_mean": 0.00120398678265021, "prosp_score_happy": 0.106760087021886, "prosp_score_sad": 3.13548306701276, "domain_class": "Background" }, "geometry": { "type": "Point", "coordinates": [ -148.865188750481508, 62.357400856323039 ] } },
{ "type": "Feature", "properties": { "field_1": 1015, "x": 267505.3257, "y": 1351149.738, "scaled_x": 0.67977175314365101, "scaled_y": 0.48424555596225399, "post_mean": 3.1746184156995398, "post_sd": 0.098059288031309394, "post_q10": 3.0490024820441199, "post_q50": 3.1758405772179801, "post_q90": 3.30007984919314, "post_prob_exceed": 0.0039, "post_exc_mean": 0.00011806632424401, "prosp_score_happy": 0.012381011821228201, "prosp_score_sad": 3.0490024820441199, "domain_class": "Background" }, "geometry": { "type": "Point", "coordinates": [ -148.865188752043025, 62.043185441301347 ] } },
{ "type": "Feature", "properties": { "field_1": 1016, "x": 270247.79, "y": 1315750.8, "scaled_x": 0.68054831457860498, "scaled_y": 0.46577928243255301, "post_mean": 3.0913524423788101, "post_sd": 0.097033714693483694, "post_q10": 2.9659750486051601, "post_q50": 3.09291111355286, "post_q90": 3.2148449307943299, "post_prob_exceed": 0.0001, "post_exc_mean": 2.95849973111479e-06, "prosp_score_happy": 0.00030913524423788099, "prosp_score_sad": 2.9659750486051601, "domain_class": "Background" }, "geometry": { "type": "Point", "coordinates": [ -148.865188751515092, 61.725689402479567 ] } },
{ "type": "Feature", "properties": { "field_1": 1017, "x": 273019.0581, "y": 1279980.071, "scaled_x": 0.68133303215264196, "scaled_y": 0.44711905974251598, "post_mean": 3.0132902727918598, "post_sd": 0.093553498174580099, "post_q10": 2.8927301097285798, "post_q50": 3.0138407203175701, "post_q90": 3.1332015912837998, "post_prob_exceed": 0.0, "post_exc_mean": 0.0, "prosp_score_happy": 0.0, "prosp_score_sad": 2.8927301097285798, "domain_class": "Background" }, "geometry": { "type": "Point", "coordinates": [ -148.865188750788178, 61.404888320217864 ] } },
{ "type": "Feature", "properties": { "field_1": 1018, "x": 275819.2476, "y": 1243836.033, "scaled_x": 0.68212593916560205, "scaled_y": 0.42826409600953902, "post_mean": 2.9455417644688402, "post_sd": 0.091272731800576906, "post_q10": 2.8280262255331099, "post_q50": 2.9456157027979599, "post_q90": 3.0631874819996598, "post_prob_exceed": 0.0, "post_exc_mean": 0.0, "prosp_score_happy": 0.0, "prosp_score_sad": 2.8280262255331099, "domain_class": "Background" }, "geometry": { "type": "Point", "coordinates": [ -148.865188749944878, 61.080757968322118 ] } },
{ "type": "Feature", "properties": { "field_1": 1019, "x": 278648.4719, "y": 1207317.221, "scaled_x": 0.68292706772804701, "scaled_y": 0.40921362699909197, "post_mean": 2.8931964477707099, "post_sd": 0.098108984948744302, "post_q10": 2.76717788429989, "post_q50": 2.8934350715634398, "post_q90": 3.0187477269174998, "post_prob_exceed": 0.0, "post_exc_mean": 0.0, "prosp_score_happy": 0.0, "prosp_score_sad": 2.76717788429989, "domain_class": "Background" }, "geometry": { "type": "Point", "coordinates": [ -148.865188750788434, 60.753274262068643 ] } },
{ "type": "Feature", "properties": { "field_1": 1020, "x": 281506.8398, "y": 1170422.232, "scaled_x": 0.68373644864799299, "scaled_y": 0.38996692081967699, "post_mean": 2.8611262344266999, "post_sd": 0.122714901794247, "post_q10": 2.7041154808940102, "post_q50": 2.8614564788221002, "post_q90": 3.01810049931637, "post_prob_exceed": 0.0, "post_exc_mean": 0.0, "prosp_score_happy": 0.0, "prosp_score_sad": 2.7041154808940102, "domain_class": "Background" }, "geometry": { "type": "Point", "coordinates": [ -148.86518875135485, 60.422413331376937 ] } },
{ "type": "Feature", "properties": { "field_1": 1021, "x": 284394.4555, "y": 1133149.722, "scaled_x": 0.68455411143090905, "scaled_y": 0.37052327635784299, "post_mean": 2.85383170041329, "post_sd": 0.16764735085008101, "post_q10": 2.6386416818553302, "post_q50": 2.8538961489928401, "post_q90": 3.0672745134816699, "post_prob_exceed": 0.000366666666666667, "post_exc_mean": 1.27565334335464e-05, "prosp_score_happy": 0.0010464049568182101, "prosp_score_sad": 2.6386416818553302, "domain_class": "Background" }, "geometry": { "type": "Point", "coordinates": [ -148.865188750282044, 60.088151486671116 ] } },
{ "type": "Feature", "properties": { "field_1": 1022, "x": 223812.8979, "y": 2251632.661, "scaled_x": 0.66739972174510198, "scaled_y": 0.95399309372575203, "post_mean": 2.8362901321701299, "post_sd": 0.13176781603754101, "post_q10": 2.6676820122862099, "post_q50": 2.8359625227605401, "post_q90": 3.00407773360494, "post_prob_exceed": 0.0, "post_exc_mean": 0.0, "prosp_score_happy": 0.0, "prosp_score_sad": 2.6676820122862099, "domain_class": "Background" }, "geometry": { "type": "Point", "coordinates": [ -148.19145228783654, 70.155113035348563 ] } },
{ "type": "Feature", "properties": { "field_1": 1023, "x": 226016.1425, "y": 2226506.501, "scaled_x": 0.66802359669878197, "scaled_y": 0.94088573600470804, "post_mean": 2.9909506506305199, "post_sd": 0.106659177024358, "post_q10": 2.85396280653951, "post_q50": 2.9914828906942499, "post_q90": 3.1276725292974299, "post_prob_exceed": 0.0, "post_exc_mean": 0.0, "prosp_score_happy": 0.0, "prosp_score_sad": 2.85396280653951, "domain_class": "Background" }, "geometry": { "type": "Point", "coordinates": [ -148.191452288520139, 69.925127465794773 ] } },
{ "type": "Feature", "properties": { "field_1": 1024, "x": 228246.5336, "y": 2201070.759, "scaled_x": 0.66865515850730795, "scaled_y": 0.92761688118191998, "post_mean": 3.1279905179683101, "post_sd": 0.092373604108866095, "post_q10": 3.0089269987548901, "post_q50": 3.1282511978460299, "post_q90": 3.24618758720537, "post_prob_exceed": 0.0004, "post_exc_mean": 7.1474423501286898e-06, "prosp_score_happy": 0.00125119620718732, "prosp_score_sad": 3.0089269987548901, "domain_class": "Background" }, "geometry": { "type": "Point", "coordinates": [ -148.191452286747364, 69.69258775311161 ] } },
{ "type": "Feature", "properties": { "field_1": 1025, "x": 230504.2763, "y": 2175323.093, "scaled_x": 0.66929446524718705, "scaled_y": 0.91418530752546201, "post_mean": 3.2467400785954901, "post_sd": 0.087336301547835199, "post_q10": 3.1344240806064398, "post_q50": 3.2470594834251698, "post_q90": 3.3585473127298102, "post_prob_exceed": 0.0154, "post_exc_mean": 0.00045845740432244998, "prosp_score_happy": 0.049999797210370497, "prosp_score_sad": 3.1344240806064398, "domain_class": "Background" }, "geometry": { "type": "Point", "coordinates": [ -148.191452289199106, 69.457469397753925 ] } },
{ "type": "Feature", "properties": { "field_1": 1026, "x": 232789.5755, "y": 2149261.17, "scaled_x": 0.66994157493829598, "scaled_y": 0.90058979799836802, "post_mean": 3.34688738496425, "post_sd": 0.088119395579473903, "post_q10": 3.2342827080238798, "post_q50": 3.3472772600602898, "post_q90": 3.4600047273486099, "post_prob_exceed": 0.15966666666666701, "post_exc_mean": 0.0074720487057089498, "prosp_score_happy": 0.534386352465959, "prosp_score_sad": 3.2342827080238798, "domain_class": "Background" }, "geometry": { "type": "Point", "coordinates": [ -148.19145228766925, 69.219747814548654 ] } },
{ "type": "Feature", "properties": { "field_1": 1027, "x": 235102.6348, "y": 2122882.665, "scaled_x": 0.67059654523240098, "scaled_y": 0.88682913973696498, "post_mean": 3.4285299360500501, "post_sd": 0.091286429723804102, "post_q10": 3.3124343727766901, "post_q50": 3.42884694456927, "post_q90": 3.5447235453325798, "post_prob_exceed": 0.47796666666666698, "post_exc_mean": 0.033799989181411902, "prosp_score_happy": 1.6387230251007201, "prosp_score_sad": 3.3124343727766901, "domain_class": "tier 3" }, "geometry": { "type": "Point", "coordinates": [ -148.191452288983044, 68.979398320620007 ] } },
{ "type": "Feature", "properties": { "field_1": 1028, "x": 237443.6575, "y": 2096185.262, "scaled_x": 0.67125943369631702, "scaled_y": 0.87290212457253702, "post_mean": 3.4922153285022701, "post_sd": 0.094658141343356705, "post_q10": 3.3708045534768201, "post_q50": 3.4924821346590198, "post_q90": 3.6127711116098702, "post_prob_exceed": 0.7301, "post_exc_mean": 0.073806436912563098, "prosp_score_happy": 2.5496664113395, "prosp_score_sad": 3.3708045534768201, "domain_class": "tier 2" }, "geometry": { "type": "Point", "coordinates": [ -148.191452287793624, 68.736396139687528 ] } },
{ "type": "Feature", "properties": { "field_1": 1029, "x": 239812.8456, "y": 2069166.656, "scaled_x": 0.671930297528752, "scaled_y": 0.85880755007464604, "post_mean": 3.5389653042975402, "post_sd": 0.097253415154376993, "post_q10": 3.4142885380964301, "post_q50": 3.53912057630615, "post_q90": 3.6633995352071, "post_prob_exceed": 0.8603, "post_exc_mean": 0.111922603740631, "prosp_score_happy": 3.04457185128717, "prosp_score_sad": 3.4142885380964301, "domain_class": "tier 1" }, "geometry": { "type": "Point", "coordinates": [ -148.191452287046616, 68.490716416833735 ] } },
{ "type": "Feature", "properties": { "field_1": 1030, "x": 242210.4003, "y": 2041824.552, "scaled_x": 0.67260919370188099, "scaled_y": 0.84454421902947296, "post_mean": 3.5702773769776099, "post_sd": 0.098814014859180205, "post_q10": 3.4434718544234202, "post_q50": 3.57019989253727, "post_q90": 3.6974848021324802, "post_prob_exceed": 0.9168, "post_exc_mean": 0.140070184607506, "prosp_score_happy": 3.2732302992130702, "prosp_score_sad": 3.4434718544234202, "domain_class": "tier 1" }, "geometry": { "type": "Point", "coordinates": [ -148.191452287738798, 68.242334204863894 ] } },
{ "type": "Feature", "properties": { "field_1": 1031, "x": 244636.5216, "y": 2014156.67, "scaled_x": 0.67329617884808701, "scaled_y": 0.83011094204812697, "post_mean": 3.58809836745414, "post_sd": 0.099414339257892795, "post_q10": 3.4609736532602802, "post_q50": 3.58821184931133, "post_q90": 3.71676785795459, "post_prob_exceed": 0.93956666666666699, "post_exc_mean": 0.156715826242384, "prosp_score_happy": 3.3712576227809898, "prosp_score_sad": 3.4609736532602802, "domain_class": "tier 1" }, "geometry": { "type": "Point", "coordinates": [ -148.191452288103108, 67.991224505363149 ] } },
{ "type": "Feature", "properties": { "field_1": 1032, "x": 247091.4083, "y": 1986160.743, "scaled_x": 0.67399130925995798, "scaled_y": 0.81550653652331895, "post_mean": 3.5947650945358798, "post_sd": 0.099215036349700303, "post_q10": 3.4677456800747501, "post_q50": 3.5945772893677099, "post_q90": 3.7226419988606798, "post_prob_exceed": 0.9473, "post_exc_mean": 0.16299865761259399, "prosp_score_happy": 3.4053209740538399, "prosp_score_sad": 3.4677456800747501, "domain_class": "tier 1" }, "geometry": { "type": "Point", "coordinates": [ -148.191452287846488, 67.737362246145736 ] } },
{ "type": "Feature", "properties": { "field_1": 1033, "x": 249575.2579, "y": 1957834.518, "scaled_x": 0.67469464086197295, "scaled_y": 0.80072982715102503, "post_mean": 3.59290917101259, "post_sd": 0.098328451971998798, "post_q10": 3.4675055579585599, "post_q50": 3.59320178745521, "post_q90": 3.7195367494369802, "post_prob_exceed": 0.94693333333333296, "post_exc_mean": 0.16116189156292299, "prosp_score_happy": 3.4022454576708601, "prosp_score_sad": 3.4675055579585599, "domain_class": "tier 1" }, "geometry": { "type": "Point", "coordinates": [ -148.191452288363791, 67.480722285762695 ] } },
{ "type": "Feature", "properties": { "field_1": 1034, "x": 252088.2664, "y": 1929175.76, "scaled_x": 0.67540622915386495, "scaled_y": 0.78577964801713396, "post_mean": 3.5853256232574502, "post_sd": 0.096771627627631099, "post_q10": 3.4618939634322698, "post_q50": 3.5857296592711201, "post_q90": 3.70974145171648, "post_prob_exceed": 0.9418, "post_exc_mean": 0.15383715214789001, "prosp_score_happy": 3.37665967198387, "prosp_score_sad": 3.4618939634322698, "domain_class": "tier 1" }, "geometry": { "type": "Point", "coordinates": [ -148.191452289197969, 67.221279444895657 ] } },
{ "type": "Feature", "properties": { "field_1": 1035, "x": 254630.6284, "y": 1900182.251, "scaled_x": 0.676126129238943, "scaled_y": 0.77065484207578505, "post_mean": 3.5748087933852699, "post_sd": 0.094487387436565304, "post_q10": 3.4539310072275602, "post_q50": 3.5750751127454299, "post_q90": 3.6954952891405899, "post_prob_exceed": 0.93206666666666704, "post_exc_mean": 0.143719695438007, "prosp_score_happy": 3.3319601160212899, "prosp_score_sad": 3.4539310072275602, "domain_class": "tier 1" }, "geometry": { "type": "Point", "coordinates": [ -148.191452287851661, 66.959008492390339 ] } },
{ "type": "Feature", "properties": { "field_1": 1036, "x": 257202.5367, "y": 1870851.79, "scaled_x": 0.67685439571082295, "scaled_y": 0.75535426114936699, "post_mean": 3.56396359483655, "post_sd": 0.091407892304547003, "post_q10": 3.4471505709062198, "post_q50": 3.56403096627092, "post_q90": 3.6798197512625102, "post_prob_exceed": 0.92303333333333304, "post_exc_mean": 0.13324572877504501, "prosp_score_happy": 3.2896571968206301, "prosp_score_sad": 3.4471505709062198, "domain_class": "tier 1" }, "geometry": { "type": "Point", "coordinates": [ -148.191452288877031, 66.693884140611019 ] } },
{ "type": "Feature", "properties": { "field_1": 1037, "x": 259804.1825, "y": 1841182.199, "scaled_x": 0.67759108271006296, "scaled_y": 0.73987676905849298, "post_mean": 3.5550052836901398, "post_sd": 0.0875298005387775, "post_q10": 3.4434625542953099, "post_q50": 3.5546566345134298, "post_q90": 3.6661783730400801, "post_prob_exceed": 0.918, "post_exc_mean": 0.124419074376445, "prosp_score_happy": 3.2634948504275498, "prosp_score_sad": 3.4434625542953099, "domain_class": "tier 1" }, "geometry": { "type": "Point", "coordinates": [ -148.191452287374091, 66.425881093996409 ] } },
{ "type": "Feature", "properties": { "field_1": 1038, "x": 262435.7547, "y": 1811171.321, "scaled_x": 0.67833624372594903, "scaled_y": 0.72422124057866999, "post_mean": 3.5495658042932701, "post_sd": 0.082972741425361998, "post_q10": 3.4439110262478101, "post_q50": 3.5489584532545702, "post_q90": 3.6552407651593399, "post_prob_exceed": 0.91966666666666697, "post_exc_mean": 0.118710154096331, "prosp_score_happy": 3.2644173513483699, "prosp_score_sad": 3.4439110262478101, "domain_class": "tier 1" }, "geometry": { "type": "Point", "coordinates": [ -148.191452288735718, 66.154974026373154 ] } },
{ "type": "Feature", "properties": { "field_1": 1039, "x": 265097.4407, "y": 1780817.022, "scaled_x": 0.67908993182302202, "scaled_y": 0.70838656248362897, "post_mean": 3.5485285918901699, "post_sd": 0.078001318410234194, "post_q10": 3.4488468813130302, "post_q50": 3.54790554021189, "post_q90": 3.6481182729350499, "post_prob_exceed": 0.93073333333333297, "post_exc_mean": 0.116998588632428, "prosp_score_happy": 3.3027338447585799, "prosp_score_sad": 3.4488468813130302, "domain_class": "tier 1" }, "geometry": { "type": "Point", "coordinates": [ -148.191452286873783, 65.881137592879412 ] } },
{ "type": "Feature", "properties": { "field_1": 1040, "x": 267789.4253, "y": 1750117.191, "scaled_x": 0.67985219932960295, "scaled_y": 0.69237163354532005, "post_mean": 3.5519153597196498, "post_sd": 0.073001414418199503, "post_q10": 3.4589187804621901, "post_q50": 3.55125762396499, "post_q90": 3.6450315506640201, "post_prob_exceed": 0.94773333333333298, "post_exc_mean": 0.119559616316083, "prosp_score_happy": 3.3662685835849699, "prosp_score_sad": 3.4589187804621901, "domain_class": "tier 1" }, "geometry": { "type": "Point", "coordinates": [ -148.191452288528467, 65.604346425334697 ] } },
{ "type": "Feature", "properties": { "field_1": 1041, "x": 270511.8912, "y": 1719069.748, "scaled_x": 0.68062309797937504, "scaled_y": 0.67617536870721096, "post_mean": 3.5588468192876399, "post_sd": 0.068414727898934394, "post_q10": 3.4718360008867202, "post_q50": 3.5583293472523301, "post_q90": 3.6464264572649099, "post_prob_exceed": 0.9673, "post_exc_mean": 0.12577304578515, "prosp_score_happy": 3.4424725282969302, "prosp_score_sad": 3.4718360008867202, "domain_class": "tier 1" }, "geometry": { "type": "Point", "coordinates": [ -148.191452286961919, 65.324575197779595 ] } },
{ "type": "Feature", "properties": { "field_1": 1042, "x": 273265.0186, "y": 1687672.635, "scaled_x": 0.681402678798114, "scaled_y": 0.65979669438932798, "post_mean": 3.5675937760225498, "post_sd": 0.064654920537030397, "post_q10": 3.48527424371856, "post_q50": 3.56717398578748, "post_q90": 3.6506165856902002, "post_prob_exceed": 0.98056666666666703, "post_exc_mean": 0.13407810138947299, "prosp_score_happy": 3.49826353697518, "prosp_score_sad": 3.48527424371856, "domain_class": "tier 1" }, "geometry": { "type": "Point", "coordinates": [ -148.191452287778304, 65.041798540504971 ] } },
{ "type": "Feature", "properties": { "field_1": 1043, "x": 276048.985, "y": 1655923.829, "scaled_x": 0.68219099204705902, "scaled_y": 0.64323455526985995, "post_mean": 3.5757254810179302, "post_sd": 0.062049573767178998, "post_q10": 3.4970272356779599, "post_q50": 3.5752213724552799, "post_q90": 3.65540025574122, "post_prob_exceed": 0.98843333333333305, "post_exc_mean": 0.141971554677325, "prosp_score_happy": 3.5343662562874898, "prosp_score_sad": 3.4970272356779599, "domain_class": "tier 1" }, "geometry": { "type": "Point", "coordinates": [ -148.191452288631865, 64.75599115056751 ] } },
{ "type": "Feature", "properties": { "field_1": 1044, "x": 278863.9653, "y": 1623821.336, "scaled_x": 0.68298808725122795, "scaled_y": 0.62648791115518898, "post_mean": 3.58034944517388, "post_sd": 0.060847242985352303, "post_q10": 3.50273686267747, "post_q50": 3.5797853178072798, "post_q90": 3.6585423357578799, "post_prob_exceed": 0.99206666666666699, "post_exc_mean": 0.146510214746184, "prosp_score_happy": 3.5519453395755001, "prosp_score_sad": 3.50273686267747, "domain_class": "tier 1" }, "geometry": { "type": "Point", "coordinates": [ -148.191452288452638, 64.467127732028246 ] } },
{ "type": "Feature", "properties": { "field_1": 1045, "x": 281710.1315, "y": 1591363.194, "scaled_x": 0.68379401311447097, "scaled_y": 0.60955573854487299, "post_mean": 3.5784229413181201, "post_sd": 0.061270556787009198, "post_q10": 3.5001206070010502, "post_q50": 3.57805693867292, "post_q90": 3.6567863410983601, "post_prob_exceed": 0.9913, "post_exc_mean": 0.144615145318326, "prosp_score_happy": 3.5472906617286601, "prosp_score_sad": 3.5001206070010502, "domain_class": "tier 1" }, "geometry": { "type": "Point", "coordinates": [ -148.191452288142301, 64.175183016879785 ] } },
{ "type": "Feature", "properties": { "field_1": 1046, "x": 284587.6524, "y": 1558547.478, "scaled_x": 0.68460881743451796, "scaled_y": 0.592437033239957, "post_mean": 3.5671038890734601, "post_sd": 0.0635213084945557, "post_q10": 3.48641344064893, "post_q50": 3.5670097612362199, "post_q90": 3.6480964904601598, "post_prob_exceed": 0.98223333333333296, "post_exc_mean": 0.133520625440881, "prosp_score_happy": 3.5037283433109199, "prosp_score_sad": 3.48641344064893, "domain_class": "tier 1" }, "geometry": { "type": "Point", "coordinates": [ -148.191452287664617, 63.880131803655615 ] } },
{ "type": "Feature", "properties": { "field_1": 1047, "x": 287496.6935, "y": 1525372.3, "scaled_x": 0.68543254707466605, "scaled_y": 0.57513081034297298, "post_mean": 3.5441005655050999, "post_sd": 0.067658332325306006, "post_q10": 3.4578361850764701, "post_q50": 3.5441407361843602, "post_q90": 3.6304095459329799, "post_prob_exceed": 0.94833333333333303, "post_exc_mean": 0.111607187850364, "prosp_score_happy": 3.36098870295401, "prosp_score_sad": 3.4578361850764701, "domain_class": "tier 1" }, "geometry": { "type": "Point", "coordinates": [ -148.191452288101829, 63.581948951108167 ] } },
{ "type": "Feature", "properties": { "field_1": 1048, "x": 290437.4172, "y": 1491835.809, "scaled_x": 0.686265248020408, "scaled_y": 0.55763610425793797, "post_mean": 3.5079778740606602, "post_sd": 0.073406490753884598, "post_q10": 3.4139391423569498, "post_q50": 3.5079811654043498, "post_q90": 3.6021658961915999, "post_prob_exceed": 0.8445, "post_exc_mean": 0.080048657397477796, "prosp_score_happy": 2.9624873146442301, "prosp_score_sad": 3.4139391423569498, "domain_class": "tier 1" }, "geometry": { "type": "Point", "coordinates": [ -148.191452287618716, 63.280609371571401 ] } },
{ "type": "Feature", "properties": { "field_1": 1049, "x": 293409.9819, "y": 1457936.197, "scaled_x": 0.68710696512459302, "scaled_y": 0.53995197182032895, "post_mean": 3.4583836094866802, "post_sd": 0.080057645853263304, "post_q10": 3.3545684470126198, "post_q50": 3.4586662714633198, "post_q90": 3.56105459212506, "post_prob_exceed": 0.62223333333333297, "post_exc_mean": 0.045564835475955599, "prosp_score_happy": 2.1519215612762599, "prosp_score_sad": 3.3545684470126198, "domain_class": "tier 2" }, "geometry": { "type": "Point", "coordinates": [ -148.191452288973011, 62.976088078574051 ] } },
{ "type": "Feature", "properties": { "field_1": 1050, "x": 296414.5426, "y": 1423671.698, "scaled_x": 0.68795774227731599, "scaled_y": 0.52207749177541396, "post_mean": 3.3961702685419901, "post_sd": 0.086551152059385794, "post_q10": 3.28464676248137, "post_q50": 3.39654381164245, "post_q90": 3.5070418003060801, "post_prob_exceed": 0.33133333333333298, "post_exc_mean": 0.018751496117233299, "prosp_score_happy": 1.12526441564358, "prosp_score_sad": 3.28464676248137, "domain_class": "Background" }, "geometry": { "type": "Point", "coordinates": [ -148.191452289296421, 62.66836017073107 ] } },
{ "type": "Feature", "properties": { "field_1": 1051, "x": 299451.2502, "y": 1389040.591, "scaled_x": 0.68881762220771003, "scaled_y": 0.50401176634324596, "post_mean": 3.3234039410244098, "post_sd": 0.091701313356635603, "post_q10": 3.2056593825528701, "post_q50": 3.3244397437277402, "post_q90": 3.4409958531634199, "post_prob_exceed": 0.112933333333333, "post_exc_mean": 0.0050320794897565201, "prosp_score_happy": 0.37532308507302298, "prosp_score_sad": 3.2056593825528701, "domain_class": "Background" }, "geometry": { "type": "Point", "coordinates": [ -148.19145228880916, 62.357400852223471 ] } },
{ "type": "Feature", "properties": { "field_1": 1052, "x": 302520.2515, "y": 1354041.202, "scaled_x": 0.68968664648394395, "scaled_y": 0.48575392226198, "post_mean": 3.24326812775849, "post_sd": 0.094543815400907699, "post_q10": 3.12149952287576, "post_q50": 3.2446323673054902, "post_q90": 3.3638746087086302, "post_prob_exceed": 0.0215, "post_exc_mean": 0.000722482242675541, "prosp_score_happy": 0.069730264746807505, "prosp_score_sad": 3.12149952287576, "domain_class": "Background" }, "geometry": { "type": "Point", "coordinates": [ -148.191452287316196, 62.043185443707763 ] } },
{ "type": "Feature", "properties": { "field_1": 1053, "x": 305621.6888, "y": 1318671.907, "scaled_x": 0.69056485539995804, "scaled_y": 0.46730311235286098, "post_mean": 3.1598836476037699, "post_sd": 0.0948860697883466, "post_q10": 3.0374469589986099, "post_q50": 3.1608634571125598, "post_q90": 3.28146577071493, "post_prob_exceed": 0.00166666666666667, "post_exc_mean": 3.8500217357251901e-05, "prosp_score_happy": 0.0052664727460062797, "prosp_score_sad": 3.0374469589986099, "domain_class": "Background" }, "geometry": { "type": "Point", "coordinates": [ -148.191452286817565, 61.725689402347307 ] } },
{ "type": "Feature", "properties": { "field_1": 1054, "x": 308755.7, "y": 1282931.133, "scaled_x": 0.691452288003778, "scaled_y": 0.448658516041886, "post_mean": 3.0780737857255001, "post_sd": 0.094280191265686403, "post_q10": 2.95714650370742, "post_q50": 3.0784627548424801, "post_q90": 3.19900666086264, "post_prob_exceed": 0.0, "post_exc_mean": 0.0, "prosp_score_happy": 0.0, "prosp_score_sad": 2.95714650370742, "domain_class": "Background" }, "geometry": { "type": "Point", "coordinates": [ -148.191452287884118, 61.40488832354373 ] } },
{ "type": "Feature", "properties": { "field_1": 1055, "x": 311922.4184, "y": 1246817.362, "scaled_x": 0.69234898204088902, "scaled_y": 0.42981934144645101, "post_mean": 3.0031057688025502, "post_sd": 0.097421194314190995, "post_q10": 2.8779423749922399, "post_q50": 3.0028238429063099, "post_q90": 3.12914407084277, "post_prob_exceed": 0.0, "post_exc_mean": 0.0, "prosp_score_happy": 0.0, "prosp_score_sad": 2.8779423749922399, "domain_class": "Background" }, "geometry": { "type": "Point", "coordinates": [ -148.191452286935089, 61.080757969541239 ] } },
{ "type": "Feature", "properties": { "field_1": 1056, "x": 315121.9721, "y": 1210329.131, "scaled_x": 0.69325497378433099, "scaled_y": 0.41078482537534899, "post_mean": 2.9404361739111402, "post_sd": 0.112103421985027, "post_q10": 2.79710810286773, "post_q50": 2.9407094923568802, "post_q90": 3.0843341440952701, "post_prob_exceed": 0.0, "post_exc_mean": 0.0, "prosp_score_happy": 0.0, "prosp_score_sad": 2.79710810286773, "domain_class": "Background" }, "geometry": { "type": "Point", "coordinates": [ -148.19145228745154, 60.753274262633816 ] } },
{ "type": "Feature", "properties": { "field_1": 1057, "x": 318354.4841, "y": 1173465.038, "scaled_x": 0.69417029806302, "scaled_y": 0.39155423645874599, "post_mean": 2.8954808170906001, "post_sd": 0.144728226217955, "post_q10": 2.7098737923807001, "post_q50": 2.8951417186716202, "post_q90": 3.08095497419668, "post_prob_exceed": 3.3333333333333301e-05, "post_exc_mean": 7.2018566751162696e-07, "prosp_score_happy": 9.65160272363534e-05, "prosp_score_sad": 2.7098737923807001, "domain_class": "Background" }, "geometry": { "type": "Point", "coordinates": [ -148.191452288255817, 60.422413331195528 ] } },
{ "type": "Feature", "properties": { "field_1": 1058, "x": 321620.0722, "y": 1136223.74, "scaled_x": 0.69509498823342797, "scaled_y": 0.37212687410485001, "post_mean": 2.87342094128776, "post_sd": 0.19663775862261301, "post_q10": 2.6206669668061999, "post_q50": 2.8741095400280199, "post_q90": 3.1239235625437898, "post_prob_exceed": 0.00296666666666667, "post_exc_mean": 0.000174839909692792, "prosp_score_happy": 0.0085244821258203506, "prosp_score_sad": 2.6206669668061999, "domain_class": "Background" }, "geometry": { "type": "Point", "coordinates": [ -148.191452288692432, 60.088151484548327 ] } },
{ "type": "Feature", "properties": { "field_1": 1059, "x": 249694.8794, "y": 2254034.537, "scaled_x": 0.674728513114637, "scaled_y": 0.95524606067070394, "post_mean": 2.8886910985695602, "post_sd": 0.144115919267086, "post_q10": 2.7039629514280699, "post_q50": 2.8883507277725702, "post_q90": 3.0709574841834999, "post_prob_exceed": 3.3333333333333301e-05, "post_exc_mean": 1.74458690683762e-07, "prosp_score_happy": 9.6289703285652004e-05, "prosp_score_sad": 2.7039629514280699, "domain_class": "Background" }, "geometry": { "type": "Point", "coordinates": [ -147.517715824977842, 70.155113038439012 ] } },
{ "type": "Feature", "properties": { "field_1": 1060, "x": 252152.9098, "y": 2228932.021, "scaled_x": 0.67542453370261102, "scaled_y": 0.94215103712113601, "post_mean": 3.0468748020828298, "post_sd": 0.116823657251041, "post_q10": 2.8971324951125101, "post_q50": 3.0469037576055999, "post_q90": 3.1970220065811601, "post_prob_exceed": 0.00046666666666666699, "post_exc_mean": 7.66325936129079e-06, "prosp_score_happy": 0.00142187490763866, "prosp_score_sad": 2.8971324951125101, "domain_class": "Background" }, "geometry": { "type": "Point", "coordinates": [ -147.517715825326093, 69.925127465292988 ] } },
{ "type": "Feature", "properties": { "field_1": 1061, "x": 254641.2259, "y": 2203520.215, "scaled_x": 0.67612913004730602, "scaled_y": 0.92889466879506699, "post_mean": 3.1859934835607602, "post_sd": 0.101369367630501, "post_q10": 3.0559972679579199, "post_q50": 3.1859275397862001, "post_q90": 3.3168719217071301, "post_prob_exceed": 0.0071333333333333301, "post_exc_mean": 0.000221703948468316, "prosp_score_happy": 0.022726753516066799, "prosp_score_sad": 3.0559972679579199, "domain_class": "Background" }, "geometry": { "type": "Point", "coordinates": [ -147.517715822601957, 69.692587755168972 ] } },
{ "type": "Feature", "properties": { "field_1": 1062, "x": 257160.0566, "y": 2177796.778, "scaled_x": 0.67684236696448297, "scaled_y": 0.91547573448223396, "post_mean": 3.3052792517180398, "post_sd": 0.096383086127357895, "post_q10": 3.18159307220645, "post_q50": 3.3049140701405899, "post_q90": 3.4302125633967901, "post_prob_exceed": 0.093233333333333293, "post_exc_mean": 0.0040713856510800799, "prosp_score_happy": 0.30816220223517898, "prosp_score_sad": 3.18159307220645, "domain_class": "Background" }, "geometry": { "type": "Point", "coordinates": [ -147.517715825160735, 69.457469397585669 ] } },
{ "type": "Feature", "properties": { "field_1": 1063, "x": 259709.6303, "y": 2151759.38, "scaled_x": 0.677564309128321, "scaled_y": 0.90189301871065697, "post_mean": 3.4043511563639601, "post_sd": 0.098208887326977801, "post_q10": 3.2789208899954199, "post_q50": 3.4040955729209301, "post_q90": 3.5307979729051202, "post_prob_exceed": 0.3807, "post_exc_mean": 0.026193472585467201, "prosp_score_happy": 1.2960364852277599, "prosp_score_sad": 3.2789208899954199, "domain_class": "Background" }, "geometry": { "type": "Point", "coordinates": [ -147.517715826718444, 69.219747814767473 ] } },
{ "type": "Feature", "properties": { "field_1": 1064, "x": 262290.1745, "y": 2125405.698, "scaled_x": 0.67829502095815797, "scaled_y": 0.88814530965998495, "post_mean": 3.4832748854706099, "post_sd": 0.102937396561709, "post_q10": 3.3507989693512799, "post_q50": 3.4833833513008901, "post_q90": 3.6145958145257802, "post_prob_exceed": 0.6841, "post_exc_mean": 0.070348936323485101, "prosp_score_happy": 2.3829083491504401, "prosp_score_sad": 3.3507989693512799, "domain_class": "tier 2" }, "geometry": { "type": "Point", "coordinates": [ -147.517715826503689, 68.979398321872381 ] } },
{ "type": "Feature", "properties": { "field_1": 1065, "x": 264901.9158, "y": 2098733.418, "scaled_x": 0.67903456661848205, "scaled_y": 0.87423140020482704, "post_mean": 3.5426114507088302, "post_sd": 0.107973935591009, "post_q10": 3.4041038747149899, "post_q50": 3.5434716398942601, "post_q90": 3.6801619700008401, "post_prob_exceed": 0.84103333333333297, "post_exc_mean": 0.117515896858433, "prosp_score_happy": 2.9794543170944801, "prosp_score_sad": 3.4041038747149899, "domain_class": "tier 1" }, "geometry": { "type": "Point", "coordinates": [ -147.517715824231487, 68.73639614114316 ] } },
{ "type": "Feature", "properties": { "field_1": 1066, "x": 267545.0795, "y": 2071740.237, "scaled_x": 0.67978300990567098, "scaled_y": 0.86015008895806799, "post_mean": 3.5834489659895099, "post_sd": 0.112054293442289, "post_q10": 3.43976052157806, "post_q50": 3.5839406129073601, "post_q90": 3.7265911210123401, "post_prob_exceed": 0.9085, "post_exc_mean": 0.154211459644222, "prosp_score_happy": 3.2555633856014699, "prosp_score_sad": 3.43976052157806, "domain_class": "tier 1" }, "geometry": { "type": "Point", "coordinates": [ -147.517715824995378, 68.490716416217069 ] } },
{ "type": "Feature", "properties": { "field_1": 1067, "x": 270219.8902, "y": 2044423.863, "scaled_x": 0.68054041441789104, "scaled_y": 0.84590018027087399, "post_mean": 3.6074111790589298, "post_sd": 0.114738180483222, "post_q10": 3.46067920459297, "post_q50": 3.6083552981025599, "post_q90": 3.7542969718253101, "post_prob_exceed": 0.9344, "post_exc_mean": 0.176717056586569, "prosp_score_happy": 3.3707650057126699, "prosp_score_sad": 3.46067920459297, "domain_class": "tier 1" }, "geometry": { "type": "Point", "coordinates": [ -147.517715824699337, 68.242334207361864 ] } },
{ "type": "Feature", "properties": { "field_1": 1068, "x": 272926.571, "y": 2016782.017, "scaled_x": 0.68130684332856495, "scaled_y": 0.83148048527601703, "post_mean": 3.6166364935559399, "post_sd": 0.11599222571088499, "post_q10": 3.4677592281263498, "post_q50": 3.61726117070747, "post_q90": 3.7654715138965602, "post_prob_exceed": 0.94196666666666695, "post_exc_mean": 0.18552470257044701, "prosp_score_happy": 3.4067510223799098, "prosp_score_sad": 3.4677592281263498, "domain_class": "tier 1" }, "geometry": { "type": "Point", "coordinates": [ -147.517715824766043, 67.991224505855584 ] } },
{ "type": "Feature", "properties": { "field_1": 1069, "x": 275665.3436, "y": 1988812.435, "scaled_x": 0.68208235941468798, "scaled_y": 0.81688982293119194, "post_mean": 3.6137220348971599, "post_sd": 0.115934735217922, "post_q10": 3.46429428372217, "post_q50": 3.6141136740988999, "post_q90": 3.76312724149042, "post_prob_exceed": 0.9398, "post_exc_mean": 0.182776433008457, "prosp_score_happy": 3.3961759683963502, "prosp_score_sad": 3.46429428372217, "domain_class": "tier 1" }, "geometry": { "type": "Point", "coordinates": [ -147.51771582495499, 67.737362247391147 ] } },
{ "type": "Feature", "properties": { "field_1": 1070, "x": 278436.4284, "y": 1960512.866, "scaled_x": 0.68286702508514696, "scaled_y": 0.80212701897569905, "post_mean": 3.6016289697077899, "post_sd": 0.114697028974482, "post_q10": 3.4538489916840902, "post_q50": 3.60212795574214, "post_q90": 3.7494923112938499, "post_prob_exceed": 0.92866666666666697, "post_exc_mean": 0.17132508131725999, "prosp_score_happy": 3.3447127698686399, "prosp_score_sad": 3.4538489916840902, "domain_class": "tier 1" }, "geometry": { "type": "Point", "coordinates": [ -147.517715825660503, 67.480722289391721 ] } },
{ "type": "Feature", "properties": { "field_1": 1071, "x": 281240.0442, "y": 1931881.077, "scaled_x": 0.68366090229576604, "scaled_y": 0.78719090853874996, "post_mean": 3.5835479856325501, "post_sd": 0.11236543710036299, "post_q10": 3.4394056959781198, "post_q50": 3.5841744217159301, "post_q90": 3.7283179583986801, "post_prob_exceed": 0.9081, "post_exc_mean": 0.15437734516266699, "prosp_score_happy": 3.2542199257529201, "prosp_score_sad": 3.4394056959781198, "domain_class": "tier 1" }, "geometry": { "type": "Point", "coordinates": [ -147.517715823538197, 67.221279451487575 ] } },
{ "type": "Feature", "properties": { "field_1": 1072, "x": 284076.4079, "y": 1902914.851, "scaled_x": 0.68446405246436604, "scaled_y": 0.77208033509614804, "post_mean": 3.5627275681613599, "post_sd": 0.108981357504695, "post_q10": 3.4229980026183, "post_q50": 3.5632947930532102, "post_q90": 3.7027917092229701, "post_prob_exceed": 0.88233333333333297, "post_exc_mean": 0.13514849142662499, "prosp_score_happy": 3.1435132909743801, "prosp_score_sad": 3.4229980026183, "domain_class": "tier 1" }, "geometry": { "type": "Point", "coordinates": [ -147.517715822933894, 66.959008492934345 ] } },
{ "type": "Feature", "properties": { "field_1": 1073, "x": 286945.7346, "y": 1873611.991, "scaled_x": 0.68527653649907305, "scaled_y": 0.75679415255692795, "post_mean": 3.5422723649835199, "post_sd": 0.104579011384328, "post_q10": 3.4084288880211102, "post_q50": 3.5424293307430301, "post_q90": 3.6750590298047898, "post_prob_exceed": 0.85036666666666705, "post_exc_mean": 0.1165044724278, "prosp_score_happy": 3.0122303434364901, "prosp_score_sad": 3.4084288880211102, "domain_class": "tier 1" }, "geometry": { "type": "Point", "coordinates": [ -147.517715824465967, 66.693884143430083 ] } },
{ "type": "Feature", "properties": { "field_1": 1074, "x": 289848.2376, "y": 1843970.32, "scaled_x": 0.68609841479832401, "scaled_y": 0.74133122526336304, "post_mean": 3.52492414362281, "post_sd": 0.099238631811905204, "post_q10": 3.3974051409458901, "post_q50": 3.5249184077528302, "post_q90": 3.6502842932227599, "post_prob_exceed": 0.82186666666666697, "post_exc_mean": 0.10069777303727299, "prosp_score_happy": 2.8970176561721299, "prosp_score_sad": 3.3974051409458901, "domain_class": "tier 1" }, "geometry": { "type": "Point", "coordinates": [ -147.517715825207034, 66.425881097966908 ] } },
{ "type": "Feature", "properties": { "field_1": 1075, "x": 292784.128, "y": 1813987.683, "scaled_x": 0.68692974713759702, "scaled_y": 0.72569042903428604, "post_mean": 3.51284306183907, "post_sd": 0.093133145398058101, "post_q10": 3.39328914204307, "post_q50": 3.5131178386409601, "post_q90": 3.6308398813367599, "post_prob_exceed": 0.80436666666666701, "post_exc_mean": 0.089232582745546504, "prosp_score_happy": 2.82561386417462, "prosp_score_sad": 3.39328914204307, "domain_class": "tier 1" }, "geometry": { "type": "Point", "coordinates": [ -147.517715823352603, 66.15497402984289 ] } },
{ "type": "Feature", "properties": { "field_1": 1076, "x": 295753.6144, "y": 1783661.947, "scaled_x": 0.68777059258446804, "scaled_y": 0.70987065116508796, "post_mean": 3.50741130517968, "post_sd": 0.086550736611497397, "post_q10": 3.39624909284028, "post_q50": 3.5075700051985699, "post_q90": 3.6173939882102002, "post_prob_exceed": 0.8031, "post_exc_mean": 0.083035838466807593, "prosp_score_happy": 2.8168020191898, "prosp_score_sad": 3.39624909284028, "domain_class": "tier 1" }, "geometry": { "type": "Point", "coordinates": [ -147.517715824701526, 65.881137585544337 ] } },
{ "type": "Feature", "properties": { "field_1": 1077, "x": 298756.9032, "y": 1752991.007, "scaled_x": 0.68862100958355499, "scaled_y": 0.69387079355769199, "post_mean": 3.5090835972771002, "post_sd": 0.079883208253124199, "post_q10": 3.4063670463453, "post_q50": 3.5091324628881502, "post_q90": 3.6104387773064199, "post_prob_exceed": 0.82553333333333301, "post_exc_mean": 0.082578048767916301, "prosp_score_happy": 2.89686547900549, "prosp_score_sad": 3.4063670463453, "domain_class": "tier 1" }, "geometry": { "type": "Point", "coordinates": [ -147.517715823141202, 65.604346432632326 ] } },
{ "type": "Feature", "properties": { "field_1": 1078, "x": 301794.1981, "y": 1721972.779, "scaled_x": 0.68948105581494001, "scaled_y": 0.67768976906891698, "post_mean": 3.51730859719755, "post_sd": 0.073580614779160405, "post_q10": 3.4231935787283501, "post_q50": 3.5172705415316301, "post_q90": 3.6114683328521102, "post_prob_exceed": 0.87126666666666697, "post_exc_mean": 0.0880386717077183, "prosp_score_happy": 3.06451373711832, "prosp_score_sad": 3.4231935787283501, "domain_class": "tier 1" }, "geometry": { "type": "Point", "coordinates": [ -147.517715826541064, 65.324575191949577 ] } },
{ "type": "Feature", "properties": { "field_1": 1079, "x": 304865.7003, "y": 1690605.213, "scaled_x": 0.69035078825079998, "scaled_y": 0.66132650829208295, "post_mean": 3.5305409140644302, "post_sd": 0.0680873781748291, "post_q10": 3.4437589253075198, "post_q50": 3.53037816808488, "post_q90": 3.6177182970829, "post_prob_exceed": 0.9231, "post_exc_mean": 0.098924021810321797, "prosp_score_happy": 3.2590423177728698, "prosp_score_sad": 3.4437589253075198, "domain_class": "tier 1" }, "geometry": { "type": "Point", "coordinates": [ -147.517715824934612, 65.041798547866946 ] } },
{ "type": "Feature", "properties": { "field_1": 1080, "x": 307971.6079, "y": 1658886.283, "scaled_x": 0.69123026298550805, "scaled_y": 0.64477995434039603, "post_mean": 3.5463551253671901, "post_sd": 0.063790762421214398, "post_q10": 3.4650299475149202, "post_q50": 3.5462934526278902, "post_q90": 3.6285215851752599, "post_prob_exceed": 0.96183333333333298, "post_exc_mean": 0.11335743789683, "prosp_score_happy": 3.4110025714156702, "prosp_score_sad": 3.4650299475149202, "domain_class": "tier 1" }, "geometry": { "type": "Point", "coordinates": [ -147.517715824438767, 64.75599115356259 ] } },
{ "type": "Feature", "properties": { "field_1": 1081, "x": 311112.1158, "y": 1626813.999, "scaled_x": 0.69211953520732294, "scaled_y": 0.62804906910688296, "post_mean": 3.5616612191089998, "post_sd": 0.061012306755435501, "post_q10": 3.4836626282836201, "post_q50": 3.5614489961413698, "post_q90": 3.6399521746461501, "post_prob_exceed": 0.98223333333333296, "post_exc_mean": 0.12807191289417899, "prosp_score_happy": 3.4983823714494999, "prosp_score_sad": 3.4836626282836201, "domain_class": "tier 1" }, "geometry": { "type": "Point", "coordinates": [ -147.517715824195733, 64.467127732249082 ] } },
{ "type": "Feature", "properties": { "field_1": 1082, "x": 314287.4159, "y": 1594386.401, "scaled_x": 0.69301865925501505, "scaled_y": 0.61113283013442599, "post_mean": 3.5730069075488302, "post_sd": 0.060032781566508001, "post_q10": 3.4964602145374202, "post_q50": 3.5731226594272898, "post_q90": 3.6498988575580098, "post_prob_exceed": 0.9905, "post_exc_mean": 0.13921698094266699, "prosp_score_happy": 3.53906334192712, "prosp_score_sad": 3.4964602145374202, "domain_class": "tier 1" }, "geometry": { "type": "Point", "coordinates": [ -147.517715824660854, 64.175183017286912 ] } },
{ "type": "Feature", "properties": { "field_1": 1083, "x": 317497.6966, "y": 1561601.566, "scaled_x": 0.69392768847628805, "scaled_y": 0.59403023426739399, "post_mean": 3.5769385225946602, "post_sd": 0.061077993959292198, "post_q10": 3.49863633619323, "post_q50": 3.5770580956897402, "post_q90": 3.6554653265465502, "post_prob_exceed": 0.99063333333333303, "post_exc_mean": 0.14314094770524, "prosp_score_happy": 3.54343453176635, "prosp_score_sad": 3.49863633619323, "domain_class": "tier 1" }, "geometry": { "type": "Point", "coordinates": [ -147.517715823774751, 63.880131808816181 ] } },
{ "type": "Feature", "properties": { "field_1": 1084, "x": 320743.1426, "y": 1528457.606, "scaled_x": 0.69484667517114695, "scaled_y": 0.57674029660831905, "post_mean": 3.57038166595976, "post_sd": 0.0641967056207286, "post_q10": 3.48910006659509, "post_q50": 3.5705265586138699, "post_q90": 3.6524297438679998, "post_prob_exceed": 0.98296666666666699, "post_exc_mean": 0.13678001845329299, "prosp_score_happy": 3.5095661649162402, "prosp_score_sad": 3.48910006659509, "domain_class": "tier 1" }, "geometry": { "type": "Point", "coordinates": [ -147.517715825039772, 63.581948949712299 ] } },
{ "type": "Feature", "properties": { "field_1": 1085, "x": 324023.9349, "y": 1494952.674, "scaled_x": 0.69577567059189904, "scaled_y": 0.55926205364786497, "post_mean": 3.5509979209947198, "post_sd": 0.069086988741274696, "post_q10": 3.4628113326412202, "post_q50": 3.5510525945957601, "post_q90": 3.6394119304555801, "post_prob_exceed": 0.95486666666666697, "post_exc_mean": 0.11832046942205, "prosp_score_happy": 3.3907295481605, "prosp_score_sad": 3.4628113326412202, "domain_class": "tier 1" }, "geometry": { "type": "Point", "coordinates": [ -147.517715825561226, 63.280609372572883 ] } },
{ "type": "Feature", "properties": { "field_1": 1086, "x": 327340.2505, "y": 1461084.963, "scaled_x": 0.69671472485820096, "scaled_y": 0.54159456274316997, "post_mean": 3.5174763044501098, "post_sd": 0.075028613451916498, "post_q10": 3.42059002274243, "post_q50": 3.5174688629345798, "post_q90": 3.6138523612102, "post_prob_exceed": 0.8672, "post_exc_mean": 0.088576651706706505, "prosp_score_happy": 3.05035545121914, "prosp_score_sad": 3.42059002274243, "domain_class": "tier 1" }, "geometry": { "type": "Point", "coordinates": [ -147.517715824197666, 62.976088084453778 ] } },
{ "type": "Feature", "properties": { "field_1": 1087, "x": 330692.2621, "y": 1426852.708, "scaled_x": 0.697663886872116, "scaled_y": 0.52373690316116595, "post_mean": 3.4697275754372798, "post_sd": 0.081002465030977702, "post_q10": 3.3651851550657601, "post_q50": 3.4701493798523999, "post_q90": 3.5737194107936499, "post_prob_exceed": 0.67386666666666695, "post_exc_mean": 0.053289796078656401, "prosp_score_happy": 2.33813375550133, "prosp_score_sad": 3.3651851550657601, "domain_class": "tier 2" }, "geometry": { "type": "Point", "coordinates": [ -147.517715823504147, 62.668360178244036 ] } },
{ "type": "Feature", "properties": { "field_1": 1088, "x": 334080.138, "y": 1392254.189, "scaled_x": 0.69862320428979396, "scaled_y": 0.505688177643565, "post_mean": 3.4089641726963702, "post_sd": 0.085963089300630194, "post_q10": 3.2983319961698001, "post_q50": 3.4093895571875601, "post_q90": 3.5186398471833198, "post_prob_exceed": 0.38643333333333302, "post_exc_mean": 0.0231286932144735, "prosp_score_happy": 1.3173373884689701, "prosp_score_sad": 3.2983319961698001, "domain_class": "Background" }, "geometry": { "type": "Point", "coordinates": [ -147.517715825810114, 62.357400852658174 ] } },
{ "type": "Feature", "properties": { "field_1": 1089, "x": 337504.0421, "y": 1357287.735, "scaled_x": 0.69959272352147295, "scaled_y": 0.48744751449350898, "post_mean": 3.33766525404056, "post_sd": 0.089254925795533097, "post_q10": 3.22269642750401, "post_q50": 3.3384374923467002, "post_q90": 3.4513164672396601, "post_prob_exceed": 0.14006666666666701, "post_exc_mean": 0.0062754152208999896, "prosp_score_happy": 0.467495646582614, "prosp_score_sad": 3.22269642750401, "domain_class": "Background" }, "geometry": { "type": "Point", "coordinates": [ -147.517715825753129, 62.043185440926614 ] } },
{ "type": "Feature", "properties": { "field_1": 1090, "x": 340964.1332, "y": 1321951.724, "scaled_x": 0.70057248953326301, "scaled_y": 0.46901406757556702, "post_mean": 3.2594415582117402, "post_sd": 0.091277108199445803, "post_q10": 3.1420223946095498, "post_q50": 3.2597812171685998, "post_q90": 3.3759370555468999, "post_prob_exceed": 0.027266666666666699, "post_exc_mean": 0.00094289595940740803, "prosp_score_happy": 0.088874106487240104, "prosp_score_sad": 3.1420223946095498, "domain_class": "Background" }, "geometry": { "type": "Point", "coordinates": [ -147.51771582389037, 61.7256894043907 ] } },
{ "type": "Feature", "properties": { "field_1": 1091, "x": 344460.5651, "y": 1286244.583, "scaled_x": 0.70156254587546696, "scaled_y": 0.45038701631573602, "post_mean": 3.17882578898802, "post_sd": 0.094509786891630601, "post_q10": 3.0574557528780799, "post_q50": 3.17887486831955, "post_q90": 3.3006918174833499, "post_prob_exceed": 0.00296666666666667, "post_exc_mean": 7.9813137942800306e-05, "prosp_score_happy": 0.0094305165073311197, "prosp_score_sad": 3.0574557528780799, "domain_class": "Background" }, "geometry": { "type": "Point", "coordinates": [ -147.51771582453398, 61.404888325324713 ] } },
{ "type": "Feature", "properties": { "field_1": 1092, "x": 347993.4864, "y": 1250164.795, "scaled_x": 0.70256293462594599, "scaled_y": 0.431565569353072, "post_mean": 3.10101933922313, "post_sd": 0.10432369462188799, "post_q10": 2.9676155694648001, "post_q50": 3.10051758257615, "post_q90": 3.2353738861957901, "post_prob_exceed": 0.00066666666666666697, "post_exc_mean": 1.36186971160563e-05, "prosp_score_happy": 0.0020673462261487602, "prosp_score_sad": 2.9676155694648001, "domain_class": "Background" }, "geometry": { "type": "Point", "coordinates": [ -147.51771582657463, 61.08075796222515 ] } },
{ "type": "Feature", "properties": { "field_1": 1093, "x": 351563.0402, "y": 1213710.901, "scaled_x": 0.70357369630516797, "scaled_y": 0.41254896558301701, "post_mean": 3.0316253730792799, "post_sd": 0.127409565481025, "post_q10": 2.86818027704998, "post_q50": 3.03209935424095, "post_q90": 3.19468923669598, "post_prob_exceed": 0.0008, "post_exc_mean": 2.22786578748061e-05, "prosp_score_happy": 0.0024253002984634198, "prosp_score_sad": 2.86818027704998, "domain_class": "Background" }, "geometry": { "type": "Point", "coordinates": [ -147.517715825660616, 60.753274260601657 ] } },
{ "type": "Feature", "properties": { "field_1": 1094, "x": 355169.3637, "y": 1176881.498, "scaled_x": 0.70459486976294705, "scaled_y": 0.39333647311407399, "post_mean": 2.9763929782082399, "post_sd": 0.16790056773251799, "post_q10": 2.76116117531926, "post_q50": 2.9768872469371201, "post_q90": 3.1915265143701399, "post_prob_exceed": 0.0037, "post_exc_mean": 0.00017567321515222099, "prosp_score_happy": 0.0110126540193705, "prosp_score_sad": 2.76116117531926, "domain_class": "Background" }, "geometry": { "type": "Point", "coordinates": [ -147.517715825169631, 60.422413328199241 ] } },
{ "type": "Feature", "properties": { "field_1": 1095, "x": 358812.5882, "y": 1139675.246, "scaled_x": 0.70562649217844398, "scaled_y": 0.373927392919437, "post_mean": 2.9409891342420802, "post_sd": 0.226469051738862, "post_q10": 2.65023097179649, "post_q50": 2.9422142459224698, "post_q90": 3.23006956645935, "post_prob_exceed": 0.0149, "post_exc_mean": 0.00134244512798885, "prosp_score_happy": 0.043820738100207, "prosp_score_sad": 2.65023097179649, "domain_class": "Background" }, "geometry": { "type": "Point", "coordinates": [ -147.517715823516056, 60.088151489889583 ] } },
{ "type": "Feature", "properties": { "field_1": 1096, "x": 275551.1626, "y": 2256698.856, "scaled_x": 0.68205002770440704, "scaled_y": 0.95663593410205905, "post_mean": 2.9420034745919099, "post_sd": 0.162357824297055, "post_q10": 2.7336910453846501, "post_q50": 2.94261659181246, "post_q90": 3.14877632240588, "post_prob_exceed": 0.001, "post_exc_mean": 3.94146068133293e-05, "prosp_score_happy": 0.0029420034745919099, "prosp_score_sad": 2.7336910453846501, "domain_class": "Background" }, "geometry": { "type": "Point", "coordinates": [ -146.843979361071604, 70.155113039998966 ] } },
{ "type": "Feature", "properties": { "field_1": 1097, "x": 278263.7258, "y": 2231622.568, "scaled_x": 0.68281812228671201, "scaled_y": 0.94355459269804398, "post_mean": 3.1031292612830699, "post_sd": 0.13236901256287001, "post_q10": 2.9337405484004799, "post_q50": 3.1027935153850401, "post_q90": 3.2725627165609299, "post_prob_exceed": 0.0065333333333333302, "post_exc_mean": 0.00027409692997042298, "prosp_score_happy": 0.020273777840382701, "prosp_score_sad": 2.9337405484004799, "domain_class": "Background" }, "geometry": { "type": "Point", "coordinates": [ -146.843979360551657, 69.925127467574427 ] } },
{ "type": "Feature", "properties": { "field_1": 1098, "x": 281009.7107, "y": 2206237.312, "scaled_x": 0.68359568062149401, "scaled_y": 0.93031207449262598, "post_mean": 3.24368344189423, "post_sd": 0.11503930891335, "post_q10": 3.0964963603064302, "post_q50": 3.2431924793663498, "post_q90": 3.39222225020848, "post_prob_exceed": 0.0485, "post_exc_mean": 0.0023198666521002599, "prosp_score_happy": 0.15731864693187, "prosp_score_sad": 3.0964963603064302, "domain_class": "Background" }, "geometry": { "type": "Point", "coordinates": [ -146.843979363111117, 69.692587747811999 ] } },
{ "type": "Feature", "properties": { "field_1": 1099, "x": 283789.3702, "y": 2180540.753, "scaled_x": 0.68438277432039996, "scaled_y": 0.91690716140551298, "post_mean": 3.3628027918949299, "post_sd": 0.109254099814084, "post_q10": 3.22244744549262, "post_q50": 3.3623899657110901, "post_q90": 3.5034684849621498, "post_prob_exceed": 0.2567, "post_exc_mean": 0.017104198642777801, "prosp_score_happy": 0.86323147667942901, "prosp_score_sad": 3.22244744549262, "domain_class": "Background" }, "geometry": { "type": "Point", "coordinates": [ -146.84397936071889, 69.457469402163568 ] } },
{ "type": "Feature", "properties": { "field_1": 1100, "x": 286602.9562, "y": 2154530.56, "scaled_x": 0.68517947471191498, "scaled_y": 0.90333863744306198, "post_mean": 3.4600418516989899, "post_sd": 0.111334924307955, "post_q10": 3.3165886546218299, "post_q50": 3.4595801312615801, "post_q90": 3.6035134619214899, "post_prob_exceed": 0.59046666666666703, "post_exc_mean": 0.058679806955557003, "prosp_score_happy": 2.0430393786998602, "prosp_score_sad": 3.3165886546218299, "domain_class": "tier 3" }, "geometry": { "type": "Point", "coordinates": [ -146.843979359712563, 69.21974782187182 ] } },
{ "type": "Feature", "properties": { "field_1": 1101, "x": 289450.7196, "y": 2128204.413, "scaled_x": 0.68598585284136404, "scaled_y": 0.88960529234990904, "post_mean": 3.53544060967385, "post_sd": 0.11702255858317399, "post_q10": 3.3846176312127199, "post_q50": 3.5354798955971001, "post_q90": 3.68498315557455, "post_prob_exceed": 0.8069, "post_exc_mean": 0.11390233622427701, "prosp_score_happy": 2.85274702794583, "prosp_score_sad": 3.3846176312127199, "domain_class": "tier 1" }, "geometry": { "type": "Point", "coordinates": [ -146.843979361525328, 68.979398327440776 ] } },
{ "type": "Feature", "properties": { "field_1": 1102, "x": 292332.9106, "y": 2101560.0, "scaled_x": 0.68680197955585598, "scaled_y": 0.87570592004398495, "post_mean": 3.58958130865993, "post_sd": 0.123295689422229, "post_q10": 3.4311562182814699, "post_q50": 3.5901956042118699, "post_q90": 3.7467815579241002, "post_prob_exceed": 0.89546666666666697, "post_exc_mean": 0.16164530152911499, "prosp_score_happy": 3.21435040919468, "prosp_score_sad": 3.4311562182814699, "domain_class": "tier 1" }, "geometry": { "type": "Point", "coordinates": [ -146.843979363515786, 68.736396137227402 ] } },
{ "type": "Feature", "properties": { "field_1": 1103, "x": 295249.778, "y": 2074595.023, "scaled_x": 0.68762792530607597, "scaled_y": 0.86163932174648505, "post_mean": 3.6236279531365798, "post_sd": 0.128555768726939, "post_q10": 3.4589734849542699, "post_q50": 3.62467484427596, "post_q90": 3.78696837620164, "post_prob_exceed": 0.92973333333333297, "post_exc_mean": 0.19364098336084601, "prosp_score_happy": 3.3690076956295201, "prosp_score_sad": 3.4589734849542699, "domain_class": "tier 1" }, "geometry": { "type": "Point", "coordinates": [ -146.843979360393263, 68.490716418114161 ] } },
{ "type": "Feature", "properties": { "field_1": 1104, "x": 298201.5694, "y": 2047307.19, "scaled_x": 0.688463760202913, "scaled_y": 0.84740430180857595, "post_mean": 3.6393417222745099, "post_sd": 0.132142039389957, "post_q10": 3.4707092475716199, "post_q50": 3.6408035037289102, "post_q90": 3.8077893150598099, "post_prob_exceed": 0.93876666666666697, "post_exc_mean": 0.208794751451503, "prosp_score_happy": 3.4164926974805598, "prosp_score_sad": 3.4707092475716199, "domain_class": "tier 1" }, "geometry": { "type": "Point", "coordinates": [ -146.843979360196045, 68.242334209007367 ] } },
{ "type": "Feature", "properties": { "field_1": 1105, "x": 301188.531, "y": 2019694.225, "scaled_x": 0.68930955396083005, "scaled_y": 0.83299967292801302, "post_mean": 3.6390654055492999, "post_sd": 0.13389438307228699, "post_q10": 3.4669251130274699, "post_q50": 3.6400939249959801, "post_q90": 3.8098362645717501, "post_prob_exceed": 0.93633333333333302, "post_exc_mean": 0.20873920126822401, "prosp_score_happy": 3.4073782413959899, "prosp_score_sad": 3.4669251130274699, "domain_class": "tier 1" }, "geometry": { "type": "Point", "coordinates": [ -146.843979362849126, 67.991224506775637 ] } },
{ "type": "Feature", "properties": { "field_1": 1106, "x": 304210.9077, "y": 1991753.866, "scaled_x": 0.69016537592617799, "scaled_y": 0.81842425510581596, "post_mean": 3.6256707998876001, "post_sd": 0.133881017723403, "post_q10": 3.45363893642411, "post_q50": 3.6268356722667501, "post_q90": 3.7966349039255101, "post_prob_exceed": 0.92223333333333302, "post_exc_mean": 0.196274705013119, "prosp_score_happy": 3.3437144673496801, "prosp_score_sad": 3.45363893642411, "domain_class": "tier 1" }, "geometry": { "type": "Point", "coordinates": [ -146.843979363273803, 67.737362243594433 ] } },
{ "type": "Feature", "properties": { "field_1": 1107, "x": 307268.9426, "y": 1963483.866, "scaled_x": 0.69103129493561999, "scaled_y": 0.80367687616793204, "post_mean": 3.6024645497509402, "post_sd": 0.132247550622801, "post_q10": 3.43282606561832, "post_q50": 3.6035625456915801, "post_q90": 3.77132679392234, "post_prob_exceed": 0.89823333333333299, "post_exc_mean": 0.174866371665335, "prosp_score_happy": 3.2358537407379502, "prosp_score_sad": 3.43282606561832, "domain_class": "tier 1" }, "geometry": { "type": "Point", "coordinates": [ -146.843979360691407, 67.48072229180174 ] } },
{ "type": "Feature", "properties": { "field_1": 1108, "x": 310362.877, "y": 1934881.992, "scaled_x": 0.69190737931612301, "scaled_y": 0.78875637124357501, "post_mean": 3.5730505962249, "post_sd": 0.12914502160694599, "post_q10": 3.4074011952658401, "post_q50": 3.5740438996075201, "post_q90": 3.7389227282249302, "post_prob_exceed": 0.85906666666666698, "post_exc_mean": 0.14836921953439, "prosp_score_happy": 3.0694886655302702, "prosp_score_sad": 3.4074011952658401, "domain_class": "tier 1" }, "geometry": { "type": "Point", "coordinates": [ -146.843979360889648, 67.221279450215548 ] } },
{ "type": "Feature", "properties": { "field_1": 1109, "x": 313492.9504, "y": 1905946.031, "scaled_x": 0.69279369688496595, "scaled_y": 0.77366158589518996, "post_mean": 3.5411511236720199, "post_sd": 0.124711183380898, "post_q10": 3.38083528762425, "post_q50": 3.5418453408242101, "post_q90": 3.7011492273636999, "post_prob_exceed": 0.8046, "post_exc_mean": 0.120719743954079, "prosp_score_happy": 2.8492101941065, "prosp_score_sad": 3.38083528762425, "domain_class": "tier 1" }, "geometry": { "type": "Point", "coordinates": [ -146.843979361195068, 66.959008493092895 ] } },
{ "type": "Feature", "properties": { "field_1": 1110, "x": 316659.4003, "y": 1876673.787, "scaled_x": 0.69369031489310395, "scaled_y": 0.75839137455347905, "post_mean": 3.5103925489046999, "post_sd": 0.11908643238343999, "post_q10": 3.3568414744069401, "post_q50": 3.5106673308623999, "post_q90": 3.6624595994893401, "post_prob_exceed": 0.7387, "post_exc_mean": 0.095267604968792302, "prosp_score_happy": 2.5931269758758999, "prosp_score_sad": 3.3568414744069401, "domain_class": "tier 2" }, "geometry": { "type": "Point", "coordinates": [ -146.843979362650913, 66.693884138410482 ] } },
{ "type": "Feature", "properties": { "field_1": 1111, "x": 319862.4619, "y": 1847063.087, "scaled_x": 0.69459729994021702, "scaled_y": 0.74294460364735904, "post_mean": 3.4840684616619302, "post_sd": 0.112446689595689, "post_q10": 3.3388327596452601, "post_q50": 3.4841610965030698, "post_q90": 3.6274654383909199, "post_prob_exceed": 0.67313333333333303, "post_exc_mean": 0.074375724999816303, "prosp_score_happy": 2.34524261716003, "prosp_score_sad": 3.3388327596452601, "domain_class": "tier 2" }, "geometry": { "type": "Point", "coordinates": [ -146.843979362085861, 66.425881096761529 ] } },
{ "type": "Feature", "properties": { "field_1": 1112, "x": 323102.3681, "y": 1817111.777, "scaled_x": 0.69551471797471598, "scaled_y": 0.72732014951732704, "post_mean": 3.46489683701048, "post_sd": 0.10503546012595399, "post_q10": 3.3294653033625199, "post_q50": 3.4652684351454601, "post_q90": 3.59859194185506, "post_prob_exceed": 0.6162, "post_exc_mean": 0.059224749014275498, "prosp_score_happy": 2.13506943096586, "prosp_score_sad": 3.3294653033625199, "domain_class": "tier 2" }, "geometry": { "type": "Point", "coordinates": [ -146.84397936183322, 66.154974030281366 ] } },
{ "type": "Feature", "properties": { "field_1": 1113, "x": 326379.3494, "y": 1786817.727, "scaled_x": 0.69644263426542097, "scaled_y": 0.71151690102375797, "post_mean": 3.4547936520328699, "post_sd": 0.097179349074167296, "post_q10": 3.3295645154428399, "post_q50": 3.4550015627911401, "post_q90": 3.5784679907726198, "post_prob_exceed": 0.58693333333333297, "post_exc_mean": 0.0500698741269167, "prosp_score_happy": 2.02773355416649, "prosp_score_sad": 3.3295645154428399, "domain_class": "tier 3" }, "geometry": { "type": "Point", "coordinates": [ -146.843979359866807, 65.881137592112154 ] } },
{ "type": "Feature", "properties": { "field_1": 1114, "x": 329693.6333, "y": 1756178.832, "scaled_x": 0.69738111323166696, "scaled_y": 0.69553376006857504, "post_mean": 3.4546881455373999, "post_sd": 0.089276548192086996, "post_q10": 3.3401349751276199, "post_q50": 3.4548886396293201, "post_q90": 3.5687705582645299, "post_prob_exceed": 0.59483333333333299, "post_exc_mean": 0.046923653047604999, "prosp_score_happy": 2.0549636652371599, "prosp_score_sad": 3.3401349751276199, "domain_class": "tier 3" }, "geometry": { "type": "Point", "coordinates": [ -146.843979360610035, 65.604346430384155 ] } },
{ "type": "Feature", "properties": { "field_1": 1115, "x": 333045.4447, "y": 1725193.013, "scaled_x": 0.69833021855656696, "scaled_y": 0.67936964211690598, "post_mean": 3.4644054311074299, "post_sd": 0.081756966560577501, "post_q10": 3.35937404165744, "post_q50": 3.4650591530163299, "post_q90": 3.5684818959992302, "post_prob_exceed": 0.6456, "post_exc_mean": 0.050098680663800403, "prosp_score_happy": 2.2366201463229598, "prosp_score_sad": 3.35937404165744, "domain_class": "tier 2" }, "geometry": { "type": "Point", "coordinates": [ -146.843979363779084, 65.324575191114576 ] } },
{ "type": "Feature", "properties": { "field_1": 1116, "x": 336435.0056, "y": 1693858.221, "scaled_x": 0.69929001310206695, "scaled_y": 0.66302347828373398, "post_mean": 3.4826390465853998, "post_sd": 0.075026370120191102, "post_q10": 3.3866166194052201, "post_q50": 3.4828015349383898, "post_q90": 3.57854147943346, "post_prob_exceed": 0.7423, "post_exc_mean": 0.060383774307095198, "prosp_score_happy": 2.5851629642803502, "prosp_score_sad": 3.3866166194052201, "domain_class": "tier 2" }, "geometry": { "type": "Point", "coordinates": [ -146.843979361814689, 65.041798548419948 ] } },
{ "type": "Feature", "properties": { "field_1": 1117, "x": 339862.5346, "y": 1662172.432, "scaled_x": 0.70026055876736104, "scaled_y": 0.64649421272558705, "post_mean": 3.50702882955978, "post_sd": 0.069421900597587696, "post_q10": 3.4179055829004401, "post_q50": 3.5071728486368601, "post_q90": 3.5963340392750598, "post_prob_exceed": 0.85253333333333303, "post_exc_mean": 0.078287130319927595, "prosp_score_happy": 2.9898589781606999, "prosp_score_sad": 3.4179055829004401, "domain_class": "tier 1" }, "geometry": { "type": "Point", "coordinates": [ -146.843979361995821, 64.755991154504386 ] } },
{ "type": "Feature", "properties": { "field_1": 1118, "x": 343328.2469, "y": 1630133.658, "scaled_x": 0.701241916488891, "scaled_y": 0.629780808378816, "post_mean": 3.53434841824888, "post_sd": 0.065208751365562506, "post_q10": 3.45072107915981, "post_q50": 3.5343719719823801, "post_q90": 3.6179322521782802, "post_prob_exceed": 0.93733333333333302, "post_exc_mean": 0.10208903375820499, "prosp_score_happy": 3.3128625840386201, "prosp_score_sad": 3.45072107915981, "domain_class": "tier 1" }, "geometry": { "type": "Point", "coordinates": [ -146.843979361089794, 64.467127731755127 ] } },
{ "type": "Feature", "properties": { "field_1": 1119, "x": 346832.3541, "y": 1597739.941, "scaled_x": 0.70223414618371904, "scaled_y": 0.61288224382962697, "post_mean": 3.5607929309084998, "post_sd": 0.062616820836323001, "post_q10": 3.48079157479276, "post_q50": 3.5609883402234899, "post_q90": 3.6410354622927699, "post_prob_exceed": 0.9788, "post_exc_mean": 0.12728569651685601, "prosp_score_happy": 3.48530412077324, "prosp_score_sad": 3.48079157479276, "domain_class": "tier 1" }, "geometry": { "type": "Point", "coordinates": [ -146.843979363257489, 64.175183013277945 ] } },
{ "type": "Feature", "properties": { "field_1": 1120, "x": 350375.0642, "y": 1564989.361, "scaled_x": 0.70323730674952201, "scaled_y": 0.59579751748737497, "post_mean": 3.58234286099764, "post_sd": 0.061856936213342401, "post_q10": 3.5033687749415101, "post_q50": 3.5823929181224998, "post_q90": 3.66169213353181, "post_prob_exceed": 0.9926, "post_exc_mean": 0.14852056363299401, "prosp_score_happy": 3.5558335238262599, "prosp_score_sad": 3.5033687749415101, "domain_class": "tier 1" }, "geometry": { "type": "Point", "coordinates": [ -146.843979362145376, 63.880131807929594 ] } },
{ "type": "Feature", "properties": { "field_1": 1121, "x": 353956.5811, "y": 1531880.031, "scaled_x": 0.70425145592301397, "scaled_y": 0.57852564497625203, "post_mean": 3.5951678419828199, "post_sd": 0.063035495591604804, "post_q10": 3.5149807328939899, "post_q50": 3.5948651192973, "post_q90": 3.6759704120377501, "post_prob_exceed": 0.994966666666667, "post_exc_mean": 0.16129347432337099, "prosp_score_happy": 3.5770721638448402, "prosp_score_sad": 3.5149807328939899, "domain_class": "tier 1" }, "geometry": { "type": "Point", "coordinates": [ -146.843979362293538, 63.581948949883333 ] } },
{ "type": "Feature", "properties": { "field_1": 1122, "x": 357577.1044, "y": 1498410.106, "scaled_x": 0.70527665022331298, "scaled_y": 0.56106566383024803, "post_mean": 3.5960262468195401, "post_sd": 0.065981570206610704, "post_q10": 3.51236510387234, "post_q50": 3.5957626172125301, "post_q90": 3.6800160099138499, "post_prob_exceed": 0.9926, "post_exc_mean": 0.16219641232873599, "prosp_score_happy": 3.5694156525930798, "prosp_score_sad": 3.51236510387234, "domain_class": "tier 1" }, "geometry": { "type": "Point", "coordinates": [ -146.84397936323009, 63.280609372473982 ] } },
{ "type": "Feature", "properties": { "field_1": 1123, "x": 361236.8295, "y": 1464577.781, "scaled_x": 0.70631294498025599, "scaled_y": 0.54341663244982197, "post_mean": 3.5826157979070001, "post_sd": 0.070140545334962695, "post_q10": 3.4930960090252099, "post_q50": 3.58283344774935, "post_q90": 3.6724737421243399, "post_prob_exceed": 0.98196666666666699, "post_exc_mean": 0.14909050170173799, "prosp_score_happy": 3.5180092930180802, "prosp_score_sad": 3.4930960090252099, "domain_class": "tier 1" }, "geometry": { "type": "Point", "coordinates": [ -146.843979362007047, 62.97608808367449 ] } },
{ "type": "Feature", "properties": { "field_1": 1124, "x": 364935.947, "y": 1430381.293, "scaled_x": 0.70736039416450402, "scaled_y": 0.52557763114523104, "post_mean": 3.55383691660349, "post_sd": 0.074678376826204901, "post_q10": 3.4581905136327, "post_q50": 3.5540376144033901, "post_q90": 3.6493617846222, "post_prob_exceed": 0.945533333333333, "post_exc_mean": 0.121625252664661, "prosp_score_happy": 3.3602712658791498, "prosp_score_sad": 3.4581905136327, "domain_class": "tier 1" }, "geometry": { "type": "Point", "coordinates": [ -146.843979360791337, 62.668360177769038 ] } },
{ "type": "Feature", "properties": { "field_1": 1125, "x": 368674.6427, "y": 1395818.924, "scaled_x": 0.70841905038754005, "scaled_y": 0.507547763701511, "post_mean": 3.5099434305666199, "post_sd": 0.078808231399814396, "post_q10": 3.40875813245925, "post_q50": 3.51014526328873, "post_q90": 3.6100276494342598, "post_prob_exceed": 0.83316666666666706, "post_exc_mean": 0.083062184909262607, "prosp_score_happy": 2.9243678682337602, "prosp_score_sad": 3.40875813245925, "domain_class": "tier 1" }, "geometry": { "type": "Point", "coordinates": [ -146.843979360358247, 62.357400855229159 ] } },
{ "type": "Feature", "properties": { "field_1": 1126, "x": 372453.0972, "y": 1360889.004, "scaled_x": 0.70948896478840495, "scaled_y": 0.48932615894346498, "post_mean": 3.45257172871665, "post_sd": 0.082322956506744496, "post_q10": 3.3470947346842599, "post_q50": 3.4530508338780002, "post_q90": 3.5577696801263898, "post_prob_exceed": 0.59143333333333303, "post_exc_mean": 0.043001413737421702, "prosp_score_happy": 2.0419660060873199, "prosp_score_sad": 3.3470947346842599, "domain_class": "tier 3" }, "geometry": { "type": "Point", "coordinates": [ -146.843979361598912, 62.043185442861571 ] } },
{ "type": "Feature", "properties": { "field_1": 1127, "x": 376271.4859, "y": 1325589.913, "scaled_x": 0.71057018703369901, "scaled_y": 0.47091197177898603, "post_mean": 3.3846560829583598, "post_sd": 0.086379223952483805, "post_q10": 3.2736096089107201, "post_q50": 3.38500602641242, "post_q90": 3.4947127833764098, "post_prob_exceed": 0.28486666666666699, "post_exc_mean": 0.0152492334426872, "prosp_score_happy": 0.96417569616540499, "prosp_score_sad": 3.2736096089107201, "domain_class": "Background" }, "geometry": { "type": "Point", "coordinates": [ -146.843979361430769, 61.725689404577857 ] } },
{ "type": "Feature", "properties": { "field_1": 1128, "x": 380129.9787, "y": 1289920.08, "scaled_x": 0.71166276523263095, "scaled_y": 0.45230438267739298, "post_mean": 3.3102513623390499, "post_sd": 0.094349986395448102, "post_q10": 3.1895863796843398, "post_q50": 3.3098464484274701, "post_q90": 3.4315227088186302, "post_prob_exceed": 0.095, "post_exc_mean": 0.0041543117256266698, "prosp_score_happy": 0.31447387942221, "prosp_score_sad": 3.1895863796843398, "domain_class": "Background" }, "geometry": { "type": "Point", "coordinates": [ -146.843979360622939, 61.404888325697478 ] } },
{ "type": "Feature", "properties": { "field_1": 1129, "x": 384028.7394, "y": 1253877.99, "scaled_x": 0.71276674576712096, "scaled_y": 0.43350260132106799, "post_mean": 3.2342925808056799, "post_sd": 0.111590794771147, "post_q10": 3.0923106207509399, "post_q50": 3.2338089559953498, "post_q90": 3.37762957365441, "post_prob_exceed": 0.0365, "post_exc_mean": 0.0015956497452369301, "prosp_score_happy": 0.118051679199407, "prosp_score_sad": 3.0923106207509399, "domain_class": "Background" }, "geometry": { "type": "Point", "coordinates": [ -146.843979360697119, 61.080757968575213 ] } },
{ "type": "Feature", "properties": { "field_1": 1130, "x": 387967.9258, "y": 1217462.184, "scaled_x": 0.71388217332012005, "scaled_y": 0.41450586660545202, "post_mean": 3.16232277678544, "post_sd": 0.143003984485366, "post_q10": 2.97977843447193, "post_q50": 3.1626178326260601, "post_q90": 3.3458808298917599, "post_prob_exceed": 0.0284, "post_exc_mean": 0.00155503164207998, "prosp_score_happy": 0.089809966860706594, "prosp_score_sad": 2.97977843447193, "domain_class": "Background" }, "geometry": { "type": "Point", "coordinates": [ -146.843979362058406, 60.753274265239504 ] } },
{ "type": "Feature", "properties": { "field_1": 1131, "x": 391947.6896, "y": 1180671.261, "scaled_x": 0.71500909084729003, "scaled_y": 0.39531344768237098, "post_mean": 3.1002175301984698, "post_sd": 0.19091921712644699, "post_q10": 2.85599543922498, "post_q50": 3.1009868598875401, "post_q90": 3.34410265508903, "post_prob_exceed": 0.038966666666666698, "post_exc_mean": 0.00307536989287867, "prosp_score_happy": 0.1208051430934, "prosp_score_sad": 2.85599543922498, "domain_class": "Background" }, "geometry": { "type": "Point", "coordinates": [ -146.843979361942502, 60.422413327935793 ] } },
{ "type": "Feature", "properties": { "field_1": 1132, "x": 301379.0863, "y": 2259625.343, "scaled_x": 0.68936351196393197, "scaled_y": 0.95816257056282295, "post_mean": 2.9950572882128799, "post_sd": 0.18654106217764299, "post_q10": 2.7562788883010301, "post_q50": 2.9952069964974899, "post_q90": 3.2317939199036201, "post_prob_exceed": 0.0097, "post_exc_mean": 0.000548538236745793, "prosp_score_happy": 0.029052055695664901, "prosp_score_sad": 2.7562788883010301, "domain_class": "Background" }, "geometry": { "type": "Point", "coordinates": [ -146.17024290115242, 70.155113032955754 ] } },
{ "type": "Feature", "properties": { "field_1": 1133, "x": 304345.9031, "y": 2234577.864, "scaled_x": 0.69020360148176196, "scaled_y": 0.94509625771345296, "post_mean": 3.15860238224194, "post_sd": 0.15318838163883999, "post_q10": 2.9617586249396801, "post_q50": 3.1579833194973199, "post_q90": 3.3541328951538798, "post_prob_exceed": 0.034933333333333302, "post_exc_mean": 0.0021610332340759298, "prosp_score_happy": 0.11034050988631899, "prosp_score_sad": 2.9617586249396801, "domain_class": "Background" }, "geometry": { "type": "Point", "coordinates": [ -146.170242899815833, 69.92512746285071 ] } },
{ "type": "Feature", "properties": { "field_1": 1134, "x": 307349.2743, "y": 2209221.773, "scaled_x": 0.69105404181339103, "scaled_y": 0.93186895377427903, "post_mean": 3.3000222715271699, "post_sd": 0.13311640993002599, "post_q10": 3.1294257055898602, "post_q50": 3.2995559043509202, "post_q90": 3.4715373248180801, "post_prob_exceed": 0.158033333333333, "post_exc_mean": 0.0109871114696805, "prosp_score_happy": 0.52151351964367798, "prosp_score_sad": 3.1294257055898602, "domain_class": "Background" }, "geometry": { "type": "Point", "coordinates": [ -146.170242898186643, 69.692587754838129 ] } },
{ "type": "Feature", "properties": { "field_1": 1135, "x": 310389.4765, "y": 2183554.734, "scaled_x": 0.69191491128140303, "scaled_y": 0.91847944014334704, "post_mean": 3.4183616660416898, "post_sd": 0.12552161288936101, "post_q10": 3.2566221691999, "post_q50": 3.41791249975015, "post_q90": 3.5795514902477401, "post_prob_exceed": 0.44813333333333299, "post_exc_mean": 0.0427803828585556, "prosp_score_happy": 1.5318818079421499, "prosp_score_sad": 3.2566221691999, "domain_class": "tier 3" }, "geometry": { "type": "Point", "coordinates": [ -146.170242898620046, 69.457469397034274 ] } },
{ "type": "Feature", "properties": { "field_1": 1136, "x": 313466.7851, "y": 2157574.423, "scaled_x": 0.69278628786858898, "scaled_y": 0.90492650447864698, "post_mean": 3.5131148863780202, "post_sd": 0.12691596870441299, "post_q10": 3.3490070988063501, "post_q50": 3.5126095661147199, "post_q90": 3.6763968331093402, "post_prob_exceed": 0.73146666666666704, "post_exc_mean": 0.099760111616227803, "prosp_score_happy": 2.5697264355559799, "prosp_score_sad": 3.3490070988063501, "domain_class": "tier 2" }, "geometry": { "type": "Point", "coordinates": [ -146.170242897900579, 69.219747819907198 ] } },
{ "type": "Feature", "properties": { "field_1": 1137, "x": 316581.4747, "y": 2131278.52, "scaled_x": 0.69366824933120896, "scaled_y": 0.89120893652481503, "post_mean": 3.5843016481396202, "post_sd": 0.13283649806230499, "post_q10": 3.4132255783643299, "post_q50": 3.5842512700253701, "post_q90": 3.7536966362834501, "post_prob_exceed": 0.86856666666666704, "post_exc_mean": 0.158782370969622, "prosp_score_happy": 3.1132049348524702, "prosp_score_sad": 3.4132255783643299, "domain_class": "tier 1" }, "geometry": { "type": "Point", "coordinates": [ -146.170242900931157, 68.979398319715344 ] } },
{ "type": "Feature", "properties": { "field_1": 1138, "x": 319733.8189, "y": 2104664.719, "scaled_x": 0.69456087314236403, "scaled_y": 0.87732553332975205, "post_mean": 3.6325318659920902, "post_sd": 0.13983415196185101, "post_q10": 3.45407371541507, "post_q50": 3.6326333236954098, "post_q90": 3.81056883177884, "post_prob_exceed": 0.923366666666667, "post_exc_mean": 0.20337377553528899, "prosp_score_happy": 3.3541588406615599, "prosp_score_sad": 3.45407371541507, "domain_class": "tier 1" }, "geometry": { "type": "Point", "coordinates": [ -146.170242896451214, 68.736396144972758 ] } },
{ "type": "Feature", "properties": { "field_1": 1139, "x": 322924.0896, "y": 2077730.719, "scaled_x": 0.69546423629377596, "scaled_y": 0.863275094549669, "post_mean": 3.6590528349779299, "post_sd": 0.145918546606324, "post_q10": 3.4727648742681398, "post_q50": 3.6596225625646599, "post_q90": 3.8444045888699598, "post_prob_exceed": 0.9386, "post_exc_mean": 0.228934111708472, "prosp_score_happy": 3.4343869909102902, "prosp_score_sad": 3.4727648742681398, "domain_class": "tier 1" }, "geometry": { "type": "Point", "coordinates": [ -146.170242900253612, 68.490716411982007 ] } },
{ "type": "Feature", "properties": { "field_1": 1140, "x": 326152.5579, "y": 2050474.236, "scaled_x": 0.69637841555064095, "scaled_y": 0.84905642870902598, "post_mean": 3.6657713581562898, "post_sd": 0.15015769987219099, "post_q10": 3.4742821048201198, "post_q50": 3.6668480196467099, "post_q90": 3.8577426003314699, "post_prob_exceed": 0.9385, "post_exc_mean": 0.23577307055357799, "prosp_score_happy": 3.4403264196296801, "prosp_score_sad": 3.4742821048201198, "domain_class": "tier 1" }, "geometry": { "type": "Point", "coordinates": [ -146.170242898645938, 68.242334207694341 ] } },
{ "type": "Feature", "properties": { "field_1": 1141, "x": 329419.4931, "y": 2022892.994, "scaled_x": 0.69730348716846102, "scaled_y": 0.83466834850557803, "post_mean": 3.6552434895969599, "post_sd": 0.152232939434746, "post_q10": 3.4606498893177702, "post_q50": 3.6560485897382402, "post_q90": 3.8505360021944699, "post_prob_exceed": 0.92693333333333305, "post_exc_mean": 0.22622473945358601, "prosp_score_happy": 3.3881670319570798, "prosp_score_sad": 3.4606498893177702, "domain_class": "tier 1" }, "geometry": { "type": "Point", "coordinates": [ -146.170242898546491, 67.991224505435653 ] } },
{ "type": "Feature", "properties": { "field_1": 1142, "x": 332725.1627, "y": 1994984.735, "scaled_x": 0.69823952689304702, "scaled_y": 0.82010967602699303, "post_mean": 3.6306251324607199, "post_sd": 0.152143974637068, "post_q10": 3.43590669416536, "post_q50": 3.6313952362418802, "post_q90": 3.8262264882999899, "post_prob_exceed": 0.90213333333333301, "post_exc_mean": 0.20369560152961599, "prosp_score_happy": 3.2753079528305702, "prosp_score_sad": 3.43590669416536, "domain_class": "tier 1" }, "geometry": { "type": "Point", "coordinates": [ -146.170242898860522, 67.737362250295959 ] } },
{ "type": "Feature", "properties": { "field_1": 1143, "x": 336069.8329, "y": 1966747.212, "scaled_x": 0.69918661010210204, "scaled_y": 0.80537923909921805, "post_mean": 3.5955783551022402, "post_sd": 0.15003903755257, "post_q10": 3.4028632693926002, "post_q50": 3.5962413011194299, "post_q90": 3.7874987815101502, "post_prob_exceed": 0.85956666666666703, "post_exc_mean": 0.172406532510928, "prosp_score_happy": 3.0906393014340501, "prosp_score_sad": 3.4028632693926002, "domain_class": "tier 1" }, "geometry": { "type": "Point", "coordinates": [ -146.170242898468246, 67.480722291125304 ] } },
{ "type": "Feature", "properties": { "field_1": 1144, "x": 339453.7675, "y": 1938178.197, "scaled_x": 0.70014481149373597, "scaled_y": 0.79047587545977305, "post_mean": 3.5541309102160401, "post_sd": 0.14612600738725001, "post_q10": 3.3668009193950499, "post_q50": 3.5547665572253599, "post_q90": 3.74155822618504, "post_prob_exceed": 0.7948, "post_exc_mean": 0.13708903039320899, "prosp_score_happy": 2.8248232474397099, "prosp_score_sad": 3.3668009193950499, "domain_class": "tier 2" }, "geometry": { "type": "Point", "coordinates": [ -146.170242899710701, 67.221279448746245 ] } },
{ "type": "Feature", "properties": { "field_1": 1145, "x": 342877.2286, "y": 1909275.479, "scaled_x": 0.70111420528468704, "scaled_y": 0.77539843171443301, "post_mean": 3.5104901315618302, "post_sd": 0.14063559881627, "post_q10": 3.3297896016287298, "post_q50": 3.5112033067408999, "post_q90": 3.6902428621052499, "post_prob_exceed": 0.7061, "post_exc_mean": 0.10255857559435801, "prosp_score_happy": 2.47875708189581, "prosp_score_sad": 3.3297896016287298, "domain_class": "tier 2" }, "geometry": { "type": "Point", "coordinates": [ -146.170242897740508, 66.959008492366323 ] } },
{ "type": "Feature", "properties": { "field_1": 1146, "x": 346340.4757, "y": 1880036.865, "scaled_x": 0.70209486495547202, "scaled_y": 0.760145763858879, "post_mean": 3.46881711210413, "post_sd": 0.133817679962627, "post_q10": 3.2966792147725101, "post_q50": 3.46977633833104, "post_q90": 3.6393316338496899, "post_prob_exceed": 0.60316666666666696, "post_exc_mean": 0.072704417962405996, "prosp_score_happy": 2.0922748547841401, "prosp_score_sad": 3.2966792147725101, "domain_class": "tier 2" }, "geometry": { "type": "Point", "coordinates": [ -146.170242898384146, 66.693884144509482 ] } },
{ "type": "Feature", "properties": { "field_1": 1147, "x": 349843.7663, "y": 1850460.182, "scaled_x": 0.70308686342028204, "scaled_y": 0.744716738322032, "post_mean": 3.4329724770673802, "post_sd": 0.12595500438209301, "post_q10": 3.2711594606469601, "post_q50": 3.4332980691114301, "post_q90": 3.5938348773058699, "post_prob_exceed": 0.4979, "post_exc_mean": 0.0497900960773031, "prosp_score_happy": 1.7092769963318499, "prosp_score_sad": 3.2711594606469601, "domain_class": "tier 3" }, "geometry": { "type": "Point", "coordinates": [ -146.170242899055751, 66.4258810931602 ] } },
{ "type": "Feature", "properties": { "field_1": 1148, "x": 353387.3549, "y": 1820543.281, "scaled_x": 0.70409027274382496, "scaled_y": 0.72911023405269504, "post_mean": 3.4062507060190401, "post_sd": 0.117379079766311, "post_q10": 3.2559438895806498, "post_q50": 3.40678117225682, "post_q90": 3.5561826441353701, "post_prob_exceed": 0.40883333333333299, "post_exc_mean": 0.0342373027155531, "prosp_score_happy": 1.3925888303107801, "prosp_score_sad": 3.2559438895806498, "domain_class": "tier 3" }, "geometry": { "type": "Point", "coordinates": [ -146.170242900723309, 66.154974023294216 ] } },
{ "type": "Feature", "properties": { "field_1": 1149, "x": 356971.4937, "y": 1790284.035, "scaled_x": 0.70510516433953496, "scaled_y": 0.71332514147623105, "post_mean": 3.39112507926375, "post_sd": 0.108473880195046, "post_q10": 3.2509761679034899, "post_q50": 3.3919717163697598, "post_q90": 3.5301666397445501, "post_prob_exceed": 0.34923333333333301, "post_exc_mean": 0.0250645657901949, "prosp_score_happy": 1.1842939151815499, "prosp_score_sad": 3.2509761679034899, "domain_class": "Background" }, "geometry": { "type": "Point", "coordinates": [ -146.170242897669596, 65.881137592856732 ] } },
{ "type": "Feature", "properties": { "field_1": 1150, "x": 360596.4316, "y": 1759680.339, "scaled_x": 0.70613160868641001, "scaled_y": 0.69736036249456201, "post_mean": 3.38902907739971, "post_sd": 0.099656866620069506, "post_q10": 3.2605513247987199, "post_q50": 3.3895147298792998, "post_q90": 3.5173070862395499, "post_prob_exceed": 0.3277, "post_exc_mean": 0.0211500182234345, "prosp_score_happy": 1.11058482866388, "prosp_score_sad": 3.2605513247987199, "domain_class": "Background" }, "geometry": { "type": "Point", "coordinates": [ -146.170242899339513, 65.60434642835321 ] } },
{ "type": "Feature", "properties": { "field_1": 1151, "x": 364262.4146, "y": 1728730.119, "scaled_x": 0.70716967544228304, "scaled_y": 0.68121481518112503, "post_mean": 3.40020131941816, "post_sd": 0.091335147249319501, "post_q10": 3.2832542645738898, "post_q50": 3.4006201010932302, "post_q90": 3.5176121033784802, "post_prob_exceed": 0.35823333333333301, "post_exc_mean": 0.021952961307212301, "prosp_score_happy": 1.21806545265957, "prosp_score_sad": 3.2832542645738898, "domain_class": "Background" }, "geometry": { "type": "Point", "coordinates": [ -146.170242898362829, 65.324575199070296 ] } },
{ "type": "Feature", "properties": { "field_1": 1152, "x": 367969.6854, "y": 1697431.324, "scaled_x": 0.70821943333054904, "scaled_y": 0.66488742960757896, "post_mean": 3.4236190740016599, "post_sd": 0.083848611634297104, "post_q10": 3.3161775777007998, "post_q50": 3.42391264312633, "post_q90": 3.5317258810495402, "post_prob_exceed": 0.4511, "post_exc_mean": 0.028548319786018499, "prosp_score_happy": 1.5443945642821499, "prosp_score_sad": 3.3161775777007998, "domain_class": "tier 3" }, "geometry": { "type": "Point", "coordinates": [ -146.17024289980003, 65.041798540369044 ] } },
{ "type": "Feature", "properties": { "field_1": 1153, "x": 371718.483, "y": 1665781.938, "scaled_x": 0.70928095002690394, "scaled_y": 0.64837715410374597, "post_mean": 3.4570392737075202, "post_sd": 0.077427914415841001, "post_q10": 3.3569935260052501, "post_q50": 3.4569561185926001, "post_q90": 3.5568766719679799, "post_prob_exceed": 0.61843333333333295, "post_exc_mean": 0.043836258165639297, "prosp_score_happy": 2.13794832150319, "prosp_score_sad": 3.3569935260052501, "domain_class": "tier 2" }, "geometry": { "type": "Point", "coordinates": [ -146.170242899208404, 64.75599115517457 ] } },
{ "type": "Feature", "properties": { "field_1": 1154, "x": 375509.043, "y": 1633779.971, "scaled_x": 0.71035429224429603, "scaled_y": 0.631682950562655, "post_mean": 3.4971558657937201, "post_sd": 0.072199408988924504, "post_q10": 3.4044403969849499, "post_q50": 3.4972232637868199, "post_q90": 3.5897710699400101, "post_prob_exceed": 0.80826666666666702, "post_exc_mean": 0.070813510616310804, "prosp_score_happy": 2.82663451445887, "prosp_score_sad": 3.4044403969849499, "domain_class": "tier 1" }, "geometry": { "type": "Point", "coordinates": [ -146.17024289894124, 64.46712772744516 ] } },
{ "type": "Feature", "properties": { "field_1": 1155, "x": 379341.5967, "y": 1601423.47, "scaled_x": 0.71143952547807399, "scaled_y": 0.61480380017881997, "post_mean": 3.53986888636513, "post_sd": 0.068243366191454796, "post_q10": 3.4519329700845001, "post_q50": 3.53998487176524, "post_q90": 3.6272560989831399, "post_prob_exceed": 0.93973333333333298, "post_exc_mean": 0.107623322792151, "prosp_score_happy": 3.32653278814686, "prosp_score_sad": 3.4519329700845001, "domain_class": "tier 1" }, "geometry": { "type": "Point", "coordinates": [ -146.170242899569502, 64.175183014952268 ] } },
{ "type": "Feature", "properties": { "field_1": 1156, "x": 383216.3717, "y": 1568710.515, "scaled_x": 0.71253671417589104, "scaled_y": 0.59773870136159601, "post_mean": 3.5806458010922602, "post_sd": 0.065658961585617903, "post_q10": 3.4966505926357399, "post_q50": 3.58061811659406, "post_q90": 3.66444088667498, "post_prob_exceed": 0.9881, "post_exc_mean": 0.146941072963613, "prosp_score_happy": 3.5380361160592599, "prosp_score_sad": 3.4966505926357399, "domain_class": "tier 1" }, "geometry": { "type": "Point", "coordinates": [ -146.170242897414738, 63.88013180675663 ] } },
{ "type": "Feature", "properties": { "field_1": 1157, "x": 387133.5908, "y": 1535639.223, "scaled_x": 0.71364592142621897, "scaled_y": 0.58048667182182201, "post_mean": 3.6149416815737498, "post_sd": 0.064554436624395806, "post_q10": 3.53262065656785, "post_q50": 3.6150139717583798, "post_q90": 3.69706432001471, "post_prob_exceed": 0.99756666666666705, "post_exc_mean": 0.18100562435866599, "prosp_score_happy": 3.6061453234819201, "prosp_score_sad": 3.53262065656785, "domain_class": "tier 1" }, "geometry": { "type": "Point", "coordinates": [ -146.170242897311311, 63.581948953593361 ] } },
{ "type": "Feature", "properties": { "field_1": 1158, "x": 391093.4725, "y": 1502207.75, "scaled_x": 0.71476720909993596, "scaled_y": 0.56304674961515, "post_mean": 3.6386347340985998, "post_sd": 0.064926388403631505, "post_q10": 3.5561978904374998, "post_q50": 3.6385769771590999, "post_q90": 3.7212791219658601, "post_prob_exceed": 0.99916666666666698, "post_exc_mean": 0.20466163473938701, "prosp_score_happy": 3.6356025384868502, "prosp_score_sad": 3.5561978904374998, "domain_class": "tier 1" }, "geometry": { "type": "Point", "coordinates": [ -146.170242897563043, 63.280609378634587 ] } },
{ "type": "Feature", "properties": { "field_1": 1159, "x": 395096.2304, "y": 1468414.292, "scaled_x": 0.715900637680428, "scaled_y": 0.54541799366370103, "post_mean": 3.64842985655112, "post_sd": 0.066522784398773002, "post_q10": 3.5638414819769402, "post_q50": 3.6484634087449601, "post_q90": 3.7335847826623998, "post_prob_exceed": 0.99943333333333295, "post_exc_mean": 0.21445122260128499, "prosp_score_happy": 3.6463624129657402, "prosp_score_sad": 3.5638414819769402, "domain_class": "tier 1" }, "geometry": { "type": "Point", "coordinates": [ -146.170242899723775, 62.976088080408623 ] } },
{ "type": "Feature", "properties": { "field_1": 1160, "x": 399142.0731, "y": 1434257.09, "scaled_x": 0.71704626623526901, "scaled_y": 0.52759948636437903, "post_mean": 3.6421865864945899, "post_sd": 0.068878121147055799, "post_q10": 3.5540240522471298, "post_q50": 3.6418624561348198, "post_q90": 3.7305864407519098, "post_prob_exceed": 0.9987, "post_exc_mean": 0.20822307004509899, "prosp_score_happy": 3.6374517439321501, "prosp_score_sad": 3.5540240522471298, "domain_class": "tier 1" }, "geometry": { "type": "Point", "coordinates": [ -146.170242898867571, 62.668360170627544 ] } },
{ "type": "Feature", "properties": { "field_1": 1161, "x": 403231.2036, "y": 1399734.428, "scaled_x": 0.71820415224632606, "scaled_y": 0.50959033254554398, "post_mean": 3.61913859434424, "post_sd": 0.071649853523502199, "post_q10": 3.5277776996658399, "post_q50": 3.6189968659507699, "post_q90": 3.7105995326340202, "post_prob_exceed": 0.9951, "post_exc_mean": 0.18526126584104399, "prosp_score_happy": 3.6014048152319602, "prosp_score_sad": 3.5277776996658399, "domain_class": "tier 1" }, "geometry": { "type": "Point", "coordinates": [ -146.17024290001595, 62.35740085022649 ] } },
{ "type": "Feature", "properties": { "field_1": 1162, "x": 407363.8197, "y": 1364844.638, "scaled_x": 0.71937435172302699, "scaled_y": 0.49138966207532198, "post_mean": 3.5799876496994898, "post_sd": 0.075265683219518098, "post_q10": 3.4838933784866, "post_q50": 3.5800851681594001, "post_q90": 3.6765060151673299, "post_prob_exceed": 0.97213333333333296, "post_exc_mean": 0.14676675685931001, "prosp_score_happy": 3.48022532719453, "prosp_score_sad": 3.4838933784866, "domain_class": "tier 1" }, "geometry": { "type": "Point", "coordinates": [ -146.170242898743425, 62.04318544645546 ] } },
{ "type": "Feature", "properties": { "field_1": 1163, "x": 411540.1132, "y": 1329586.099, "scaled_x": 0.72055691897582597, "scaled_y": 0.47299662933994302, "post_mean": 3.5268724548771999, "post_sd": 0.0817417711251157, "post_q10": 3.4215871199518499, "post_q50": 3.5266164143601801, "post_q90": 3.6318768794708798, "post_prob_exceed": 0.87316666666666698, "post_exc_mean": 0.098110277165827195, "prosp_score_happy": 3.0795474651836101, "prosp_score_sad": 3.4215871199518499, "domain_class": "tier 1" }, "geometry": { "type": "Point", "coordinates": [ -146.170242898964005, 61.725689397830223 ] } },
{ "type": "Feature", "properties": { "field_1": 1164, "x": 415760.2696, "y": 1293957.245, "scaled_x": 0.72175190653125698, "scaled_y": 0.45441041741703803, "post_mean": 3.4632284304771699, "post_sd": 0.094994000586334407, "post_q10": 3.3419054829086301, "post_q50": 3.4633887193674999, "post_q90": 3.58492876960308, "post_prob_exceed": 0.61933333333333296, "post_exc_mean": 0.054273407997482197, "prosp_score_happy": 2.1448928079421901, "prosp_score_sad": 3.3419054829086301, "domain_class": "tier 2" }, "geometry": { "type": "Point", "coordinates": [ -146.170242900429798, 61.404888318394832 ] } },
{ "type": "Feature", "properties": { "field_1": 1165, "x": 420024.4684, "y": 1257956.562, "scaled_x": 0.72295936521688497, "scaled_y": 0.43563023651064903, "post_mean": 3.3935655242520402, "post_sd": 0.11952849317196999, "post_q10": 3.2410152229561802, "post_q50": 3.3929844550069501, "post_q90": 3.5472660217770402, "post_prob_exceed": 0.3688, "post_exc_mean": 0.0302244190885654, "prosp_score_happy": 1.25154696534415, "prosp_score_sad": 3.2410152229561802, "domain_class": "Background" }, "geometry": { "type": "Point", "coordinates": [ -146.170242899960215, 61.080757963577824 ] } },
{ "type": "Feature", "properties": { "field_1": 1166, "x": 424332.8822, "y": 1221582.592, "scaled_x": 0.724179343906454, "scaled_y": 0.41665532603787803, "post_mean": 3.3231961700011299, "post_sd": 0.158386744541925, "post_q10": 3.1184827436645501, "post_q50": 3.3235588715171298, "post_q90": 3.5252011753115302, "post_prob_exceed": 0.242466666666667, "post_exc_mean": 0.022583453577371199, "prosp_score_happy": 0.80576429801960803, "prosp_score_sad": 3.1184827436645501, "domain_class": "Background" }, "geometry": { "type": "Point", "coordinates": [ -146.170242899382941, 60.753274259398836 ] } },
{ "type": "Feature", "properties": { "field_1": 1167, "x": 428685.6766, "y": 1184833.937, "scaled_x": 0.72541188949157798, "scaled_y": 0.39748495671553802, "post_mean": 3.2579445746982798, "post_sd": 0.21280886236552601, "post_q10": 2.98421093370338, "post_q50": 3.2582544351765601, "post_q90": 3.5306091935364901, "post_prob_exceed": 0.20306666666666701, "post_exc_mean": 0.0242422087154089, "prosp_score_happy": 0.66157994496872996, "prosp_score_sad": 2.98421093370338, "domain_class": "Background" }, "geometry": { "type": "Point", "coordinates": [ -146.170242898518808, 60.422413330756576 ] } },
{ "type": "Feature", "properties": { "field_1": 1168, "x": 330396.7574, "y": 2237797.607, "scaled_x": 0.69758021119624003, "scaled_y": 0.94677587462550095, "post_mean": 3.2124325159783602, "post_sd": 0.17969730921211899, "post_q10": 2.9817661929178998, "post_q50": 3.2122774772957499, "post_q90": 3.4428229067765401, "post_prob_exceed": 0.109, "post_exc_mean": 0.0093060799624043004, "prosp_score_happy": 0.35015514424164101, "prosp_score_sad": 2.9817661929178998, "domain_class": "Background" }, "geometry": { "type": "Point", "coordinates": [ -145.496506435326097, 69.925127470595115 ] } },
{ "type": "Feature", "properties": { "field_1": 1169, "x": 333657.2059, "y": 2212473.288, "scaled_x": 0.69850344602768499, "scaled_y": 0.93356514492486997, "post_mean": 3.3542317180633199, "post_sd": 0.156118873505386, "post_q10": 3.1532632441924902, "post_q50": 3.3541011561490301, "post_q90": 3.5547404617497902, "post_prob_exceed": 0.30436666666666701, "post_exc_mean": 0.030479661324136299, "prosp_score_happy": 1.0209163272545401, "prosp_score_sad": 3.1532632441924902, "domain_class": "Background" }, "geometry": { "type": "Point", "coordinates": [ -145.496506434774602, 69.692587750476534 ] } },
{ "type": "Feature", "properties": { "field_1": 1170, "x": 336957.6378, "y": 2186838.413, "scaled_x": 0.69943800263512501, "scaled_y": 0.92019241002390495, "post_mean": 3.4712754050180701, "post_sd": 0.145773814490056, "post_q10": 3.28202438111391, "post_q50": 3.4711477762098601, "post_q90": 3.6585421065384298, "post_prob_exceed": 0.5996, "post_exc_mean": 0.078845523055794398, "prosp_score_happy": 2.0813767328488302, "prosp_score_sad": 3.28202438111391, "domain_class": "tier 3" }, "geometry": { "type": "Point", "coordinates": [ -145.496506433702905, 69.457469402078601 ] } },
{ "type": "Feature", "properties": { "field_1": 1171, "x": 340298.3523, "y": 2160890.657, "scaled_x": 0.70038396574060402, "scaled_y": 0.90665645705893305, "post_mean": 3.56300153504601, "post_sd": 0.14551373722317301, "post_q10": 3.3744962961173801, "post_q50": 3.5631132755498598, "post_q90": 3.7500461191771999, "post_prob_exceed": 0.80993333333333295, "post_exc_mean": 0.14400921658472199, "prosp_score_happy": 2.88579370995159, "prosp_score_sad": 3.3744962961173801, "domain_class": "tier 1" }, "geometry": { "type": "Point", "coordinates": [ -145.496506435548753, 69.219747820271948 ] } },
{ "type": "Feature", "properties": { "field_1": 1172, "x": 343679.6476, "y": 2134627.705, "scaled_x": 0.70134141978300302, "scaled_y": 0.89295607838290103, "post_mean": 3.6294138648105001, "post_sd": 0.15084710456353001, "post_q10": 3.4342640033108802, "post_q50": 3.6293537804734401, "post_q90": 3.8228799384257801, "post_prob_exceed": 0.90043333333333297, "post_exc_mean": 0.202195619863731, "prosp_score_happy": 3.2680452243375302, "prosp_score_sad": 3.4342640033108802, "domain_class": "tier 1" }, "geometry": { "type": "Point", "coordinates": [ -145.496506436579637, 68.979398320119103 ] } },
{ "type": "Feature", "properties": { "field_1": 1173, "x": 347101.8204, "y": 2108047.253, "scaled_x": 0.70231044877646398, "scaled_y": 0.87909007208703105, "post_mean": 3.6711546966626001, "post_sd": 0.157951982155346, "post_q10": 3.4686929382735698, "post_q50": 3.6708823875745402, "post_q90": 3.8734409679084898, "post_prob_exceed": 0.93366666666666698, "post_exc_mean": 0.241647436436352, "prosp_score_happy": 3.4276347684506501, "prosp_score_sad": 3.4686929382735698, "domain_class": "tier 1" }, "geometry": { "type": "Point", "coordinates": [ -145.496506435238075, 68.736396142404573 ] } },
{ "type": "Feature", "properties": { "field_1": 1174, "x": 350565.1663, "y": 2081147.004, "scaled_x": 0.70329113642364505, "scaled_y": 0.86505723991418304, "post_mean": 3.68955951050452, "post_sd": 0.16441504723768799, "post_q10": 3.4791657269330001, "post_q50": 3.6894969061874998, "post_q90": 3.9004129120802502, "post_prob_exceed": 0.94093333333333296, "post_exc_mean": 0.259750312359528, "prosp_score_happy": 3.4716295287507202, "prosp_score_sad": 3.4791657269330001, "domain_class": "tier 1" }, "geometry": { "type": "Point", "coordinates": [ -145.496506434797681, 68.490716413097317 ] } },
{ "type": "Feature", "properties": { "field_1": 1175, "x": 354069.9792, "y": 2053924.675, "scaled_x": 0.70428356594583397, "scaled_y": 0.85085639091047804, "post_mean": 3.6866856396220302, "post_sd": 0.16898504579198001, "post_q10": 3.47063016079785, "post_q50": 3.6865935408692101, "post_q90": 3.9030386172765499, "post_prob_exceed": 0.93306666666666704, "post_exc_mean": 0.25766241002644302, "prosp_score_happy": 3.4399234808100001, "prosp_score_sad": 3.47063016079785, "domain_class": "tier 1" }, "geometry": { "type": "Point", "coordinates": [ -145.496506435969877, 68.242334202785159 ] } },
{ "type": "Feature", "properties": { "field_1": 1176, "x": 357616.5516, "y": 2026377.995, "scaled_x": 0.70528782016789004, "scaled_y": 0.836486340381981, "post_mean": 3.6653070957519698, "post_sd": 0.17114659738077601, "post_q10": 3.4466729916371799, "post_q50": 3.6650590174865001, "post_q90": 3.88525352643095, "post_prob_exceed": 0.9121, "post_exc_mean": 0.238276540026403, "prosp_score_happy": 3.34312660203538, "prosp_score_sad": 3.4466729916371799, "domain_class": "tier 1" }, "geometry": { "type": "Point", "coordinates": [ -145.496506436027687, 67.991224503956076 ] } },
{ "type": "Feature", "properties": { "field_1": 1177, "x": 361205.174, "y": 1998504.707, "scaled_x": 0.70630398134834904, "scaled_y": 0.82194591093802005, "post_mean": 3.6288682147514102, "post_sd": 0.17080477652046899, "post_q10": 3.4102712293799802, "post_q50": 3.6287508318913599, "post_q90": 3.8482739372160601, "post_prob_exceed": 0.871933333333333, "post_exc_mean": 0.20568227103673201, "prosp_score_happy": 3.16413115871558, "prosp_score_sad": 3.4102712293799802, "domain_class": "tier 1" }, "geometry": { "type": "Point", "coordinates": [ -145.496506436950995, 67.737362245163581 ] } },
{ "type": "Feature", "properties": { "field_1": 1178, "x": 364836.1353, "y": 1970302.568, "scaled_x": 0.70733213129268602, "scaled_y": 0.80723393249119102, "post_mean": 3.5813903749510998, "post_sd": 0.16809268738451999, "post_q10": 3.36639497659869, "post_q50": 3.5816998702376401, "post_q90": 3.7975007752558998, "post_prob_exceed": 0.81006666666666705, "post_exc_mean": 0.16504445123186101, "prosp_score_happy": 2.90116496306872, "prosp_score_sad": 3.36639497659869, "domain_class": "tier 1" }, "geometry": { "type": "Point", "coordinates": [ -145.496506435973942, 67.480722285963125 ] } },
{ "type": "Feature", "properties": { "field_1": 1179, "x": 368509.7219, "y": 1941769.353, "scaled_x": 0.70837235109847296, "scaled_y": 0.792349244343999, "post_mean": 3.5273286480511201, "post_sd": 0.16326318359577499, "post_q10": 3.3183937231781, "post_q50": 3.5275517511004999, "post_q90": 3.7358300320953801, "post_prob_exceed": 0.7168, "post_exc_mean": 0.12219474555401701, "prosp_score_happy": 2.5283891749230398, "prosp_score_sad": 3.3183937231781, "domain_class": "tier 2" }, "geometry": { "type": "Point", "coordinates": [ -145.496506434606687, 67.221279449025346 ] } },
{ "type": "Feature", "properties": { "field_1": 1180, "x": 372226.2182, "y": 1912902.852, "scaled_x": 0.70942472129695799, "scaled_y": 0.77729069362387904, "post_mean": 3.4713789292622601, "post_sd": 0.156633799897583, "post_q10": 3.2707110870441798, "post_q50": 3.47106120832759, "post_q90": 3.67070800930103, "post_prob_exceed": 0.5952, "post_exc_mean": 0.083030033252998806, "prosp_score_happy": 2.0661647386969002, "prosp_score_sad": 3.2707110870441798, "domain_class": "tier 3" }, "geometry": { "type": "Point", "coordinates": [ -145.496506435854712, 66.959008487841714 ] } },
{ "type": "Feature", "properties": { "field_1": 1181, "x": 375985.9061, "y": 1883700.877, "scaled_x": 0.71048932171148405, "scaled_y": 0.76205713893482296, "post_mean": 3.4182408670209901, "post_sd": 0.148564527670285, "post_q10": 3.2273595074877299, "post_q50": 3.4184745487445798, "post_q90": 3.6081144328410302, "post_prob_exceed": 0.4583, "post_exc_mean": 0.051794134585196598, "prosp_score_happy": 1.5665797893557201, "prosp_score_sad": 3.2273595074877299, "domain_class": "tier 3" }, "geometry": { "type": "Point", "coordinates": [ -145.496506435166509, 66.693884144896614 ] } },
{ "type": "Feature", "properties": { "field_1": 1182, "x": 379789.0651, "y": 1854161.256, "scaled_x": 0.711566231485806, "scaled_y": 0.74664744722741405, "post_mean": 3.37234733363699, "post_sd": 0.139452965618268, "post_q10": 3.1924946907510701, "post_q50": 3.37216632289261, "post_q90": 3.54986928482972, "post_prob_exceed": 0.33156666666666701, "post_exc_mean": 0.030142559434972498, "prosp_score_happy": 1.11815796425624, "prosp_score_sad": 3.1924946907510701, "domain_class": "Background" }, "geometry": { "type": "Point", "coordinates": [ -145.496506435701576, 66.425881092808297 ] } },
{ "type": "Feature", "properties": { "field_1": 1183, "x": 383635.9715, "y": 1824281.844, "scaled_x": 0.71265552885756001, "scaled_y": 0.73106049953710095, "post_mean": 3.3375770596564101, "post_sd": 0.129732700115396, "post_q10": 3.1712511358142801, "post_q50": 3.3379307132692602, "post_q90": 3.5035846647408699, "post_prob_exceed": 0.23046666666666701, "post_exc_mean": 0.017078782804207202, "prosp_score_happy": 0.769200259682148, "prosp_score_sad": 3.1712511358142801, "domain_class": "Background" }, "geometry": { "type": "Point", "coordinates": [ -145.496506434438885, 66.154974028208414 ] } },
{ "type": "Feature", "properties": { "field_1": 1184, "x": 387526.8989, "y": 1794060.514, "scaled_x": 0.713757291299845, "scaled_y": 0.71529518628924704, "post_mean": 3.3169723809563898, "post_sd": 0.119861590986605, "post_q10": 3.1632570150914798, "post_q50": 3.31794015331579, "post_q90": 3.47030183314215, "post_prob_exceed": 0.164533333333333, "post_exc_mean": 0.0102963972650588, "prosp_score_happy": 0.54575252241335903, "prosp_score_sad": 3.1632570150914798, "domain_class": "Background" }, "geometry": { "type": "Point", "coordinates": [ -145.496506436780578, 65.881137585447107 ] } },
{ "type": "Feature", "properties": { "field_1": 1185, "x": 391462.1177, "y": 1763495.168, "scaled_x": 0.71487159537964096, "scaled_y": 0.69935041303740697, "post_mean": 3.3124883767035702, "post_sd": 0.110290005248946, "post_q10": 3.1703007295095098, "post_q50": 3.3129161970709, "post_q90": 3.4537306021846801, "post_prob_exceed": 0.135566666666667, "post_exc_mean": 0.0074205183621882604, "prosp_score_happy": 0.44906300760178097, "prosp_score_sad": 3.1703007295095098, "domain_class": "Background" }, "geometry": { "type": "Point", "coordinates": [ -145.496506436446083, 65.60434642976665 ] } },
{ "type": "Feature", "properties": { "field_1": 1186, "x": 395441.895, "y": 1732583.731, "scaled_x": 0.71599851672949699, "scaled_y": 0.68322509733335601, "post_mean": 3.3248016154584099, "post_sd": 0.101407757066086, "post_q10": 3.19474729191883, "post_q50": 3.3249734772187001, "post_q90": 3.4551830930656902, "post_prob_exceed": 0.1412, "post_exc_mean": 0.0071980134808457899, "prosp_score_happy": 0.46946198810272799, "prosp_score_sad": 3.19474729191883, "domain_class": "Background" }, "geometry": { "type": "Point", "coordinates": [ -145.496506434611462, 65.324575198271859 ] } },
{ "type": "Feature", "properties": { "field_1": 1187, "x": 399466.4941, "y": 1701324.157, "scaled_x": 0.71713812990594195, "scaled_y": 0.66691817185706204, "post_mean": 3.3532056597078999, "post_sd": 0.093483955574252403, "post_q10": 3.2332522080090298, "post_q50": 3.3533779147736902, "post_q90": 3.4739813457991802, "post_prob_exceed": 0.19516666666666699, "post_exc_mean": 0.0099968039561092303, "prosp_score_happy": 0.65443397125299196, "prosp_score_sad": 3.2332522080090298, "domain_class": "Background" }, "geometry": { "type": "Point", "coordinates": [ -145.496506433803489, 65.041798548202706 ] } },
{ "type": "Feature", "properties": { "field_1": 1188, "x": 403536.1746, "y": 1669714.429, "scaled_x": 0.71829050841780995, "scaled_y": 0.65042858441668605, "post_mean": 3.3956154259206501, "post_sd": 0.086630598067935105, "post_q10": 3.2835411556934901, "post_q50": 3.3956371615485801, "post_q90": 3.5068192540652601, "post_prob_exceed": 0.32946666666666702, "post_exc_mean": 0.018720963375802601, "prosp_score_happy": 1.1187420956599901, "prosp_score_sad": 3.2835411556934901, "domain_class": "Background" }, "geometry": { "type": "Point", "coordinates": [ -145.496506435745886, 64.755991150910404 ] } },
{ "type": "Feature", "properties": { "field_1": 1189, "x": 407651.192, "y": 1637752.564, "scaled_x": 0.71945572461296903, "scaled_y": 0.633755300556889, "post_mean": 3.4486933204288301, "post_sd": 0.080822622267561303, "post_q10": 3.3439527372917799, "post_q50": 3.4490214473129002, "post_q90": 3.5522107828066898, "post_prob_exceed": 0.57306666666666695, "post_exc_mean": 0.040206384055467198, "prosp_score_happy": 1.97633118549375, "prosp_score_sad": 3.3439527372917799, "domain_class": "tier 3" }, "geometry": { "type": "Point", "coordinates": [ -145.496506436368207, 64.467127730761334 ] } },
{ "type": "Feature", "properties": { "field_1": 1190, "x": 411811.7978, "y": 1605436.608, "scaled_x": 0.72063384970664002, "scaled_y": 0.61689730095052198, "post_mean": 3.5080972333681402, "post_sd": 0.075978950996121397, "post_q10": 3.4105766149858798, "post_q50": 3.5080716997044901, "post_q90": 3.6050366480399698, "post_prob_exceed": 0.83346666666666702, "post_exc_mean": 0.080780097508740101, "prosp_score_happy": 2.9238821074378998, "prosp_score_sad": 3.4105766149858798, "domain_class": "tier 1" }, "geometry": { "type": "Point", "coordinates": [ -145.49650643720193, 64.175183014419275 ] } },
{ "type": "Feature", "properties": { "field_1": 1191, "x": 416018.2388, "y": 1572764.645, "scaled_x": 0.72182495358318299, "scaled_y": 0.59985358609358896, "post_mean": 3.5688352851282499, "post_sd": 0.072061268541695395, "post_q10": 3.4764278053188802, "post_q50": 3.5686110172644101, "post_q90": 3.6606181686400601, "post_prob_exceed": 0.97006666666666697, "post_exc_mean": 0.13570723573249199, "prosp_score_happy": 3.4620081489267398, "prosp_score_sad": 3.4764278053188802, "domain_class": "tier 1" }, "geometry": { "type": "Point", "coordinates": [ -145.496506435827314, 63.880131805404503 ] } },
{ "type": "Feature", "properties": { "field_1": 1192, "x": 420270.757, "y": 1539734.794, "scaled_x": 0.72302910476778004, "scaled_y": 0.58262317474025205, "post_mean": 3.6256972131541501, "post_sd": 0.069118791108059893, "post_q10": 3.5373571293139801, "post_q50": 3.6259007395456702, "post_q90": 3.7139736863799802, "post_prob_exceed": 0.99723333333333297, "post_exc_mean": 0.191773994771925, "prosp_score_happy": 3.6156661175310898, "prosp_score_sad": 3.5373571293139801, "domain_class": "tier 1" }, "geometry": { "type": "Point", "coordinates": [ -145.496506435802843, 63.581948951153457 ] } },
{ "type": "Feature", "properties": { "field_1": 1193, "x": 424569.5896, "y": 1506345.213, "scaled_x": 0.72424637042643703, "scaled_y": 0.56520510598948603, "post_mean": 3.67371999171371, "post_sd": 0.067235234910560104, "post_q10": 3.5878610730487699, "post_q50": 3.67419144120261, "post_q90": 3.7600356126810102, "post_prob_exceed": 0.99973333333333303, "post_exc_mean": 0.23973775626428101, "prosp_score_happy": 3.6727403330492501, "prosp_score_sad": 3.5878610730487699, "domain_class": "tier 1" }, "geometry": { "type": "Point", "coordinates": [ -145.496506436163031, 63.28060937206795 ] } },
{ "type": "Feature", "properties": { "field_1": 1194, "x": 428914.9684, "y": 1472594.102, "scaled_x": 0.72547681619608595, "scaled_y": 0.54759844085006004, "post_mean": 3.7086387120684599, "post_sd": 0.066427260013122394, "post_q10": 3.62385656414948, "post_q50": 3.7084560399412201, "post_q90": 3.79325421938317, "post_prob_exceed": 0.999966666666667, "post_exc_mean": 0.274652711958777, "prosp_score_happy": 3.7085150907780502, "prosp_score_sad": 3.62385656414948, "domain_class": "tier 1" }, "geometry": { "type": "Point", "coordinates": [ -145.496506435835414, 62.976088082225182 ] } },
{ "type": "Feature", "properties": { "field_1": 1195, "x": 433307.1198, "y": 1438479.702, "scaled_x": 0.72672050618458295, "scaled_y": 0.52980226171887701, "post_mean": 3.72727455615231, "post_sd": 0.066657039150745195, "post_q10": 3.6416073179459101, "post_q50": 3.7268523058954099, "post_q90": 3.8125314183285299, "post_prob_exceed": 1.0, "post_exc_mean": 0.29328735166716502, "prosp_score_happy": 3.72727455615231, "prosp_score_sad": 3.6416073179459101, "domain_class": "tier 1" }, "geometry": { "type": "Point", "coordinates": [ -145.496506436146149, 62.668360173788493 ] } },
{ "type": "Feature", "properties": { "field_1": 1196, "x": 437746.2645, "y": 1404000.3, "scaled_x": 0.72797750288576202, "scaled_y": 0.51181567498928304, "post_mean": 3.7278202193204, "post_sd": 0.068149260174458007, "post_q10": 3.6398328838210601, "post_q50": 3.72751355750778, "post_q90": 3.8151867833797, "post_prob_exceed": 1.0, "post_exc_mean": 0.29383301483525498, "prosp_score_happy": 3.7278202193204, "prosp_score_sad": 3.6398328838210601, "domain_class": "tier 1" }, "geometry": { "type": "Point", "coordinates": [ -145.496506434094982, 62.357400854913507 ] } },
{ "type": "Feature", "properties": { "field_1": 1197, "x": 442232.6168, "y": 1369154.229, "scaled_x": 0.72924786698122102, "scaled_y": 0.49363781105106602, "post_mean": 3.7099978747505298, "post_sd": 0.072054455897923905, "post_q10": 3.61697011693271, "post_q50": 3.7100266751914899, "post_q90": 3.8030235752043802, "post_prob_exceed": 0.9999, "post_exc_mean": 0.27601214942499802, "prosp_score_happy": 3.7096268749630599, "prosp_score_sad": 3.61697011693271, "domain_class": "tier 1" }, "geometry": { "type": "Point", "coordinates": [ -145.496506435886573, 62.043185443630087 ] } },
{ "type": "Feature", "properties": { "field_1": 1198, "x": 446766.3851, "y": 1333939.873, "scaled_x": 0.73053165748190196, "scaled_y": 0.47526782689876501, "post_mean": 3.67508266259546, "post_sd": 0.081072555082046402, "post_q10": 3.5715112581064599, "post_q50": 3.6749006060468101, "post_q90": 3.7795336172809599, "post_prob_exceed": 0.99843333333333295, "post_exc_mean": 0.24113235500355101, "prosp_score_happy": 3.6693250330907299, "prosp_score_sad": 3.5715112581064599, "domain_class": "tier 1" }, "geometry": { "type": "Point", "coordinates": [ -145.496506434934531, 61.725689404615643 ] } },
{ "type": "Feature", "properties": { "field_1": 1199, "x": 451347.771, "y": 1298355.665, "scaled_x": 0.73182893147324801, "scaled_y": 0.45670490508834899, "post_mean": 3.62580209371963, "post_sd": 0.099044312515463306, "post_q10": 3.4990303430723801, "post_q50": 3.6252230478032499, "post_q90": 3.7527925098894799, "post_prob_exceed": 0.974766666666667, "post_exc_mean": 0.19281970270621801, "prosp_score_happy": 3.5343110208880999, "prosp_score_sad": 3.4990303430723801, "domain_class": "tier 1" }, "geometry": { "type": "Point", "coordinates": [ -145.496506434073922, 61.404888325384306 ] } },
{ "type": "Feature", "properties": { "field_1": 1200, "x": 455976.969, "y": 1262400.093, "scaled_x": 0.73313974403024895, "scaled_y": 0.43794825686718297, "post_mean": 3.5661354632060802, "post_sd": 0.129300872935322, "post_q10": 3.39951659092702, "post_q50": 3.5663525979378901, "post_q90": 3.7305871176743799, "post_prob_exceed": 0.84606666666666697, "post_exc_mean": 0.14247107407693599, "prosp_score_happy": 3.0171883442365601, "prosp_score_sad": 3.39951659092702, "domain_class": "tier 1" }, "geometry": { "type": "Point", "coordinates": [ -145.496506436374688, 61.080757962662823 ] } },
{ "type": "Feature", "properties": { "field_1": 1201, "x": 460654.1666, "y": 1226071.703, "scaled_x": 0.734464148245764, "scaled_y": 0.41899712373901798, "post_mean": 3.5010451720004698, "post_sd": 0.17368385183694901, "post_q10": 3.2779190080596101, "post_q50": 3.50220872101317, "post_q90": 3.7225383283199598, "post_prob_exceed": 0.64926666666666699, "post_exc_mean": 0.108026107314537, "prosp_score_happy": 2.2731119286741701, "prosp_score_sad": 3.2779190080596101, "domain_class": "tier 2" }, "geometry": { "type": "Point", "coordinates": [ -145.496506436248438, 60.75327426161455 ] } },
{ "type": "Feature", "properties": { "field_1": 1202, "x": 465379.5437, "y": 1189369.097, "scaled_x": 0.73580219506062094, "scaled_y": 0.39985077642066502, "post_mean": 3.4361733378260602, "post_sd": 0.233010086358685, "post_q10": 3.1365295547916698, "post_q50": 3.4381402125258198, "post_q90": 3.7341105167695701, "post_prob_exceed": 0.5069, "post_exc_mean": 0.094137938165107807, "prosp_score_happy": 1.7417962649440299, "prosp_score_sad": 3.1365295547916698, "domain_class": "tier 3" }, "geometry": { "type": "Point", "coordinates": [ -145.49650643538277, 60.4224133314586 ] } },
{ "type": "Feature", "properties": { "field_1": 1203, "x": 356413.6077, "y": 2241281.463, "scaled_x": 0.70494719227306102, "scaled_y": 0.94859326919914899, "post_mean": 3.2640018724914701, "post_sd": 0.212879639243758, "post_q10": 2.9893666194813102, "post_q50": 3.2640602392493001, "post_q90": 3.5379605929298101, "post_prob_exceed": 0.2121, "post_exc_mean": 0.0255846932982518, "prosp_score_happy": 0.69229479715544096, "prosp_score_sad": 2.9893666194813102, "domain_class": "Background" }, "geometry": { "type": "Point", "coordinates": [ -144.822769972042295, 69.925127466888853 ] } },
{ "type": "Feature", "properties": { "field_1": 1204, "x": 359930.7977, "y": 2215991.524, "scaled_x": 0.70594312651855196, "scaled_y": 0.93540047423102202, "post_mean": 3.4057835457471799, "post_sd": 0.18532549701626999, "post_q10": 3.1669423573997699, "post_q50": 3.405744707093, "post_q90": 3.6442421841506798, "post_prob_exceed": 0.44046666666666701, "post_exc_mean": 0.060812200887055697, "prosp_score_happy": 1.50013412578344, "prosp_score_sad": 3.1669423573997699, "domain_class": "tier 3" }, "geometry": { "type": "Point", "coordinates": [ -144.82276997346662, 69.692587749825165 ] } },
{ "type": "Feature", "properties": { "field_1": 1205, "x": 363491.1197, "y": 2190391.45, "scaled_x": 0.70695127410363401, "scaled_y": 0.92204589368217604, "post_mean": 3.5211184162201299, "post_sd": 0.17154948710563001, "post_q10": 3.2997224026177601, "post_q50": 3.52047791689666, "post_q90": 3.7417062289916201, "post_prob_exceed": 0.69273333333333298, "post_exc_mean": 0.120757349930168, "prosp_score_happy": 2.4391960975295599, "prosp_score_sad": 3.2997224026177601, "domain_class": "tier 2" }, "geometry": { "type": "Point", "coordinates": [ -144.8227699729797, 69.457469398867772 ] } },
{ "type": "Feature", "properties": { "field_1": 1206, "x": 367094.8964, "y": 2164478.92, "scaled_x": 0.707971726404656, "scaled_y": 0.90852831677558699, "post_mean": 3.6093910727127301, "post_sd": 0.16877949862182601, "post_q10": 3.3902283319375299, "post_q50": 3.6097291951497699, "post_q90": 3.8270965341713801, "post_prob_exceed": 0.84823333333333295, "post_exc_mean": 0.18840697674614201, "prosp_score_happy": 3.0616058209106898, "prosp_score_sad": 3.3902283319375299, "domain_class": "tier 1" }, "geometry": { "type": "Point", "coordinates": [ -144.822769972916035, 69.219747816596197 ] } },
{ "type": "Feature", "properties": { "field_1": 1207, "x": 370742.4493, "y": 2138251.623, "scaled_x": 0.709004574458174, "scaled_y": 0.89484653795084601, "post_mean": 3.6705922904533401, "post_sd": 0.17266891665397399, "post_q10": 3.44693673009506, "post_q50": 3.6705662566366701, "post_q90": 3.89365591093852, "post_prob_exceed": 0.91266666666666696, "post_exc_mean": 0.24313430462514801, "prosp_score_happy": 3.3500272304204199, "prosp_score_sad": 3.44693673009506, "domain_class": "tier 1" }, "geometry": { "type": "Point", "coordinates": [ -144.82276997085782, 68.979398325967352 ] } },
{ "type": "Feature", "properties": { "field_1": 1208, "x": 374434.0986, "y": 2111707.255, "scaled_x": 0.71004990893262998, "scaled_y": 0.88099935529917905, "post_mean": 3.70539947566132, "post_sd": 0.17915465826315699, "post_q10": 3.4755474480344302, "post_q50": 3.7050500524485601, "post_q90": 3.9366817554940901, "post_prob_exceed": 0.93493333333333295, "post_exc_mean": 0.27631621647639298, "prosp_score_happy": 3.4643014831116301, "prosp_score_sad": 3.4755474480344302, "domain_class": "tier 1" }, "geometry": { "type": "Point", "coordinates": [ -144.822769972382645, 68.736396139475545 ] } },
{ "type": "Feature", "properties": { "field_1": 1209, "x": 378170.1631, "y": 2084843.526, "scaled_x": 0.71110782010004303, "scaled_y": 0.86698557421507505, "post_mean": 3.7152385029222001, "post_sd": 0.18542943670655301, "post_q10": 3.4787902870320799, "post_q50": 3.7146159441442101, "post_q90": 3.9541927763121598, "post_prob_exceed": 0.93506666666666705, "post_exc_mean": 0.28637545320621, "prosp_score_happy": 3.4739956827991199, "prosp_score_sad": 3.4787902870320799, "domain_class": "tier 1" }, "geometry": { "type": "Point", "coordinates": [ -144.822769969742097, 68.490716418074527 ] } },
{ "type": "Feature", "properties": { "field_1": 1210, "x": 381950.9599, "y": 2057658.153, "scaled_x": 0.71217839775105496, "scaled_y": 0.85280400374465704, "post_mean": 3.70231869774587, "post_sd": 0.189899234753653, "post_q10": 3.4605874821837301, "post_q50": 3.70183551481971, "post_q90": 3.9469542594811799, "post_prob_exceed": 0.92226666666666701, "post_exc_mean": 0.27503544526545098, "prosp_score_happy": 3.4145251243077599, "prosp_score_sad": 3.4605874821837301, "domain_class": "tier 1" }, "geometry": { "type": "Point", "coordinates": [ -144.822769972725808, 68.242334204471376 ] } },
{ "type": "Feature", "properties": { "field_1": 1211, "x": 385776.8045, "y": 2030148.87, "scaled_x": 0.71326173122324898, "scaled_y": 0.83845346180229896, "post_mean": 3.66963249606943, "post_sd": 0.19181820268324501, "post_q10": 3.4257939818477898, "post_q50": 3.6685922035895402, "post_q90": 3.91586170776056, "post_prob_exceed": 0.89166666666666705, "post_exc_mean": 0.24572392369115101, "prosp_score_happy": 3.27208897566191, "prosp_score_sad": 3.4257939818477898, "domain_class": "tier 1" }, "geometry": { "type": "Point", "coordinates": [ -144.82276997278754, 67.991224508363189 ] } },
{ "type": "Feature", "properties": { "field_1": 1212, "x": 389648.0104, "y": 2002313.422, "scaled_x": 0.71435790928788501, "scaled_y": 0.82393277204065196, "post_mean": 3.6209119436755302, "post_sd": 0.190967438023536, "post_q10": 3.3767972923532099, "post_q50": 3.62051866918575, "post_q90": 3.8662451731582101, "post_prob_exceed": 0.835, "post_exc_mean": 0.20344505342841099, "prosp_score_happy": 3.0234614729690699, "prosp_score_sad": 3.3767972923532099, "domain_class": "tier 1" }, "geometry": { "type": "Point", "coordinates": [ -144.822769972650121, 67.737362248631911 ] } },
{ "type": "Feature", "properties": { "field_1": 1213, "x": 393564.889, "y": 1974149.57, "scaled_x": 0.71546702012158203, "scaled_y": 0.80924076645895804, "post_mean": 3.5605357211433799, "post_sd": 0.187442120236469, "post_q10": 3.3209627453564399, "post_q50": 3.56019089148774, "post_q90": 3.8002609443666402, "post_prob_exceed": 0.751, "post_exc_mean": 0.15444630539641099, "prosp_score_happy": 2.67396232657868, "prosp_score_sad": 3.3209627453564399, "domain_class": "tier 2" }, "geometry": { "type": "Point", "coordinates": [ -144.822769972047752, 67.480722293663078 ] } },
{ "type": "Feature", "properties": { "field_1": 1214, "x": 397527.7495, "y": 1945655.09, "scaled_x": 0.71658915127800304, "scaled_y": 0.79437628488138701, "post_mean": 3.49338297239815, "post_sd": 0.181523186915101, "post_q10": 3.26138030157867, "post_q50": 3.4932566260797202, "post_q90": 3.72525270653537, "post_prob_exceed": 0.62706666666666699, "post_exc_mean": 0.105946225657326, "prosp_score_happy": 2.1905840158918002, "prosp_score_sad": 3.26138030157867, "domain_class": "tier 2" }, "geometry": { "type": "Point", "coordinates": [ -144.822769973321073, 67.221279447777889 ] } },
{ "type": "Feature", "properties": { "field_1": 1215, "x": 401536.8986, "y": 1916827.778, "scaled_x": 0.71772438960290696, "scaled_y": 0.77933817756534196, "post_mean": 3.4246339540120201, "post_sd": 0.17360388917133601, "post_q10": 3.20353320069241, "post_q50": 3.4246026173538899, "post_q90": 3.6457383380416601, "post_prob_exceed": 0.47906666666666697, "post_exc_mean": 0.064739642800605596, "prosp_score_happy": 1.6406279729020301, "prosp_score_sad": 3.20353320069241, "domain_class": "tier 3" }, "geometry": { "type": "Point", "coordinates": [ -144.822769972365535, 66.959008491404802 ] } },
{ "type": "Feature", "properties": { "field_1": 1216, "x": 405592.6404, "y": 1887665.446, "scaled_x": 0.71887282120583196, "scaled_y": 0.76412530311481597, "post_mean": 3.3595222232152202, "post_sd": 0.16414960416617699, "post_q10": 3.14959109742796, "post_q50": 3.35885343961146, "post_q90": 3.5695776327515101, "post_prob_exceed": 0.3261, "post_exc_mean": 0.034898316391795803, "prosp_score_happy": 1.0955401969904801, "prosp_score_sad": 3.14959109742796, "domain_class": "Background" }, "geometry": { "type": "Point", "coordinates": [ -144.822769973612537, 66.693884140474594 ] } },
{ "type": "Feature", "properties": { "field_1": 1217, "x": 409695.2763, "y": 1858165.928, "scaled_x": 0.72003453143177598, "scaled_y": 0.74873653161036202, "post_mean": 3.3030486974973199, "post_sd": 0.15367474527864899, "post_q10": 3.1058406006989898, "post_q50": 3.3030632535878701, "post_q90": 3.4993366135971899, "post_prob_exceed": 0.19903333333333301, "post_exc_mean": 0.016762417848719201, "prosp_score_happy": 0.657416792425216, "prosp_score_sad": 3.1058406006989898, "domain_class": "Background" }, "geometry": { "type": "Point", "coordinates": [ -144.822769973363563, 66.425881094979772 ] } },
{ "type": "Feature", "properties": { "field_1": 1218, "x": 413845.1046, "y": 1828327.079, "scaled_x": 0.72120960474794005, "scaled_y": 0.73317074408742899, "post_mean": 3.25967376144945, "post_sd": 0.14272270130943199, "post_q10": 3.0757159063811699, "post_q50": 3.2607411977004999, "post_q90": 3.4426859080016499, "post_prob_exceed": 0.1117, "post_exc_mean": 0.0074653487621733896, "prosp_score_happy": 0.36410555915390302, "prosp_score_sad": 3.0757159063811699, "domain_class": "Background" }, "geometry": { "type": "Point", "coordinates": [ -144.822769971995541, 66.154974025268714 ] } },
{ "type": "Feature", "properties": { "field_1": 1219, "x": 418042.4202, "y": 1798146.777, "scaled_x": 0.72239812465877096, "scaled_y": 0.71742683357969095, "post_mean": 3.2330093341286301, "post_sd": 0.131836098146137, "post_q10": 3.0629659235939299, "post_q50": 3.2336164947334298, "post_q90": 3.40253236869916, "post_prob_exceed": 0.062666666666666704, "post_exc_mean": 0.0035022711285217999, "prosp_score_happy": 0.202601918272061, "prosp_score_sad": 3.0629659235939299, "domain_class": "Background" }, "geometry": { "type": "Point", "coordinates": [ -144.822769974233893, 65.881137584859545 ] } },
{ "type": "Feature", "properties": { "field_1": 1220, "x": 422287.515, "y": 1767622.926, "scaled_x": 0.72360017381923003, "scaled_y": 0.70150370668402395, "post_mean": 3.2255374261123602, "post_sd": 0.121508792066818, "post_q10": 3.0694653074159901, "post_q50": 3.2259888550291298, "post_q90": 3.3823178678528301, "post_prob_exceed": 0.042566666666666697, "post_exc_mean": 0.0020065269516054301, "prosp_score_happy": 0.13730037643818299, "prosp_score_sad": 3.0694653074159901, "domain_class": "Background" }, "geometry": { "type": "Point", "coordinates": [ -144.822769971398913, 65.604346431127595 ] } },
{ "type": "Feature", "properties": { "field_1": 1221, "x": 426580.6769, "y": 1736753.453, "scaled_x": 0.72481583375163205, "scaled_y": 0.68540028199552905, "post_mean": 3.2383844156947901, "post_sd": 0.112121567961865, "post_q10": 3.0950696066933898, "post_q50": 3.2382921681583001, "post_q90": 3.3824367500290702, "post_prob_exceed": 0.0404333333333333, "post_exc_mean": 0.0016948471713629299, "prosp_score_happy": 0.13093867654125901, "prosp_score_sad": 3.0950696066933898, "domain_class": "Background" }, "geometry": { "type": "Point", "coordinates": [ -144.822769972177497, 65.32457519421375 ] } },
{ "type": "Feature", "properties": { "field_1": 1222, "x": 430922.19, "y": 1705536.316, "scaled_x": 0.72604518490227798, "scaled_y": 0.66911549428081996, "post_mean": 3.27117999899761, "post_sd": 0.10388116122754699, "post_q10": 3.1374576681259398, "post_q50": 3.27148052648197, "post_q90": 3.4044244292188299, "post_prob_exceed": 0.0588333333333333, "post_exc_mean": 0.00249600013786968, "prosp_score_happy": 0.19245442327435899, "prosp_score_sad": 3.1374576681259398, "domain_class": "Background" }, "geometry": { "type": "Point", "coordinates": [ -144.822769974158746, 65.04179854216909 ] } },
{ "type": "Feature", "properties": { "field_1": 1223, "x": 435312.3345, "y": 1673969.502, "scaled_x": 0.72728830661313304, "scaled_y": 0.65264829343470399, "post_mean": 3.3220257612298698, "post_sd": 0.096797941108599295, "post_q10": 3.19704072975986, "post_q50": 3.3222930728220201, "post_q90": 3.4459258570570999, "post_prob_exceed": 0.124366666666667, "post_exc_mean": 0.0058475718796477298, "prosp_score_happy": 0.41314927050495498, "prosp_score_sad": 3.19704072975986, "domain_class": "Background" }, "geometry": { "type": "Point", "coordinates": [ -144.822769972254719, 64.755991157365003 ] } },
{ "type": "Feature", "properties": { "field_1": 1224, "x": 439751.386, "y": 1642051.027, "scaled_x": 0.72854527692362203, "scaled_y": 0.63599764448018103, "post_mean": 3.3875900730914301, "post_sd": 0.090732391333587306, "post_q10": 3.2707498764269398, "post_q50": 3.3881187873048, "post_q90": 3.5037289409983798, "post_prob_exceed": 0.3055, "post_exc_mean": 0.0175810642453707, "prosp_score_happy": 1.0349087673294299, "prosp_score_sad": 3.2707498764269398, "domain_class": "Background" }, "geometry": { "type": "Point", "coordinates": [ -144.822769973261472, 64.46712773136413 ] } },
{ "type": "Feature", "properties": { "field_1": 1225, "x": 444239.6157, "y": 1609778.943, "scaled_x": 0.72981617262725496, "scaled_y": 0.61916253122007403, "post_mean": 3.4633337195022502, "post_sd": 0.085504338590036699, "post_q10": 3.3535431823504198, "post_q50": 3.4634196657496599, "post_q90": 3.5726908092335501, "post_prob_exceed": 0.63316666666666699, "post_exc_mean": 0.050801917212967097, "prosp_score_happy": 2.19286746673151, "prosp_score_sad": 3.3535431823504198, "domain_class": "tier 2" }, "geometry": { "type": "Point", "coordinates": [ -144.822769971328796, 64.175183020695755 ] } },
{ "type": "Feature", "properties": { "field_1": 1226, "x": 448777.2898, "y": 1577151.334, "scaled_x": 0.731101069101732, "scaled_y": 0.60214195415038596, "post_mean": 3.54385556826462, "post_sd": 0.081013122905680301, "post_q10": 3.43965499392423, "post_q50": 3.5437087498319699, "post_q90": 3.6474901370618702, "post_prob_exceed": 0.91223333333333301, "post_exc_mean": 0.11315386141460899, "prosp_score_happy": 3.2328231778899301, "prosp_score_sad": 3.43965499392423, "domain_class": "tier 1" }, "geometry": { "type": "Point", "coordinates": [ -144.822769971937845, 63.88013180581568 ] } },
{ "type": "Feature", "properties": { "field_1": 1227, "x": 453364.6694, "y": 1544166.323, "scaled_x": 0.73240004028062999, "scaled_y": 0.58493493411192599, "post_mean": 3.6233314599690098, "post_sd": 0.077299918866075595, "post_q10": 3.5247027372677699, "post_q50": 3.6233507269990701, "post_q90": 3.7223128471973901, "post_prob_exceed": 0.99213333333333298, "post_exc_mean": 0.18954867435661299, "prosp_score_happy": 3.5948279191505801, "prosp_score_sad": 3.5247027372677699, "domain_class": "tier 1" }, "geometry": { "type": "Point", "coordinates": [ -144.822769973876262, 63.581948946975537 ] } },
{ "type": "Feature", "properties": { "field_1": 1228, "x": 458002.0104, "y": 1510822.072, "scaled_x": 0.73371315862508002, "scaled_y": 0.56754051229031599, "post_mean": 3.6960055023982701, "post_sd": 0.074515599074123806, "post_q10": 3.6006476678248598, "post_q50": 3.6957627663856498, "post_q90": 3.7913390254447701, "post_prob_exceed": 0.99976666666666703, "post_exc_mean": 0.26202349329964297, "prosp_score_happy": 3.6951431011143701, "prosp_score_sad": 3.6006476678248598, "domain_class": "tier 1" }, "geometry": { "type": "Point", "coordinates": [ -144.82276997154932, 63.280609377830949 ] } },
{ "type": "Feature", "properties": { "field_1": 1229, "x": 462689.5629, "y": 1477116.78, "scaled_x": 0.73504049495387902, "scaled_y": 0.54995774917266405, "post_mean": 3.7566836866014599, "post_sd": 0.072837462954415705, "post_q10": 3.66317959849659, "post_q50": 3.75679263339907, "post_q90": 3.8501366292049299, "post_prob_exceed": 0.999966666666667, "post_exc_mean": 0.32269735304969299, "prosp_score_happy": 3.7565584638119001, "prosp_score_sad": 3.66317959849659, "domain_class": "tier 1" }, "geometry": { "type": "Point", "coordinates": [ -144.822769972400039, 62.976088081861015 ] } },
{ "type": "Feature", "properties": { "field_1": 1230, "x": 467427.571, "y": 1443048.693, "scaled_x": 0.73638211838684797, "scaled_y": 0.53218572976418199, "post_mean": 3.80117775731869, "post_sd": 0.072479317727595402, "post_q10": 3.70893194124519, "post_q50": 3.8012346135899602, "post_q90": 3.8936686170823598, "post_prob_exceed": 1.0, "post_exc_mean": 0.36719055283354401, "prosp_score_happy": 3.80117775731869, "prosp_score_sad": 3.70893194124519, "domain_class": "tier 1" }, "geometry": { "type": "Point", "coordinates": [ -144.822769973172541, 62.668360174553698 ] } },
{ "type": "Feature", "properties": { "field_1": 1231, "x": 472216.2729, "y": 1408616.099, "scaled_x": 0.73773809637315402, "scaled_y": 0.51422356097987698, "post_mean": 3.8266535373020401, "post_sd": 0.073975790406812097, "post_q10": 3.7317851259655499, "post_q50": 3.8264199108011501, "post_q90": 3.9214681924492298, "post_prob_exceed": 1.0, "post_exc_mean": 0.392666332816894, "prosp_score_happy": 3.8266535373020401, "prosp_score_sad": 3.7317851259655499, "domain_class": "tier 1" }, "geometry": { "type": "Point", "coordinates": [ -144.8227699718704, 62.357400852139691 ] } },
{ "type": "Feature", "properties": { "field_1": 1232, "x": 477055.8997, "y": 1373817.335, "scaled_x": 0.73910849435151704, "scaled_y": 0.49607037529618497, "post_mean": 3.8318512183498399, "post_sd": 0.078758945761764093, "post_q10": 3.7308815407944298, "post_q50": 3.8319785070972601, "post_q90": 3.9330725189366502, "post_prob_exceed": 1.0, "post_exc_mean": 0.397864013864691, "prosp_score_happy": 3.8318512183498399, "prosp_score_sad": 3.7308815407944298, "domain_class": "tier 1" }, "geometry": { "type": "Point", "coordinates": [ -144.822769971997758, 62.04318544818797 ] } },
{ "type": "Feature", "properties": { "field_1": 1233, "x": 481946.6763, "y": 1338650.784, "scaled_x": 0.74049337600504905, "scaled_y": 0.47772532918598298, "post_mean": 3.8171632190432301, "post_sd": 0.089579752183079495, "post_q10": 3.7027236127630001, "post_q50": 3.81690652474171, "post_q90": 3.9322144266983599, "post_prob_exceed": 1.0, "post_exc_mean": 0.38317601455807898, "prosp_score_happy": 3.8171632190432301, "prosp_score_sad": 3.7027236127630001, "domain_class": "tier 1" }, "geometry": { "type": "Point", "coordinates": [ -144.82276997320605, 61.725689398911015 ] } },
{ "type": "Feature", "properties": { "field_1": 1234, "x": 486888.82, "y": 1303114.885, "scaled_x": 0.74189280286483394, "scaled_y": 0.45918760833521, "post_mean": 3.7845740500056801, "post_sd": 0.109942281451053, "post_q10": 3.6437475407914799, "post_q50": 3.7840913876590099, "post_q90": 3.9257556627170902, "post_prob_exceed": 0.99926666666666697, "post_exc_mean": 0.350604587137616, "prosp_score_happy": 3.78179869570234, "prosp_score_sad": 3.6437475407914799, "domain_class": "tier 1" }, "geometry": { "type": "Point", "coordinates": [ -144.82276997165792, 61.404888326366816 ] } },
{ "type": "Feature", "properties": { "field_1": 1235, "x": 491882.5408, "y": 1267208.126, "scaled_x": 0.74330683439487399, "scaled_y": 0.44045642399123203, "post_mean": 3.7374827171631901, "post_sd": 0.142733819993898, "post_q10": 3.5541524209314401, "post_q50": 3.7372538516825502, "post_q90": 3.9197599591153098, "post_prob_exceed": 0.98393333333333299, "post_exc_mean": 0.30433349670847099, "prosp_score_happy": 3.6774338281741099, "prosp_score_sad": 3.5541524209314401, "domain_class": "tier 1" }, "geometry": { "type": "Point", "coordinates": [ -144.822769972611468, 61.080757968905587 ] } },
{ "type": "Feature", "properties": { "field_1": 1236, "x": 496928.041, "y": 1230929.054, "scaled_x": 0.74473552787882302, "scaled_y": 0.42153101817946098, "post_mean": 3.6804388019231098, "post_sd": 0.189608536561199, "post_q10": 3.43649580845485, "post_q50": 3.6806139412754799, "post_q90": 3.9221647654412899, "post_prob_exceed": 0.90256666666666696, "post_exc_mean": 0.25515522344255998, "prosp_score_happy": 3.3218413813223999, "prosp_score_sad": 3.43649580845485, "domain_class": "tier 1" }, "geometry": { "type": "Point", "coordinates": [ -144.822769971897543, 60.753274262967032 ] } },
{ "type": "Feature", "properties": { "field_1": 1237, "x": 502025.5144, "y": 1194276.274, "scaled_x": 0.74617893819346004, "scaled_y": 0.402410663181693, "post_mean": 3.6188272593560198, "post_sd": 0.25140075825945601, "post_q10": 3.2942696329371399, "post_q50": 3.6206929414877398, "post_q90": 3.9414574564390801, "post_prob_exceed": 0.7701, "post_exc_mean": 0.21890765004495599, "prosp_score_happy": 2.78685887243007, "prosp_score_sad": 3.2942696329371399, "domain_class": "tier 2" }, "geometry": { "type": "Point", "coordinates": [ -144.822769973341963, 60.422413327874509 ] } },
{ "type": "Feature", "properties": { "field_1": 1238, "x": 382393.7762, "y": 2245029.075, "scaled_x": 0.71230378646125603, "scaled_y": 0.95054825520113595, "post_mean": 3.3129208663966598, "post_sd": 0.25410713642303601, "post_q10": 2.9844693719597002, "post_q50": 3.3126424365003801, "post_q90": 3.6411209676179999, "post_prob_exceed": 0.316566666666667, "post_exc_mean": 0.0521794208991542, "prosp_score_happy": 1.04876031560564, "prosp_score_sad": 2.9844693719597002, "domain_class": "Background" }, "geometry": { "type": "Point", "coordinates": [ -144.149033509396475, 69.925127465995217 ] } },
{ "type": "Feature", "properties": { "field_1": 1239, "x": 386167.3458, "y": 2219776.119, "scaled_x": 0.71337231764449704, "scaled_y": 0.93737475285116401, "post_mean": 3.45438048081036, "post_sd": 0.222483920795921, "post_q10": 3.1694391517220102, "post_q50": 3.4542330676969, "post_q90": 3.7410899300438798, "post_prob_exceed": 0.5366, "post_exc_mean": 0.099405934110240499, "prosp_score_happy": 1.85362056600284, "prosp_score_sad": 3.1694391517220102, "domain_class": "tier 3" }, "geometry": { "type": "Point", "coordinates": [ -144.149033509769538, 69.692587753540991 ] } },
{ "type": "Feature", "properties": { "field_1": 1240, "x": 389987.1915, "y": 2194213.481, "scaled_x": 0.71445395245669696, "scaled_y": 0.92403970123326695, "post_mean": 3.5676972126269701, "post_sd": 0.204978318867754, "post_q10": 3.3038747925223801, "post_q50": 3.5669286136538298, "post_q90": 3.8312749467267899, "post_prob_exceed": 0.7414, "post_exc_mean": 0.16549674544051099, "prosp_score_happy": 2.6450907134416299, "prosp_score_sad": 3.3038747925223801, "domain_class": "tier 2" }, "geometry": { "type": "Point", "coordinates": [ -144.149033508428431, 69.457469402378507 ] } },
{ "type": "Feature", "properties": { "field_1": 1241, "x": 393853.6594, "y": 2168338.844, "scaled_x": 0.71554878890019302, "scaled_y": 0.910541891657066, "post_mean": 3.6522042796262899, "post_sd": 0.199115626203928, "post_q10": 3.3951761948439998, "post_q50": 3.6521189560796601, "post_q90": 3.9085915957895798, "post_prob_exceed": 0.86076666666666701, "post_exc_mean": 0.23188107989474199, "prosp_score_happy": 3.1436957037596498, "prosp_score_sad": 3.3951761948439998, "domain_class": "tier 1" }, "geometry": { "type": "Point", "coordinates": [ -144.149033508656714, 69.21974782072823 ] } },
{ "type": "Feature", "properties": { "field_1": 1242, "x": 397767.0945, "y": 2142149.9, "scaled_x": 0.71665692466584596, "scaled_y": 0.89688012012714002, "post_mean": 3.7078809032157798, "post_sd": 0.20080316365540599, "post_q10": 3.4476474307476801, "post_q50": 3.7081451462915598, "post_q90": 3.9668446146574698, "post_prob_exceed": 0.91103333333333303, "post_exc_mean": 0.28158057407695403, "prosp_score_happy": 3.3780030988596801, "prosp_score_sad": 3.4476474307476801, "domain_class": "tier 1" }, "geometry": { "type": "Point", "coordinates": [ -144.149033507633845, 68.979398328033753 ] } },
{ "type": "Feature", "properties": { "field_1": 1243, "x": 401727.8403, "y": 2115644.349, "scaled_x": 0.71777845701977205, "scaled_y": 0.88305318682136003, "post_mean": 3.7354401738660199, "post_sd": 0.20591185955268601, "post_q10": 3.47032878508828, "post_q50": 3.7353314700137399, "post_q90": 4.00110105706763, "post_prob_exceed": 0.929, "post_exc_mean": 0.30776890347214497, "prosp_score_happy": 3.4702239215215398, "prosp_score_sad": 3.47032878508828, "domain_class": "tier 1" }, "geometry": { "type": "Point", "coordinates": [ -144.149033510008564, 68.736396142548884 ] } },
{ "type": "Feature", "properties": { "field_1": 1244, "x": 405736.2389, "y": 2088819.903, "scaled_x": 0.71891348283166101, "scaled_y": 0.86905989817754004, "post_mean": 3.73639783120074, "post_sd": 0.211342281374788, "post_q10": 3.4659120390946598, "post_q50": 3.7364322403556902, "post_q90": 4.0092189910232996, "post_prob_exceed": 0.92353333333333298, "post_exc_mean": 0.30950699161761103, "prosp_score_happy": 3.4506879437082598, "prosp_score_sad": 3.4659120390946598, "domain_class": "tier 1" }, "geometry": { "type": "Point", "coordinates": [ -144.149033510840297, 68.490716412998097 ] } },
{ "type": "Feature", "properties": { "field_1": 1245, "x": 409792.6306, "y": 2061674.285, "scaled_x": 0.72006209846151203, "scaled_y": 0.85489906637177304, "post_mean": 3.7131132445187398, "post_sd": 0.21518185310964, "post_q10": 3.4383685278678402, "post_q50": 3.7125636722956799, "post_q90": 3.99059883649866, "post_prob_exceed": 0.90393333333333303, "post_exc_mean": 0.28885675244278097, "prosp_score_happy": 3.35640683216198, "prosp_score_sad": 3.4383685278678402, "domain_class": "tier 1" }, "geometry": { "type": "Point", "coordinates": [ -144.149033509083182, 68.242334205886436 ] } },
{ "type": "Feature", "properties": { "field_1": 1246, "x": 413897.3537, "y": 2034205.23, "scaled_x": 0.72122439970300001, "scaled_y": 0.84056950984009404, "post_mean": 3.6687936506439698, "post_sd": 0.21644163641666, "post_q10": 3.3929237641073602, "post_q50": 3.6670343037902202, "post_q90": 3.9468263788369899, "post_prob_exceed": 0.86176666666666701, "post_exc_mean": 0.24997057624965, "prosp_score_happy": 3.1616440750032799, "prosp_score_sad": 3.3929237641073602, "domain_class": "tier 1" }, "geometry": { "type": "Point", "coordinates": [ -144.149033508584694, 67.991224510388079 ] } },
{ "type": "Feature", "properties": { "field_1": 1247, "x": 418050.7446, "y": 2006410.487, "scaled_x": 0.72240048181179095, "scaled_y": 0.82607005432180303, "post_mean": 3.6074533017136101, "post_sd": 0.214755618553407, "post_q10": 3.3329320076646001, "post_q50": 3.6062089427797601, "post_q90": 3.8839301753681998, "post_prob_exceed": 0.7913, "post_exc_mean": 0.198820687674229, "prosp_score_happy": 2.8545777976459799, "prosp_score_sad": 3.3329320076646001, "domain_class": "tier 2" }, "geometry": { "type": "Point", "coordinates": [ -144.149033508582306, 67.737362251631353 ] } },
{ "type": "Feature", "properties": { "field_1": 1248, "x": 422253.1375, "y": 1978287.819, "scaled_x": 0.72359043942059798, "scaled_y": 0.81139953285946498, "post_mean": 3.5338206840710602, "post_sd": 0.21015765148997501, "post_q10": 3.2652116722666902, "post_q50": 3.5330700909242299, "post_q90": 3.8037420481573898, "post_prob_exceed": 0.68123333333333302, "post_exc_mean": 0.14290661023822299, "prosp_score_happy": 2.4073564440120099, "prosp_score_sad": 3.2652116722666902, "domain_class": "tier 2" }, "geometry": { "type": "Point", "coordinates": [ -144.149033510824978, 67.480722286494441 ] } },
{ "type": "Feature", "properties": { "field_1": 1249, "x": 426504.864, "y": 1949835.009, "scaled_x": 0.724794366425909, "scaled_y": 0.79655678892888104, "post_mean": 3.4531895953116898, "post_sd": 0.20293613218336301, "post_q10": 3.1936165958699401, "post_q50": 3.4522298711732402, "post_q90": 3.7126832578815798, "post_prob_exceed": 0.53723333333333301, "post_exc_mean": 0.090875349371257796, "prosp_score_happy": 1.8551685569212899, "prosp_score_sad": 3.1936165958699401, "domain_class": "tier 3" }, "geometry": { "type": "Point", "coordinates": [ -144.149033508146886, 67.221279452943051 ] } },
{ "type": "Feature", "properties": { "field_1": 1250, "x": 430806.2533, "y": 1921049.852, "scaled_x": 0.72601235604462699, "scaled_y": 0.78154067226579405, "post_mean": 3.3712135209382601, "post_sd": 0.19354316494926499, "post_q10": 3.12558045493767, "post_q50": 3.3707890205393398, "post_q90": 3.6185172740292102, "post_prob_exceed": 0.3737, "post_exc_mean": 0.049899842640901797, "prosp_score_happy": 1.25982249277463, "prosp_score_sad": 3.12558045493767, "domain_class": "Background" }, "geometry": { "type": "Point", "coordinates": [ -144.149033507340164, 66.959008493506047 ] } },
{ "type": "Feature", "properties": { "field_1": 1251, "x": 435157.6316, "y": 1891930.165, "scaled_x": 0.72724450064416701, "scaled_y": 0.76635004408250595, "post_mean": 3.2936476547693601, "post_sd": 0.18253706265597, "post_q10": 3.0607983953062199, "post_q50": 3.29323771992276, "post_q90": 3.5280279562503201, "post_prob_exceed": 0.221733333333333, "post_exc_mean": 0.023171921803649, "prosp_score_happy": 0.730311473317525, "prosp_score_sad": 3.0607983953062199, "domain_class": "Background" }, "geometry": { "type": "Point", "coordinates": [ -144.149033508515799, 66.693884140302671 ] } },
{ "type": "Feature", "properties": { "field_1": 1252, "x": 439559.3222, "y": 1862473.785, "scaled_x": 0.72849089177077597, "scaled_y": 0.75098377602455402, "post_mean": 3.22604833364288, "post_sd": 0.170541365762897, "post_q10": 3.0074323338758799, "post_q50": 3.22571080765506, "post_q90": 3.4450545989979799, "post_prob_exceed": 0.1119, "post_exc_mean": 0.0090891127673377696, "prosp_score_happy": 0.360994808534638, "prosp_score_sad": 3.0074323338758799, "domain_class": "Background" }, "geometry": { "type": "Point", "coordinates": [ -144.149033509822203, 66.42588109189623 ] } },
{ "type": "Feature", "properties": { "field_1": 1253, "x": 444011.6451, "y": 1832678.571, "scaled_x": 0.72975162003626404, "scaled_y": 0.73544075121403596, "post_mean": 3.1734458003803598, "post_sd": 0.15820602431460701, "post_q10": 2.9705112385610901, "post_q50": 3.1740105850257101, "post_q90": 3.37686050526339, "post_prob_exceed": 0.0484666666666667, "post_exc_mean": 0.0031777147103287701, "prosp_score_happy": 0.153806339791768, "prosp_score_sad": 2.9705112385610901, "domain_class": "Background" }, "geometry": { "type": "Point", "coordinates": [ -144.149033509754389, 66.154974026372457 ] } },
{ "type": "Feature", "properties": { "field_1": 1254, "x": 448514.917, "y": 1802542.403, "scaled_x": 0.73102677511801095, "scaled_y": 0.71971986372794705, "post_mean": 3.1400120450154199, "post_sd": 0.146158684220556, "post_q10": 2.9532058774774899, "post_q50": 3.1405845851707399, "post_q90": 3.3281254505546598, "post_prob_exceed": 0.021, "post_exc_mean": 0.0011405436033827101, "prosp_score_happy": 0.065940252945323893, "prosp_score_sad": 2.9532058774774899, "domain_class": "Background" }, "geometry": { "type": "Point", "coordinates": [ -144.149033510372846, 65.881137587072445 ] } },
{ "type": "Feature", "properties": { "field_1": 1255, "x": 453069.4508, "y": 1772063.188, "scaled_x": 0.73231644561737697, "scaled_y": 0.70382002172815195, "post_mean": 3.1287505224650398, "post_sd": 0.13493998772257099, "post_q10": 2.9558414650004998, "post_q50": 3.1286686557383301, "post_q90": 3.302231948487, "post_prob_exceed": 0.0108666666666667, "post_exc_mean": 0.000499613005369293, "prosp_score_happy": 0.033999089010786798, "prosp_score_sad": 2.9558414650004998, "domain_class": "Background" }, "geometry": { "type": "Point", "coordinates": [ -144.149033508629117, 65.604346431092807 ] } },
{ "type": "Feature", "properties": { "field_1": 1256, "x": 457675.5555, "y": 1741238.857, "scaled_x": 0.73362071903139403, "scaled_y": 0.68774014589639498, "post_mean": 3.1412377759022201, "post_sd": 0.124930215841957, "post_q10": 2.98081095212433, "post_q50": 3.1404147155200701, "post_q90": 3.3020675514759201, "post_prob_exceed": 0.0085666666666666703, "post_exc_mean": 0.00036028731241305998, "prosp_score_happy": 0.0269099369468957, "prosp_score_sad": 2.98081095212433, "domain_class": "Background" }, "geometry": { "type": "Point", "coordinates": [ -144.149033508249602, 65.324575197100444 ] } },
{ "type": "Feature", "properties": { "field_1": 1257, "x": 462333.5359, "y": 1710067.37, "scaled_x": 0.73493968166781298, "scaled_y": 0.67147917204261698, "post_mean": 3.17744757009162, "post_sd": 0.116294101128259, "post_q10": 3.0273843633269801, "post_q50": 3.17758417523621, "post_q90": 3.3267224371264899, "post_prob_exceed": 0.0129333333333333, "post_exc_mean": 0.00050143650073561797, "prosp_score_happy": 0.041094988573184901, "prosp_score_sad": 3.0273843633269801, "domain_class": "Background" }, "geometry": { "type": "Point", "coordinates": [ -144.149033510009247, 65.041798544382203 ] } },
{ "type": "Feature", "properties": { "field_1": 1258, "x": 467043.6926, "y": 1678546.717, "scaled_x": 0.73627341864510398, "scaled_y": 0.65503605162660905, "post_mean": 3.2356850321505002, "post_sd": 0.108982667170184, "post_q10": 3.0950855493101801, "post_q50": 3.2361508121939102, "post_q90": 3.3751490126300401, "post_prob_exceed": 0.0351, "post_exc_mean": 0.0014516744950532499, "prosp_score_happy": 0.113572544628482, "prosp_score_sad": 3.0950855493101801, "domain_class": "Background" }, "geometry": { "type": "Point", "coordinates": [ -144.149033508770628, 64.755991155801254 ] } },
{ "type": "Feature", "properties": { "field_1": 1259, "x": 471806.3213, "y": 1646674.918, "scaled_x": 0.73762201369424496, "scaled_y": 0.63840975175801895, "post_mean": 3.3126509962527999, "post_sd": 0.102815122586581, "post_q10": 3.1807648994247799, "post_q50": 3.3131907295533098, "post_q90": 3.4439309817356798, "post_prob_exceed": 0.1185, "post_exc_mean": 0.0059509559166898403, "prosp_score_happy": 0.39254914305595601, "prosp_score_sad": 3.1807648994247799, "domain_class": "Background" }, "geometry": { "type": "Point", "coordinates": [ -144.149033508183237, 64.467127732709343 ] } },
{ "type": "Feature", "properties": { "field_1": 1260, "x": 476621.7129, "y": 1614450.026, "scaled_x": 0.73898554918703596, "scaled_y": 0.62159925676132999, "post_mean": 3.4036451016015401, "post_sd": 0.097618192904804196, "post_q10": 3.2778454160297099, "post_q50": 3.4036706809944102, "post_q90": 3.5279179894986701, "post_prob_exceed": 0.37966666666666699, "post_exc_mean": 0.025579723122771798, "prosp_score_happy": 1.2922505902413901, "prosp_score_sad": 3.2778454160297099, "domain_class": "Background" }, "geometry": { "type": "Point", "coordinates": [ -144.149033509078748, 64.175183015286493 ] } },
{ "type": "Feature", "properties": { "field_1": 1261, "x": 481490.153, "y": 1581870.13, "scaled_x": 0.74036410599451896, "scaled_y": 0.60460356974085505, "post_mean": 3.5029011050748999, "post_sd": 0.093355626473551001, "post_q10": 3.3827833853466398, "post_q50": 3.5024089263545499, "post_q90": 3.6221717107200999, "post_prob_exceed": 0.7709, "post_exc_mean": 0.081413589226111693, "prosp_score_happy": 2.70038646190224, "prosp_score_sad": 3.3827833853466398, "domain_class": "tier 2" }, "geometry": { "type": "Point", "coordinates": [ -144.149033510651776, 63.880131803523192 ] } },
{ "type": "Feature", "properties": { "field_1": 1262, "x": 486411.922, "y": 1548933.355, "scaled_x": 0.74175776351529399, "scaled_y": 0.58742171258072695, "post_mean": 3.60403107864758, "post_sd": 0.090172416542064607, "post_q10": 3.48889895870203, "post_q50": 3.6044766981010099, "post_q90": 3.7198657717260901, "post_prob_exceed": 0.97043333333333304, "post_exc_mean": 0.17113949978148399, "prosp_score_happy": 3.4974718930889002, "prosp_score_sad": 3.48889895870203, "domain_class": "tier 1" }, "geometry": { "type": "Point", "coordinates": [ -144.149033508546211, 63.581948950702014 ] } },
{ "type": "Feature", "properties": { "field_1": 1263, "x": 491387.2941, "y": 1515637.864, "scaled_x": 0.74316659939235796, "scaled_y": 0.57005272698822995, "post_mean": 3.7005393551554602, "post_sd": 0.088319486811805903, "post_q10": 3.5878700768223699, "post_q50": 3.7005336877462298, "post_q90": 3.8136803728161, "post_prob_exceed": 0.99866666666666704, "post_exc_mean": 0.26658566846673798, "prosp_score_happy": 3.69560530268192, "prosp_score_sad": 3.5878700768223699, "domain_class": "tier 1" }, "geometry": { "type": "Point", "coordinates": [ -144.149033508886447, 63.28060937595189 ] } },
{ "type": "Feature", "properties": { "field_1": 1264, "x": 496416.5378, "y": 1481981.861, "scaled_x": 0.744590689654684, "scaled_y": 0.55249567605878003, "post_mean": 3.78635546763023, "post_sd": 0.088014302766506694, "post_q10": 3.6738942192727002, "post_q50": 3.7861896896429901, "post_q90": 3.8994940232392601, "post_prob_exceed": 0.99993333333333301, "post_exc_mean": 0.35236946128348401, "prosp_score_happy": 3.7861030439323899, "prosp_score_sad": 3.6738942192727002, "domain_class": "tier 1" }, "geometry": { "type": "Point", "coordinates": [ -144.149033509207868, 62.976088083547104 ] } },
{ "type": "Feature", "properties": { "field_1": 1265, "x": 501499.9151, "y": 1447963.593, "scaled_x": 0.74603010849069296, "scaled_y": 0.53474964531925095, "post_mean": 3.8563306397693902, "post_sd": 0.089397858307799505, "post_q10": 3.7421065982325601, "post_q50": 3.8561973664690599, "post_q90": 3.9704640139301999, "post_prob_exceed": 1.0, "post_exc_mean": 0.42234343528424501, "prosp_score_happy": 3.8563306397693902, "prosp_score_sad": 3.7421065982325601, "domain_class": "tier 1" }, "geometry": { "type": "Point", "coordinates": [ -144.149033508585859, 62.668360174952326 ] } },
{ "type": "Feature", "properties": { "field_1": 1266, "x": 506637.6812, "y": 1413581.351, "scaled_x": 0.74748492816330403, "scaled_y": 0.51681374324963603, "post_mean": 3.9066461612374699, "post_sd": 0.092765185335126801, "post_q10": 3.7883222745042699, "post_q50": 3.9065411164724102, "post_q90": 4.0246338683495804, "post_prob_exceed": 1.0, "post_exc_mean": 0.472658956752322, "prosp_score_happy": 3.9066461612374699, "prosp_score_sad": 3.7883222745042699, "domain_class": "tier 1" }, "geometry": { "type": "Point", "coordinates": [ -144.149033510445179, 62.357400851253225 ] } },
{ "type": "Feature", "properties": { "field_1": 1267, "x": 511830.0846, "y": 1378833.474, "scaled_x": 0.74895521903825402, "scaled_y": 0.49868710336969402, "post_mean": 3.9350939561336999, "post_sd": 0.099085259211784696, "post_q10": 3.80769587091749, "post_q50": 3.9352584444040102, "post_q90": 4.0620365666222602, "post_prob_exceed": 1.0, "post_exc_mean": 0.501106751648556, "prosp_score_happy": 3.9350939561336999, "prosp_score_sad": 3.80769587091749, "domain_class": "tier 1" }, "geometry": { "type": "Point", "coordinates": [ -144.149033509107454, 62.043185441500171 ] } },
{ "type": "Feature", "properties": { "field_1": 1268, "x": 517077.366, "y": 1343718.349, "scaled_x": 0.75044104927261401, "scaled_y": 0.48036888423894902, "post_mean": 3.9412075547009202, "post_sd": 0.11051100481106201, "post_q10": 3.80068113818044, "post_q50": 3.9413717175677299, "post_q90": 4.0820184397086203, "post_prob_exceed": 1.0, "post_exc_mean": 0.50722035021577405, "prosp_score_happy": 3.9412075547009202, "prosp_score_sad": 3.80068113818044, "domain_class": "tier 1" }, "geometry": { "type": "Point", "coordinates": [ -144.149033510900153, 61.725689397151328 ] } },
{ "type": "Feature", "properties": { "field_1": 1269, "x": 522379.759, "y": 1308234.415, "scaled_x": 0.75194248501300698, "scaled_y": 0.46185827154334103, "post_mean": 3.9262418047315299, "post_sd": 0.13028010339638199, "post_q10": 3.7595649002600502, "post_q50": 3.9258253884499701, "post_q90": 4.0915244334936203, "post_prob_exceed": 0.99993333333333301, "post_exc_mean": 0.49225776711712099, "prosp_score_happy": 3.9259800552778801, "prosp_score_sad": 3.7595649002600502, "domain_class": "tier 1" }, "geometry": { "type": "Point", "coordinates": [ -144.149033509437999, 61.404888319429482 ] } },
{ "type": "Feature", "properties": { "field_1": 1270, "x": 527737.4886, "y": 1272380.164, "scaled_x": 0.75345958997086204, "scaled_y": 0.44315447861688201, "post_mean": 3.8930180003658399, "post_sd": 0.161732186603287, "post_q10": 3.6846839514140299, "post_q50": 3.8920665117531201, "post_q90": 4.1000678165546098, "post_prob_exceed": 0.99756666666666705, "post_exc_mean": 0.45913291258154598, "prosp_score_happy": 3.8835449898982799, "prosp_score_sad": 3.6846839514140299, "domain_class": "tier 1" }, "geometry": { "type": "Point", "coordinates": [ -144.149033511103966, 61.08075796296432 ] } },
{ "type": "Feature", "properties": { "field_1": 1271, "x": 533150.772, "y": 1236154.145, "scaled_x": 0.75499242564894797, "scaled_y": 0.42425674852830803, "post_mean": 3.8456643838037201, "post_sd": 0.20728368122233301, "post_q10": 3.5777993231819099, "post_q50": 3.8462531535187598, "post_q90": 4.1121202440880502, "post_prob_exceed": 0.9764, "post_exc_mean": 0.41350056602638302, "prosp_score_happy": 3.7549067043459501, "prosp_score_sad": 3.5777993231819099, "domain_class": "tier 1" }, "geometry": { "type": "Point", "coordinates": [ -144.149033508959235, 60.753274262846567 ] } },
{ "type": "Feature", "properties": { "field_1": 1272, "x": 538619.8171, "y": 1199554.964, "scaled_x": 0.75654105091662704, "scaled_y": 0.40516435408107798, "post_mean": 3.7892883729107099, "post_sd": 0.26827039768240102, "post_q10": 3.4446483687904501, "post_q50": 3.78964539046226, "post_q90": 4.1327119342975296, "post_prob_exceed": 0.90666666666666695, "post_exc_mean": 0.367162272041338, "prosp_score_happy": 3.4356214581057101, "prosp_score_sad": 3.4446483687904501, "domain_class": "tier 1" }, "geometry": { "type": "Point", "coordinates": [ -144.149033510446202, 60.422413329278072 ] } },
{ "type": "Feature", "properties": { "field_1": 1273, "x": 408334.5891, "y": 2249040.057, "scaled_x": 0.71964923664250402, "scaled_y": 0.95264063127000798, "post_mean": 3.3590053457075899, "post_sd": 0.30488010723597597, "post_q10": 2.9670993722693901, "post_q50": 3.35945875347553, "post_q90": 3.7506899068876698, "post_prob_exceed": 0.40216666666666701, "post_exc_mean": 0.087804892129716303, "prosp_score_happy": 1.3508799831987399, "prosp_score_sad": 2.9670993722693901, "domain_class": "tier 3" }, "geometry": { "type": "Point", "coordinates": [ -143.47529704700716, 69.925127465148094 ] } },
{ "type": "Feature", "properties": { "field_1": 1274, "x": 412364.15, "y": 2223826.682, "scaled_x": 0.72079025481172498, "scaled_y": 0.93948777681553497, "post_mean": 3.4999302596018498, "post_sd": 0.26943433666724598, "post_q10": 3.1540733260003901, "post_q50": 3.4998773935888901, "post_q90": 3.8456722706367299, "post_prob_exceed": 0.59596666666666698, "post_exc_mean": 0.143652732298266, "prosp_score_happy": 2.0858417703807102, "prosp_score_sad": 3.1540733260003901, "domain_class": "tier 3" }, "geometry": { "type": "Point", "coordinates": [ -143.475297048305521, 69.69258774811891 ] } },
{ "type": "Feature", "properties": { "field_1": 1275, "x": 416443.1262, "y": 2198304.111, "scaled_x": 0.72194526551177896, "scaled_y": 0.92617362662076896, "post_mean": 3.6110212969745601, "post_sd": 0.248286002725154, "post_q10": 3.2918925808447099, "post_q50": 3.6110102543559202, "post_q90": 3.9312963012875999, "post_prob_exceed": 0.76016666666666699, "post_exc_mean": 0.21168197317947901, "prosp_score_happy": 2.7449780225834899, "prosp_score_sad": 3.2918925808447099, "domain_class": "tier 2" }, "geometry": { "type": "Point", "coordinates": [ -143.475297047250677, 69.457469397912519 ] } },
{ "type": "Feature", "properties": { "field_1": 1276, "x": 420571.8874, "y": 2172470.03, "scaled_x": 0.72311437342762497, "scaled_y": 0.91269697356031598, "post_mean": 3.6915611592793698, "post_sd": 0.23911755169399401, "post_q10": 3.3831133087038601, "post_q50": 3.6927263886469199, "post_q90": 3.9987176107295301, "post_prob_exceed": 0.85713333333333297, "post_exc_mean": 0.27458187105565701, "prosp_score_happy": 3.1641601216569901, "prosp_score_sad": 3.3831133087038601, "domain_class": "tier 1" }, "geometry": { "type": "Point", "coordinates": [ -143.475297046858344, 69.219747816916566 ] } },
{ "type": "Feature", "properties": { "field_1": 1277, "x": 424750.8019, "y": 2146322.135, "scaled_x": 0.72429768284779505, "scaled_y": 0.89905661572540296, "post_mean": 3.7415173113039599, "post_sd": 0.23810322581410401, "post_q10": 3.4329888733448701, "post_q50": 3.7415423686468499, "post_q90": 4.0484713946631796, "post_prob_exceed": 0.89896666666666702, "post_exc_mean": 0.31829226497011398, "prosp_score_happy": 3.3634993456185498, "prosp_score_sad": 3.4329888733448701, "domain_class": "tier 1" }, "geometry": { "type": "Point", "coordinates": [ -143.475297045198147, 68.979398328129747 ] } },
{ "type": "Feature", "properties": { "field_1": 1278, "x": 428980.2367, "y": 2119858.129, "scaled_x": 0.72549529769271104, "scaled_y": 0.88525135485888695, "post_mean": 3.7616369788725099, "post_sd": 0.24119649165757001, "post_q10": 3.4517075857949302, "post_q50": 3.76194481549242, "post_q90": 4.07192733232531, "post_prob_exceed": 0.91216666666666701, "post_exc_mean": 0.33708137192821902, "prosp_score_happy": 3.43123986422821, "prosp_score_sad": 3.4517075857949302, "domain_class": "tier 1" }, "geometry": { "type": "Point", "coordinates": [ -143.475297044788817, 68.736396144134417 ] } },
{ "type": "Feature", "properties": { "field_1": 1279, "x": 433260.5569, "y": 2093075.728, "scaled_x": 0.72670732134478799, "scaled_y": 0.87127999948522705, "post_mean": 3.7535225514856898, "post_sd": 0.245149583512356, "post_q10": 3.4403686169475201, "post_q50": 3.7527833497219198, "post_q90": 4.0687400822224902, "post_prob_exceed": 0.90473333333333295, "post_exc_mean": 0.33044346333034402, "prosp_score_happy": 3.3959369697474902, "prosp_score_sad": 3.4403686169475201, "domain_class": "tier 1" }, "geometry": { "type": "Point", "coordinates": [ -143.475297043807018, 68.490716417620476 ] } },
{ "type": "Feature", "properties": { "field_1": 1280, "x": 437592.1258, "y": 2065972.657, "scaled_x": 0.72793385667674704, "scaled_y": 0.85714136282384201, "post_mean": 3.7196782615815001, "post_sd": 0.24780750706107599, "post_q10": 3.4034904415667699, "post_q50": 3.7187721839679599, "post_q90": 4.0379213104638696, "post_prob_exceed": 0.87636666666666696, "post_exc_mean": 0.300860219717903, "prosp_score_happy": 3.2598020391746401, "prosp_score_sad": 3.4034904415667699, "domain_class": "tier 1" }, "geometry": { "type": "Point", "coordinates": [ -143.475297049053694, 68.242334201187873 ] } },
{ "type": "Feature", "properties": { "field_1": 1281, "x": 441975.305, "y": 2038546.657, "scaled_x": 0.72917500607993602, "scaled_y": 0.842834266440736, "post_mean": 3.6635187386372898, "post_sd": 0.24796074773984, "post_q10": 3.3470397210494198, "post_q50": 3.66258076834138, "post_q90": 3.9820259540668501, "post_prob_exceed": 0.8237, "post_exc_mean": 0.25315190945253901, "prosp_score_happy": 3.0176403850155298, "prosp_score_sad": 3.3470397210494198, "domain_class": "tier 1" }, "geometry": { "type": "Point", "coordinates": [ -143.47529704699059, 67.99122450543689 ] } },
{ "type": "Feature", "properties": { "field_1": 1282, "x": 446410.4535, "y": 2010795.48, "scaled_x": 0.73043087120948202, "scaled_y": 0.82835753764019604, "post_mean": 3.5893305948913801, "post_sd": 0.24509144800541399, "post_q10": 3.2759193192004301, "post_q50": 3.5884675562017199, "post_q90": 3.9050624951634298, "post_prob_exceed": 0.7376, "post_exc_mean": 0.19428428300008699, "prosp_score_happy": 2.6474902467918802, "prosp_score_sad": 3.2759193192004301, "domain_class": "tier 2" }, "geometry": { "type": "Point", "coordinates": [ -143.475297044133526, 67.737362251070337 ] } },
{ "type": "Feature", "properties": { "field_1": 1283, "x": 450897.9281, "y": 1982716.892, "scaled_x": 0.73170155309755502, "scaled_y": 0.81371001102977103, "post_mean": 3.5021797464829501, "post_sd": 0.239156348679222, "post_q10": 3.1966552058162598, "post_q50": 3.5016138788186999, "post_q90": 3.8095041575635098, "post_prob_exceed": 0.61103333333333298, "post_exc_mean": 0.13324313555228501, "prosp_score_happy": 2.1399485644259699, "prosp_score_sad": 3.1966552058162598, "domain_class": "tier 2" }, "geometry": { "type": "Point", "coordinates": [ -143.475297045884304, 67.480722290560593 ] } },
{ "type": "Feature", "properties": { "field_1": 1284, "x": 455438.083, "y": 1954308.678, "scaled_x": 0.73298715204010401, "scaled_y": 0.79889053112858599, "post_mean": 3.4077597782107198, "post_sd": 0.23043179049411899, "post_q10": 3.11376274430246, "post_q50": 3.4077651755718499, "post_q90": 3.7040054243089502, "post_prob_exceed": 0.45333333333333298, "post_exc_mean": 0.079285456755704406, "prosp_score_happy": 1.54485109945553, "prosp_score_sad": 3.11376274430246, "domain_class": "tier 3" }, "geometry": { "type": "Point", "coordinates": [ -143.475297047509713, 67.221279448536251 ] } },
{ "type": "Feature", "properties": { "field_1": 1285, "x": 460031.2698, "y": 1925568.639, "scaled_x": 0.73428776759685799, "scaled_y": 0.78389795080235503, "post_mean": 3.3121803487031398, "post_sd": 0.21940839455911401, "post_q10": 3.03225128261351, "post_q50": 3.3124969387473202, "post_q90": 3.5938491718932202, "post_prob_exceed": 0.28873333333333301, "post_exc_mean": 0.039724952000439698, "prosp_score_happy": 0.95633687268222101, "prosp_score_sad": 3.03225128261351, "domain_class": "Background" }, "geometry": { "type": "Point", "coordinates": [ -143.475297045427709, 66.959008490143091 ] } },
{ "type": "Feature", "properties": { "field_1": 1286, "x": 464677.8367, "y": 1896494.595, "scaled_x": 0.735603498364793, "scaled_y": 0.76873113282836503, "post_mean": 3.2216994997513702, "post_sd": 0.20671737797378401, "post_q10": 2.9563514482150302, "post_q50": 3.22148339080247, "post_q90": 3.4871557113706499, "post_prob_exceed": 0.15233333333333299, "post_exc_mean": 0.016352832368385101, "prosp_score_happy": 0.49077222379545798, "prosp_score_sad": 2.9563514482150302, "domain_class": "Background" }, "geometry": { "type": "Point", "coordinates": [ -143.475297044294308, 66.693884143915412 ] } },
{ "type": "Feature", "properties": { "field_1": 1287, "x": 469378.129, "y": 1867084.385, "scaled_x": 0.73693444211971904, "scaled_y": 0.753388949895477, "post_mean": 3.1424092918245399, "post_sd": 0.19307214971984299, "post_q10": 2.8953928403670202, "post_q50": 3.14221763756185, "post_q90": 3.3897901887507902, "post_prob_exceed": 0.066533333333333305, "post_exc_mean": 0.0054778957768006203, "prosp_score_happy": 0.20907496488272601, "prosp_score_sad": 2.8953928403670202, "domain_class": "Background" }, "geometry": { "type": "Point", "coordinates": [ -143.475297045570869, 66.425881095943339 ] } },
{ "type": "Feature", "properties": { "field_1": 1288, "x": 474132.4884, "y": 1837335.872, "scaled_x": 0.73828069561805998, "scaled_y": 0.73787028721243697, "post_mean": 3.0798903489231599, "post_sd": 0.17921113379967901, "post_q10": 2.8499907092874599, "post_q50": 3.0797041785952199, "post_q90": 3.30942092665655, "post_prob_exceed": 0.023566666666666701, "post_exc_mean": 0.00157895083275299, "prosp_score_happy": 0.072582749222955906, "prosp_score_sad": 2.8499907092874599, "domain_class": "Background" }, "geometry": { "type": "Point", "coordinates": [ -143.475297045515958, 66.154974030043391 ] } },
{ "type": "Feature", "properties": { "field_1": 1289, "x": 478941.2531, "y": 1807246.939, "scaled_x": 0.73964235462517602, "scaled_y": 0.72217404042122402, "post_mean": 3.0388569094870199, "post_sd": 0.165831370304479, "post_q10": 2.8266833074091, "post_q50": 3.0385809895332998, "post_q90": 3.25195893022055, "post_prob_exceed": 0.0086333333333333297, "post_exc_mean": 0.000452467953710351, "prosp_score_happy": 0.0262354646519046, "prosp_score_sad": 2.8266833074091, "domain_class": "Background" }, "geometry": { "type": "Point", "coordinates": [ -143.475297047097797, 65.881137586688723 ] } },
{ "type": "Feature", "properties": { "field_1": 1290, "x": 483804.7572, "y": 1776815.497, "scaled_x": 0.74101951374546104, "scaled_y": 0.70629911977034898, "post_mean": 3.0228194104541002, "post_sd": 0.15351094192204101, "post_q10": 2.82619125900445, "post_q50": 3.0219882676665102, "post_q90": 3.22063049903758, "post_prob_exceed": 0.0035666666666666698, "post_exc_mean": 0.00016067336417133299, "prosp_score_happy": 0.0107813892306196, "prosp_score_sad": 2.82619125900445, "domain_class": "Background" }, "geometry": { "type": "Point", "coordinates": [ -143.475297045146135, 65.604346429372143 ] } },
{ "type": "Feature", "properties": { "field_1": 1291, "x": 488723.3306, "y": 1746039.48, "scaled_x": 0.74241226639403102, "scaled_y": 0.69024444750654501, "post_mean": 3.03379534134285, "post_sd": 0.142634290888911, "post_q10": 2.8503735916417301, "post_q50": 3.03297381002954, "post_q90": 3.21708546836562, "post_prob_exceed": 0.0025666666666666698, "post_exc_mean": 9.6751855431196103e-05, "prosp_score_happy": 0.0077867413761133, "prosp_score_sad": 2.8503735916417301, "domain_class": "Background" }, "geometry": { "type": "Point", "coordinates": [ -143.475297045797987, 65.324575194722684 ] } },
{ "type": "Feature", "properties": { "field_1": 1292, "x": 493697.2989, "y": 1714916.852, "scaled_x": 0.74382070476840201, "scaled_y": 0.674008961526396, "post_mean": 3.0721004462846402, "post_sd": 0.133353367578666, "post_q10": 2.9006237153713399, "post_q50": 3.0717803658015899, "post_q90": 3.2436706159528699, "post_prob_exceed": 0.0032333333333333298, "post_exc_mean": 0.00012578737368017701, "prosp_score_happy": 0.0099331247763203203, "prosp_score_sad": 2.9006237153713399, "domain_class": "Background" }, "geometry": { "type": "Point", "coordinates": [ -143.475297044578042, 65.041798548967151 ] } },
{ "type": "Feature", "properties": { "field_1": 1293, "x": 498726.983, "y": 1683445.604, "scaled_x": 0.74524491973523399, "scaled_y": 0.657591613811359, "post_mean": 3.1362501342028399, "post_sd": 0.12562217271470799, "post_q10": 2.9748234818331301, "post_q50": 3.1367659865555999, "post_q90": 3.2972150523934398, "post_prob_exceed": 0.0092, "post_exc_mean": 0.00037113384766901701, "prosp_score_happy": 0.0288535012346662, "prosp_score_sad": 2.9748234818331301, "domain_class": "Background" }, "geometry": { "type": "Point", "coordinates": [ -143.475297045177228, 64.755991156004342 ] } },
{ "type": "Feature", "properties": { "field_1": 1294, "x": 503812.6987, "y": 1651623.761, "scaled_x": 0.74668500071705801, "scaled_y": 0.640991374079387, "post_mean": 3.2229945147918402, "post_sd": 0.11931474825479201, "post_q10": 3.0698354550960301, "post_q50": 3.22342989516356, "post_q90": 3.3759229023546098, "post_prob_exceed": 0.038333333333333303, "post_exc_mean": 0.0018571389347363, "prosp_score_happy": 0.12354812306702, "prosp_score_sad": 3.0698354550960301, "domain_class": "Background" }, "geometry": { "type": "Point", "coordinates": [ -143.475297044281149, 64.467127733959643 ] } },
{ "type": "Feature", "properties": { "field_1": 1295, "x": 508954.7566, "y": 1619449.378, "scaled_x": 0.74814103566396395, "scaled_y": 0.62420722769829096, "post_mean": 3.3274995798632498, "post_sd": 0.11438358881128199, "post_q10": 3.18042347005141, "post_q50": 3.3278845332237799, "post_q90": 3.4732482341972002, "post_prob_exceed": 0.17573333333333299, "post_exc_mean": 0.010827021961438499, "prosp_score_happy": 0.58475259283463499, "prosp_score_sad": 3.18042347005141, "domain_class": "Background" }, "geometry": { "type": "Point", "coordinates": [ -143.475297046952733, 64.17518301375874 ] } },
{ "type": "Feature", "properties": { "field_1": 1296, "x": 514153.4618, "y": 1586920.548, "scaled_x": 0.74961311096865102, "scaled_y": 0.60723817985902695, "post_mean": 3.4436719800227298, "post_sd": 0.11097153019181399, "post_q10": 3.30096327071645, "post_q50": 3.4441089240325802, "post_q90": 3.5867116298556998, "post_prob_exceed": 0.53693333333333304, "post_exc_mean": 0.049112728402655799, "prosp_score_happy": 1.8490222751402099, "prosp_score_sad": 3.30096327071645, "domain_class": "tier 3" }, "geometry": { "type": "Point", "coordinates": [ -143.475297046515408, 63.880131804096514 ] } },
{ "type": "Feature", "properties": { "field_1": 1297, "x": 519409.1135, "y": 1554035.398, "scaled_x": 0.75110131135316305, "scaled_y": 0.59008325348905299, "post_mean": 3.5646075248963101, "post_sd": 0.109389670877554, "post_q10": 3.423698558626, "post_q50": 3.5648775596053399, "post_q90": 3.7048121908516398, "post_prob_exceed": 0.88373333333333304, "post_exc_mean": 0.13697346734427501, "prosp_score_happy": 3.1501624900017, "prosp_score_sad": 3.423698558626, "domain_class": "tier 1" }, "geometry": { "type": "Point", "coordinates": [ -143.475297045848919, 63.581948950223442 ] } },
{ "type": "Feature", "properties": { "field_1": 1298, "x": 524722.0047, "y": 1520792.094, "scaled_x": 0.75260571978394097, "scaled_y": 0.57274149186063905, "post_mean": 3.6831260574598401, "post_sd": 0.109938701166644, "post_q10": 3.54167646909027, "post_q50": 3.6834181453166499, "post_q90": 3.8238476123516798, "post_prob_exceed": 0.98753333333333304, "post_exc_mean": 0.24958990591212801, "prosp_score_happy": 3.6372097526101701, "prosp_score_sad": 3.54167646909027, "domain_class": "tier 1" }, "geometry": { "type": "Point", "coordinates": [ -143.475297047069375, 63.280609372113723 ] } },
{ "type": "Feature", "properties": { "field_1": 1299, "x": 530092.422, "y": 1487188.844, "scaled_x": 0.75412641741518904, "scaled_y": 0.55521196015584895, "post_mean": 3.7923415160029799, "post_sd": 0.11268082287745, "post_q10": 3.6466337787908301, "post_q50": 3.7923989506283799, "post_q90": 3.9364503864293998, "post_prob_exceed": 0.99936666666666696, "post_exc_mean": 0.35837975739633599, "prosp_score_happy": 3.7899396997095098, "prosp_score_sad": 3.6466337787908301, "domain_class": "tier 1" }, "geometry": { "type": "Point", "coordinates": [ -143.475297046108494, 62.976088084652041 ] } },
{ "type": "Feature", "properties": { "field_1": 1300, "x": 535520.6452, "y": 1453223.896, "scaled_x": 0.75566348347560897, "scaled_y": 0.53749374442321596, "post_mean": 3.8862086004550802, "post_sd": 0.117375856226986, "post_q10": 3.7351954502300302, "post_q50": 3.88678481316812, "post_q90": 4.0354614377456102, "post_prob_exceed": 0.99993333333333301, "post_exc_mean": 0.452223630087562, "prosp_score_happy": 3.88594951988172, "prosp_score_sad": 3.7351954502300302, "domain_class": "tier 1" }, "geometry": { "type": "Point", "coordinates": [ -143.47529704693244, 62.66836017381268 ] } },
{ "type": "Feature", "properties": { "field_1": 1301, "x": 541006.9469, "y": 1418895.545, "scaled_x": 0.75721699515513896, "scaled_y": 0.519585955229383, "post_mean": 3.9599887788779098, "post_sd": 0.12373575221429201, "post_q10": 3.8024102691553399, "post_q50": 3.9607897396493299, "post_q90": 4.1166870882352997, "post_prob_exceed": 1.0, "post_exc_mean": 0.52600157439275896, "prosp_score_happy": 3.9599887788779098, "prosp_score_sad": 3.8024102691553399, "domain_class": "tier 1" }, "geometry": { "type": "Point", "coordinates": [ -143.475297047389745, 62.357400852264981 ] } },
{ "type": "Feature", "properties": { "field_1": 1302, "x": 546551.5923, "y": 1384202.132, "scaled_x": 0.75878702754831695, "scaled_y": 0.50148772713742995, "post_mean": 4.0105889133472603, "post_sd": 0.13195882752282301, "post_q10": 3.8407785333659299, "post_q50": 4.0116414343030602, "post_q90": 4.1777769385535501, "post_prob_exceed": 1.0, "post_exc_mean": 0.57660170886211404, "prosp_score_happy": 4.0105889133472603, "prosp_score_sad": 3.8407785333659299, "domain_class": "tier 1" }, "geometry": { "type": "Point", "coordinates": [ -143.475297046330581, 62.043185443895929 ] } },
{ "type": "Feature", "properties": { "field_1": 1303, "x": 552154.8386, "y": 1349142.047, "scaled_x": 0.76037365348438901, "scaled_y": 0.48319822027186898, "post_mean": 4.0367433430545798, "post_sd": 0.143342421774728, "post_q10": 3.8533752248987301, "post_q50": 4.0374726995928496, "post_q90": 4.21856976128882, "post_prob_exceed": 1.0, "post_exc_mean": 0.602756138569431, "prosp_score_happy": 4.0367433430545798, "prosp_score_sad": 3.8533752248987301, "domain_class": "tier 1" }, "geometry": { "type": "Point", "coordinates": [ -143.475297045817911, 61.725689404149435 ] } },
{ "type": "Feature", "properties": { "field_1": 1304, "x": 557816.9351, "y": 1313713.73, "scaled_x": 0.76197694355561696, "scaled_y": 0.46471662084030002, "post_mean": 4.0390315921015496, "post_sd": 0.16062443297760401, "post_q10": 3.8339902654837501, "post_q50": 4.0397577379681398, "post_q90": 4.2417935248680898, "post_prob_exceed": 0.9999, "post_exc_mean": 0.60504819760320305, "prosp_score_happy": 4.0386276889423396, "prosp_score_sad": 3.8339902654837501, "domain_class": "tier 1" }, "geometry": { "type": "Point", "coordinates": [ -143.475297046144988, 61.40488832161914 ] } },
{ "type": "Feature", "properties": { "field_1": 1305, "x": 563538.1222, "y": 1277915.677, "scaled_x": 0.76359696583412695, "scaled_y": 0.44604214426338301, "post_mean": 4.0197443786115397, "post_sd": 0.187595165195169, "post_q10": 3.78073349857838, "post_q50": 4.0195149104088399, "post_q90": 4.2603334990050001, "post_prob_exceed": 0.99906666666666699, "post_exc_mean": 0.58580696877398097, "prosp_score_happy": 4.0159926171915004, "prosp_score_sad": 3.78073349857838, "domain_class": "tier 1" }, "geometry": { "type": "Point", "coordinates": [ -143.475297046677724, 61.080757965254129 ] } },
{ "type": "Feature", "properties": { "field_1": 1306, "x": 569318.6316, "y": 1241746.439, "scaled_x": 0.76523378592853197, "scaled_y": 0.42717403465317799, "post_mean": 3.9826265324589398, "post_sd": 0.227949307612095, "post_q10": 3.6911092058141599, "post_q50": 3.98290659950352, "post_q90": 4.2744537840259502, "post_prob_exceed": 0.99146666666666705, "post_exc_mean": 0.54928407579971406, "prosp_score_happy": 3.94864145271529, "prosp_score_sad": 3.6911092058141599, "domain_class": "tier 1" }, "geometry": { "type": "Point", "coordinates": [ -143.475297045170947, 60.753274267984153 ] } },
{ "type": "Feature", "properties": { "field_1": 1307, "x": 575158.6857, "y": 1205204.623, "scaled_x": 0.76688746681404296, "scaled_y": 0.40811156533480403, "post_mean": 3.9325343565117699, "post_sd": 0.28425652992879202, "post_q10": 3.5686192023938501, "post_q50": 3.9334328465558701, "post_q90": 4.2956955453110801, "post_prob_exceed": 0.95903333333333296, "post_exc_mean": 0.503282971977277, "prosp_score_happy": 3.7714315323733398, "prosp_score_sad": 3.5686192023938501, "domain_class": "tier 1" }, "geometry": { "type": "Point", "coordinates": [ -143.475297045771526, 60.42241332906498 ] } },
{ "type": "Feature", "properties": { "field_1": 1308, "x": 581058.4969, "y": 1168288.901, "scaled_x": 0.76855806863425002, "scaled_y": 0.38885404354139902, "post_mean": 3.8750465130548402, "post_sd": 0.35782947673980903, "post_q10": 3.41635250061185, "post_q50": 3.8755540349003201, "post_q90": 4.3320744726701399, "post_prob_exceed": 0.8904, "post_exc_mean": 0.46024556255968802, "prosp_score_happy": 3.4503414152240302, "prosp_score_sad": 3.41635250061185, "domain_class": "tier 1" }, "geometry": { "type": "Point", "coordinates": [ -143.475297045544863, 60.088151487127924 ] } },
{ "type": "Feature", "properties": { "field_1": 1309, "x": 434233.3766, "y": 2253313.996, "scaled_x": 0.72698278683113304, "scaled_y": 0.95487018195944595, "post_mean": 3.4022488151355001, "post_sd": 0.36659778042222502, "post_q10": 2.93260311197136, "post_q50": 3.4026036083569302, "post_q90": 3.8762219885206801, "post_prob_exceed": 0.4652, "post_exc_mean": 0.13084936156358801, "prosp_score_happy": 1.58272614880103, "prosp_score_sad": 2.93260311197136, "domain_class": "tier 3" }, "geometry": { "type": "Point", "coordinates": [ -142.801560585630085, 69.92512746260573 ] } },
{ "type": "Feature", "properties": { "field_1": 1310, "x": 438518.5141, "y": 2228142.798, "scaled_x": 0.72819617455908803, "scaled_y": 0.94173932963449003, "post_mean": 3.5425151868340201, "post_sd": 0.327804079166511, "post_q10": 3.1236096096091499, "post_q50": 3.54367016195991, "post_q90": 3.9647052239380201, "post_prob_exceed": 0.62946666666666695, "post_exc_mean": 0.192017533961818, "prosp_score_happy": 2.2298952262724501, "prosp_score_sad": 3.1236096096091499, "domain_class": "tier 2" }, "geometry": { "type": "Point", "coordinates": [ -142.801560583101235, 69.692587750532468 ] } },
{ "type": "Feature", "properties": { "field_1": 1311, "x": 442856.201, "y": 2202662.921, "scaled_x": 0.72942444227562597, "scaled_y": 0.92844745126838901, "post_mean": 3.6512701166613399, "post_sd": 0.30337926433981599, "post_q10": 3.2623832808987601, "post_q50": 3.6515934697749701, "post_q90": 4.0412288059834696, "post_prob_exceed": 0.76243333333333296, "post_exc_mean": 0.25927052743832302, "prosp_score_happy": 2.7838500459464899, "prosp_score_sad": 3.2623832808987601, "domain_class": "tier 2" }, "geometry": { "type": "Point", "coordinates": [ -142.801560581188681, 69.457469403438594 ] } },
{ "type": "Feature", "properties": { "field_1": 1312, "x": 447246.8305, "y": 2176872.054, "scaled_x": 0.73066770132000802, "scaled_y": 0.91499334130073595, "post_mean": 3.7277454320884198, "post_sd": 0.291029973000555, "post_q10": 3.3556706729184298, "post_q50": 3.7288431918505398, "post_q90": 4.1033198274947402, "post_prob_exceed": 0.84136666666666704, "post_exc_mean": 0.31735615102686199, "prosp_score_happy": 3.1364007483781302, "prosp_score_sad": 3.3556706729184298, "domain_class": "tier 1" }, "geometry": { "type": "Point", "coordinates": [ -142.801560585377331, 69.219747815865986 ] } },
{ "type": "Feature", "properties": { "field_1": 1313, "x": 451690.7944, "y": 2150767.898, "scaled_x": 0.73192606263507398, "scaled_y": 0.90137580043106402, "post_mean": 3.7718950191074501, "post_sd": 0.28714436179907998, "post_q10": 3.4031986690062102, "post_q50": 3.7714828826238098, "post_q90": 4.1411612082011402, "post_prob_exceed": 0.8792, "post_exc_mean": 0.354528273549161, "prosp_score_happy": 3.31625010079927, "prosp_score_sad": 3.4031986690062102, "domain_class": "tier 1" }, "geometry": { "type": "Point", "coordinates": [ -142.801560585297722, 68.979398320864135 ] } },
{ "type": "Feature", "properties": { "field_1": 1314, "x": 456188.4828, "y": 2124348.161, "scaled_x": 0.73319963668228405, "scaled_y": 0.88759363301053895, "post_mean": 3.78449663381565, "post_sd": 0.28783613270352199, "post_q10": 3.4148104278915601, "post_q50": 3.7847006937141199, "post_q90": 4.1534392476093798, "post_prob_exceed": 0.88723333333333299, "post_exc_mean": 0.36582700415831998, "prosp_score_happy": 3.3577315634090401, "prosp_score_sad": 3.4148104278915601, "domain_class": "tier 1" }, "geometry": { "type": "Point", "coordinates": [ -142.801560583228053, 68.736396141644747 ] } },
{ "type": "Feature", "properties": { "field_1": 1315, "x": 460740.284, "y": 2097610.561, "scaled_x": 0.73448853341341003, "scaled_y": 0.87364564860694705, "post_mean": 3.7672336081666402, "post_sd": 0.28983942477424002, "post_q10": 3.3944111830492201, "post_q50": 3.76702404120473, "post_q90": 4.1388367689754002, "post_prob_exceed": 0.87363333333333304, "post_exc_mean": 0.35110886014208798, "prosp_score_happy": 3.2911808545479899, "prosp_score_sad": 3.3944111830492201, "domain_class": "tier 1" }, "geometry": { "type": "Point", "coordinates": [ -142.801560583687177, 68.49071641453493 ] } },
{ "type": "Feature", "properties": { "field_1": 1316, "x": 465346.5845, "y": 2070552.828, "scaled_x": 0.73579286227052898, "scaled_y": 0.85953066304801296, "post_mean": 3.7227469238969699, "post_sd": 0.290858732521731, "post_q10": 3.3494055559051201, "post_q50": 3.7216175284054001, "post_q90": 4.0961406606032904, "post_prob_exceed": 0.8404, "post_exc_mean": 0.31326850373155701, "prosp_score_happy": 3.1285965148430201, "prosp_score_sad": 3.3494055559051201, "domain_class": "tier 1" }, "geometry": { "type": "Point", "coordinates": [ -142.80156058528172, 68.242334202615382 ] } },
{ "type": "Feature", "properties": { "field_1": 1317, "x": 470007.7686, "y": 2043172.706, "scaled_x": 0.73711273207276595, "scaled_y": 0.84524749946472699, "post_mean": 3.6546478225330299, "post_sd": 0.28951838474250302, "post_q10": 3.2832138147693799, "post_q50": 3.6533919461135098, "post_q90": 4.0252613715849304, "post_prob_exceed": 0.77883333333333304, "post_exc_mean": 0.25776616653432799, "prosp_score_happy": 2.84636154578281, "prosp_score_sad": 3.2832138147693799, "domain_class": "tier 2" }, "geometry": { "type": "Point", "coordinates": [ -142.801560582385491, 67.99122450978345 ] } },
{ "type": "Feature", "properties": { "field_1": 1318, "x": 474724.2182, "y": 2015467.95, "scaled_x": 0.73844825095965305, "scaled_y": 0.83079498672636098, "post_mean": 3.5674816528845601, "post_sd": 0.28516788782035302, "post_q10": 3.20277499062288, "post_q50": 3.5670221303840499, "post_q90": 3.9332881579267802, "post_prob_exceed": 0.68073333333333297, "post_exc_mean": 0.19255845946212399, "prosp_score_happy": 2.4285036771736199, "prosp_score_sad": 3.20277499062288, "domain_class": "tier 2" }, "geometry": { "type": "Point", "coordinates": [ -142.801560581800857, 67.737362249831278 ] } },
{ "type": "Feature", "properties": { "field_1": 1319, "x": 479496.3127, "y": 1987436.331, "scaled_x": 0.73979952636282198, "scaled_y": 0.81617196204877396, "post_mean": 3.46663523230675, "post_sd": 0.27768556217683199, "post_q10": 3.1110687056803998, "post_q50": 3.4669363052743698, "post_q90": 3.8224344694489698, "post_prob_exceed": 0.54763333333333297, "post_exc_mean": 0.12755410024979599, "prosp_score_happy": 1.8984450077189201, "prosp_score_sad": 3.1110687056803998, "domain_class": "tier 3" }, "geometry": { "type": "Point", "coordinates": [ -142.801560584933412, 67.480722286575087 ] } },
{ "type": "Feature", "properties": { "field_1": 1320, "x": 484324.4288, "y": 1959075.638, "scaled_x": 0.74116666494936301, "scaled_y": 0.80137727203773801, "post_mean": 3.3581825732919799, "post_sd": 0.26732305105274801, "post_q10": 3.0175334162161001, "post_q50": 3.3579481844164998, "post_q90": 3.6992876365035499, "post_prob_exceed": 0.387066666666667, "post_exc_mean": 0.072736804441253994, "prosp_score_happy": 1.2998405347022099, "prosp_score_sad": 3.0175334162161001, "domain_class": "Background" }, "geometry": { "type": "Point", "coordinates": [ -142.801560584866252, 67.221279447165827 ] } },
{ "type": "Feature", "properties": { "field_1": 1321, "x": 489208.9403, "y": 1930383.675, "scaled_x": 0.74254977256519905, "scaled_y": 0.78640977112395205, "post_mean": 3.2486675772495501, "post_sd": 0.25459000375879998, "post_q10": 2.9234000134345401, "post_q50": 3.2483092569747298, "post_q90": 3.5746588718694201, "post_prob_exceed": 0.231833333333333, "post_exc_mean": 0.034572639810427602, "prosp_score_happy": 0.75314943332568696, "prosp_score_sad": 2.9234000134345401, "domain_class": "Background" }, "geometry": { "type": "Point", "coordinates": [ -142.801560582736244, 66.959008490834023 ] } },
{ "type": "Feature", "properties": { "field_1": 1322, "x": 494150.2176, "y": 1901358.265, "scaled_x": 0.74394895409350403, "scaled_y": 0.771268323649688, "post_mean": 3.1448271695263101, "post_sd": 0.24016607268573301, "post_q10": 2.8373498774955301, "post_q50": 3.1457405981481199, "post_q90": 3.4519921269832898, "post_prob_exceed": 0.11323333333333301, "post_exc_mean": 0.013374002355663901, "prosp_score_happy": 0.35609926316269602, "prosp_score_sad": 2.8373498774955301, "domain_class": "Background" }, "geometry": { "type": "Point", "coordinates": [ -142.801560583315677, 66.693884140241011 ] } },
{ "type": "Feature", "properties": { "field_1": 1323, "x": 499148.6278, "y": 1871997.252, "scaled_x": 0.74536431348301402, "scaled_y": 0.755951804912118, "post_mean": 3.0532639311895999, "post_sd": 0.22482597143031699, "post_q10": 2.76577297728572, "post_q50": 3.05392144270572, "post_q90": 3.3399694963266402, "post_prob_exceed": 0.0455666666666667, "post_exc_mean": 0.0041810345564852096, "prosp_score_happy": 0.13912705979787299, "prosp_score_sad": 2.76577297728572, "domain_class": "Background" }, "geometry": { "type": "Point", "coordinates": [ -142.801560585132876, 66.42588109393806 ] } },
{ "type": "Feature", "properties": { "field_1": 1324, "x": 504204.5345, "y": 1842298.502, "scaled_x": 0.74679595369140095, "scaled_y": 0.74045910168496998, "post_mean": 2.98008350341573, "post_sd": 0.20936534086799899, "post_q10": 2.7119712083405001, "post_q50": 2.98021755717811, "post_q90": 3.2482264319591998, "post_prob_exceed": 0.0153333333333333, "post_exc_mean": 0.00108807503150834, "prosp_score_happy": 0.045694613719041197, "prosp_score_sad": 2.7119712083405001, "domain_class": "Background" }, "geometry": { "type": "Point", "coordinates": [ -142.801560581428561, 66.154974030261613 ] } },
{ "type": "Feature", "properties": { "field_1": 1325, "x": 509318.297, "y": 1812259.901, "scaled_x": 0.74824397645873997, "scaled_y": 0.72478911117521105, "post_mean": 2.9305182740736999, "post_sd": 0.19452039234198901, "post_q10": 2.6818231028222099, "post_q50": 2.93096436266109, "post_q90": 3.1803476646625701, "post_prob_exceed": 0.00446666666666667, "post_exc_mean": 0.00026624373196014402, "prosp_score_happy": 0.0130896482908625, "prosp_score_sad": 2.6818231028222099, "domain_class": "Background" }, "geometry": { "type": "Point", "coordinates": [ -142.801560585026095, 65.881137585443582 ] } },
{ "type": "Feature", "properties": { "field_1": 1326, "x": 514490.2708, "y": 1781879.364, "scaled_x": 0.74970848244909105, "scaled_y": 0.70894074571799803, "post_mean": 2.9085645090780798, "post_sd": 0.18088520872004399, "post_q10": 2.67639053136176, "post_q50": 2.9084907685897399, "post_q90": 3.1410480557385201, "post_prob_exceed": 0.0015333333333333299, "post_exc_mean": 8.8126917929713607e-05, "prosp_score_happy": 0.0044597989139197299, "prosp_score_sad": 2.67639053136176, "domain_class": "Background" }, "geometry": { "type": "Point", "coordinates": [ -142.801560583956302, 65.604346427098264 ] } },
{ "type": "Feature", "properties": { "field_1": 1327, "x": 519720.8067, "y": 1751154.829, "scaled_x": 0.75118957099565298, "scaled_y": 0.69291292964671203, "post_mean": 2.9166643298444099, "post_sd": 0.16884727128980101, "post_q10": 2.6998867611521802, "post_q50": 2.9171918843892199, "post_q90": 3.1337925171281, "post_prob_exceed": 0.000933333333333333, "post_exc_mean": 5.3821267754956897e-05, "prosp_score_happy": 0.0027222200411881098, "prosp_score_sad": 2.6998867611521802, "domain_class": "Background" }, "geometry": { "type": "Point", "coordinates": [ -142.801560583311812, 65.324575196755987 ] } },
{ "type": "Feature", "properties": { "field_1": 1328, "x": 525010.251, "y": 1720084.262, "scaled_x": 0.75268734015739502, "scaled_y": 0.67670460190126103, "post_mean": 2.9554659651668902, "post_sd": 0.158576052593835, "post_q10": 2.7512303740936002, "post_q50": 2.95584795731568, "post_q90": 3.1592789206176399, "post_prob_exceed": 0.0014333333333333301, "post_exc_mean": 5.86721483558417e-05, "prosp_score_happy": 0.0042361678834058796, "prosp_score_sad": 2.7512303740936002, "domain_class": "Background" }, "geometry": { "type": "Point", "coordinates": [ -142.801560582401265, 65.041798548092473 ] } },
{ "type": "Feature", "properties": { "field_1": 1329, "x": 530358.9449, "y": 1688665.658, "scaled_x": 0.75420188654916198, "scaled_y": 0.66031471654974605, "post_mean": 3.02369431867537, "post_sd": 0.150093888593157, "post_q10": 2.8305425388273102, "post_q50": 3.02407376870408, "post_q90": 3.2158982822751701, "post_prob_exceed": 0.0034333333333333299, "post_exc_mean": 0.000162789700053033, "prosp_score_happy": 0.010381350494118801, "prosp_score_sad": 2.8305425388273102, "domain_class": "Background" }, "geometry": { "type": "Point", "coordinates": [ -142.801560583938937, 64.75599115078073 ] } },
{ "type": "Feature", "properties": { "field_1": 1330, "x": 535767.2241, "y": 1656897.046, "scaled_x": 0.75573330522840698, "scaled_y": 0.64374224539677205, "post_mean": 3.1181583473276899, "post_sd": 0.143421020478399, "post_q10": 2.9341738501899202, "post_q50": 3.1186377011722399, "post_q90": 3.3015317332966201, "post_prob_exceed": 0.0138, "post_exc_mean": 0.00075177556021285895, "prosp_score_happy": 0.043030585193122202, "prosp_score_sad": 2.9341738501899202, "domain_class": "Background" }, "geometry": { "type": "Point", "coordinates": [ -142.801560584620262, 64.467127729264746 ] } },
{ "type": "Feature", "properties": { "field_1": 1331, "x": 541235.4192, "y": 1624776.485, "scaled_x": 0.75728168980846, "scaled_y": 0.62698617589679295, "post_mean": 3.2339115110417902, "post_sd": 0.13873000975507799, "post_q10": 3.0557161534073001, "post_q50": 3.23435806867223, "post_q90": 3.4117635740252501, "post_prob_exceed": 0.073733333333333304, "post_exc_mean": 0.0046549269021436603, "prosp_score_happy": 0.238447075414148, "prosp_score_sad": 3.0557161534073001, "domain_class": "Background" }, "geometry": { "type": "Point", "coordinates": [ -142.801560581126637, 64.175183020650564 ] } },
{ "type": "Feature", "properties": { "field_1": 1332, "x": 546763.8544, "y": 1592302.068, "scaled_x": 0.75884713209041199, "scaled_y": 0.61004551324076695, "post_mean": 3.3645666759471702, "post_sd": 0.13640314701679601, "post_q10": 3.1898194223338798, "post_q50": 3.3648885008563298, "post_q90": 3.53961301936631, "post_prob_exceed": 0.3041, "post_exc_mean": 0.0264749258633988, "prosp_score_happy": 1.0231647261555299, "prosp_score_sad": 3.1898194223338798, "domain_class": "Background" }, "geometry": { "type": "Point", "coordinates": [ -142.80156058256955, 63.88013180577655 ] } },
{ "type": "Feature", "properties": { "field_1": 1333, "x": 552352.8479000001, "y": 1559471.928, "scaled_x": 0.76042972217638305, "scaled_y": 0.59291928348612299, "post_mean": 3.5027488477862301, "post_sd": 0.13690190649252901, "post_q10": 3.3271951123243499, "post_q50": 3.50256151861212, "post_q90": 3.6790508671775002, "post_prob_exceed": 0.69476666666666698, "post_exc_mean": 0.095687271157707005, "prosp_score_happy": 2.43359314114694, "prosp_score_sad": 3.3271951123243499, "domain_class": "tier 2" }, "geometry": { "type": "Point", "coordinates": [ -142.801560581590195, 63.581948955202932 ] } },
{ "type": "Feature", "properties": { "field_1": 1334, "x": 558002.7114, "y": 1526284.232, "scaled_x": 0.76202954832794101, "scaled_y": 0.57560653042679299, "post_mean": 3.6406503954842502, "post_sd": 0.14046837185790001, "post_q10": 3.4607711632454898, "post_q50": 3.6407645358416398, "post_q90": 3.8202488642394998, "post_prob_exceed": 0.92883333333333296, "post_exc_mean": 0.21111204807398501, "prosp_score_happy": 3.3815574423389601, "prosp_score_sad": 3.4607711632454898, "domain_class": "tier 1" }, "geometry": { "type": "Point", "coordinates": [ -142.801560585141203, 63.280609370496464 ] } },
{ "type": "Feature", "properties": { "field_1": 1335, "x": 563713.7497, "y": 1492737.193, "scaled_x": 0.76364669685283804, "scaled_y": 0.55810632185314701, "post_mean": 3.7706370049689402, "post_sd": 0.146849564168164, "post_q10": 3.5813250561147401, "post_q50": 3.7713228773036702, "post_q90": 3.95856734044624, "post_prob_exceed": 0.9885, "post_exc_mean": 0.33721836079686301, "prosp_score_happy": 3.7272746794118001, "prosp_score_sad": 3.5813250561147401, "domain_class": "tier 1" }, "geometry": { "type": "Point", "coordinates": [ -142.801560581748447, 62.976088084140358 ] } },
{ "type": "Feature", "properties": { "field_1": 1336, "x": 569486.2601, "y": 1458829.061, "scaled_x": 0.76528125193510899, "scaled_y": 0.54041774485704597, "post_mean": 3.8858428955071602, "post_sd": 0.155287423662196, "post_q10": 3.6868732107866098, "post_q50": 3.8867931015152002, "post_q90": 4.0833463200845301, "post_prob_exceed": 0.99806666666666699, "post_exc_mean": 0.45193334788692302, "prosp_score_happy": 3.8783302659091801, "prosp_score_sad": 3.6868732107866098, "domain_class": "tier 1" }, "geometry": { "type": "Point", "coordinates": [ -142.801560583574002, 62.668360174303096 ] } },
{ "type": "Feature", "properties": { "field_1": 1337, "x": 575320.5328, "y": 1424558.134, "scaled_x": 0.76693329574834102, "scaled_y": 0.52253991157011503, "post_mean": 3.98069243106757, "post_sd": 0.164846066496006, "post_q10": 3.7707741637956702, "post_q50": 3.9821720693801899, "post_q90": 4.1900434946520297, "post_prob_exceed": 0.9995, "post_exc_mean": 0.54672281563764202, "prosp_score_happy": 3.9787020848520398, "prosp_score_sad": 3.7707741637956702, "domain_class": "tier 1" }, "geometry": { "type": "Point", "coordinates": [ -142.801560581827687, 62.357400854471933 ] } },
{ "type": "Feature", "properties": { "field_1": 1338, "x": 581216.8495, "y": 1389922.755, "scaled_x": 0.76860290805924603, "scaled_y": 0.50447195759875896, "post_mean": 4.0512944361946097, "post_sd": 0.17495812991166801, "post_q10": 3.8259989246573101, "post_q50": 4.0531479071321499, "post_q90": 4.2725915706382898, "post_prob_exceed": 0.9998, "post_exc_mean": 0.61731524052487197, "prosp_score_happy": 4.0504841773073696, "prosp_score_sad": 3.8259989246573101, "domain_class": "tier 1" }, "geometry": { "type": "Point", "coordinates": [ -142.801560583937174, 62.043185442170007 ] } },
{ "type": "Feature", "properties": { "field_1": 1339, "x": 587175.484, "y": 1354921.318, "scaled_x": 0.77029016639755399, "scaled_y": 0.48621304515413699, "post_mean": 4.0956726789201596, "post_sd": 0.18604505867099, "post_q10": 3.85697033997024, "post_q50": 4.0977507764127399, "post_q90": 4.3312916817312503, "post_prob_exceed": 0.99973333333333303, "post_exc_mean": 0.66169096580182896, "prosp_score_happy": 4.0945804995391102, "prosp_score_sad": 3.85697033997024, "domain_class": "tier 1" }, "geometry": { "type": "Point", "coordinates": [ -142.801560582393819, 61.725689403951925 ] } },
{ "type": "Feature", "properties": { "field_1": 1340, "x": 593196.7012, "y": 1319552.265, "scaled_x": 0.771995145772856, "scaled_y": 0.46776236148717298, "post_mean": 4.1138185063110599, "post_sd": 0.200066176999847, "post_q10": 3.8565578801259299, "post_q50": 4.11594856460753, "post_q90": 4.3674485750040697, "post_prob_exceed": 0.99953333333333305, "post_exc_mean": 0.67985096395642397, "prosp_score_happy": 4.11189872434145, "prosp_score_sad": 3.8565578801259299, "domain_class": "tier 1" }, "geometry": { "type": "Point", "coordinates": [ -142.801560583484701, 61.404888323358165 ] } },
{ "type": "Feature", "properties": { "field_1": 1341, "x": 599280.757, "y": 1283814.094, "scaled_x": 0.77371791864628603, "scaled_y": 0.44911912306184998, "post_mean": 4.1075742827852499, "post_sd": 0.22069071965935799, "post_q10": 3.82436498604859, "post_q50": 4.1087406554249801, "post_q90": 4.3901137875282199, "post_prob_exceed": 0.99883333333333302, "post_exc_mean": 0.67367572140029996, "prosp_score_happy": 4.1027821127886703, "prosp_score_sad": 3.82436498604859, "domain_class": "tier 1" }, "geometry": { "type": "Point", "coordinates": [ -142.801560583463953, 61.080757964406196 ] } },
{ "type": "Feature", "properties": { "field_1": 1342, "x": 605427.8976, "y": 1247705.359, "scaled_x": 0.77545855473230596, "scaled_y": 0.43028257555521299, "post_mean": 4.0803749830198104, "post_sd": 0.25263989437471401, "post_q10": 3.7580936710341701, "post_q50": 4.0807474305632496, "post_q90": 4.4033051936267702, "post_prob_exceed": 0.9939, "post_exc_mean": 0.64685170659787505, "prosp_score_happy": 4.0554846956233899, "prosp_score_sad": 3.7580936710341701, "domain_class": "tier 1" }, "geometry": { "type": "Point", "coordinates": [ -142.801560581759333, 60.753274265374749 ] } },
{ "type": "Feature", "properties": { "field_1": 1343, "x": 611638.3594, "y": 1211224.67, "scaled_x": 0.77721712097039197, "scaled_y": 0.41125199385736799, "post_mean": 4.0368867645915296, "post_sd": 0.30024866630973102, "post_q10": 3.6545771219678702, "post_q50": 4.03606896223204, "post_q90": 4.4201454563693998, "post_prob_exceed": 0.97726666666666695, "post_exc_mean": 0.605535892263523, "prosp_score_happy": 3.9451148721431499, "prosp_score_sad": 3.6545771219678702, "domain_class": "tier 1" }, "geometry": { "type": "Point", "coordinates": [ -142.801560582611188, 60.422413331624156 ] } },
{ "type": "Feature", "properties": { "field_1": 1344, "x": 464627.7462, "y": 2232724.022, "scaled_x": 0.73558931464303701, "scaled_y": 0.94412917916853001, "post_mean": 3.5823594991908201, "post_sd": 0.39885143422303698, "post_q10": 3.0739633436191598, "post_q50": 3.5824069093883799, "post_q90": 4.09615022248716, "post_prob_exceed": 0.645166666666667, "post_exc_mean": 0.24393337428030301, "prosp_score_happy": 2.3112189368946101, "prosp_score_sad": 3.0739633436191598, "domain_class": "tier 2" }, "geometry": { "type": "Point", "coordinates": [ -142.127824120026219, 69.692587753857339 ] } },
{ "type": "Feature", "properties": { "field_1": 1345, "x": 469223.6975, "y": 2207289.46, "scaled_x": 0.73689071300089604, "scaled_y": 0.93086093990665897, "post_mean": 3.6887584706272998, "post_sd": 0.37165462890137602, "post_q10": 3.21381959262794, "post_q50": 3.6880604836850299, "post_q90": 4.1668970459582297, "post_prob_exceed": 0.75323333333333298, "post_exc_mean": 0.308867669424016, "prosp_score_happy": 2.7784958386921699, "prosp_score_sad": 3.21381959262794, "domain_class": "tier 2" }, "geometry": { "type": "Point", "coordinates": [ -142.127824119932711, 69.457469397454702 ] } },
{ "type": "Feature", "properties": { "field_1": 1346, "x": 473875.7435, "y": 2181544.463, "scaled_x": 0.73820799524126401, "scaled_y": 0.91743075856553202, "post_mean": 3.7611681672347501, "post_sd": 0.356464889074529, "post_q10": 3.3053108746519699, "post_q50": 3.7621011833225602, "post_q90": 4.2202968528376896, "post_prob_exceed": 0.8204, "post_exc_mean": 0.361543370604609, "prosp_score_happy": 3.0856623643993899, "prosp_score_sad": 3.3053108746519699, "domain_class": "tier 1" }, "geometry": { "type": "Point", "coordinates": [ -142.127824119856115, 69.219747817786171 ] } },
{ "type": "Feature", "properties": { "field_1": 1347, "x": 478584.2994, "y": 2155486.733, "scaled_x": 0.73954127893296595, "scaled_y": 0.90383743636634295, "post_mean": 3.7995255604869098, "post_sd": 0.34981640168339501, "post_q10": 3.3517252873581902, "post_q50": 3.80026801230483, "post_q90": 4.2495263605978799, "post_prob_exceed": 0.85163333333333302, "post_exc_mean": 0.39198524102465399, "prosp_score_happy": 3.23580261816267, "prosp_score_sad": 3.3517252873581902, "domain_class": "tier 1" }, "geometry": { "type": "Point", "coordinates": [ -142.127824120813585, 68.97939832007583 ] } },
{ "type": "Feature", "properties": { "field_1": 1348, "x": 483349.7785, "y": 2129113.984, "scaled_x": 0.74089068110682099, "scaled_y": 0.89007978079023098, "post_mean": 3.8046334448934802, "post_sd": 0.34799899217955199, "post_q10": 3.3584054309220401, "post_q50": 3.80439878056817, "post_q90": 4.2508271605826096, "post_prob_exceed": 0.85573333333333301, "post_exc_mean": 0.39595904278810101, "prosp_score_happy": 3.2557516599101799, "prosp_score_sad": 3.3584054309220401, "domain_class": "tier 1" }, "geometry": { "type": "Point", "coordinates": [ -142.127824117330022, 68.736396144783953 ] } },
{ "type": "Feature", "properties": { "field_1": 1349, "x": 488172.5923, "y": 2102423.936, "scaled_x": 0.742256318283956, "scaled_y": 0.87615660244830296, "post_mean": 3.7782481499601399, "post_sd": 0.34781194308055402, "post_q10": 3.3305428229582899, "post_q50": 3.7782479755847, "post_q90": 4.2245894630869101, "post_prob_exceed": 0.838666666666667, "post_exc_mean": 0.37366958607595202, "prosp_score_happy": 3.1686907817665699, "prosp_score_sad": 3.3305428229582899, "domain_class": "tier 1" }, "geometry": { "type": "Point", "coordinates": [ -142.127824121185824, 68.490716409781726 ] } },
{ "type": "Feature", "properties": { "field_1": 1350, "x": 493053.1502, "y": 2075414.326, "scaled_x": 0.74363830639085704, "scaled_y": 0.86206672081991798, "post_mean": 3.72313673217409, "post_sd": 0.346911038704733, "post_q10": 3.2766077487350702, "post_q50": 3.7224117229356701, "post_q90": 4.1690410350175604, "post_prob_exceed": 0.79823333333333302, "post_exc_mean": 0.32838224494162699, "prosp_score_happy": 2.9719318441791001, "prosp_score_sad": 3.2766077487350702, "domain_class": "tier 2" }, "geometry": { "type": "Point", "coordinates": [ -142.127824120792496, 68.242334204725921 ] } },
{ "type": "Feature", "properties": { "field_1": 1351, "x": 497991.8595, "y": 2048082.899, "scaled_x": 0.74503676075937098, "scaled_y": 0.84780895955772795, "post_mean": 3.6430934000567099, "post_sd": 0.34382049137360898, "post_q10": 3.2035995683702798, "post_q50": 3.64257358901405, "post_q90": 4.0847314057170303, "post_prob_exceed": 0.72906666666666697, "post_exc_mean": 0.26618375004365202, "prosp_score_happy": 2.65605796153468, "prosp_score_sad": 3.2035995683702798, "domain_class": "tier 2" }, "geometry": { "type": "Point", "coordinates": [ -142.127824120287158, 67.991224506449001 ] } },
{ "type": "Feature", "properties": { "field_1": 1352, "x": 502989.1248, "y": 2020427.416, "scaled_x": 0.74645179595680899, "scaled_y": 0.83338215066097499, "post_mean": 3.54290550000638, "post_sd": 0.33779292097913499, "post_q10": 3.1138138418493102, "post_q50": 3.54275452593079, "post_q90": 3.9749566627786801, "post_prob_exceed": 0.6285, "post_exc_mean": 0.195863703808064, "prosp_score_happy": 2.2267161067540102, "prosp_score_sad": 3.1138138418493102, "domain_class": "tier 2" }, "geometry": { "type": "Point", "coordinates": [ -142.127824119229331, 67.737362246725695 ] } },
{ "type": "Feature", "properties": { "field_1": 1353, "x": 508045.348, "y": 1992445.652, "scaled_x": 0.74788352578594097, "scaled_y": 0.81878513343216697, "post_mean": 3.4282608681632598, "post_sd": 0.32864052980444602, "post_q10": 3.0098065065509201, "post_q50": 3.4280079490170801, "post_q90": 3.8475432245157002, "post_prob_exceed": 0.4931, "post_exc_mean": 0.127725192992481, "prosp_score_happy": 1.6904754340913, "prosp_score_sad": 3.0098065065509201, "domain_class": "tier 3" }, "geometry": { "type": "Point", "coordinates": [ -142.127824121090043, 67.480722289830126 ] } },
{ "type": "Feature", "properties": { "field_1": 1354, "x": 513160.9284, "y": 1964135.398, "scaled_x": 0.74933206331332003, "scaled_y": 0.80401675552039698, "post_mean": 3.30559104379109, "post_sd": 0.31658626350464902, "post_q10": 2.9007393112299198, "post_q50": 3.30637714490094, "post_q90": 3.70872705527997, "post_prob_exceed": 0.33896666666666703, "post_exc_mean": 0.072014497317414397, "prosp_score_happy": 1.1204851774770499, "prosp_score_sad": 2.9007393112299198, "domain_class": "Background" }, "geometry": { "type": "Point", "coordinates": [ -142.127824122609042, 67.22127944542693 ] } },
{ "type": "Feature", "properties": { "field_1": 1355, "x": 518336.2619, "y": 1935494.464, "scaled_x": 0.75079752064274696, "scaled_y": 0.78907587448633498, "post_mean": 3.1818485923095801, "post_sd": 0.30214311391085202, "post_q10": 2.7948524600240101, "post_q50": 3.18282168017523, "post_q90": 3.56572384491936, "post_prob_exceed": 0.2019, "post_exc_mean": 0.033962910158757402, "prosp_score_happy": 0.642415230787304, "prosp_score_sad": 2.7948524600240101, "domain_class": "Background" }, "geometry": { "type": "Point", "coordinates": [ -142.127824119908894, 66.959008491597046 ] } },
{ "type": "Feature", "properties": { "field_1": 1356, "x": 523571.7411, "y": 1906520.676, "scaled_x": 0.75228000894358804, "scaled_y": 0.77396135623724005, "post_mean": 3.0642215781736502, "post_sd": 0.28601439251152599, "post_q10": 2.6968721211564302, "post_q50": 3.0645355401524399, "post_q90": 3.4288292940846699, "post_prob_exceed": 0.097433333333333302, "post_exc_mean": 0.0132070819226315, "prosp_score_happy": 0.29855732243338601, "prosp_score_sad": 2.6968721211564302, "domain_class": "Background" }, "geometry": { "type": "Point", "coordinates": [ -142.127824118341948, 66.693884143067194 ] } },
{ "type": "Feature", "properties": { "field_1": 1357, "x": 528867.7548, "y": 1877211.882, "scaled_x": 0.75377963830919503, "scaled_y": 0.75867207815693005, "post_mean": 2.9597940127059599, "post_sd": 0.26900426732303201, "post_q10": 2.6136381522644698, "post_q50": 2.9614357697702398, "post_q90": 3.3035090008636998, "post_prob_exceed": 0.0396, "post_exc_mean": 0.0042071411948465202, "prosp_score_happy": 0.117207842903156, "prosp_score_sad": 2.6136381522644698, "domain_class": "Background" }, "geometry": { "type": "Point", "coordinates": [ -142.127824119196475, 66.425881100094955 ] } },
{ "type": "Feature", "properties": { "field_1": 1358, "x": 534224.6883, "y": 1847565.95, "scaled_x": 0.75529651784185303, "scaled_y": 0.74320692806245803, "post_mean": 2.8751672194404998, "post_sd": 0.251929814593847, "post_q10": 2.5501130561429801, "post_q50": 2.8761211654592702, "post_q90": 3.1955359311365599, "post_prob_exceed": 0.0128, "post_exc_mean": 0.0011342795714026799, "prosp_score_happy": 0.036802140408838398, "prosp_score_sad": 2.5501130561429801, "domain_class": "Background" }, "geometry": { "type": "Point", "coordinates": [ -142.127824121229622, 66.15497402499328 ] } },
{ "type": "Feature", "properties": { "field_1": 1359, "x": 539642.9224, "y": 1817580.774, "scaled_x": 0.75683075536961697, "scaled_y": 0.72756480733408402, "post_mean": 2.8160635562644001, "post_sd": 0.23553259696356199, "post_q10": 2.5150075952730302, "post_q50": 2.8167256680770101, "post_q90": 3.1179627857535799, "post_prob_exceed": 0.0037, "post_exc_mean": 0.00028570444372816198, "prosp_score_happy": 0.0104194351581783, "prosp_score_sad": 2.5150075952730302, "domain_class": "Background" }, "geometry": { "type": "Point", "coordinates": [ -142.127824118980499, 65.881137591445963 ] } },
{ "type": "Feature", "properties": { "field_1": 1360, "x": 545122.8336, "y": 1787254.268, "scaled_x": 0.75838245750294797, "scaled_y": 0.71174462778530401, "post_mean": 2.78693974191496, "post_sd": 0.22039988448374301, "post_q10": 2.5049350232308201, "post_q50": 2.7873283523702299, "post_q90": 3.0696393310785801, "post_prob_exceed": 0.0015, "post_exc_mean": 0.000110202611677555, "prosp_score_happy": 0.0041804096128724398, "prosp_score_sad": 2.5049350232308201, "domain_class": "Background" }, "geometry": { "type": "Point", "coordinates": [ -142.127824121832134, 65.604346425590151 ] } },
{ "type": "Feature", "properties": { "field_1": 1361, "x": 550664.7937, "y": 1756584.377, "scaled_x": 0.75995172952144396, "scaled_y": 0.69574531740113099, "post_mean": 2.7906418662368102, "post_sd": 0.20692027849959099, "post_q10": 2.5250783524652798, "post_q50": 2.79143385951842, "post_q90": 3.0564285800200599, "post_prob_exceed": 0.0009, "post_exc_mean": 6.18037200603067e-05, "prosp_score_happy": 0.0025115776796131302, "prosp_score_sad": 2.5250783524652798, "domain_class": "Background" }, "geometry": { "type": "Point", "coordinates": [ -142.127824119765847, 65.32457519828148 ] } },
{ "type": "Feature", "properties": { "field_1": 1362, "x": 556269.1696, "y": 1725569.069, "scaled_x": 0.76153867531721098, "scaled_y": 0.67956581616479605, "post_mean": 2.8281366955743201, "post_sd": 0.19530520888751199, "post_q10": 2.5777830224484499, "post_q50": 2.82924981300875, "post_q90": 3.07976675296602, "post_prob_exceed": 0.0009, "post_exc_mean": 5.9448620498952503e-05, "prosp_score_happy": 0.00254532302601689, "prosp_score_sad": 2.5777830224484499, "domain_class": "Background" }, "geometry": { "type": "Point", "coordinates": [ -142.12782411870532, 65.041798548925726 ] } },
{ "type": "Feature", "properties": { "field_1": 1363, "x": 561936.3227, "y": 1694206.343, "scaled_x": 0.76314339722496405, "scaled_y": 0.66320508023104996, "post_mean": 2.8983534226260801, "post_sd": 0.18569229834593401, "post_q10": 2.6600039627006602, "post_q50": 2.8989887347007501, "post_q90": 3.1382911423961701, "post_prob_exceed": 0.0022333333333333298, "post_exc_mean": 0.000113736070949871, "prosp_score_happy": 0.0064729893105315902, "prosp_score_sad": 2.6600039627006602, "domain_class": "Background" }, "geometry": { "type": "Point", "coordinates": [ -142.127824122237087, 64.755991151238746 ] } },
{ "type": "Feature", "properties": { "field_1": 1364, "x": 567666.609, "y": 1662494.232, "scaled_x": 0.76476599605034401, "scaled_y": 0.64666208349114096, "post_mean": 2.9981652681972601, "post_sd": 0.17830322372077101, "post_q10": 2.7690644802646802, "post_q50": 2.9979298096367102, "post_q90": 3.2271698471505301, "post_prob_exceed": 0.00743333333333333, "post_exc_mean": 0.00046611832556967101, "prosp_score_happy": 0.022286361826932902, "prosp_score_sad": 2.7690644802646802, "domain_class": "Background" }, "geometry": { "type": "Point", "coordinates": [ -142.127824118577934, 64.467127733498472 ] } },
{ "type": "Feature", "properties": { "field_1": 1365, "x": 573460.3784, "y": 1630430.797, "scaled_x": 0.76640657087170405, "scaled_y": 0.62993581444284896, "post_mean": 3.12253081922257, "post_sd": 0.173572091989039, "post_q10": 2.8997401967631999, "post_q50": 3.1223645839888001, "post_q90": 3.3455269092786399, "post_prob_exceed": 0.037166666666666702, "post_exc_mean": 0.0025512874053613402, "prosp_score_happy": 0.116054062114439, "prosp_score_sad": 2.8997401967631999, "domain_class": "Background" }, "geometry": { "type": "Point", "coordinates": [ -142.127824117502399, 64.175183020586161 ] } },
{ "type": "Feature", "properties": { "field_1": 1366, "x": 579317.9746, "y": 1598014.136, "scaled_x": 0.76806521901179203, "scaled_y": 0.61302528088544195, "post_mean": 3.2648002252607302, "post_sd": 0.172125044787235, "post_q10": 3.0455041606725599, "post_q50": 3.2641385141459902, "post_q90": 3.4861058180920801, "post_prob_exceed": 0.16023333333333301, "post_exc_mean": 0.014859412361694101, "prosp_score_happy": 0.523129822760944, "prosp_score_sad": 3.0455041606725599, "domain_class": "Background" }, "geometry": { "type": "Point", "coordinates": [ -142.127824118649698, 63.880131807291534 ] } },
{ "type": "Feature", "properties": { "field_1": 1367, "x": 585239.7347, "y": 1565242.384, "scaled_x": 0.76974203592448998, "scaled_y": 0.59592950991967097, "post_mean": 3.4171729643954301, "post_sd": 0.17453248688824899, "post_q10": 3.1940453101858401, "post_q50": 3.4168849785498399, "post_q90": 3.6412195206107301, "post_prob_exceed": 0.46233333333333299, "post_exc_mean": 0.0614718596405548, "prosp_score_happy": 1.5798729672054901, "prosp_score_sad": 3.1940453101858401, "domain_class": "tier 3" }, "geometry": { "type": "Point", "coordinates": [ -142.127824119968466, 63.581948952541481 ] } },
{ "type": "Feature", "properties": { "field_1": 1368, "x": 591225.9891, "y": 1532113.713, "scaled_x": 0.77143711516649305, "scaled_y": 0.57864754794777595, "post_mean": 3.5712735357529799, "post_sd": 0.180914262006489, "post_q10": 3.3389413234227301, "post_q50": 3.57122581339492, "post_q90": 3.80325871863027, "post_prob_exceed": 0.7751, "post_exc_mean": 0.160726328182524, "prosp_score_happy": 2.7680941175621299, "prosp_score_sad": 3.3389413234227301, "domain_class": "tier 2" }, "geometry": { "type": "Point", "coordinates": [ -142.127824119768206, 63.28060937307162 ] } },
{ "type": "Feature", "properties": { "field_1": 1369, "x": 597277.0604, "y": 1498626.337, "scaled_x": 0.77315054808583505, "scaled_y": 0.561178463281791, "post_mean": 3.7187929774302302, "post_sd": 0.190658796985792, "post_q10": 3.4741959504471902, "post_q50": 3.71954460378416, "post_q90": 3.96162576389457, "post_prob_exceed": 0.9328, "post_exc_mean": 0.29047060331539598, "prosp_score_happy": 3.4688900893469201, "prosp_score_sad": 3.4741959504471902, "domain_class": "tier 1" }, "geometry": { "type": "Point", "coordinates": [ -142.127824120526668, 62.97608808262472 ] } },
{ "type": "Feature", "properties": { "field_1": 1370, "x": 603393.2641, "y": 1464778.511, "scaled_x": 0.77488242402009699, "scaled_y": 0.54352134562188503, "post_mean": 3.8521315152090501, "post_sd": 0.202486652014779, "post_q10": 3.5927118016335, "post_q50": 3.85428481039335, "post_q90": 4.1091226027129899, "post_prob_exceed": 0.9805, "post_exc_mean": 0.41963774706103502, "prosp_score_happy": 3.7770149506624699, "prosp_score_sad": 3.5927118016335, "domain_class": "tier 1" }, "geometry": { "type": "Point", "coordinates": [ -142.127824118679172, 62.668360175313303 ] } },
{ "type": "Feature", "properties": { "field_1": 1371, "x": 609574.9071, "y": 1430568.535, "scaled_x": 0.77663282987167204, "scaled_y": 0.525675308143006, "post_mean": 3.9649740374700202, "post_sd": 0.214843231404797, "post_q10": 3.69007742023018, "post_q50": 3.9669832911598699, "post_q90": 4.2368817033434398, "post_prob_exceed": 0.99263333333333303, "post_exc_mean": 0.53150191560287297, "prosp_score_happy": 3.93576539539399, "prosp_score_sad": 3.69007742023018, "domain_class": "tier 1" }, "geometry": { "type": "Point", "coordinates": [ -142.127824119738932, 62.357400856418167 ] } },
{ "type": "Feature", "properties": { "field_1": 1372, "x": 615822.2884, "y": 1395994.755, "scaled_x": 0.77840185030596998, "scaled_y": 0.50763948801654601, "post_mean": 4.0527374409125203, "post_sd": 0.226450652629445, "post_q10": 3.7613536502831701, "post_q50": 4.05451006481601, "post_q90": 4.33873574489823, "post_prob_exceed": 0.9964, "post_exc_mean": 0.61901670686305099, "prosp_score_happy": 4.0381475861252403, "prosp_score_sad": 3.7613536502831701, "domain_class": "tier 1" }, "geometry": { "type": "Point", "coordinates": [ -142.127824121221181, 62.04318544316191 ] } },
{ "type": "Feature", "properties": { "field_1": 1373, "x": 622135.6979, "y": 1361055.568, "scaled_x": 0.78018956741163104, "scaled_y": 0.48941304901864802, "post_mean": 4.1128459781089299, "post_sd": 0.23690356617509301, "post_q10": 3.8111741092487401, "post_q50": 4.1148544667552702, "post_q90": 4.4113693850556199, "post_prob_exceed": 0.99736666666666696, "post_exc_mean": 0.67905570032623397, "prosp_score_happy": 4.1020154836999101, "prosp_score_sad": 3.8111741092487401, "domain_class": "tier 1" }, "geometry": { "type": "Point", "coordinates": [ -142.127824118581799, 61.725689403613281 ] } },
{ "type": "Feature", "properties": { "field_1": 1374, "x": 628515.4162, "y": 1325749.419, "scaled_x": 0.78199606064388605, "scaled_y": 0.470995179965221, "post_mean": 4.1448143826387698, "post_sd": 0.24727399149459101, "post_q10": 3.8281369757282202, "post_q50": 4.1473799116865999, "post_q90": 4.4570091413026596, "post_prob_exceed": 0.99736666666666696, "post_exc_mean": 0.71103963448677299, "prosp_score_happy": 4.1338997047644899, "prosp_score_sad": 3.8281369757282202, "domain_class": "tier 1" }, "geometry": { "type": "Point", "coordinates": [ -142.127824119045272, 61.404888323504053 ] } },
{ "type": "Feature", "properties": { "field_1": 1375, "x": 634961.7144000001, "y": 1290074.809, "scaled_x": 0.78382140676793, "scaled_y": 0.45238509888523398, "post_mean": 4.1501435681023198, "post_sd": 0.26061318985866999, "post_q10": 3.8150254213823001, "post_q50": 4.1530225057720997, "post_q90": 4.4806107180796602, "post_prob_exceed": 0.9966, "post_exc_mean": 0.71645786812551004, "prosp_score_happy": 4.1360330799707796, "prosp_score_sad": 3.8150254213823001, "domain_class": "tier 1" }, "geometry": { "type": "Point", "coordinates": [ -142.127824118215841, 61.080757969764143 ] } },
{ "type": "Feature", "properties": { "field_1": 1376, "x": 641474.8535, "y": 1254030.293, "scaled_x": 0.78566567968902201, "scaled_y": 0.43358205197739602, "post_mean": 4.1320552814717102, "post_sd": 0.28195533204935302, "post_q10": 3.7719588555071302, "post_q50": 4.1333652968871597, "post_q90": 4.4912710171902104, "post_prob_exceed": 0.99273333333333302, "post_exc_mean": 0.698738760081135, "prosp_score_happy": 4.1020290130930199, "prosp_score_sad": 3.7719588555071302, "domain_class": "tier 1" }, "geometry": { "type": "Point", "coordinates": [ -142.127824118076404, 60.753274266613211 ] } },
{ "type": "Feature", "properties": { "field_1": 1377, "x": 648055.0839, "y": 1217614.485, "scaled_x": 0.78752895031090497, "scaled_y": 0.41458531621845601, "post_mean": 4.0951062537743397, "post_sd": 0.31726089352605402, "post_q10": 3.6895373035977501, "post_q50": 4.0949623007472802, "post_q90": 4.4995198876134399, "post_prob_exceed": 0.9806, "post_exc_mean": 0.66343592011133501, "prosp_score_happy": 4.0156611924511196, "prosp_score_sad": 3.6895373035977501, "domain_class": "tier 1" }, "geometry": { "type": "Point", "coordinates": [ -142.127824119434024, 60.4224133330166 ] } },
{ "type": "Feature", "properties": { "field_1": 1378, "x": 654702.6453, "y": 1180826.059, "scaled_x": 0.78941128650748904, "scaled_y": 0.39539419988487701, "post_mean": 4.0447279050402098, "post_sd": 0.37150460381727302, "post_q10": 3.5660681978169002, "post_q50": 4.0438592933797004, "post_q90": 4.5192201802900804, "post_prob_exceed": 0.9486, "post_exc_mean": 0.61882890469168705, "prosp_score_happy": 3.8368288907211401, "prosp_score_sad": 3.5660681978169002, "domain_class": "tier 1" }, "geometry": { "type": "Point", "coordinates": [ -142.127824120545256, 60.088151484245564 ] } },
{ "type": "Feature", "properties": { "field_1": 1379, "x": 490689.1594, "y": 2237569.882, "scaled_x": 0.742968914235828, "scaled_y": 0.94665707919328901, "post_mean": 3.6197963876477601, "post_sd": 0.48344003885153097, "post_q10": 3.0033619908445299, "post_q50": 3.6175774885926502, "post_q90": 4.2426682331554204, "post_prob_exceed": 0.64873333333333305, "post_exc_mean": 0.29939132336886498, "prosp_score_happy": 2.3482825765466901, "prosp_score_sad": 3.0033619908445299, "domain_class": "tier 2" }, "geometry": { "type": "Point", "coordinates": [ -141.454087655508317, 69.692587753198751 ] } },
{ "type": "Feature", "properties": { "field_1": 1380, "x": 495542.9019, "y": 2212183.254, "scaled_x": 0.74434330924279302, "scaled_y": 0.93341384526788795, "post_mean": 3.7239022030102502, "post_sd": 0.45400492503595702, "post_q10": 3.1452430122574899, "post_q50": 3.7243929369623499, "post_q90": 4.3089836210196202, "post_prob_exceed": 0.73673333333333302, "post_exc_mean": 0.36135101897396898, "prosp_score_happy": 2.74352288303109, "prosp_score_sad": 3.1452430122574899, "domain_class": "tier 2" }, "geometry": { "type": "Point", "coordinates": [ -141.454087656303869, 69.457469399438011 ] } },
{ "type": "Feature", "properties": { "field_1": 1381, "x": 500455.8856, "y": 2186486.776, "scaled_x": 0.74573447910122204, "scaled_y": 0.92000897443538099, "post_mean": 3.7923324240659699, "post_sd": 0.43640421011722802, "post_q10": 3.2338520269569999, "post_q50": 3.79317359296572, "post_q90": 4.3561503299085302, "post_prob_exceed": 0.7937, "post_exc_mean": 0.40847556199740798, "prosp_score_happy": 3.00997424498116, "prosp_score_sad": 3.2338520269569999, "domain_class": "tier 2" }, "geometry": { "type": "Point", "coordinates": [ -141.45408765497902, 69.219747821863052 ] } },
{ "type": "Feature", "properties": { "field_1": 1382, "x": 505428.5489, "y": 2160478.154, "scaled_x": 0.74714254794929902, "scaled_y": 0.90644127000360897, "post_mean": 3.8250023602911098, "post_sd": 0.42726500139732898, "post_q10": 3.2802828009290299, "post_q50": 3.8254649243360102, "post_q90": 4.3739395769563298, "post_prob_exceed": 0.81766666666666699, "post_exc_mean": 0.432440322704507, "prosp_score_happy": 3.1275769299313598, "prosp_score_sad": 3.2802828009290299, "domain_class": "tier 1" }, "geometry": { "type": "Point", "coordinates": [ -141.454087656357558, 68.979398322912132 ] } },
{ "type": "Feature", "properties": { "field_1": 1383, "x": 510461.3282, "y": 2134155.106, "scaled_x": 0.74856763935888104, "scaled_y": 0.89270954154035898, "post_mean": 3.8227326979890099, "post_sd": 0.423038611468943, "post_q10": 3.28056655289706, "post_q50": 3.82281383587648, "post_q90": 4.3661904943306498, "post_prob_exceed": 0.81826666666666703, "post_exc_mean": 0.42954546485837802, "prosp_score_happy": 3.12801474234114, "prosp_score_sad": 3.28056655289706, "domain_class": "tier 1" }, "geometry": { "type": "Point", "coordinates": [ -141.454087658012043, 68.736396140410406 ] } },
{ "type": "Feature", "properties": { "field_1": 1384, "x": 515554.6583, "y": 2107515.359, "scaled_x": 0.75000987644876804, "scaled_y": 0.87881260330836897, "post_mean": 3.7873429117859199, "post_sd": 0.42062797934356599, "post_q10": 3.2479600320092401, "post_q50": 3.7887191741975701, "post_q90": 4.3248868690759101, "post_prob_exceed": 0.79996666666666705, "post_exc_mean": 0.40023480342303402, "prosp_score_happy": 3.0297480846650102, "prosp_score_sad": 3.2479600320092401, "domain_class": "tier 2" }, "geometry": { "type": "Point", "coordinates": [ -141.454087654740249, 68.490716416004503 ] } },
{ "type": "Feature", "properties": { "field_1": 1385, "x": 520708.9714, "y": 2080556.65, "scaled_x": 0.75146938160153798, "scaled_y": 0.86474927478699903, "post_mean": 3.7217133097641999, "post_sd": 0.41770338644289201, "post_q10": 3.1848568241291, "post_q50": 3.7211163014698201, "post_q90": 4.2584264996566796, "post_prob_exceed": 0.75346666666666695, "post_exc_mean": 0.34837144388246499, "prosp_score_happy": 2.8041869217970001, "prosp_score_sad": 3.1848568241291, "domain_class": "tier 2" }, "geometry": { "type": "Point", "coordinates": [ -141.454087657732487, 68.24233420159797 ] } },
{ "type": "Feature", "properties": { "field_1": 1386, "x": 525924.6975, "y": 2053276.732, "scaled_x": 0.75294627657681401, "scaled_y": 0.85051838380219502, "post_mean": 3.6298051216923, "post_sd": 0.41274644430753898, "post_q10": 3.1018855868144199, "post_q50": 3.6282545413891598, "post_q90": 4.1575704950945802, "post_prob_exceed": 0.68213333333333304, "post_exc_mean": 0.28053550788815401, "prosp_score_happy": 2.4760110670103801, "prosp_score_sad": 3.1018855868144199, "domain_class": "tier 2" }, "geometry": { "type": "Point", "coordinates": [ -141.454087657729247, 67.991224507646479 ] } },
{ "type": "Feature", "properties": { "field_1": 1387, "x": 531202.2642, "y": 2025673.368, "scaled_x": 0.75444068245463003, "scaled_y": 0.83611876339652402, "post_mean": 3.5166284871453501, "post_sd": 0.40495144665410598, "post_q10": 3.0004855630425902, "post_q50": 3.5174064880628402, "post_q90": 4.0335231622917602, "post_prob_exceed": 0.58116666666666705, "post_exc_mean": 0.205858327461033, "prosp_score_happy": 2.0437472557793099, "prosp_score_sad": 3.0004855630425902, "domain_class": "tier 3" }, "geometry": { "type": "Point", "coordinates": [ -141.454087657089588, 67.737362245681481 ] } },
{ "type": "Feature", "properties": { "field_1": 1388, "x": 536542.0958, "y": 1997744.338, "scaled_x": 0.75595271938058295, "scaled_y": 0.82154925548080004, "post_mean": 3.3881498618985502, "post_sd": 0.39408306564458701, "post_q10": 2.8847607541560198, "post_q50": 3.38906680490184, "post_q90": 3.8904858985167601, "post_prob_exceed": 0.45293333333333302, "post_exc_mean": 0.13476030359996599, "prosp_score_happy": 1.5346060107825801, "prosp_score_sad": 2.8847607541560198, "domain_class": "tier 3" }, "geometry": { "type": "Point", "coordinates": [ -141.454087659215844, 67.4807222874134 ] } },
{ "type": "Feature", "properties": { "field_1": 1389, "x": 541944.614, "y": 1969487.438, "scaled_x": 0.75748250676405404, "scaled_y": 0.80680871031242696, "post_mean": 3.2511328991183599, "post_sd": 0.38033736456364597, "post_q10": 2.7649036758944501, "post_q50": 3.2519406863234002, "post_q90": 3.7352467062854502, "post_prob_exceed": 0.3152, "post_exc_mean": 0.077146635507052294, "prosp_score_happy": 1.0247570898021101, "prosp_score_sad": 2.7649036758944501, "domain_class": "Background" }, "geometry": { "type": "Point", "coordinates": [ -141.454087656998468, 67.221279449884207 ] } },
{ "type": "Feature", "properties": { "field_1": 1390, "x": 547410.2369, "y": 1940900.48, "scaled_x": 0.75903016299503601, "scaled_y": 0.79189598649540005, "post_mean": 3.11291073711392, "post_sd": 0.36421923572783499, "post_q10": 2.6461232633648502, "post_q50": 3.1138977122412199, "post_q90": 3.5759786305875099, "post_prob_exceed": 0.18733333333333299, "post_exc_mean": 0.037542194222959603, "prosp_score_happy": 0.58315194475267496, "prosp_score_sad": 2.6461232633648502, "domain_class": "Background" }, "geometry": { "type": "Point", "coordinates": [ -141.45408765571409, 66.959008492313686 ] } },
{ "type": "Feature", "properties": { "field_1": 1391, "x": 552939.3791, "y": 1911981.295, "scaled_x": 0.76059580547245997, "scaled_y": 0.77680995254528495, "post_mean": 2.98109245707181, "post_sd": 0.34643410150197801, "post_q10": 2.53444419773487, "post_q50": 2.9823470873727702, "post_q90": 3.4219532915611199, "post_prob_exceed": 0.093766666666666706, "post_exc_mean": 0.015485075435470501, "prosp_score_happy": 0.279527102724766, "prosp_score_sad": 2.53444419773487, "domain_class": "Background" }, "geometry": { "type": "Point", "coordinates": [ -141.454087657492352, 66.693884137514559 ] } },
{ "type": "Feature", "properties": { "field_1": 1392, "x": 558532.4513, "y": 1882727.736, "scaled_x": 0.76217955049092201, "scaled_y": 0.761549488454208, "post_mean": 2.86321216468074, "post_sd": 0.32778742605417199, "post_q10": 2.4415476322849399, "post_q50": 2.8649297188858101, "post_q90": 3.2785386762851298, "post_prob_exceed": 0.040633333333333299, "post_exc_mean": 0.0053715393352125902, "prosp_score_happy": 0.11634185429152701, "prosp_score_sad": 2.4415476322849399, "domain_class": "Background" }, "geometry": { "type": "Point", "coordinates": [ -141.454087657660409, 66.425881093948675 ] } },
{ "type": "Feature", "properties": { "field_1": 1393, "x": 564189.8603, "y": 1853137.675, "scaled_x": 0.76378151324068699, "scaled_y": 0.74611348412587097, "post_mean": 2.7663354430139999, "post_sd": 0.309087862086245, "post_q10": 2.37030667872469, "post_q50": 2.76772665369863, "post_q90": 3.1606182772914102, "post_prob_exceed": 0.015, "post_exc_mean": 0.00165000159473624, "prosp_score_happy": 0.041495031645209998, "prosp_score_sad": 2.37030667872469, "domain_class": "Background" }, "geometry": { "type": "Point", "coordinates": [ -141.454087657535126, 66.154974023937882 ] } },
{ "type": "Feature", "properties": { "field_1": 1394, "x": 569912.0083, "y": 1823209.009, "scaled_x": 0.76540180760947796, "scaled_y": 0.73050084250551905, "post_mean": 2.6966444997610002, "post_sd": 0.29105744303181802, "post_q10": 2.3246692377471998, "post_q50": 2.6977626183657302, "post_q90": 3.0693574854457402, "post_prob_exceed": 0.00513333333333333, "post_exc_mean": 0.00047695082185255299, "prosp_score_happy": 0.013842775098773101, "prosp_score_sad": 2.3246692377471998, "domain_class": "Background" }, "geometry": { "type": "Point", "coordinates": [ -141.454087654516599, 65.88113759249056 ] } },
{ "type": "Feature", "properties": { "field_1": 1395, "x": 575699.2929, "y": 1792939.656, "scaled_x": 0.76704054618247097, "scaled_y": 0.71471047749329497, "post_mean": 2.6590293773654499, "post_sd": 0.274263781187018, "post_q10": 2.3071631839824698, "post_q50": 2.6594106580823702, "post_q90": 3.01109104555995, "post_prob_exceed": 0.0019666666666666699, "post_exc_mean": 0.000181549102582197, "prosp_score_happy": 0.0052294244421520397, "prosp_score_sad": 2.3071631839824698, "domain_class": "Background" }, "geometry": { "type": "Point", "coordinates": [ -141.454087658555949, 65.604346426466208 ] } },
{ "type": "Feature", "properties": { "field_1": 1396, "x": 581552.1069, "y": 1762327.565, "scaled_x": 0.76869784018566301, "scaled_y": 0.69874131916085902, "post_mean": 2.6567178528099298, "post_sd": 0.25909976195399897, "post_q10": 2.32409073068954, "post_q50": 2.6561149879867898, "post_q90": 2.9893374070276302, "post_prob_exceed": 0.0012, "post_exc_mean": 0.000103255405395245, "prosp_score_happy": 0.0031880614233719099, "prosp_score_sad": 2.32409073068954, "domain_class": "Background" }, "geometry": { "type": "Point", "coordinates": [ -141.454087655467475, 65.324575197514591 ] } },
{ "type": "Feature", "properties": { "field_1": 1397, "x": 587470.8375, "y": 1731370.708, "scaled_x": 0.77037379925934901, "scaled_y": 0.68259230957809003, "post_mean": 2.6909798267949601, "post_sd": 0.24583536875808901, "post_q10": 2.3753121847321399, "post_q50": 2.6914771088480198, "post_q90": 3.0065237842889299, "post_prob_exceed": 0.0010333333333333299, "post_exc_mean": 8.8309447516942799e-05, "prosp_score_happy": 0.0027806791543547901, "prosp_score_sad": 2.3753121847321399, "domain_class": "Background" }, "geometry": { "type": "Point", "coordinates": [ -141.454087656707486, 65.041798547067756 ] } },
{ "type": "Feature", "properties": { "field_1": 1398, "x": 593455.8667, "y": 1700067.089, "scaled_x": 0.772068531571377, "scaled_y": 0.666262407508046, "post_mean": 2.7609423185431998, "post_sd": 0.234743834619178, "post_q10": 2.4606194755830901, "post_q50": 2.7609407652351701, "post_q90": 3.0615537665767301, "post_prob_exceed": 0.00213333333333333, "post_exc_mean": 0.00013249978515054799, "prosp_score_happy": 0.0058900102795588199, "prosp_score_sad": 2.4606194755830901, "domain_class": "Background" }, "geometry": { "type": "Point", "coordinates": [ -141.454087654322905, 64.75599115914153 ] } },
{ "type": "Feature", "properties": { "field_1": 1399, "x": 599507.5701, "y": 1668414.741, "scaled_x": 0.77378214347736296, "scaled_y": 0.64975058684197695, "post_mean": 2.86354733419993, "post_sd": 0.22625881574329701, "post_q10": 2.5726001413135302, "post_q50": 2.86398457757904, "post_q90": 3.1539135965781901, "post_prob_exceed": 0.0063666666666666698, "post_exc_mean": 0.000430769231764241, "prosp_score_happy": 0.018231251361072901, "prosp_score_sad": 2.5726001413135302, "domain_class": "Background" }, "geometry": { "type": "Point", "coordinates": [ -141.454087658157135, 64.467127729884837 ] } },
{ "type": "Feature", "properties": { "field_1": 1400, "x": 605626.3176, "y": 1636411.732, "scaled_x": 0.77551473971889795, "scaled_y": 0.63305583972929602, "post_mean": 2.99367588260677, "post_sd": 0.22106551119388701, "post_q10": 2.7109043055717499, "post_q50": 2.9928411413907599, "post_q90": 3.2768356645294001, "post_prob_exceed": 0.023366666666666699, "post_exc_mean": 0.0019853995059500502, "prosp_score_happy": 0.069952226456911598, "prosp_score_sad": 2.7109043055717499, "domain_class": "Background" }, "geometry": { "type": "Point", "coordinates": [ -141.454087657598734, 64.175183013102384 ] } },
{ "type": "Feature", "properties": { "field_1": 1401, "x": 611812.4719, "y": 1604056.164, "scaled_x": 0.77726642299880599, "scaled_y": 0.61617717605591604, "post_mean": 3.1444471117100998, "post_sd": 0.22000262047550201, "post_q10": 2.8632113154079999, "post_q50": 3.1434497126344998, "post_q90": 3.4255688787332601, "post_prob_exceed": 0.093733333333333294, "post_exc_mean": 0.0097820265899445005, "prosp_score_happy": 0.29473950927095999, "prosp_score_sad": 2.8632113154079999, "domain_class": "Background" }, "geometry": { "type": "Point", "coordinates": [ -141.454087656465504, 63.880131807694802 ] } },
{ "type": "Feature", "properties": { "field_1": 1402, "x": 618066.3893, "y": 1571346.173, "scaled_x": 0.77903729420767798, "scaled_y": 0.59911362344425101, "post_mean": 3.3076823139854898, "post_sd": 0.223717131029321, "post_q10": 3.02105057838383, "post_q50": 3.3067862602182099, "post_q90": 3.5953087443432001, "post_prob_exceed": 0.286, "post_exc_mean": 0.039850553000751403, "prosp_score_happy": 0.94599714179985095, "prosp_score_sad": 3.02105057838383, "domain_class": "Background" }, "geometry": { "type": "Point", "coordinates": [ -141.45408765643046, 63.581948949956008 ] } },
{ "type": "Feature", "properties": { "field_1": 1403, "x": 624388.4183, "y": 1538279.936, "scaled_x": 0.78082745202743897, "scaled_y": 0.58186423090484996, "post_mean": 3.4745018313974598, "post_sd": 0.23220247587385601, "post_q10": 3.17586285319071, "post_q50": 3.4750208376154501, "post_q90": 3.7706276113647701, "post_prob_exceed": 0.56936666666666702, "post_exc_mean": 0.11429912242836, "prosp_score_happy": 1.9782655260699999, "prosp_score_sad": 3.17586285319071, "domain_class": "tier 3" }, "geometry": { "type": "Point", "coordinates": [ -141.454087658336107, 63.280609371011941 ] } },
{ "type": "Feature", "properties": { "field_1": 1404, "x": 630778.9, "y": 1504855.67, "scaled_x": 0.78263699304461898, "scaled_y": 0.56442806831473302, "post_mean": 3.6360022545978099, "post_sd": 0.24452003682534099, "post_q10": 3.3217187106696699, "post_q50": 3.6371762736836, "post_q90": 3.9478058495797899, "post_prob_exceed": 0.79286666666666705, "post_exc_mean": 0.230219427773976, "prosp_score_happy": 2.88286498759545, "prosp_score_sad": 3.3217187106696699, "domain_class": "tier 2" }, "geometry": { "type": "Point", "coordinates": [ -141.454087658179333, 62.97608808072944 ] } },
{ "type": "Feature", "properties": { "field_1": 1405, "x": 637238.1673, "y": 1471071.633, "scaled_x": 0.78446601152381701, "scaled_y": 0.54680422693905195, "post_mean": 3.7839458068525098, "post_sd": 0.25891449789832499, "post_q10": 3.4525659435645499, "post_q50": 3.78632769846456, "post_q90": 4.1129748844419396, "post_prob_exceed": 0.9115, "post_exc_mean": 0.36055373697818699, "prosp_score_happy": 3.4490666029460599, "prosp_score_sad": 3.4525659435645499, "domain_class": "tier 1" }, "geometry": { "type": "Point", "coordinates": [ -141.454087659059496, 62.668360171150034 ] } },
{ "type": "Feature", "properties": { "field_1": 1406, "x": 643766.5447, "y": 1436926.129, "scaled_x": 0.78631459935107395, "scaled_y": 0.52899182203940498, "post_mean": 3.9113878220262102, "post_sd": 0.27325547441336601, "post_q10": 3.5605949334903899, "post_q50": 3.9145062004227098, "post_q90": 4.2598604674540903, "post_prob_exceed": 0.95936666666666703, "post_exc_mean": 0.48191928647615601, "prosp_score_happy": 3.7524550968578798, "prosp_score_sad": 3.5605949334903899, "domain_class": "tier 1" }, "geometry": { "type": "Point", "coordinates": [ -141.454087656437821, 62.35740085395485 ] } },
{ "type": "Feature", "properties": { "field_1": 1407, "x": 650364.3476, "y": 1402417.507, "scaled_x": 0.78818284583565601, "scaled_y": 0.51098999235216802, "post_mean": 4.0131739927202297, "post_sd": 0.28560536799473402, "post_q10": 3.6449585018456498, "post_q50": 4.0158281450062701, "post_q90": 4.3754235084856603, "post_prob_exceed": 0.9778, "post_exc_mean": 0.581555607911873, "prosp_score_happy": 3.9240815300818399, "prosp_score_sad": 3.6449585018456498, "domain_class": "tier 1" }, "geometry": { "type": "Point", "coordinates": [ -141.454087655307234, 62.043185445936039 ] } },
{ "type": "Feature", "properties": { "field_1": 1408, "x": 657031.8822, "y": 1367544.165, "scaled_x": 0.79007083768174302, "scaled_y": 0.49279790217514602, "post_mean": 4.0862559605206297, "post_sd": 0.29480053842857801, "post_q10": 3.7076492929504301, "post_q50": 4.0880866149725703, "post_q90": 4.45967955387699, "post_prob_exceed": 0.98576666666666701, "post_exc_mean": 0.65380716734162803, "prosp_score_happy": 4.02809491734922, "prosp_score_sad": 3.7076492929504301, "domain_class": "tier 1" }, "geometry": { "type": "Point", "coordinates": [ -141.454087657319661, 61.72568939730094 ] } },
{ "type": "Feature", "properties": { "field_1": 1409, "x": 663769.4449, "y": 1332304.554, "scaled_x": 0.79197865881852303, "scaled_y": 0.47441474345421902, "post_mean": 4.1297989185848403, "post_sd": 0.301049821515258, "post_q10": 3.74229912588777, "post_q50": 4.1326817260009996, "post_q90": 4.5097552382075801, "post_prob_exceed": 0.9892, "post_exc_mean": 0.69704653596456101, "prosp_score_happy": 4.0851970902641197, "prosp_score_sad": 3.74229912588777, "domain_class": "tier 1" }, "geometry": { "type": "Point", "coordinates": [ -141.454087657909554, 61.404888320709873 ] } },
{ "type": "Feature", "properties": { "field_1": 1410, "x": 670577.3221, "y": 1296697.176, "scaled_x": 0.79390639034356902, "scaled_y": 0.45583973474001799, "post_mean": 4.1450825414520001, "post_sd": 0.30656061353202801, "post_q10": 3.7508594999823699, "post_q50": 4.1489216899222603, "post_q90": 4.53169852807018, "post_prob_exceed": 0.9883, "post_exc_mean": 0.71234913388350196, "prosp_score_happy": 4.0965850757170097, "prosp_score_sad": 3.7508594999823699, "domain_class": "tier 1" }, "geometry": { "type": "Point", "coordinates": [ -141.454087657246276, 61.080757966862905 ] } },
{ "type": "Feature", "properties": { "field_1": 1411, "x": 677455.7894, "y": 1260720.589, "scaled_x": 0.79585411029630404, "scaled_y": 0.437072123796235, "post_mean": 4.1352211460625998, "post_sd": 0.31601361042384102, "post_q10": 3.7297972443329401, "post_q50": 4.1386071958305104, "post_q90": 4.5369215929842603, "post_prob_exceed": 0.98543333333333305, "post_exc_mean": 0.70288781631886299, "prosp_score_happy": 4.0749847580349501, "prosp_score_sad": 3.7297972443329401, "domain_class": "tier 1" }, "geometry": { "type": "Point", "coordinates": [ -141.454087657178405, 60.753274262496873 ] } },
{ "type": "Feature", "properties": { "field_1": 1412, "x": 684405.1113, "y": 1224373.41, "scaled_x": 0.797821893573054, "scaled_y": 0.41811118916460899, "post_mean": 4.1047461516885697, "post_sd": 0.33628335109021701, "post_q10": 3.6729896246510201, "post_q50": 4.1065612982474402, "post_q90": 4.5325239489758404, "post_prob_exceed": 0.97566666666666702, "post_exc_mean": 0.67390494730237005, "prosp_score_happy": 4.0048639953308198, "prosp_score_sad": 3.6729896246510201, "domain_class": "tier 1" }, "geometry": { "type": "Point", "coordinates": [ -141.454087656251744, 60.4224133299006 ] } },
{ "type": "Feature", "properties": { "field_1": 1413, "x": 691425.5407, "y": 1187654.316, "scaled_x": 0.79980981178546495, "scaled_y": 0.39895624068658397, "post_mean": 4.0591014704395603, "post_sd": 0.37468251760792498, "post_q10": 3.5797190462989801, "post_q50": 4.06055681798692, "post_q90": 4.5366441858911601, "post_prob_exceed": 0.9519, "post_exc_mean": 0.63277562086065497, "prosp_score_happy": 3.86385868971142, "prosp_score_sad": 3.5797190462989801, "domain_class": "tier 1" }, "geometry": { "type": "Point", "coordinates": [ -141.454087655346058, 60.088151489139875 ] } },
{ "type": "Feature", "properties": { "field_1": 1414, "x": 728077.2752, "y": 1194854.766, "scaled_x": 0.81018818700693296, "scaled_y": 0.40271244035666798, "post_mean": 4.0280823868195199, "post_sd": 0.377459858486212, "post_q10": 3.5422521471320798, "post_q50": 4.0286129665753698, "post_q90": 4.5089957138776704, "post_prob_exceed": 0.94206666666666705, "post_exc_mean": 0.603754599133422, "prosp_score_happy": 3.7947221472097699, "prosp_score_sad": 3.5422521471320798, "domain_class": "tier 1" }, "geometry": { "type": "Point", "coordinates": [ -140.780351194516356, 60.088151485650137 ] } },
{ "type": "Feature", "properties": { "field_1": 1415, "x": 735544.9808, "y": 1157836.349, "scaled_x": 0.81230275680335695, "scaled_y": 0.38340134650524998, "post_mean": 3.97811794054443, "post_sd": 0.42073340390832398, "post_q10": 3.4404493340335498, "post_q50": 3.97516999098977, "post_q90": 4.5165436786559798, "post_prob_exceed": 0.90216666666666701, "post_exc_mean": 0.56380178579750895, "prosp_score_happy": 3.5889254020278401, "prosp_score_sad": 3.4404493340335498, "domain_class": "tier 1" }, "geometry": { "type": "Point", "coordinates": [ -140.780351194718747, 59.750465263217599 ] } },
{ "type": "Feature", "properties": { "field_1": 1416, "x": 764654.0768, "y": 1202426.669, "scaled_x": 0.82054534408516, "scaled_y": 0.406662412865402, "post_mean": 3.9578647918556999, "post_sd": 0.381707042044786, "post_q10": 3.4695026401232498, "post_q50": 3.9578984391580301, "post_q90": 4.4453240267726697, "post_prob_exceed": 0.91496666666666704, "post_exc_mean": 0.53921110853589005, "prosp_score_happy": 3.6213143557215699, "prosp_score_sad": 3.4695026401232498, "domain_class": "tier 1" }, "geometry": { "type": "Point", "coordinates": [ -140.106614731755172, 60.088151482846982 ] } },
{ "type": "Feature", "properties": { "field_1": 1417, "x": 801152.1809, "y": 1210369.246, "scaled_x": 0.83088021702881198, "scaled_y": 0.41080575183824602, "post_mean": 3.8572354295492799, "post_sd": 0.38939965626173401, "post_q10": 3.3601250329773098, "post_q50": 3.85806988516741, "post_q90": 4.35481548883633, "post_prob_exceed": 0.8638, "post_exc_mean": 0.45094107395134098, "prosp_score_happy": 3.3318799640446701, "prosp_score_sad": 3.3601250329773098, "domain_class": "tier 1" }, "geometry": { "type": "Point", "coordinates": [ -139.432878268540264, 60.088151483550703 ] } },
{ "type": "Feature", "properties": { "field_1": 1418, "x": 809369.3974, "y": 1173509.958, "scaled_x": 0.83320701976479306, "scaled_y": 0.39157766950656703, "post_mean": 3.8249801691015701, "post_sd": 0.38612243596559498, "post_q10": 3.33152286081119, "post_q50": 3.8238995680227101, "post_q90": 4.3173349513221604, "post_prob_exceed": 0.845733333333333, "post_exc_mean": 0.42268095178716197, "prosp_score_happy": 3.2349132283481699, "prosp_score_sad": 3.33152286081119, "domain_class": "tier 1" }, "geometry": { "type": "Point", "coordinates": [ -139.432878266037619, 59.750465268842255 ] } },
{ "type": "Feature", "properties": { "field_1": 1419, "x": 817669.5498, "y": 1136278.65, "scaled_x": 0.83555730678879603, "scaled_y": 0.37215551855399998, "post_mean": 3.78806149052813, "post_sd": 0.41488343299172398, "post_q10": 3.25642450852455, "post_q50": 3.7850980319407701, "post_q90": 4.3193018624032398, "post_prob_exceed": 0.80556666666666699, "post_exc_mean": 0.39928146175190898, "prosp_score_happy": 3.0515360680531098, "prosp_score_sad": 3.25642450852455, "domain_class": "tier 1" }, "geometry": { "type": "Point", "coordinates": [ -139.432878268548791, 59.409331436017773 ] } },
{ "type": "Feature", "properties": { "field_1": 1420, "x": 846158.5539000001, "y": 1181907.649, "scaled_x": 0.84362430766254004, "scaled_y": 0.39595842406547199, "post_mean": 3.7171447912496798, "post_sd": 0.37381241989898401, "post_q10": 3.2402408744792202, "post_q50": 3.7163849993208302, "post_q90": 4.1943179117399199, "post_prob_exceed": 0.77773333333333305, "post_exc_mean": 0.33162605697825398, "prosp_score_happy": 2.8909474089812499, "prosp_score_sad": 3.2402408744792202, "domain_class": "tier 2" }, "geometry": { "type": "Point", "coordinates": [ -138.759141805117935, 59.750465263343393 ] } },
{ "type": "Feature", "properties": { "field_1": 1421, "x": 854835.9822, "y": 1144762.461, "scaled_x": 0.84608142485176296, "scaled_y": 0.37658119862667, "post_mean": 3.6938420869569901, "post_sd": 0.37646419640282802, "post_q10": 3.2101039757831602, "post_q50": 3.69233299028939, "post_q90": 4.1753364650319904, "post_prob_exceed": 0.75733333333333297, "post_exc_mean": 0.31438457880981302, "prosp_score_happy": 2.7974697405220899, "prosp_score_sad": 3.2101039757831602, "domain_class": "tier 2" }, "geometry": { "type": "Point", "coordinates": [ -138.759141804685129, 59.409331438935105 ] } },
{ "type": "Feature", "properties": { "field_1": 1422, "x": 891914.4357, "y": 1153622.88, "scaled_x": 0.85658063064118395, "scaled_y": 0.38120334070454098, "post_mean": 3.59502344054266, "post_sd": 0.34457813601730403, "post_q10": 3.15407922140351, "post_q50": 3.5961653327715699, "post_q90": 4.0344166843659401, "post_prob_exceed": 0.68303333333333305, "post_exc_mean": 0.23251840398213799, "prosp_score_happy": 2.4555208440053198, "prosp_score_sad": 3.15407922140351, "domain_class": "tier 2" }, "geometry": { "type": "Point", "coordinates": [ -138.085405342559795, 59.409331438811009 ] } },
{ "type": "Feature", "properties": { "field_1": 1423, "x": 901058.9856, "y": 1116196.26, "scaled_x": 0.859170018875829, "scaled_y": 0.36167930294351702, "post_mean": 3.5867726107875701, "post_sd": 0.36136123475160298, "post_q10": 3.1225530288431198, "post_q50": 3.5862982742655301, "post_q90": 4.04806998526775, "post_prob_exceed": 0.66493333333333304, "post_exc_mean": 0.232960590372398, "prosp_score_happy": 2.3849646679996801, "prosp_score_sad": 3.1225530288431198, "domain_class": "tier 2" }, "geometry": { "type": "Point", "coordinates": [ -138.085405343988015, 59.06472702234349 ] } },
{ "type": "Feature", "properties": { "field_1": 1424, "x": 948043.3891, "y": 1087823.672, "scaled_x": 0.872474212408057, "scaled_y": 0.346878407765432, "post_mean": 3.5165985435943599, "post_sd": 0.34782487570588899, "post_q10": 3.0683056034903502, "post_q50": 3.5165953730197401, "post_q90": 3.9620834800211902, "post_prob_exceed": 0.59393333333333298, "post_exc_mean": 0.183833453686089, "prosp_score_happy": 2.0886250949921501, "prosp_score_sad": 3.0683056034903502, "domain_class": "tier 3" }, "geometry": { "type": "Point", "coordinates": [ -137.4116688774306, 58.716629312574256 ] } },
{ "type": "Feature", "properties": { "field_1": 1425, "x": 975694.1488, "y": 1135236.47, "scaled_x": 0.88030385439472103, "scaled_y": 0.37161185306473599, "post_mean": 3.4435814043079001, "post_sd": 0.28178675124784702, "post_q10": 3.08355344295894, "post_q50": 3.4433459764307499, "post_q90": 3.8064611908189798, "post_prob_exceed": 0.5126, "post_exc_mean": 0.11697058923006, "prosp_score_happy": 1.76517982784823, "prosp_score_sad": 3.08355344295894, "domain_class": "tier 3" }, "geometry": { "type": "Point", "coordinates": [ -136.737932416380005, 59.064727025648011 ] } },
{ "type": "Feature", "properties": { "field_1": 1426, "x": 985694.6772, "y": 1097632.588, "scaled_x": 0.883135623138111, "scaled_y": 0.35199534449064901, "post_mean": 3.4670864410798501, "post_sd": 0.28786296784322601, "post_q10": 3.0967883664886902, "post_q50": 3.4665701761745402, "post_q90": 3.8370182715302099, "post_prob_exceed": 0.5475, "post_exc_mean": 0.132041165773812, "prosp_score_happy": 1.8982298264912201, "prosp_score_sad": 3.0967883664886902, "domain_class": "tier 3" }, "geometry": { "type": "Point", "coordinates": [ -136.737932417805297, 58.716629305460359 ] } },
{ "type": "Feature", "properties": { "field_1": 1427, "x": 995793.9935, "y": 1059657.246, "scaled_x": 0.88599536485215402, "scaled_y": 0.33218505942627902, "post_mean": 3.4827555813044402, "post_sd": 0.336807978610351, "post_q10": 3.0507241662400499, "post_q50": 3.4834969223303802, "post_q90": 3.9147472836746999, "post_prob_exceed": 0.55926666666666702, "post_exc_mean": 0.160246400755229, "prosp_score_happy": 1.94778910477086, "prosp_score_sad": 3.0507241662400499, "domain_class": "tier 3" }, "geometry": { "type": "Point", "coordinates": [ -136.737932413817191, 58.365015858463074 ] } },
{ "type": "Feature", "properties": { "field_1": 1428, "x": 1002583.81, "y": 1182454.475, "scaled_x": 0.88791798227485497, "scaled_y": 0.39624368229805401, "post_mean": 3.34628443177641, "post_sd": 0.35710578188887598, "post_q10": 2.8904999703755001, "post_q50": 3.3443122440938899, "post_q90": 3.80379992990812, "post_prob_exceed": 0.4006, "post_exc_mean": 0.102714302889301, "prosp_score_happy": 1.34052154336963, "prosp_score_sad": 2.8904999703755001, "domain_class": "tier 3" }, "geometry": { "type": "Point", "coordinates": [ -136.064195951661588, 59.409331439381198 ] } },
{ "type": "Feature", "properties": { "field_1": 1429, "x": 1012863.022, "y": 1145323.458, "scaled_x": 0.89082866359928203, "scaled_y": 0.37687384932854501, "post_mean": 3.3925597369118199, "post_sd": 0.27957230608882799, "post_q10": 3.0350338563237602, "post_q50": 3.3914740696284702, "post_q90": 3.7522194374487401, "post_prob_exceed": 0.43993333333333301, "post_exc_mean": 0.091955808856526697, "prosp_score_happy": 1.4925001135920699, "prosp_score_sad": 3.0350338563237602, "domain_class": "tier 3" }, "geometry": { "type": "Point", "coordinates": [ -136.064195952064409, 59.064727029264084 ] } },
{ "type": "Feature", "properties": { "field_1": 1430, "x": 1023244.519, "y": 1107822.964, "scaled_x": 0.89376830813988495, "scaled_y": 0.35731127432409399, "post_mean": 3.4319125428798301, "post_sd": 0.25016698360107698, "post_q10": 3.11161394123982, "post_q50": 3.4323334585129599, "post_q90": 3.7538061014933901, "post_prob_exceed": 0.49756666666666699, "post_exc_mean": 0.098725597205749402, "prosp_score_happy": 1.70760528425224, "prosp_score_sad": 3.11161394123982, "domain_class": "tier 3" }, "geometry": { "type": "Point", "coordinates": [ -136.064195946322769, 58.716629306725444 ] } },
{ "type": "Feature", "properties": { "field_1": 1431, "x": 1044315.411, "y": 1031709.769, "scaled_x": 0.89973478220749004, "scaled_y": 0.31760592841542701, "post_mean": 3.47241535874854, "post_sd": 0.32489823488694097, "post_q10": 3.0575939803140399, "post_q50": 3.47282353329522, "post_q90": 3.89099312000655, "post_prob_exceed": 0.54676666666666696, "post_exc_mean": 0.14999172160149801, "prosp_score_happy": 1.89860097098508, "prosp_score_sad": 3.0575939803140399, "domain_class": "tier 3" }, "geometry": { "type": "Point", "coordinates": [ -136.06419595531014, 58.009864535121253 ] } },
{ "type": "Feature", "properties": { "field_1": 1432, "x": 1055005.278, "y": 993095.367, "scaled_x": 0.902761745386916, "scaled_y": 0.297462270164497, "post_mean": 3.4616290280564401, "post_sd": 0.39311568326601898, "post_q10": 2.9618785156687202, "post_q50": 3.46273082204686, "post_q90": 3.9702256906385101, "post_prob_exceed": 0.52783333333333304, "post_exc_mean": 0.17129435446888799, "prosp_score_happy": 1.82716318864246, "prosp_score_sad": 2.9618785156687202, "domain_class": "tier 3" }, "geometry": { "type": "Point", "coordinates": [ -136.064195951798496, 57.651153528650674 ] } },
{ "type": "Feature", "properties": { "field_1": 1433, "x": 1028722.645, "y": 1229469.262, "scaled_x": 0.89531950477257005, "scaled_y": 0.42076950046476402, "post_mean": 3.2245566042754099, "post_sd": 0.55059789982906104, "post_q10": 2.5167020499511201, "post_q50": 3.2234941502479, "post_q90": 3.9304960946107301, "post_prob_exceed": 0.35166666666666702, "post_exc_mean": 0.13011195669758299, "prosp_score_happy": 1.1339690725035201, "prosp_score_sad": 2.5167020499511201, "domain_class": "Background" }, "geometry": { "type": "Point", "coordinates": [ -135.390459488647252, 59.750465265472734 ] } },
{ "type": "Feature", "properties": { "field_1": 1434, "x": 1039272.284, "y": 1192811.822, "scaled_x": 0.898306760723391, "scaled_y": 0.40164671452303302, "post_mean": 3.2947696360787599, "post_sd": 0.42287882403080301, "post_q10": 2.7521713967278401, "post_q50": 3.2952742786836402, "post_q90": 3.8345668614902699, "post_prob_exceed": 0.36733333333333301, "post_exc_mean": 0.107655602488261, "prosp_score_happy": 1.21027871298626, "prosp_score_sad": 2.7521713967278401, "domain_class": "Background" }, "geometry": { "type": "Point", "coordinates": [ -135.390459484332609, 59.409331436735748 ] } },
{ "type": "Feature", "properties": { "field_1": 1435, "x": 1049927.652, "y": 1155786.996, "scaled_x": 0.90132395510001195, "scaled_y": 0.38233227734117198, "post_mean": 3.3582631105457201, "post_sd": 0.31733472008486702, "post_q10": 2.9492756434552398, "post_q50": 3.35867893792497, "post_q90": 3.7614428701064302, "post_prob_exceed": 0.40483333333333299, "post_exc_mean": 0.091967423547149693, "prosp_score_happy": 1.3595368492525901, "prosp_score_sad": 2.9492756434552398, "domain_class": "tier 3" }, "geometry": { "type": "Point", "coordinates": [ -135.390459496205523, 59.064727028388454 ] } },
{ "type": "Feature", "properties": { "field_1": 1436, "x": 1060689.049, "y": 1118393.75, "scaled_x": 0.90437117285100799, "scaled_y": 0.36282564952088497, "post_mean": 3.4120928325458402, "post_sd": 0.25046576977596202, "post_q10": 3.0926372919349201, "post_q50": 3.4111991016652898, "post_q90": 3.7309101897892698, "post_prob_exceed": 0.46436666666666698, "post_exc_mean": 0.089318727836162196, "prosp_score_happy": 1.58446217500654, "prosp_score_sad": 3.0926372919349201, "domain_class": "tier 3" }, "geometry": { "type": "Point", "coordinates": [ -135.390459483415896, 58.716629307964624 ] } },
{ "type": "Feature", "properties": { "field_1": 1437, "x": 1071556.749, "y": 1080631.124, "scaled_x": 0.90744849156274199, "scaled_y": 0.34312633026685002, "post_mean": 3.4518342031572198, "post_sd": 0.23543173635235001, "post_q10": 3.1508572103594501, "post_q50": 3.45008879375141, "post_q90": 3.7541999086271098, "post_prob_exceed": 0.52763333333333295, "post_exc_mean": 0.10299513032020099, "prosp_score_happy": 1.82130278672585, "prosp_score_sad": 3.1508572103594501, "domain_class": "tier 3" }, "geometry": { "type": "Point", "coordinates": [ -135.390459484237539, 58.365015856873036 ] } },
{ "type": "Feature", "properties": { "field_1": 1438, "x": 1082531.008, "y": 1042498.231, "scaled_x": 0.91055598372466295, "scaled_y": 0.32323385686505401, "post_mean": 3.4718973362683201, "post_sd": 0.26270435470106701, "post_q10": 3.1348024215075601, "post_q50": 3.4696934560181401, "post_q90": 3.8100716767345002, "post_prob_exceed": 0.5554, "post_exc_mean": 0.124857540302946, "prosp_score_happy": 1.9282917805634201, "prosp_score_sad": 3.1348024215075601, "domain_class": "tier 3" }, "geometry": { "type": "Point", "coordinates": [ -135.390459486351006, 58.009864534408557 ] } },
{ "type": "Feature", "properties": { "field_1": 1439, "x": 1093612.059, "y": 1003994.262, "scaled_x": 0.91369371531349697, "scaled_y": 0.30314780729110502, "post_mean": 3.4659328735723101, "post_sd": 0.31005281733937101, "post_q10": 3.0697142790526799, "post_q50": 3.4644930320862999, "post_q90": 3.8683935102932701, "post_prob_exceed": 0.5411, "post_exc_mean": 0.14051967165144399, "prosp_score_happy": 1.8754162778899801, "prosp_score_sad": 3.0697142790526799, "domain_class": "tier 3" }, "geometry": { "type": "Point", "coordinates": [ -135.390459486843582, 57.651153525510452 ] } },
{ "type": "Feature", "properties": { "field_1": 1440, "x": 1104800.111, "y": 965118.4894, "scaled_x": 0.91686174551008404, "scaled_y": 0.28286780198388201, "post_mean": 3.4272778993165298, "post_sd": 0.36584297135810201, "post_q10": 2.96334410627927, "post_q50": 3.42404138118069, "post_q90": 3.90175362878766, "post_prob_exceed": 0.4885, "post_exc_mean": 0.142883845553785, "prosp_score_happy": 1.67422525381612, "prosp_score_sad": 2.96334410627927, "domain_class": "tier 3" }, "geometry": { "type": "Point", "coordinates": [ -135.390459492088667, 57.288861364907575 ] } },
{ "type": "Feature", "properties": { "field_1": 1441, "x": 1116095.351, "y": 925870.2662, "scaled_x": 0.92006012726570097, "scaled_y": 0.262393503428204, "post_mean": 3.3493961843505402, "post_sd": 0.43037132778041398, "post_q10": 2.8039230261399601, "post_q50": 3.34318279281307, "post_q90": 3.9038264171801398, "post_prob_exceed": 0.41846666666666699, "post_exc_mean": 0.13344764972001899, "prosp_score_happy": 1.4016106566112201, "prosp_score_sad": 2.8039230261399601, "domain_class": "tier 3" }, "geometry": { "type": "Point", "coordinates": [ -135.390459489290578, 56.92296691771066 ] } },
{ "type": "Feature", "properties": { "field_1": 1442, "x": 1086884.225, "y": 1166626.008, "scaled_x": 0.91178864897401102, "scaled_y": 0.387986575794524, "post_mean": 3.34084091473916, "post_sd": 0.39860254022816, "post_q10": 2.8229533940265901, "post_q50": 3.3452620119852998, "post_q90": 3.8496542938087202, "post_prob_exceed": 0.4096, "post_exc_mean": 0.116324796296694, "prosp_score_happy": 1.36840843867716, "prosp_score_sad": 2.8229533940265901, "domain_class": "tier 3" }, "geometry": { "type": "Point", "coordinates": [ -134.716723030240246, 59.064727028652449 ] } },
{ "type": "Feature", "properties": { "field_1": 1443, "x": 1098024.414, "y": 1129343.858, "scaled_x": 0.91494312619200102, "scaled_y": 0.36853790251298801, "post_mean": 3.4072150074972898, "post_sd": 0.30057900614070099, "post_q10": 3.02148463212573, "post_q50": 3.4084541859769399, "post_q90": 3.7883988568732501, "post_prob_exceed": 0.46796666666666697, "post_exc_mean": 0.10685541496534499, "prosp_score_happy": 1.59446304967515, "prosp_score_sad": 3.02148463212573, "domain_class": "tier 3" }, "geometry": { "type": "Point", "coordinates": [ -134.716723020210111, 58.716629307335438 ] } },
{ "type": "Feature", "properties": { "field_1": 1444, "x": 1109274.648, "y": 1091693.425, "scaled_x": 0.91812876396260301, "scaled_y": 0.34889711006069202, "post_mean": 3.4564226835142202, "post_sd": 0.245735031542412, "post_q10": 3.1431084741816302, "post_q50": 3.4553019148857902, "post_q90": 3.7696496898207998, "post_prob_exceed": 0.53503333333333303, "post_exc_mean": 0.109425988825631, "prosp_score_happy": 1.8493013497695601, "prosp_score_sad": 3.1431084741816302, "domain_class": "tier 3" }, "geometry": { "type": "Point", "coordinates": [ -134.716723022632152, 58.365015851183728 ] } },
{ "type": "Feature", "properties": { "field_1": 1445, "x": 1120635.191, "y": 1053673.826, "scaled_x": 0.92134563704056405, "scaled_y": 0.32906373781027198, "post_mean": 3.4829642717621199, "post_sd": 0.23755369500010101, "post_q10": 3.1787971079255102, "post_q50": 3.48166525279195, "post_q90": 3.7875292924769601, "post_prob_exceed": 0.5837, "post_exc_mean": 0.121124255937543, "prosp_score_happy": 2.0330062454275502, "prosp_score_sad": 3.1787971079255102, "domain_class": "tier 3" }, "geometry": { "type": "Point", "coordinates": [ -134.716723034644616, 58.009864533654991 ] } },
{ "type": "Feature", "properties": { "field_1": 1446, "x": 1155380.971, "y": 937392.3657, "scaled_x": 0.93118431854150596, "scaled_y": 0.268404142532785, "post_mean": 3.36660301753263, "post_sd": 0.33249747071982999, "post_q10": 2.9434746293041298, "post_q50": 3.3642788528159202, "post_q90": 3.79750817018556, "post_prob_exceed": 0.41526666666666701, "post_exc_mean": 0.102141554814936, "prosp_score_happy": 1.39803801308072, "prosp_score_sad": 2.9434746293041298, "domain_class": "tier 3" }, "geometry": { "type": "Point", "coordinates": [ -134.716723031472924, 56.922966919064436 ] } },
{ "type": "Feature", "properties": { "field_1": 1447, "x": 1167184.921, "y": 897888.848, "scaled_x": 0.93452674759340904, "scaled_y": 0.24779666659004301, "post_mean": 3.2435143017947401, "post_sd": 0.381931615756406, "post_q10": 2.7575371502873498, "post_q50": 3.2417467533786701, "post_q90": 3.73416306522497, "post_prob_exceed": 0.30703333333333299, "post_exc_mean": 0.076482786422541804, "prosp_score_happy": 0.99586700779437698, "prosp_score_sad": 2.7575371502873498, "domain_class": "Background" }, "geometry": { "type": "Point", "coordinates": [ -134.716723029354142, 56.553449444466736 ] } },
{ "type": "Feature", "properties": { "field_1": 1448, "x": 1135246.771, "y": 1140672.161, "scaled_x": 0.92548307997163504, "scaled_y": 0.37444744538756097, "post_mean": 3.4157998359411499, "post_sd": 0.39865525070813601, "post_q10": 2.9025534913433599, "post_q50": 3.4190313238755401, "post_q90": 3.9243406632575399, "post_prob_exceed": 0.48566666666666702, "post_exc_mean": 0.15039996508911799, "prosp_score_happy": 1.6589401203220799, "prosp_score_sad": 2.9025534913433599, "domain_class": "tier 3" }, "geometry": { "type": "Point", "coordinates": [ -134.042986564902151, 58.716629305888297 ] } },
{ "type": "Feature", "properties": { "field_1": 1449, "x": 1146878.381, "y": 1103137.797, "scaled_x": 0.92877670889961295, "scaled_y": 0.35486720169812103, "post_mean": 3.4724665449673999, "post_sd": 0.31086829400177901, "post_q10": 3.0733986260210902, "post_q50": 3.4715550851553099, "post_q90": 3.86715210028312, "post_prob_exceed": 0.54756666666666698, "post_exc_mean": 0.14428096783417199, "prosp_score_happy": 1.90140693113932, "prosp_score_sad": 3.0733986260210902, "domain_class": "tier 3" }, "geometry": { "type": "Point", "coordinates": [ -134.042986565933461, 58.365015854070791 ] } },
{ "type": "Feature", "properties": { "field_1": 1450, "x": 1170483.998, "y": 1026964.179, "scaled_x": 0.93546092054477403, "scaled_y": 0.31513033541882901, "post_mean": 3.50482845171679, "post_sd": 0.25303461698802598, "post_q10": 3.1810671627311899, "post_q50": 3.5052641318857298, "post_q90": 3.8292948679249701, "post_prob_exceed": 0.6102, "post_exc_mean": 0.14023443529540799, "prosp_score_happy": 2.1386463212375899, "prosp_score_sad": 3.1810671627311899, "domain_class": "tier 2" }, "geometry": { "type": "Point", "coordinates": [ -134.042986566229217, 57.651153527379968 ] } },
{ "type": "Feature", "properties": { "field_1": 1451, "x": 1182458.479, "y": 988323.3969000001, "scaled_x": 0.93885163748070299, "scaled_y": 0.29497291567758699, "post_mean": 3.4696879050907801, "post_sd": 0.26137001670941701, "post_q10": 3.13568347493112, "post_q50": 3.4702431890060899, "post_q90": 3.8035315387758, "post_prob_exceed": 0.55463333333333298, "post_exc_mean": 0.123245578097023, "prosp_score_happy": 1.92440456842685, "prosp_score_sad": 3.13568347493112, "domain_class": "tier 3" }, "geometry": { "type": "Point", "coordinates": [ -134.042986558325993, 57.288861363044788 ] } },
{ "type": "Feature", "properties": { "field_1": 1452, "x": 1206751.778, "y": 909930.6793, "scaled_x": 0.94573057447587605, "scaled_y": 0.25407842991820601, "post_mean": 3.2721212839729201, "post_sd": 0.29596344372065198, "post_q10": 2.8945317101888901, "post_q50": 3.27107732736033, "post_q90": 3.6540050038297198, "post_prob_exceed": 0.29076666666666701, "post_exc_mean": 0.054748501979480897, "prosp_score_happy": 0.95142379866986004, "prosp_score_sad": 2.8945317101888901, "domain_class": "Background" }, "geometry": { "type": "Point", "coordinates": [ -134.042986556582377, 56.553449442634928 ] } },
{ "type": "Feature", "properties": { "field_1": 1453, "x": 1219070.914, "y": 870177.719, "scaled_x": 0.94921888458060799, "scaled_y": 0.23334082930106001, "post_mean": 3.1018780356748099, "post_sd": 0.33561603336110302, "post_q10": 2.6737957242110002, "post_q50": 3.1016403487052502, "post_q90": 3.53378389630541, "post_prob_exceed": 0.162066666666667, "post_exc_mean": 0.028774597050914098, "prosp_score_happy": 0.502711033648364, "prosp_score_sad": 2.6737957242110002, "domain_class": "Background" }, "geometry": { "type": "Point", "coordinates": [ -134.042986555956361, 56.180288586874447 ] } },
{ "type": "Feature", "properties": { "field_1": 1454, "x": 1196493.645, "y": 1077181.776, "scaled_x": 0.94282586192139295, "scaled_y": 0.341326937198416, "post_mean": 3.5328850517025301, "post_sd": 0.34405350409437702, "post_q10": 3.0905986890751902, "post_q50": 3.5339293474706599, "post_q90": 3.9745382142716701, "post_prob_exceed": 0.6131, "post_exc_mean": 0.192584449166782, "prosp_score_happy": 2.1660118251988201, "prosp_score_sad": 3.0905986890751902, "domain_class": "tier 2" }, "geometry": { "type": "Point", "coordinates": [ -133.369250099357828, 58.009864532603274 ] } },
{ "type": "Feature", "properties": { "field_1": 1455, "x": 1208741.245, "y": 1039032.837, "scaled_x": 0.94629391575558297, "scaled_y": 0.32142609321146098, "post_mean": 3.53609805984253, "post_sd": 0.296807981747989, "post_q10": 3.15468905736238, "post_q50": 3.5368129335943599, "post_q90": 3.9162043984270798, "post_prob_exceed": 0.63513333333333299, "post_exc_mean": 0.17633350500898801, "prosp_score_happy": 2.2458937477413201, "prosp_score_sad": 3.15468905736238, "domain_class": "tier 2" }, "geometry": { "type": "Point", "coordinates": [ -133.36925010070081, 57.65115353123953 ] } },
{ "type": "Feature", "properties": { "field_1": 1456, "x": 1221107.111, "y": 1000515.521, "scaled_x": 0.94979545801646603, "scaled_y": 0.30133308101753797, "post_mean": 3.50285149866151, "post_sd": 0.27326978141663599, "post_q10": 3.15333268916809, "post_q50": 3.5026964279405002, "post_q90": 3.8515340820378698, "post_prob_exceed": 0.6028, "post_exc_mean": 0.14674014465017701, "prosp_score_happy": 2.1115188833931602, "prosp_score_sad": 3.15333268916809, "domain_class": "tier 2" }, "geometry": { "type": "Point", "coordinates": [ -133.369250106894668, 57.28886136278124 ] } },
{ "type": "Feature", "properties": { "field_1": 1457, "x": 1233591.449, "y": 961629.1898000001, "scaled_x": 0.95333054703539399, "scaled_y": 0.281047567692089, "post_mean": 3.42899500735213, "post_sd": 0.260663785617193, "post_q10": 3.0912687041533999, "post_q50": 3.4302064120145999, "post_q90": 3.7618872697944301, "post_prob_exceed": 0.4943, "post_exc_mean": 0.101459050491576, "prosp_score_happy": 1.6949522321341599, "prosp_score_sad": 3.0912687041533999, "domain_class": "tier 3" }, "geometry": { "type": "Point", "coordinates": [ -133.369250100433106, 56.922966917944272 ] } },
{ "type": "Feature", "properties": { "field_1": 1458, "x": 1246194.436, "y": 922373.2876, "scaled_x": 0.95689923293202706, "scaled_y": 0.26056926329548802, "post_mean": 3.3110143626278998, "post_sd": 0.25315414491458499, "post_q10": 2.9829222362649102, "post_q50": 3.31107375516424, "post_q90": 3.6327975514978901, "post_prob_exceed": 0.31336666666666702, "post_exc_mean": 0.051022640945756301, "prosp_score_happy": 1.03756153410216, "prosp_score_sad": 2.9829222362649102, "domain_class": "Background" }, "geometry": { "type": "Point", "coordinates": [ -133.369250104000429, 56.553449444152712 ] } },
{ "type": "Feature", "properties": { "field_1": 1459, "x": 1258916.223, "y": 882747.3478, "scaled_x": 0.96050155846381302, "scaled_y": 0.239897924420343, "post_mean": 3.1461615242002701, "post_sd": 0.26142918732873799, "post_q10": 2.8113448399534402, "post_q50": 3.1458675350109999, "post_q90": 3.4802913608002699, "post_prob_exceed": 0.1362, "post_exc_mean": 0.0181345855349982, "prosp_score_happy": 0.42850719959607703, "prosp_score_sad": 2.8113448399534402, "domain_class": "Background" }, "geometry": { "type": "Point", "coordinates": [ -133.36925009887787, 56.180288587842639 ] } },
{ "type": "Feature", "properties": { "field_1": 1460, "x": 1271756.93, "y": 842750.9943, "scaled_x": 0.96413755761018105, "scaled_y": 0.219033354869651, "post_mean": 2.93252569388933, "post_sd": 0.314313786182917, "post_q10": 2.5301954816715799, "post_q50": 2.93105252597744, "post_q90": 3.33525411339089, "post_prob_exceed": 0.053533333333333301, "post_exc_mean": 0.0074299862067249102, "prosp_score_happy": 0.15698787547954199, "prosp_score_sad": 2.5301954816715799, "domain_class": "Background" }, "geometry": { "type": "Point", "coordinates": [ -133.369250096661972, 55.803464411855593 ] } },
{ "type": "Feature", "properties": { "field_1": 1461, "x": 1284716.647, "y": 802383.9452, "scaled_x": 0.96780725585570404, "scaled_y": 0.19797540758695401, "post_mean": 2.66905212374756, "post_sd": 0.43722237943832898, "post_q10": 2.1125026064478298, "post_q50": 2.6704414766131599, "post_q90": 3.2242714097028702, "post_prob_exceed": 0.040466666666666699, "post_exc_mean": 0.0070544464362336402, "prosp_score_happy": 0.108007642607651, "prosp_score_sad": 2.1125026064478298, "domain_class": "Background" }, "geometry": { "type": "Point", "coordinates": [ -133.36925010483597, 55.422957416967151 ] } },
{ "type": "Feature", "properties": { "field_1": 1462, "x": 1259630.069, "y": 1013099.1, "scaled_x": 0.96070369246209197, "scaled_y": 0.30789745342319003, "post_mean": 3.54193382039097, "post_sd": 0.33233176694411998, "post_q10": 3.11794055663304, "post_q50": 3.5440944531822498, "post_q90": 3.9681107761046501, "post_prob_exceed": 0.6285, "post_exc_mean": 0.19355611671922801, "prosp_score_happy": 2.2261054061157202, "prosp_score_sad": 3.11794055663304, "domain_class": "tier 2" }, "geometry": { "type": "Point", "coordinates": [ -132.695513633286339, 57.288861366153604 ] } },
{ "type": "Feature", "properties": { "field_1": 1463, "x": 1272508.257, "y": 974341.4201, "scaled_x": 0.96435030480008599, "scaled_y": 0.28767905256579801, "post_mean": 3.47158837215752, "post_sd": 0.28776827608085997, "post_q10": 3.1020530120563401, "post_q50": 3.47190544555778, "post_q90": 3.8405469619042099, "post_prob_exceed": 0.553433333333333, "post_exc_mean": 0.13450612542239401, "prosp_score_happy": 1.9212927247643801, "prosp_score_sad": 3.1020530120563401, "domain_class": "tier 3" }, "geometry": { "type": "Point", "coordinates": [ -132.695513636905474, 56.922966918257231 ] } },
{ "type": "Feature", "properties": { "field_1": 1464, "x": 1285508.838, "y": 935215.3924, "scaled_x": 0.968031574173984, "scaled_y": 0.26726849873396102, "post_mean": 3.3590301964329798, "post_sd": 0.25117841886662801, "post_q10": 3.03386339528927, "post_q50": 3.35880934913635, "post_q90": 3.67968499995676, "post_prob_exceed": 0.38363333333333299, "post_exc_mean": 0.067096112560851295, "prosp_score_happy": 1.2886359510249099, "prosp_score_sad": 3.03386339528927, "domain_class": "Background" }, "geometry": { "type": "Point", "coordinates": [ -132.695513633904966, 56.553449443263268 ] } },
{ "type": "Feature", "properties": { "field_1": 1465, "x": 1298631.966, "y": 895720.5513000001, "scaled_x": 0.97174754419071896, "scaled_y": 0.24666554904194801, "post_mean": 3.2021627432941702, "post_sd": 0.23131190128236001, "post_q10": 2.9053648394545402, "post_q50": 3.2016785468560101, "post_q90": 3.4983354076180202, "post_prob_exceed": 0.157033333333333, "post_exc_mean": 0.019273858755488701, "prosp_score_happy": 0.50284628945529397, "prosp_score_sad": 2.9053648394545402, "domain_class": "Background" }, "geometry": { "type": "Point", "coordinates": [ -132.695513635303513, 56.180288587759662 ] } },
{ "type": "Feature", "properties": { "field_1": 1466, "x": 1311877.766, "y": 855856.5221, "scaled_x": 0.97549825024553205, "scaled_y": 0.22587000802308499, "post_mean": 2.9995922485177902, "post_sd": 0.26149469558500699, "post_q10": 2.6672298487688102, "post_q50": 2.99799940465698, "post_q90": 3.3350919879459702, "post_prob_exceed": 0.048566666666666702, "post_exc_mean": 0.0054203235234992998, "prosp_score_happy": 0.14568019686968101, "prosp_score_sad": 2.6672298487688102, "domain_class": "Background" }, "geometry": { "type": "Point", "coordinates": [ -132.695513633443824, 55.803464412611802 ] } },
{ "type": "Feature", "properties": { "field_1": 1467, "x": 1325246.331, "y": 815623.0235, "scaled_x": 0.97928371867247799, "scaled_y": 0.20488172893390899, "post_mean": 2.7506280360534801, "post_sd": 0.37194781707818803, "post_q10": 2.2745815397395099, "post_q50": 2.7517230819556202, "post_q90": 3.2264939742156602, "post_prob_exceed": 0.034, "post_exc_mean": 0.0048736314265883998, "prosp_score_happy": 0.093521353225818199, "prosp_score_sad": 2.2745815397395099, "domain_class": "Background" }, "geometry": { "type": "Point", "coordinates": [ -132.695513635454205, 55.422957415395274 ] } },
{ "type": "Feature", "properties": { "field_1": 1468, "x": 1338737.723, "y": 775019.8709, "scaled_x": 0.98310396702759795, "scaled_y": 0.183700615475652, "post_mean": 2.4552534368557599, "post_sd": 0.56134151072789096, "post_q10": 1.7380222741226801, "post_q50": 2.45705122396277, "post_q90": 3.1752304007510501, "post_prob_exceed": 0.0412, "post_exc_mean": 0.00900950178348431, "prosp_score_happy": 0.10115644159845701, "prosp_score_sad": 1.7380222741226801, "domain_class": "Background" }, "geometry": { "type": "Point", "coordinates": [ -132.695513631389247, 55.038748548435379 ] } },
{ "type": "Feature", "properties": { "field_1": 1469, "x": 1324690.936, "y": 948455.6719, "scaled_x": 0.97912645196232795, "scaled_y": 0.27417544670106297, "post_mean": 3.41496788685278, "post_sd": 0.29950095586168302, "post_q10": 3.0314512632259101, "post_q50": 3.4142349846286701, "post_q90": 3.7970226578344799, "post_prob_exceed": 0.4719, "post_exc_mean": 0.109968347174973, "prosp_score_happy": 1.61152334580583, "prosp_score_sad": 3.0314512632259101, "domain_class": "tier 3" }, "geometry": { "type": "Point", "coordinates": [ -132.021777174719318, 56.5534494440438 ] } },
{ "type": "Feature", "properties": { "field_1": 1470, "x": 1338214.055, "y": 909095.9943, "scaled_x": 0.982955684195431, "scaled_y": 0.25364300664304701, "post_mean": 3.26865572795524, "post_sd": 0.254194863351075, "post_q10": 2.9435044472926002, "post_q50": 3.2680948402749399, "post_q90": 3.5937465315680899, "post_prob_exceed": 0.258033333333333, "post_exc_mean": 0.039615506854401399, "prosp_score_happy": 0.84342213300338298, "prosp_score_sad": 2.9435044472926002, "domain_class": "Background" }, "geometry": { "type": "Point", "coordinates": [ -132.021777172895384, 56.180288587867601 ] } },
{ "type": "Feature", "properties": { "field_1": 1471, "x": 1351863.585, "y": 869368.392, "scaled_x": 0.98682071120900094, "scaled_y": 0.23291863432569099, "post_mean": 3.0801322273594498, "post_sd": 0.26662602093662302, "post_q10": 2.73887780581481, "post_q50": 3.0791016323857998, "post_q90": 3.4227497247149801, "post_prob_exceed": 0.093, "post_exc_mean": 0.011413539129641199, "prosp_score_happy": 0.28645229714442799, "prosp_score_sad": 2.73887780581481, "domain_class": "Background" }, "geometry": { "type": "Point", "coordinates": [ -132.02177716852006, 55.803464411435058 ] } },
{ "type": "Feature", "properties": { "field_1": 1472, "x": 1379542.229, "y": 788808.3888, "scaled_x": 0.99465824896736799, "scaled_y": 0.190893558470455, "post_mean": 2.5752265283762701, "post_sd": 0.55515428789744403, "post_q10": 1.86595288970079, "post_q50": 2.5727138295768102, "post_q90": 3.2899390293692399, "post_prob_exceed": 0.060633333333333303, "post_exc_mean": 0.0147499217562433, "prosp_score_happy": 0.156144568503881, "prosp_score_sad": 1.86595288970079, "domain_class": "Background" }, "geometry": { "type": "Point", "coordinates": [ -132.02177716715363, 55.038748548206868 ] } },
{ "type": "Feature", "properties": { "field_1": 1473, "x": 1377658.416, "y": 922872.3002000001, "scaled_x": 0.99412482487631804, "scaled_y": 0.260829579104012, "post_mean": 3.3443267183865202, "post_sd": 0.351864993961366, "post_q10": 2.8962044806841201, "post_q50": 3.3427312987155702, "post_q90": 3.7930414996441102, "post_prob_exceed": 0.39546666666666702, "post_exc_mean": 0.100080653298107, "prosp_score_happy": 1.3225697395645899, "prosp_score_sad": 2.8962044806841201, "domain_class": "Background" }, "geometry": { "type": "Point", "coordinates": [ -131.348040715514429, 56.180288588830827 ] } },
{ "type": "Feature", "properties": { "field_1": 1474, "x": 1391710.271, "y": 883285.2137, "scaled_x": 0.99810377500615899, "scaled_y": 0.240178508511077, "post_mean": 3.1726082655540102, "post_sd": 0.348411068947311, "post_q10": 2.7254146870102498, "post_q50": 3.1739550445834999, "post_q90": 3.6200118487002402, "post_prob_exceed": 0.22723333333333301, "post_exc_mean": 0.045683299835053898, "prosp_score_happy": 0.72092235154272299, "prosp_score_sad": 2.7254146870102498, "domain_class": "Background" }, "geometry": { "type": "Point", "coordinates": [ -131.34804071075493, 55.803464413170751 ] } },
{ "type": "Feature", "properties": { "field_1": 1475, "x": 1405892.362, "y": 843331.2246, "scaled_x": 1.00211960301078, "scaled_y": 0.21933603884932401, "post_mean": 2.9621857005436598, "post_sd": 0.43843378426246299, "post_q10": 2.39736585905223, "post_q50": 2.9630795076404701, "post_q90": 3.5243800796302098, "post_prob_exceed": 0.1423, "post_exc_mean": 0.031479810917016002, "prosp_score_happy": 0.421519025187364, "prosp_score_sad": 2.39736585905223, "domain_class": "Background" }, "geometry": { "type": "Point", "coordinates": [ -131.348040705422164, 55.42295741485551 ] } },
{ "type": "Feature", "properties": { "field_1": 1476, "x": 1420204.753, "y": 803010.1495000001, "scaled_x": 1.00617232701254, "scaled_y": 0.198302074445979, "post_mean": 2.7131566812211299, "post_sd": 0.61652986116655695, "post_q10": 1.9262411554804699, "post_q50": 2.7101422880242398, "post_q90": 3.5050372258668698, "post_prob_exceed": 0.1212, "post_exc_mean": 0.037147279560989899, "prosp_score_happy": 0.32883458976400098, "prosp_score_sad": 1.9262411554804699, "domain_class": "Background" }, "geometry": { "type": "Point", "coordinates": [ -131.348040715746691, 55.038748550603486 ] } },
{ "type": "Feature", "properties": { "field_1": 1477, "x": 1416960.99, "y": 937048.0512, "scaled_x": 1.00525381687918, "scaled_y": 0.26822452681275299, "post_mean": 3.4278066485864098, "post_sd": 0.53369416248214196, "post_q10": 2.7454295365597101, "post_q50": 3.42584721529512, "post_q90": 4.1061704100112602, "post_prob_exceed": 0.493933333333333, "post_exc_mean": 0.20957700705551199, "prosp_score_happy": 1.6931079639584501, "prosp_score_sad": 2.7454295365597101, "domain_class": "tier 3" }, "geometry": { "type": "Point", "coordinates": [ -130.674304254165918, 56.180288589329919 ] } },
{ "type": "Feature", "properties": { "field_1": 1478, "x": 1431413.724, "y": 897605.5546, "scaled_x": 1.0093462806731699, "scaled_y": 0.24764888324655601, "post_mean": 3.2753510623688902, "post_sd": 0.51769218118209004, "post_q10": 2.6062855485929299, "post_q50": 3.2764603669837902, "post_q90": 3.93532918188279, "post_prob_exceed": 0.38023333333333298, "post_exc_mean": 0.136930548367761, "prosp_score_happy": 1.2453976522814001, "prosp_score_sad": 2.6062855485929299, "domain_class": "Background" }, "geometry": { "type": "Point", "coordinates": [ -130.674304246891182, 55.803464412429442 ] } },
{ "type": "Feature", "properties": { "field_1": 1479, "x": 1446000.409, "y": 857797.4956, "scaled_x": 1.01347667428844, "scaled_y": 0.226882539742678, "post_mean": 3.0882351337479101, "post_sd": 0.588936661194432, "post_q10": 2.3314117071068901, "post_q50": 3.08820259182141, "post_q90": 3.8428918538032, "post_prob_exceed": 0.279, "post_exc_mean": 0.10154482666892201, "prosp_score_happy": 0.86161760231566598, "prosp_score_sad": 2.3314117071068901, "domain_class": "Background" }, "geometry": { "type": "Point", "coordinates": [ -130.674304245062643, 55.422957415119512 ] } },
{ "type": "Feature", "properties": { "field_1": 1480, "x": 1460721.112, "y": 817623.6913, "scaled_x": 1.01764501669684, "scaled_y": 0.20592540088917599, "post_mean": 2.86649464366623, "post_sd": 0.75122606632734101, "post_q10": 1.90887328266934, "post_q50": 2.86278378323835, "post_q90": 3.8284768144044099, "post_prob_exceed": 0.22516666666666699, "post_exc_mean": 0.097781084317494493, "prosp_score_happy": 0.64543904393217999, "prosp_score_sad": 1.90887328266934, "domain_class": "Background" }, "geometry": { "type": "Point", "coordinates": [ -130.674304248799814, 55.03874854925192 ] } }
]
}
