{
"type": "FeatureCollection",
"name": "pred_map_optim",
"crs": { "type": "name", "properties": { "name": "urn:ogc:def:crs:OGC:1.3:CRS84" } },
"features": [
{ "type": "Feature", "properties": { "field_1": 1, "x": -1616452.963, "y": 495368.5098, "scaled_x": 0.14630652186728299, "scaled_y": 0.037817184536966898, "post_mean": 4.6457665275833602, "post_sd": 0.31038164760377501, "post_q10": 4.2497569420642503, "post_q50": 4.6463628079252599, "post_q90": 5.0520263511040104, "post_prob_exceed": 1.0, "prosp_score_happy": 4.6457665275833602, "prosp_score_sad": 4.2497569420642503, "domain_class": "tier 1" }, "geometry": { "type": "Point", "coordinates": [ -177.835856662921174, 51.829692456558753 ] } },
{ "type": "Feature", "properties": { "field_1": 2, "x": -1572659.386, "y": 479191.6871, "scaled_x": 0.15870719486670801, "scaled_y": 0.029378354173760099, "post_mean": 4.6091073967259897, "post_sd": 0.39180490235037402, "post_q10": 4.1012451546182698, "post_q50": 4.6101681969889796, "post_q90": 5.1124184541046702, "post_prob_exceed": 0.998, "prosp_score_happy": 4.5998891819325403, "prosp_score_sad": 4.1012451546182698, "domain_class": "tier 1" }, "geometry": { "type": "Point", "coordinates": [ -177.162120205818781, 51.829692454745171 ] } },
{ "type": "Feature", "properties": { "field_1": 3, "x": -1528703.952, "y": 463459.9727, "scaled_x": 0.171153699603733, "scaled_y": 0.021171719805194101, "post_mean": 4.5223328155621196, "post_sd": 0.48432600782971802, "post_q10": 3.91382634008749, "post_q50": 4.5171333054144496, "post_q90": 5.1550923219696099, "post_prob_exceed": 0.99016666666666697, "prosp_score_happy": 4.47786320954242, "prosp_score_sad": 3.91382634008749, "domain_class": "tier 1" }, "geometry": { "type": "Point", "coordinates": [ -176.488383743016556, 51.829692454816083 ] } },
{ "type": "Feature", "properties": { "field_1": 4, "x": -870291.9241, "y": 1629940.696, "scaled_x": 0.35759090834957202, "scaled_y": 0.62968014747557499, "post_mean": 2.0942647465054498, "post_sd": 1.1364297057359301, "post_q10": 0.671215486889021, "post_q50": 2.0719290066489302, "post_q90": 3.55188982179261, "post_prob_exceed": 0.120833333333333, "prosp_score_happy": 0.25305699020274203, "prosp_score_sad": 0.671215486889021, "domain_class": "Background" }, "geometry": { "type": "Point", "coordinates": [ -171.772228497615288, 63.581948951945115 ] } },
{ "type": "Feature", "properties": { "field_1": 5, "x": -838046.7181000001, "y": 1621275.121, "scaled_x": 0.36672152253541701, "scaled_y": 0.62515964806844204, "post_mean": 2.3110978305762, "post_sd": 0.96761269844884001, "post_q10": 1.1020530459725399, "post_q50": 2.2927307188040702, "post_q90": 3.55780997662881, "post_prob_exceed": 0.12533333333333299, "prosp_score_happy": 0.28965759476554997, "prosp_score_sad": 1.1020530459725399, "domain_class": "Background" }, "geometry": { "type": "Point", "coordinates": [ -171.09849203177032, 63.581948949386216 ] } },
{ "type": "Feature", "properties": { "field_1": 6, "x": -805715.2612, "y": 1612937.113, "scaled_x": 0.37587655969102302, "scaled_y": 0.62081002785043404, "post_mean": 2.4987475694690402, "post_sd": 0.81367190986153404, "post_q10": 1.4789831158917, "post_q50": 2.4847649277430399, "post_q90": 3.5472498943882802, "post_prob_exceed": 0.12666666666666701, "prosp_score_happy": 0.31650802546607898, "prosp_score_sad": 1.4789831158917, "domain_class": "Background" }, "geometry": { "type": "Point", "coordinates": [ -170.42475557115111, 63.581948954171096 ] } },
{ "type": "Feature", "properties": { "field_1": 7, "x": -781210.7604, "y": 1572204.786, "scaled_x": 0.38281530099171501, "scaled_y": 0.59956152904283599, "post_mean": 2.81083110529105, "post_sd": 0.66278917468845699, "post_q10": 1.9753851541102201, "post_q50": 2.80905426412584, "post_q90": 3.6544801084782899, "post_prob_exceed": 0.176666666666667, "prosp_score_happy": 0.49658016193475202, "prosp_score_sad": 1.9753851541102201, "domain_class": "Background" }, "geometry": { "type": "Point", "coordinates": [ -169.751019107565867, 63.28060937447669 ] } },
{ "type": "Feature", "properties": { "field_1": 8, "x": -789206.2852, "y": 1539127.733, "scaled_x": 0.38055127290139501, "scaled_y": 0.58230649420946301, "post_mean": 2.9517887843822201, "post_sd": 0.64827037626240303, "post_q10": 2.1413251907502899, "post_q50": 2.95047423352697, "post_q90": 3.7770709988773898, "post_prob_exceed": 0.232833333333333, "prosp_score_happy": 0.68727482196366096, "prosp_score_sad": 2.1413251907502899, "domain_class": "Background" }, "geometry": { "type": "Point", "coordinates": [ -169.751019105571231, 62.976088079198178 ] } },
{ "type": "Feature", "properties": { "field_1": 9, "x": -1049172.671, "y": 463660.8905, "scaled_x": 0.30693869402600299, "scaled_y": 0.021276530945341401, "post_mean": 3.7651855993651302, "post_sd": 1.62880821156745, "post_q10": 1.69476381976262, "post_q50": 3.7422237204381501, "post_q90": 5.8834315485796003, "post_prob_exceed": 0.57916666666666705, "prosp_score_happy": 2.1806699929656399, "prosp_score_sad": 1.69476381976262, "domain_class": "tier 3" }, "geometry": { "type": "Point", "coordinates": [ -169.751019105591837, 53.061544176829628 ] } },
{ "type": "Feature", "properties": { "field_1": 10, "x": -748384.4209, "y": 1564445.89, "scaled_x": 0.39211047005058403, "scaled_y": 0.59551400943011501, "post_mean": 2.9263601301344702, "post_sd": 0.54000842557732498, "post_q10": 2.2416182447117898, "post_q50": 2.9257185968664801, "post_q90": 3.6152612884097399, "post_prob_exceed": 0.177, "prosp_score_happy": 0.51796574303380105, "prosp_score_sad": 2.2416182447117898, "domain_class": "Background" }, "geometry": { "type": "Point", "coordinates": [ -169.077282641497675, 63.280609371719009 ] } },
{ "type": "Feature", "properties": { "field_1": 11, "x": -629283.14, "y": 1803680.438, "scaled_x": 0.425835416479453, "scaled_y": 0.72031353310854795, "post_mean": 2.4588248351812201, "post_sd": 0.38380206772383701, "post_q10": 1.9739584694310699, "post_q50": 2.4556787465564698, "post_q90": 2.9554796181023999, "post_prob_exceed": 0.0055, "prosp_score_happy": 0.013523536593496701, "prosp_score_sad": 1.9739584694310699, "domain_class": "Background" }, "geometry": { "type": "Point", "coordinates": [ -167.729809715219062, 65.60434642640196 ] } },
{ "type": "Feature", "properties": { "field_1": 12, "x": -592793.2493, "y": 1827674.904, "scaled_x": 0.43616796370105698, "scaled_y": 0.732830529306431, "post_mean": 2.6114687137823398, "post_sd": 0.31775774599364798, "post_q10": 2.20341752462787, "post_q50": 2.6093093512514902, "post_q90": 3.0259242767779502, "post_prob_exceed": 0.0048333333333333301, "prosp_score_happy": 0.012622098783281299, "prosp_score_sad": 2.20341752462787, "domain_class": "Background" }, "geometry": { "type": "Point", "coordinates": [ -167.056073251992729, 65.881137586111862 ] } },
{ "type": "Feature", "properties": { "field_1": 13, "x": -598812.8861, "y": 1797450.902, "scaled_x": 0.43446343183483999, "scaled_y": 0.71706382217826203, "post_mean": 2.5732131811180898, "post_sd": 0.30861319884919303, "post_q10": 2.1759930727466901, "post_q50": 2.57074873676852, "post_q90": 2.9785026301199, "post_prob_exceed": 0.00266666666666667, "prosp_score_happy": 0.0068619018163149003, "prosp_score_sad": 2.1759930727466901, "domain_class": "Background" }, "geometry": { "type": "Point", "coordinates": [ -167.056073254856784, 65.604346430285887 ] } },
{ "type": "Feature", "properties": { "field_1": 14, "x": -719185.3953, "y": 1193072.405, "scaled_x": 0.400378521969875, "scaled_y": 0.401782650718497, "post_mean": 3.16231719600728, "post_sd": 0.17552113625965499, "post_q10": 2.9365858713447501, "post_q50": 3.1635946452471, "post_q90": 3.39097965484028, "post_prob_exceed": 0.062333333333333303, "prosp_score_happy": 0.19711777188445401, "prosp_score_sad": 2.9365858713447501, "domain_class": "Background" }, "geometry": { "type": "Point", "coordinates": [ -167.056073253563568, 60.088151483089341 ] } },
{ "type": "Feature", "properties": { "field_1": 15, "x": -854826.6167, "y": 512031.2108, "scaled_x": 0.361970094363608, "scaled_y": 0.046509479046186998, "post_mean": 3.9423079584786098, "post_sd": 1.4209031538137999, "post_q10": 2.1440304385891702, "post_q50": 3.9468979569102398, "post_q90": 5.7362900929123404, "post_prob_exceed": 0.64, "prosp_score_happy": 2.52307709342631, "prosp_score_sad": 2.1440304385891702, "domain_class": "tier 2" }, "geometry": { "type": "Point", "coordinates": [ -167.056073255166751, 53.86372755520761 ] } },
{ "type": "Feature", "properties": { "field_1": 16, "x": -863488.3348, "y": 468541.5781, "scaled_x": 0.359517425704656, "scaled_y": 0.0238225991984235, "post_mean": 4.20257777300837, "post_sd": 1.61734289358426, "post_q10": 2.12406841748057, "post_q50": 4.2262974432623102, "post_q90": 6.2738034527263196, "post_prob_exceed": 0.683, "prosp_score_happy": 2.87036061896471, "prosp_score_sad": 2.12406841748057, "domain_class": "tier 2" }, "geometry": { "type": "Point", "coordinates": [ -167.056073253975228, 53.464530617076967 ] } },
{ "type": "Feature", "properties": { "field_1": 17, "x": -556919.8774, "y": 1851756.985, "scaled_x": 0.44632593628042899, "scaled_y": 0.74539323090246301, "post_mean": 2.7736968320480901, "post_sd": 0.26603628587149702, "post_q10": 2.4332196484727602, "post_q50": 2.7684524419824101, "post_q90": 3.1209717970394499, "post_prob_exceed": 0.007, "prosp_score_happy": 0.019415877824336601, "prosp_score_sad": 2.4332196484727602, "domain_class": "Background" }, "geometry": { "type": "Point", "coordinates": [ -166.382336792162192, 66.154974029262064 ] } },
{ "type": "Feature", "properties": { "field_1": 18, "x": -562568.2915000001, "y": 1821814.315, "scaled_x": 0.44472652054374701, "scaled_y": 0.72977328393033702, "post_mean": 2.7059996002111002, "post_sd": 0.25676650725876499, "post_q10": 2.37674962604475, "post_q50": 2.6994402783224398, "post_q90": 3.04050488272815, "post_prob_exceed": 0.00166666666666667, "prosp_score_happy": 0.0045099993336851704, "prosp_score_sad": 2.37674962604475, "domain_class": "Background" }, "geometry": { "type": "Point", "coordinates": [ -166.382336792225431, 65.881137591575367 ] } },
{ "type": "Feature", "properties": { "field_1": 19, "x": -568281.0029, "y": 1791530.8, "scaled_x": 0.44310889826065503, "scaled_y": 0.71397553114377599, "post_mean": 2.66795645868355, "post_sd": 0.249941275316867, "post_q10": 2.3495134596748501, "post_q50": 2.6612069059373802, "post_q90": 2.9934754532286401, "post_prob_exceed": 0.00083333333333333295, "prosp_score_happy": 0.0022232970489029602, "prosp_score_sad": 2.3495134596748501, "domain_class": "Background" }, "geometry": { "type": "Point", "coordinates": [ -166.382336791670951, 65.604346431638817 ] } },
{ "type": "Feature", "properties": { "field_1": 20, "x": -574058.3993, "y": 1760904.385, "scaled_x": 0.44147295964928202, "scaled_y": 0.69799890052779101, "post_mean": 2.6590985941899801, "post_sd": 0.24576484556101599, "post_q10": 2.3468408925884101, "post_q50": 2.6563897514022101, "post_q90": 2.97572856234535, "post_prob_exceed": 0.001, "prosp_score_happy": 0.0026590985941899801, "prosp_score_sad": 2.3468408925884101, "domain_class": "Background" }, "geometry": { "type": "Point", "coordinates": [ -166.38233679141976, 65.324575194362197 ] } },
{ "type": "Feature", "properties": { "field_1": 21, "x": -579900.8629, "y": 1729933.044, "scaled_x": 0.43981859648514399, "scaled_y": 0.68184233519558701, "post_mean": 2.6775972356061102, "post_sd": 0.243743721971379, "post_q10": 2.3681677210738301, "post_q50": 2.67536596904496, "post_q90": 2.9905598953070398, "post_prob_exceed": 0.001, "prosp_score_happy": 0.00267759723560611, "prosp_score_sad": 2.3681677210738301, "domain_class": "Background" }, "geometry": { "type": "Point", "coordinates": [ -166.382336791742574, 65.041798547186715 ] } },
{ "type": "Feature", "properties": { "field_1": 22, "x": -585808.7708000001, "y": 1698614.778, "scaled_x": 0.438145701987884, "scaled_y": 0.66550479234523596, "post_mean": 2.7202925466619501, "post_sd": 0.24273582385449399, "post_q10": 2.4084146241348199, "post_q50": 2.7181625887378602, "post_q90": 3.0335629477187398, "post_prob_exceed": 0.0023333333333333301, "prosp_score_happy": 0.0063473492755445598, "prosp_score_sad": 2.4084146241348199, "domain_class": "Background" }, "geometry": { "type": "Point", "coordinates": [ -166.382336792760839, 64.7559911558876 ] } },
{ "type": "Feature", "properties": { "field_1": 23, "x": -682516.0367000001, "y": 1185962.253, "scaled_x": 0.410761887665197, "scaled_y": 0.39807355606515599, "post_mean": 3.1702108509162201, "post_sd": 0.123714607269515, "post_q10": 3.01339276069027, "post_q50": 3.1682492470606598, "post_q90": 3.3288637556093801, "post_prob_exceed": 0.015, "prosp_score_happy": 0.047553162763743197, "prosp_score_sad": 3.01339276069027, "domain_class": "Background" }, "geometry": { "type": "Point", "coordinates": [ -166.382336792879499, 60.088151488384099 ] } },
{ "type": "Feature", "properties": { "field_1": 24, "x": -811241.2714, "y": 503580.0551, "scaled_x": 0.374311804076708, "scaled_y": 0.042100833995923299, "post_mean": 4.2323882860976996, "post_sd": 1.21570196306429, "post_q10": 2.68677228767613, "post_q50": 4.2427708484061002, "post_q90": 5.7915816704572203, "post_prob_exceed": 0.74516666666666698, "prosp_score_happy": 3.1538346711904701, "prosp_score_sad": 2.68677228767613, "domain_class": "tier 2" }, "geometry": { "type": "Point", "coordinates": [ -166.382336791318949, 53.863727554580649 ] } },
{ "type": "Feature", "properties": { "field_1": 25, "x": -476759.7911, "y": 2127931.571, "scaled_x": 0.46902421958832102, "scaled_y": 0.889462961102503, "post_mean": 4.4563038551903897, "post_sd": 0.37732880078653702, "post_q10": 3.9745243593913702, "post_q50": 4.4527404624530504, "post_q90": 4.94470902873943, "post_prob_exceed": 0.99683333333333302, "prosp_score_happy": 4.4421922263156199, "prosp_score_sad": 3.9745243593913702, "domain_class": "tier 1" }, "geometry": { "type": "Point", "coordinates": [ -165.708600328607332, 68.736396141026489 ] } },
{ "type": "Feature", "properties": { "field_1": 26, "x": -481516.8507, "y": 2101229.726, "scaled_x": 0.46767720149618502, "scaled_y": 0.87553362871638196, "post_mean": 4.2703461615582698, "post_sd": 0.33455386534234999, "post_q10": 3.8394533377268001, "post_q50": 4.2729864029119096, "post_q90": 4.70038887820784, "post_prob_exceed": 0.99383333333333301, "prosp_score_happy": 4.2440123602286599, "prosp_score_sad": 3.8394533377268001, "domain_class": "tier 1" }, "geometry": { "type": "Point", "coordinates": [ -165.708600329226385, 68.490716414832193 ] } },
{ "type": "Feature", "properties": { "field_1": 27, "x": -486330.8671, "y": 2074208.176, "scaled_x": 0.46631405540765503, "scaled_y": 0.86143751844616701, "post_mean": 4.07993745836513, "post_sd": 0.30129827913248403, "post_q10": 3.6918115436377801, "post_q50": 4.0809361837438702, "post_q90": 4.4620732097769, "post_prob_exceed": 0.98416666666666697, "prosp_score_happy": 4.0153384486076797, "prosp_score_sad": 3.6918115436377801, "domain_class": "tier 1" }, "geometry": { "type": "Point", "coordinates": [ -165.708600326225138, 68.242334203092454 ] } },
{ "type": "Feature", "properties": { "field_1": 28, "x": -526941.0728, "y": 1846259.083, "scaled_x": 0.45481479191234703, "scaled_y": 0.74252518547772495, "post_mean": 2.8476390083847898, "post_sd": 0.217716787589366, "post_q10": 2.56720831846595, "post_q50": 2.8412571655638099, "post_q90": 3.1316042978195902, "post_prob_exceed": 0.0035, "prosp_score_happy": 0.0099667365293467595, "prosp_score_sad": 2.56720831846595, "domain_class": "Background" }, "geometry": { "type": "Point", "coordinates": [ -165.708600328672645, 66.154974027035806 ] } },
{ "type": "Feature", "properties": { "field_1": 29, "x": -532285.4347, "y": 1816260.652, "scaled_x": 0.453301472177983, "scaled_y": 0.72687615012226103, "post_mean": 2.7826728213009102, "post_sd": 0.21217113691811099, "post_q10": 2.51057065473469, "post_q50": 2.7782679856835601, "post_q90": 3.0570935580519998, "post_prob_exceed": 0.000333333333333333, "prosp_score_happy": 0.000927557607100305, "prosp_score_sad": 2.51057065473469, "domain_class": "Background" }, "geometry": { "type": "Point", "coordinates": [ -165.708600328417049, 65.881137589644396 ] } },
{ "type": "Feature", "properties": { "field_1": 30, "x": -537690.6328, "y": 1785920.741, "scaled_x": 0.451770925948904, "scaled_y": 0.71104897769712305, "post_mean": 2.7445273044577201, "post_sd": 0.20779142695762301, "post_q10": 2.4766235339173099, "post_q50": 2.7420112210312801, "post_q90": 3.0128332683269101, "post_prob_exceed": 0.00016666666666666701, "prosp_score_happy": 0.00045742121740962102, "prosp_score_sad": 2.4766235339173099, "domain_class": "Background" }, "geometry": { "type": "Point", "coordinates": [ -165.708600326632563, 65.60434642771412 ] } },
{ "type": "Feature", "properties": { "field_1": 31, "x": -543157.0339, "y": 1755237.292, "scaled_x": 0.45022304936132201, "scaled_y": 0.69504259462233597, "post_mean": 2.73267940438783, "post_sd": 0.204819450439959, "post_q10": 2.4690545996500202, "post_q50": 2.7302764521259002, "post_q90": 2.9961615432503002, "post_prob_exceed": 0.0, "prosp_score_happy": 0.0, "prosp_score_sad": 2.4690545996500202, "domain_class": "Background" }, "geometry": { "type": "Point", "coordinates": [ -165.708600326692789, 65.324575193519593 ] } },
{ "type": "Feature", "properties": { "field_1": 32, "x": -548684.9998, "y": 1724208.274, "scaled_x": 0.448657739967255, "scaled_y": 0.67885594140279504, "post_mean": 2.7453696410050501, "post_sd": 0.20294929621698399, "post_q10": 2.4864372034234901, "post_q50": 2.7433672217312499, "post_q90": 3.0068934132627798, "post_prob_exceed": 0.0, "prosp_score_happy": 0.0, "prosp_score_sad": 2.4864372034234901, "domain_class": "Background" }, "geometry": { "type": "Point", "coordinates": [ -165.708600327869078, 65.0417985433876 ] } },
{ "type": "Feature", "properties": { "field_1": 33, "x": -554274.887, "y": 1692831.686, "scaled_x": 0.44707489681948298, "scaled_y": 0.66248797419325001, "post_mean": 2.77965512025999, "post_sd": 0.201346033944723, "post_q10": 2.5201175775879001, "post_q50": 2.7781271957059599, "post_q90": 3.03535019261966, "post_prob_exceed": 0.00066666666666666697, "prosp_score_happy": 0.0018531034135066599, "prosp_score_sad": 2.5201175775879001, "domain_class": "Background" }, "geometry": { "type": "Point", "coordinates": [ -165.708600330384485, 64.755991158781441 ] } },
{ "type": "Feature", "properties": { "field_1": 34, "x": -607426.1718, "y": 1394488.277, "scaled_x": 0.43202447738687799, "scaled_y": 0.50685361599929801, "post_mean": 3.3095285522282398, "post_sd": 0.10756672642177, "post_q10": 3.1730211422461201, "post_q50": 3.3096552056469699, "post_q90": 3.4490907492731502, "post_prob_exceed": 0.127, "prosp_score_happy": 0.42031012613298702, "prosp_score_sad": 3.1730211422461201, "domain_class": "Background" }, "geometry": { "type": "Point", "coordinates": [ -165.708600328924717, 62.043185446956279 ] } },
{ "type": "Feature", "properties": { "field_1": 35, "x": -613653.5043, "y": 1359533.645, "scaled_x": 0.43026113400912203, "scaled_y": 0.48861911993497997, "post_mean": 3.3218060745009401, "post_sd": 0.100860952346458, "post_q10": 3.1942342851624002, "post_q50": 3.3212839566412402, "post_q90": 3.4531960973216398, "post_prob_exceed": 0.1385, "prosp_score_happy": 0.46007014131837998, "prosp_score_sad": 3.1942342851624002, "domain_class": "Background" }, "geometry": { "type": "Point", "coordinates": [ -165.708600329178353, 61.725689402296531 ] } },
{ "type": "Feature", "properties": { "field_1": 36, "x": -619946.2415, "y": 1324211.889, "scaled_x": 0.42847927051145701, "scaled_y": 0.47019310930592201, "post_mean": 3.3180923854190101, "post_sd": 0.0971227878930922, "post_q10": 3.1933451413729701, "post_q50": 3.3172133523732401, "post_q90": 3.4437092597676502, "post_prob_exceed": 0.121833333333333, "prosp_score_happy": 0.404254255623549, "prosp_score_sad": 3.1933451413729701, "domain_class": "Background" }, "geometry": { "type": "Point", "coordinates": [ -165.708600326255834, 61.404888318998353 ] } },
{ "type": "Feature", "properties": { "field_1": 37, "x": -645776.4342, "y": 1179224.468, "scaled_x": 0.42116514375755298, "scaled_y": 0.39455871104934398, "post_mean": 3.1592703164088598, "post_sd": 0.098312815691118993, "post_q10": 3.0341406634218302, "post_q50": 3.1583289977042401, "post_q90": 3.2876530244611799, "post_prob_exceed": 0.00183333333333333, "prosp_score_happy": 0.0057919955800829204, "prosp_score_sad": 3.0341406634218302, "domain_class": "Background" }, "geometry": { "type": "Point", "coordinates": [ -165.708600328090284, 60.0881514839433 ] } },
{ "type": "Feature", "properties": { "field_1": 38, "x": -759863.1051, "y": 538844.7216, "scaled_x": 0.38886014388453799, "scaled_y": 0.060497063213949202, "post_mean": 4.2429935171389896, "post_sd": 0.87027405693411997, "post_q10": 3.1479516346804299, "post_q50": 4.2375792507282402, "post_q90": 5.3632641255926501, "post_prob_exceed": 0.82433333333333303, "prosp_score_happy": 3.4976409892948999, "prosp_score_sad": 3.1479516346804299, "domain_class": "tier 1" }, "geometry": { "type": "Point", "coordinates": [ -165.708600327786939, 54.25915142857346 ] } },
{ "type": "Feature", "properties": { "field_1": 39, "x": -449586.8392, "y": 2123232.663, "scaled_x": 0.47671856460473699, "scaled_y": 0.88701172032180797, "post_mean": 4.3830532553891999, "post_sd": 0.29326475188095702, "post_q10": 4.00957426234429, "post_q50": 4.37957189323616, "post_q90": 4.7628657063295199, "post_prob_exceed": 0.99933333333333296, "prosp_score_happy": 4.3801312198856097, "prosp_score_sad": 4.00957426234429, "domain_class": "tier 1" }, "geometry": { "type": "Point", "coordinates": [ -165.034863863498856, 68.736396140077971 ] } },
{ "type": "Feature", "properties": { "field_1": 40, "x": -454072.77, "y": 2096483.933, "scaled_x": 0.47544831986202402, "scaled_y": 0.87305792982243902, "post_mean": 4.2148826800734298, "post_sd": 0.249778259749387, "post_q10": 3.8955723802326601, "post_q50": 4.2131713353077096, "post_q90": 4.5357024089461504, "post_prob_exceed": 0.99916666666666698, "prosp_score_happy": 4.2113702778400404, "prosp_score_sad": 3.8955723802326601, "domain_class": "tier 1" }, "geometry": { "type": "Point", "coordinates": [ -165.034863867027724, 68.490716415668487 ] } },
{ "type": "Feature", "properties": { "field_1": 41, "x": -458612.4113, "y": 2069414.937, "scaled_x": 0.47416286635143401, "scaled_y": 0.85893706878671106, "post_mean": 4.04187800200061, "post_sd": 0.217397068381708, "post_q10": 3.7628211284069302, "post_q50": 4.0417647900556899, "post_q90": 4.3199641962018003, "post_prob_exceed": 0.99783333333333302, "prosp_score_happy": 4.03312059966294, "prosp_score_sad": 3.7628211284069302, "domain_class": "tier 1" }, "geometry": { "type": "Point", "coordinates": [ -165.034863867481107, 68.242334208990087 ] } },
{ "type": "Feature", "properties": { "field_1": 42, "x": -463206.1419, "y": 2042023.416, "scaled_x": 0.47286209681123198, "scaled_y": 0.84464795878062604, "post_mean": 3.8673376221240399, "post_sd": 0.196570325426769, "post_q10": 3.6124158712206502, "post_q50": 3.8702175294054499, "post_q90": 4.1189688880312998, "post_prob_exceed": 0.98766666666666703, "prosp_score_happy": 3.8196404581178398, "prosp_score_sad": 3.6124158712206502, "domain_class": "tier 1" }, "geometry": { "type": "Point", "coordinates": [ -165.034863863814167, 67.991224505484965 ] } },
{ "type": "Feature", "properties": { "field_1": 43, "x": -491925.2948, "y": 1870776.706, "scaled_x": 0.46472992656322099, "scaled_y": 0.75531509269517005, "post_mean": 2.9914057884238501, "post_sd": 0.18675786306137401, "post_q10": 2.7517177648982099, "post_q50": 2.99039514263049, "post_q90": 3.2345957233310298, "post_prob_exceed": 0.0086666666666666697, "prosp_score_happy": 0.025925516833006701, "prosp_score_sad": 2.7517177648982099, "domain_class": "Background" }, "geometry": { "type": "Point", "coordinates": [ -165.034863864860483, 66.425881097375793 ] } },
{ "type": "Feature", "properties": { "field_1": 44, "x": -496908.0359, "y": 1841065.592, "scaled_x": 0.463319004066027, "scaled_y": 0.73981593964159098, "post_mean": 2.9055562776188602, "post_sd": 0.185425764206091, "post_q10": 2.6661635228255198, "post_q50": 2.9045567024102601, "post_q90": 3.14509727444235, "post_prob_exceed": 0.00216666666666667, "prosp_score_happy": 0.0062953719348408602, "prosp_score_sad": 2.6661635228255198, "domain_class": "Background" }, "geometry": { "type": "Point", "coordinates": [ -165.034863864311887, 66.154974024764684 ] } },
{ "type": "Feature", "properties": { "field_1": 45, "x": -501947.7956, "y": 1811014.488, "scaled_x": 0.46189193607303403, "scaled_y": 0.72413942679441201, "post_mean": 2.8431995865468802, "post_sd": 0.18331486455368301, "post_q10": 2.60656141031841, "post_q50": 2.8427644478901, "post_q90": 3.0802541090320901, "post_prob_exceed": 0.00016666666666666701, "prosp_score_happy": 0.00047386659775781301, "prosp_score_sad": 2.60656141031841, "domain_class": "Background" }, "geometry": { "type": "Point", "coordinates": [ -165.034863866657759, 65.881137592848162 ] } },
{ "type": "Feature", "properties": { "field_1": 46, "x": -507044.9242, "y": 1780621.304, "scaled_x": 0.46044862339262399, "scaled_y": 0.70828446388048205, "post_mean": 2.8048704814840399, "post_sd": 0.180980307856663, "post_q10": 2.5718525954067899, "post_q50": 2.8043526889886401, "post_q90": 3.0350462288120599, "post_prob_exceed": 0.00016666666666666701, "prosp_score_happy": 0.00046747841358067298, "prosp_score_sad": 2.5718525954067899, "domain_class": "Background" }, "geometry": { "type": "Point", "coordinates": [ -165.034863867406074, 65.60434643271752 ] } },
{ "type": "Feature", "properties": { "field_1": 47, "x": -512199.7674, "y": 1749883.978, "scaled_x": 0.45898896813572398, "scaled_y": 0.69224997523317799, "post_mean": 2.7900169637298502, "post_sd": 0.17875425100907399, "post_q10": 2.5581018410267502, "post_q50": 2.78808796592967, "post_q90": 3.01588579167877, "post_prob_exceed": 0.0, "prosp_score_happy": 0.0, "prosp_score_sad": 2.5581018410267502, "domain_class": "Background" }, "geometry": { "type": "Point", "coordinates": [ -165.034863864269369, 65.324575193549634 ] } },
{ "type": "Feature", "properties": { "field_1": 48, "x": -517412.6665, "y": 1718800.477, "scaled_x": 0.45751287365917398, "scaled_y": 0.67603490031407398, "post_mean": 2.7969786058422201, "post_sd": 0.17656349267659899, "post_q10": 2.5697607468722699, "post_q50": 2.7966523084310899, "post_q90": 3.0229341151270099, "post_prob_exceed": 0.0, "prosp_score_happy": 0.0, "prosp_score_sad": 2.5697607468722699, "domain_class": "Background" }, "geometry": { "type": "Point", "coordinates": [ -165.03486386475717, 65.041798545351696 ] } },
{ "type": "Feature", "properties": { "field_1": 49, "x": -522683.9578, "y": 1687368.795, "scaled_x": 0.45602024473562103, "scaled_y": 0.65963819266960799, "post_mean": 2.8230595404999299, "post_sd": 0.17392227691113901, "post_q10": 2.6001025037357599, "post_q50": 2.8208115941603702, "post_q90": 3.04890647148558, "post_prob_exceed": 0.0, "prosp_score_happy": 0.0, "prosp_score_sad": 2.6001025037357599, "domain_class": "Background" }, "geometry": { "type": "Point", "coordinates": [ -165.034863866297798, 64.755991156259299 ] } },
{ "type": "Feature", "properties": { "field_1": 50, "x": -528013.9722, "y": 1655586.958, "scaled_x": 0.45451098766679099, "scaled_y": 0.64305882253939695, "post_mean": 2.86469839374268, "post_sd": 0.170089771987634, "post_q10": 2.6485481018335002, "post_q50": 2.8635073028359099, "post_q90": 3.0849349787084699, "post_prob_exceed": 0.000333333333333333, "prosp_score_happy": 0.00095489946458089398, "prosp_score_sad": 2.6485481018335002, "domain_class": "Background" }, "geometry": { "type": "Point", "coordinates": [ -165.034863865735588, 64.467127731363831 ] } },
{ "type": "Feature", "properties": { "field_1": 51, "x": -566994.8927, "y": 1423151.328, "scaled_x": 0.44347307568401201, "scaled_y": 0.52180603462727404, "post_mean": 3.2390042348454799, "post_sd": 0.088923646471090606, "post_q10": 3.1252106163401798, "post_q50": 3.2383670280938701, "post_q90": 3.3523198153508802, "post_prob_exceed": 0.0135, "prosp_score_happy": 0.043726557170414002, "prosp_score_sad": 3.1252106163401798, "domain_class": "Background" }, "geometry": { "type": "Point", "coordinates": [ -165.034863865833643, 62.35740085660364 ] } },
{ "type": "Feature", "properties": { "field_1": 52, "x": -572805.8821, "y": 1388501.531, "scaled_x": 0.44182762481452598, "scaled_y": 0.50373055933616195, "post_mean": 3.2630788814726599, "post_sd": 0.079381345701289505, "post_q10": 3.1613657117594598, "post_q50": 3.26200267580146, "post_q90": 3.3660373915629198, "post_prob_exceed": 0.0155, "prosp_score_happy": 0.050577722662826202, "prosp_score_sad": 3.1613657117594598, "domain_class": "Background" }, "geometry": { "type": "Point", "coordinates": [ -165.034863865840123, 62.043185444193512 ] } },
{ "type": "Feature", "properties": { "field_1": 53, "x": -578678.2874, "y": 1353485.523, "scaled_x": 0.44016478330136599, "scaled_y": 0.48546404575752899, "post_mean": 3.2740443025992101, "post_sd": 0.074361796467577998, "post_q10": 3.1804012038420701, "post_q50": 3.2744248358917698, "post_q90": 3.3706974309032902, "post_prob_exceed": 0.015, "prosp_score_happy": 0.049110664538988102, "prosp_score_sad": 3.1804012038420701, "domain_class": "Background" }, "geometry": { "type": "Point", "coordinates": [ -165.034863865969953, 61.725689400548681 ] } },
{ "type": "Feature", "properties": { "field_1": 54, "x": -584612.3697, "y": 1318101.747, "scaled_x": 0.43848447721095501, "scaled_y": 0.46700568166396, "post_mean": 3.2715238545416598, "post_sd": 0.072609005097530405, "post_q10": 3.1797409311645302, "post_q50": 3.2710232268002999, "post_q90": 3.3649971298571799, "post_prob_exceed": 0.0136666666666667, "prosp_score_happy": 0.044710826012069299, "prosp_score_sad": 3.1797409311645302, "domain_class": "Background" }, "geometry": { "type": "Point", "coordinates": [ -165.034863865872552, 61.404888323684006 ] } },
{ "type": "Feature", "properties": { "field_1": 55, "x": -590608.3812, "y": 1282348.699, "scaled_x": 0.43678663512985999, "scaled_y": 0.44835468247611598, "post_mean": 3.2556176203868099, "post_sd": 0.071381158636631206, "post_q10": 3.1642049784745701, "post_q50": 3.2568945643264202, "post_q90": 3.3463913114508399, "post_prob_exceed": 0.0068333333333333302, "prosp_score_happy": 0.0222467204059765, "prosp_score_sad": 3.1642049784745701, "domain_class": "Background" }, "geometry": { "type": "Point", "coordinates": [ -165.03486386499938, 61.080757965497035 ] } },
{ "type": "Feature", "properties": { "field_1": 56, "x": -602787.1529, "y": 1209729.057, "scaled_x": 0.43333807084870102, "scaled_y": 0.41047178969552001, "post_mean": 3.1862565141358101, "post_sd": 0.070394793362264396, "post_q10": 3.09579616958841, "post_q50": 3.1865207454506401, "post_q90": 3.27574714135288, "post_prob_exceed": 0.00016666666666666701, "prosp_score_happy": 0.00053104275235596899, "prosp_score_sad": 3.09579616958841, "domain_class": "Background" }, "geometry": { "type": "Point", "coordinates": [ -165.034863863587589, 60.422413328428753 ] } },
{ "type": "Feature", "properties": { "field_1": 57, "x": -422367.6164, "y": 2118809.66, "scaled_x": 0.48442601177767097, "scaled_y": 0.88470440863859601, "post_mean": 4.2973913038427796, "post_sd": 0.221922474844992, "post_q10": 4.0151860748304999, "post_q50": 4.2939685134698298, "post_q90": 4.5869018885096704, "post_prob_exceed": 1.0, "prosp_score_happy": 4.2973913038427796, "prosp_score_sad": 4.0151860748304999, "domain_class": "tier 1" }, "geometry": { "type": "Point", "coordinates": [ -164.361127401087373, 68.736396137460147 ] } },
{ "type": "Feature", "properties": { "field_1": 58, "x": -426581.9565, "y": 2092016.798, "scaled_x": 0.48323267117686802, "scaled_y": 0.87072759616090101, "post_mean": 4.14662353011762, "post_sd": 0.177141373055442, "post_q10": 3.9236180522145898, "post_q50": 4.1447553198643101, "post_q90": 4.37457769842504, "post_prob_exceed": 1.0, "prosp_score_happy": 4.14662353011762, "prosp_score_sad": 3.9236180522145898, "domain_class": "tier 1" }, "geometry": { "type": "Point", "coordinates": [ -164.361127402502859, 68.490716415577765 ] } },
{ "type": "Feature", "properties": { "field_1": 59, "x": -430846.7555, "y": 2064903.141, "scaled_x": 0.48202504253746098, "scaled_y": 0.85658343718775698, "post_mean": 3.9906931471415499, "post_sd": 0.14508484734125299, "post_q10": 3.8066656932372198, "post_q50": 3.9905855607154899, "post_q90": 4.1788202733445496, "post_prob_exceed": 1.0, "prosp_score_happy": 3.9906931471415499, "prosp_score_sad": 3.8066656932372198, "domain_class": "tier 1" }, "geometry": { "type": "Point", "coordinates": [ -164.361127403122964, 68.242334205794549 ] } },
{ "type": "Feature", "properties": { "field_1": 60, "x": -435162.369, "y": 2037466.428, "scaled_x": 0.48080302516707402, "scaled_y": 0.842270752241844, "post_mean": 3.8326808215663499, "post_sd": 0.128266866431307, "post_q10": 3.6685860278567102, "post_q50": 3.8342523574284701, "post_q90": 3.9976006334321998, "post_prob_exceed": 0.9995, "prosp_score_happy": 3.8307644811555601, "prosp_score_sad": 3.6685860278567102, "domain_class": "tier 1" }, "geometry": { "type": "Point", "coordinates": [ -164.361127402025573, 67.991224509351866 ] } },
{ "type": "Feature", "properties": { "field_1": 61, "x": -439529.1508, "y": 2009704.41, "scaled_x": 0.47956651888302099, "scaled_y": 0.82778836810578604, "post_mean": 3.6758994882688301, "post_sd": 0.12583805903532, "post_q10": 3.51672588027875, "post_q50": 3.67353767684985, "post_q90": 3.83816571843691, "post_prob_exceed": 0.97416666666666696, "prosp_score_happy": 3.58093875148856, "prosp_score_sad": 3.51672588027875, "domain_class": "tier 1" }, "geometry": { "type": "Point", "coordinates": [ -164.361127400355713, 67.737362245404455 ] } },
{ "type": "Feature", "properties": { "field_1": 62, "x": -462142.7855, "y": 1865937.18, "scaled_x": 0.473163198842662, "scaled_y": 0.75279049687621902, "post_mean": 3.0299336161899801, "post_sd": 0.1653574563247, "post_q10": 2.8151379637916998, "post_q50": 3.0301759222404798, "post_q90": 3.2408380846673501, "post_prob_exceed": 0.0065, "prosp_score_happy": 0.019694568505234902, "prosp_score_sad": 2.8151379637916998, "domain_class": "Background" }, "geometry": { "type": "Point", "coordinates": [ -164.36112740030643, 66.425881091774528 ] } },
{ "type": "Feature", "properties": { "field_1": 63, "x": -466823.8577, "y": 1836177.047, "scaled_x": 0.47183769748800197, "scaled_y": 0.73726577248312297, "post_mean": 2.94938011774263, "post_sd": 0.16756812744525501, "post_q10": 2.73215381611007, "post_q50": 2.94907557937294, "post_q90": 3.1648010389384398, "post_prob_exceed": 0.00133333333333333, "prosp_score_happy": 0.0039325068236568403, "prosp_score_sad": 2.73215381611007, "domain_class": "Background" }, "geometry": { "type": "Point", "coordinates": [ -164.361127401411466, 66.154974026757102 ] } },
{ "type": "Feature", "properties": { "field_1": 64, "x": -471558.4965, "y": 1806076.362, "scaled_x": 0.47049702811246302, "scaled_y": 0.72156339512249801, "post_mean": 2.8897123456678799, "post_sd": 0.16774905168097001, "post_q10": 2.6752811693685299, "post_q50": 2.8891965938680602, "post_q90": 3.1091998637815301, "post_prob_exceed": 0.00016666666666666701, "prosp_score_happy": 0.00048161872427797902, "prosp_score_sad": 2.6752811693685299, "domain_class": "Background" }, "geometry": { "type": "Point", "coordinates": [ -164.361127402972073, 65.881137592984274 ] } },
{ "type": "Feature", "properties": { "field_1": 65, "x": -476347.0309, "y": 1775633.032, "scaled_x": 0.46914109755577699, "scaled_y": 0.705682272956207, "post_mean": 2.8513520045074499, "post_sd": 0.16652716580875801, "post_q10": 2.63398606959356, "post_q50": 2.85069699440997, "post_q90": 3.0660761169888402, "post_prob_exceed": 0.0, "prosp_score_happy": 0.0, "prosp_score_sad": 2.63398606959356, "domain_class": "Background" }, "geometry": { "type": "Point", "coordinates": [ -164.361127400371856, 65.604346425632656 ] } },
{ "type": "Feature", "properties": { "field_1": 66, "x": -481189.7858, "y": 1744844.994, "scaled_x": 0.46776981381863703, "scaled_y": 0.68962132979596802, "post_mean": 2.8337405144484298, "post_sd": 0.16435708617922901, "post_q10": 2.6214174697995301, "post_q50": 2.83231389156379, "post_q90": 3.0438537795572702, "post_prob_exceed": 0.0, "prosp_score_happy": 0.0, "prosp_score_sad": 2.6214174697995301, "domain_class": "Background" }, "geometry": { "type": "Point", "coordinates": [ -164.361127402288957, 65.324575194982586 ] } },
{ "type": "Feature", "properties": { "field_1": 67, "x": -486087.0817, "y": 1713710.209, "scaled_x": 0.466383086147652, "scaled_y": 0.67337950197338103, "post_mean": 2.8353413446228202, "post_sd": 0.161383000867625, "post_q10": 2.62978110497883, "post_q50": 2.83394723747762, "post_q90": 3.0416851036981698, "post_prob_exceed": 0.0, "prosp_score_happy": 0.0, "prosp_score_sad": 2.62978110497883, "domain_class": "Background" }, "geometry": { "type": "Point", "coordinates": [ -164.361127403948558, 65.041798547824882 ] } },
{ "type": "Feature", "properties": { "field_1": 68, "x": -491039.2344, "y": 1682226.668, "scaled_x": 0.46498082512028899, "scaled_y": 0.65695574146990099, "post_mean": 2.8537287823312698, "post_sd": 0.15742596107654699, "post_q10": 2.65214526810722, "post_q50": 2.8520330911871499, "post_q90": 3.0566228506543598, "post_prob_exceed": 0.0, "prosp_score_happy": 0.0, "prosp_score_sad": 2.65214526810722, "domain_class": "Background" }, "geometry": { "type": "Point", "coordinates": [ -164.361127401155642, 64.755991155222759 ] } },
{ "type": "Feature", "properties": { "field_1": 69, "x": -521921.1833, "y": 1485893.248, "scaled_x": 0.45623623342151498, "scaled_y": 0.55453609722120401, "post_mean": 3.1219670648710198, "post_sd": 0.097332941929675301, "post_q10": 2.9974484455850199, "post_q50": 3.1221238511573199, "post_q90": 3.2503783263372599, "post_prob_exceed": 0.0005, "prosp_score_happy": 0.0015609835324355099, "prosp_score_sad": 2.9974484455850199, "domain_class": "Background" }, "geometry": { "type": "Point", "coordinates": [ -164.361127402552995, 62.976088084605884 ] } },
{ "type": "Feature", "properties": { "field_1": 70, "x": -527265.7318, "y": 1451915.033, "scaled_x": 0.45472286084913799, "scaled_y": 0.53681096060153999, "post_mean": 3.1610333464408602, "post_sd": 0.083694662196129505, "post_q10": 3.0529711609312802, "post_q50": 3.1603870624271102, "post_q90": 3.2705716506045999, "post_prob_exceed": 0.0005, "prosp_score_happy": 0.00158051667322043, "prosp_score_sad": 3.0529711609312802, "domain_class": "Background" }, "geometry": { "type": "Point", "coordinates": [ -164.361127401401319, 62.668360174611436 ] } },
{ "type": "Feature", "properties": { "field_1": 71, "x": -532667.4636, "y": 1417573.273, "scaled_x": 0.45319329614419501, "scaled_y": 0.51889617644470099, "post_mean": 3.1916736775150398, "post_sd": 0.072120393142554404, "post_q10": 3.0981387624285999, "post_q50": 3.1907953796752602, "post_q90": 3.2845221316604598, "post_prob_exceed": 0.0005, "prosp_score_happy": 0.00159583683875752, "prosp_score_sad": 3.0981387624285999, "domain_class": "Background" }, "geometry": { "type": "Point", "coordinates": [ -164.361127401712452, 62.357400853370457 ] } },
{ "type": "Feature", "properties": { "field_1": 72, "x": -538126.6397000001, "y": 1382866.308, "scaled_x": 0.45164746540142697, "scaled_y": 0.50079087879210604, "post_mean": 3.2125022425168601, "post_sd": 0.064354296464861599, "post_q10": 3.1291544889307001, "post_q50": 3.2115966241385201, "post_q90": 3.2951747987420101, "post_prob_exceed": 0.00066666666666666697, "prosp_score_happy": 0.00214166816167791, "prosp_score_sad": 3.1291544889307001, "domain_class": "Background" }, "geometry": { "type": "Point", "coordinates": [ -164.361127401414876, 62.043185441819318 ] } },
{ "type": "Feature", "properties": { "field_1": 73, "x": -543643.5134000001, "y": 1347792.528, "scaled_x": 0.45008529689592203, "scaled_y": 0.482494227768265, "post_mean": 3.2225844389054599, "post_sd": 0.061073700332846398, "post_q10": 3.14286347005305, "post_q50": 3.22282516665285, "post_q90": 3.3024796207592702, "post_prob_exceed": 0.000333333333333333, "prosp_score_happy": 0.0010741948129684899, "prosp_score_sad": 3.14286347005305, "domain_class": "Background" }, "geometry": { "type": "Point", "coordinates": [ -164.361127401607916, 61.725689400863615 ] } },
{ "type": "Feature", "properties": { "field_1": 74, "x": -549218.3301, "y": 1312350.373, "scaled_x": 0.44850672113974599, "scaled_y": 0.46400540958078001, "post_mean": 3.2213666771756202, "post_sd": 0.060940129012919501, "post_q10": 3.1434835369870702, "post_q50": 3.2213487661435001, "post_q90": 3.2993756461366202, "post_prob_exceed": 0.00016666666666666701, "prosp_score_happy": 0.00053689444619593697, "prosp_score_sad": 3.1434835369870702, "domain_class": "Background" }, "geometry": { "type": "Point", "coordinates": [ -164.36112740269084, 61.404888324557092 ] } },
{ "type": "Feature", "properties": { "field_1": 75, "x": -554851.3266, "y": 1276538.337, "scaled_x": 0.446911671080158, "scaled_y": 0.44532363860698698, "post_mean": 3.2086314832385301, "post_sd": 0.061529884808486299, "post_q10": 3.1304066821166798, "post_q50": 3.20922913535503, "post_q90": 3.2863158427047199, "post_prob_exceed": 0.00016666666666666701, "prosp_score_happy": 0.00053477191387308796, "prosp_score_sad": 3.1304066821166798, "domain_class": "Background" }, "geometry": { "type": "Point", "coordinates": [ -164.361127403096191, 61.080757969226518 ] } },
{ "type": "Feature", "properties": { "field_1": 76, "x": -560542.7309, "y": 1240354.97, "scaled_x": 0.445300082156243, "scaled_y": 0.42644815843728401, "post_mean": 3.1844991919216898, "post_sd": 0.061949959841006798, "post_q10": 3.1049504108677999, "post_q50": 3.1848916953156698, "post_q90": 3.26249611066407, "post_prob_exceed": 0.0, "prosp_score_happy": 0.0, "prosp_score_sad": 3.1049504108677999, "domain_class": "Background" }, "geometry": { "type": "Point", "coordinates": [ -164.3611274014728, 60.753274264152907 ] } },
{ "type": "Feature", "properties": { "field_1": 77, "x": -566292.762, "y": 1203798.881, "scaled_x": 0.443671892355542, "scaled_y": 0.40737824344011397, "post_mean": 3.1494905752932398, "post_sd": 0.066518006505962596, "post_q10": 3.06433177899576, "post_q50": 3.1495232814094498, "post_q90": 3.2338394666331101, "post_prob_exceed": 0.0, "prosp_score_happy": 0.0, "prosp_score_sad": 3.06433177899576, "domain_class": "Background" }, "geometry": { "type": "Point", "coordinates": [ -164.361127401570684, 60.42241333101326 ] } },
{ "type": "Feature", "properties": { "field_1": 78, "x": -572101.6292, "y": 1166868.739, "scaled_x": 0.44202704241226698, "scaled_y": 0.38811319928362797, "post_mean": 3.1046559846519899, "post_sd": 0.086588407225703906, "post_q10": 2.9956947857263199, "post_q50": 3.1044078611178398, "post_q90": 3.21601662941318, "post_prob_exceed": 0.0, "prosp_score_happy": 0.0, "prosp_score_sad": 2.9956947857263199, "domain_class": "Background" }, "geometry": { "type": "Point", "coordinates": [ -164.3611274023134, 60.088151486288623 ] } },
{ "type": "Feature", "properties": { "field_1": 79, "x": -666403.1982, "y": 567342.1462, "scaled_x": 0.41532442982362899, "scaled_y": 0.075363080876841501, "post_mean": 4.4272724349718198, "post_sd": 0.51860045605832905, "post_q10": 3.76722877903814, "post_q50": 4.42407713358587, "post_q90": 5.0848142228008699, "post_prob_exceed": 0.97033333333333305, "prosp_score_happy": 4.2959300194009904, "prosp_score_sad": 3.76722877903814, "domain_class": "tier 1" }, "geometry": { "type": "Point", "coordinates": [ -164.361127401603227, 54.650819243294791 ] } },
{ "type": "Feature", "properties": { "field_1": 80, "x": -391209.4752, "y": 2141178.244, "scaled_x": 0.49324881061621001, "scaled_y": 0.89637324431429, "post_mean": 4.3269419435590404, "post_sd": 0.22164810532530199, "post_q10": 4.0433530602614098, "post_q50": 4.3234701250032401, "post_q90": 4.6135271522439396, "post_prob_exceed": 1.0, "prosp_score_happy": 4.3269419435590404, "prosp_score_sad": 4.0433530602614098, "domain_class": "tier 1" }, "geometry": { "type": "Point", "coordinates": [ -163.687390940093621, 68.979398324180124 ] } },
{ "type": "Feature", "properties": { "field_1": 81, "x": -395104.9238, "y": 2114663.018, "scaled_x": 0.49214576794228898, "scaled_y": 0.88254126393064602, "post_mean": 4.2011802972523897, "post_sd": 0.16697047131592299, "post_q10": 3.9891071884910501, "post_q50": 4.1986109089089299, "post_q90": 4.4169907616734596, "post_prob_exceed": 1.0, "prosp_score_happy": 4.2011802972523897, "prosp_score_sad": 3.9891071884910501, "domain_class": "tier 1" }, "geometry": { "type": "Point", "coordinates": [ -163.68739093764745, 68.736396140640124 ] } },
{ "type": "Feature", "properties": { "field_1": 82, "x": -399047.2397, "y": 2087828.781, "scaled_x": 0.491029454234086, "scaled_y": 0.86854286769619304, "post_mean": 4.0673950151870502, "post_sd": 0.121353462827019, "post_q10": 3.9152297810643701, "post_q50": 4.0653829026476398, "post_q90": 4.2252623576792798, "post_prob_exceed": 1.0, "prosp_score_happy": 4.0673950151870502, "prosp_score_sad": 3.9152297810643701, "domain_class": "tier 1" }, "geometry": { "type": "Point", "coordinates": [ -163.687390940724868, 68.490716416518381 ] } },
{ "type": "Feature", "properties": { "field_1": 83, "x": -403036.7573, "y": 2060673.254, "scaled_x": 0.48989977480225899, "scaled_y": 0.85437686674370195, "post_mean": 3.92818156466979, "post_sd": 0.0898631459075033, "post_q10": 3.8162882435200101, "post_q50": 3.9266839541599099, "post_q90": 4.0453106051006804, "post_prob_exceed": 1.0, "prosp_score_happy": 3.92818156466979, "prosp_score_sad": 3.8162882435200101, "domain_class": "tier 1" }, "geometry": { "type": "Point", "coordinates": [ -163.68739093929986, 68.242334208233018 ] } },
{ "type": "Feature", "properties": { "field_1": 84, "x": -407073.8097, "y": 2033194.172, "scaled_x": 0.48875663532557401, "scaled_y": 0.84004207950920695, "post_mean": 3.7864051943583701, "post_sd": 0.079367076044865204, "post_q10": 3.6859242711652298, "post_q50": 3.7848492517357699, "post_q90": 3.8905005397157999, "post_prob_exceed": 1.0, "prosp_score_happy": 3.7864051943583701, "prosp_score_sad": 3.6859242711652298, "domain_class": "tier 1" }, "geometry": { "type": "Point", "coordinates": [ -163.687390941495778, 67.991224511866648 ] } },
{ "type": "Feature", "properties": { "field_1": 85, "x": -411158.7275, "y": 2005389.283, "scaled_x": 0.48759994219070302, "scaled_y": 0.825537331210346, "post_mean": 3.6451409357120101, "post_sd": 0.088475143498539299, "post_q10": 3.5321189095847698, "post_q50": 3.6448235591739699, "post_q90": 3.75662166550832, "post_prob_exceed": 0.99316666666666698, "prosp_score_happy": 3.6202324726513102, "prosp_score_sad": 3.5321189095847698, "domain_class": "tier 1" }, "geometry": { "type": "Point", "coordinates": [ -163.687390941408609, 67.737362251288303 ] } },
{ "type": "Feature", "properties": { "field_1": 86, "x": -415291.8393, "y": 1977256.35, "scaled_x": 0.48642960235064298, "scaled_y": 0.81086145488968497, "post_mean": 3.5075911717974799, "post_sd": 0.106024110462869, "post_q10": 3.37179944559304, "post_q50": 3.5077934815795802, "post_q90": 3.64276165748706, "post_prob_exceed": 0.757, "prosp_score_happy": 2.6552465170506898, "prosp_score_sad": 3.37179944559304, "domain_class": "tier 2" }, "geometry": { "type": "Point", "coordinates": [ -163.687390938051607, 67.480722290782566 ] } },
{ "type": "Feature", "properties": { "field_1": 87, "x": -419473.4716, "y": 1948793.153, "scaled_x": 0.48524552335302801, "scaled_y": 0.79601329245803898, "post_mean": 3.37697943477776, "post_sd": 0.12391073083993, "post_q10": 3.2178152056412501, "post_q50": 3.3773044918003001, "post_q90": 3.5360244684536202, "post_prob_exceed": 0.32366666666666699, "prosp_score_happy": 1.0930156770563999, "prosp_score_sad": 3.2178152056412501, "domain_class": "Background" }, "geometry": { "type": "Point", "coordinates": [ -163.687390939529848, 67.221279448293132 ] } },
{ "type": "Feature", "properties": { "field_1": 88, "x": -441120.6651, "y": 1801446.782, "scaled_x": 0.47911586265075701, "scaled_y": 0.71914832011070995, "post_mean": 2.9246983650548599, "post_sd": 0.16140251447312501, "post_q10": 2.7161200580192801, "post_q50": 2.9238278109791498, "post_q90": 3.1336016552302999, "post_prob_exceed": 0.0005, "prosp_score_happy": 0.00146234918252743, "prosp_score_sad": 2.7161200580192801, "domain_class": "Background" }, "geometry": { "type": "Point", "coordinates": [ -163.687390938234785, 65.88113758792916 ] } },
{ "type": "Feature", "properties": { "field_1": 89, "x": -445600.1125, "y": 1770956.441, "scaled_x": 0.477847453759984, "scaled_y": 0.70324267410178598, "post_mean": 2.88667789003398, "post_sd": 0.160196006957188, "post_q10": 2.6803840775014298, "post_q50": 2.8849469323976198, "post_q90": 3.0940062257460599, "post_prob_exceed": 0.00016666666666666701, "prosp_score_happy": 0.00048111298167233002, "prosp_score_sad": 2.6803840775014298, "domain_class": "Background" }, "geometry": { "type": "Point", "coordinates": [ -163.687390938995975, 65.6043464293043 ] } },
{ "type": "Feature", "properties": { "field_1": 90, "x": -450130.2806, "y": 1740120.858, "scaled_x": 0.47656468269881902, "scaled_y": 0.687156928531515, "post_mean": 2.8667992273701, "post_sd": 0.15744286561458601, "post_q10": 2.6649506536023302, "post_q50": 2.8654283917866601, "post_q90": 3.0691947394268801, "post_prob_exceed": 0.0, "prosp_score_happy": 0.0, "prosp_score_sad": 2.6649506536023302, "domain_class": "Background" }, "geometry": { "type": "Point", "coordinates": [ -163.687390938400057, 65.324575192453679 ] } },
{ "type": "Feature", "properties": { "field_1": 91, "x": -454711.4692, "y": 1708937.993, "scaled_x": 0.47526746457531899, "scaled_y": 0.67089001920983604, "post_mean": 2.8636684673756201, "post_sd": 0.15341883818286201, "post_q10": 2.6674983997560102, "post_q50": 2.86365971619459, "post_q90": 3.0606617480159701, "post_prob_exceed": 0.0, "prosp_score_happy": 0.0, "prosp_score_sad": 2.6674983997560102, "domain_class": "Background" }, "geometry": { "type": "Point", "coordinates": [ -163.687390938507207, 65.0417985432384 ] } },
{ "type": "Feature", "properties": { "field_1": 92, "x": -459343.9738, "y": 1677405.834, "scaled_x": 0.473955715715139, "scaled_y": 0.65444089655321702, "post_mean": 2.8751452929358798, "post_sd": 0.14814444540840899, "post_q10": 2.6887214886653399, "post_q50": 2.87507186461387, "post_q90": 3.0633174803209902, "post_prob_exceed": 0.00016666666666666701, "prosp_score_happy": 0.00047919088215597999, "prosp_score_sad": 2.6887214886653399, "domain_class": "Background" }, "geometry": { "type": "Point", "coordinates": [ -163.687390937419565, 64.755991153478604 ] } },
{ "type": "Feature", "properties": { "field_1": 93, "x": -488232.5761, "y": 1480769.227, "scaled_x": 0.46577556385102598, "scaled_y": 0.55186309122995203, "post_mean": 3.0860985509163399, "post_sd": 0.086375215694280097, "post_q10": 2.9736060733381602, "post_q50": 3.0862730147967499, "post_q90": 3.1968027529975398, "post_prob_exceed": 0.00016666666666666701, "prosp_score_happy": 0.00051434975848605705, "prosp_score_sad": 2.9736060733381602, "domain_class": "Background" }, "geometry": { "type": "Point", "coordinates": [ -163.687390940132246, 62.976088083347811 ] } },
{ "type": "Feature", "properties": { "field_1": 94, "x": -493232.1484, "y": 1446738.541, "scaled_x": 0.46435987539905799, "scaled_y": 0.53411058249425603, "post_mean": 3.1185845371926901, "post_sd": 0.074359887589634799, "post_q10": 3.02118120638487, "post_q50": 3.1188122853346401, "post_q90": 3.2136782429945501, "post_prob_exceed": 0.00016666666666666701, "prosp_score_happy": 0.00051976408953211505, "prosp_score_sad": 3.02118120638487, "domain_class": "Background" }, "geometry": { "type": "Point", "coordinates": [ -163.68739093856783, 62.668360170810303 ] } },
{ "type": "Feature", "properties": { "field_1": 95, "x": -498285.2129, "y": 1412343.749, "scaled_x": 0.46292903999345802, "scaled_y": 0.51616813356911695, "post_mean": 3.14467490913073, "post_sd": 0.064650694131895295, "post_q10": 3.06108935114628, "post_q50": 3.1436304411138298, "post_q90": 3.2272649405495302, "post_prob_exceed": 0.0, "prosp_score_happy": 0.0, "prosp_score_sad": 3.06108935114628, "domain_class": "Background" }, "geometry": { "type": "Point", "coordinates": [ -163.687390938139231, 62.357400850698433 ] } },
{ "type": "Feature", "properties": { "field_1": 96, "x": -503392.0139, "y": 1377583.188, "scaled_x": 0.46148298845776897, "scaled_y": 0.49803487693096998, "post_mean": 3.1630992987275102, "post_sd": 0.0585697137090119, "post_q10": 3.08710217034711, "post_q50": 3.16228197762777, "post_q90": 3.2389209607469001, "post_prob_exceed": 0.0, "prosp_score_happy": 0.0, "prosp_score_sad": 3.08710217034711, "domain_class": "Background" }, "geometry": { "type": "Point", "coordinates": [ -163.687390938482253, 62.043185439874826 ] } },
{ "type": "Feature", "properties": { "field_1": 97, "x": -508552.7882, "y": 1342455.246, "scaled_x": 0.46002165373925202, "scaled_y": 0.47970997166100199, "post_mean": 3.1728676153055302, "post_sd": 0.0563876317482397, "post_q10": 3.1003901433811998, "post_q50": 3.17266678015207, "post_q90": 3.2451564630703, "post_prob_exceed": 0.0, "prosp_score_happy": 0.0, "prosp_score_sad": 3.1003901433811998, "domain_class": "Background" }, "geometry": { "type": "Point", "coordinates": [ -163.687390939107615, 61.725689403752199 ] } },
{ "type": "Feature", "properties": { "field_1": 98, "x": -513767.7655, "y": 1306958.359, "scaled_x": 0.45854497079561601, "scaled_y": 0.46119260188016598, "post_mean": 3.1732152688372999, "post_sd": 0.056798025619919597, "post_q10": 3.10058756688538, "post_q50": 3.1730841145709898, "post_q90": 3.2453483779451302, "post_prob_exceed": 0.0, "prosp_score_happy": 0.0, "prosp_score_sad": 3.10058756688538, "domain_class": "Background" }, "geometry": { "type": "Point", "coordinates": [ -163.687390938650452, 61.404888322131221 ] } },
{ "type": "Feature", "properties": { "field_1": 99, "x": -519037.1672, "y": 1271091.02, "scaled_x": 0.457052876934813, "scaled_y": 0.44248198144413697, "post_mean": 3.1635857538506902, "post_sd": 0.057905906777256197, "post_q10": 3.0885255521818702, "post_q50": 3.1635075998283599, "post_q90": 3.2377327821903399, "post_prob_exceed": 0.0, "prosp_score_happy": 0.0, "prosp_score_sad": 3.0885255521818702, "domain_class": "Background" }, "geometry": { "type": "Point", "coordinates": [ -163.687390937164281, 61.080757963202203 ] } },
{ "type": "Feature", "properties": { "field_1": 100, "x": -524361.2068, "y": 1234851.778, "scaled_x": 0.45554531170177498, "scaled_y": 0.42357735342165098, "post_mean": 3.1436695227298999, "post_sd": 0.059288952639606998, "post_q10": 3.0675641535134401, "post_q50": 3.14401052130395, "post_q90": 3.2194069734925899, "post_prob_exceed": 0.0, "prosp_score_happy": 0.0, "prosp_score_sad": 3.0675641535134401, "domain_class": "Background" }, "geometry": { "type": "Point", "coordinates": [ -163.687390940659981, 60.753274266911951 ] } },
{ "type": "Feature", "properties": { "field_1": 101, "x": -529740.0888, "y": 1198239.237, "scaled_x": 0.45402221718989, "scaled_y": 0.40447798957284298, "post_mean": 3.11351176296884, "post_sd": 0.064624606546549002, "post_q10": 3.03103456367525, "post_q50": 3.1139300259437599, "post_q90": 3.1945594742727801, "post_prob_exceed": 0.0, "prosp_score_happy": 0.0, "prosp_score_sad": 3.03103456367525, "domain_class": "Background" }, "geometry": { "type": "Point", "coordinates": [ -163.68739093832292, 60.422413330218248 ] } },
{ "type": "Feature", "properties": { "field_1": 102, "x": -535174.0093, "y": 1161252.066, "scaled_x": 0.45248353787110801, "scaled_y": 0.385183195565864, "post_mean": 3.0736934615121498, "post_sd": 0.082679297526997805, "post_q10": 2.9683260114719601, "post_q50": 3.0747714998252, "post_q90": 3.1794148224677499, "post_prob_exceed": 0.0, "prosp_score_happy": 0.0, "prosp_score_sad": 2.9683260114719601, "domain_class": "Background" }, "geometry": { "type": "Point", "coordinates": [ -163.687390940286377, 60.088151487371633 ] } },
{ "type": "Feature", "properties": { "field_1": 103, "x": -617112.9571, "y": 603516.6447, "scaled_x": 0.42928154873958102, "scaled_y": 0.094233934688917997, "post_mean": 4.2215527718155004, "post_sd": 0.48191204498854301, "post_q10": 3.6088662230723201, "post_q50": 4.2228928322330503, "post_q90": 4.8296881757349297, "post_prob_exceed": 0.95016666666666705, "prosp_score_happy": 4.0111787253533597, "prosp_score_sad": 3.6088662230723201, "domain_class": "tier 1" }, "geometry": { "type": "Point", "coordinates": [ -163.687390938278696, 55.038748549112427 ] } },
{ "type": "Feature", "properties": { "field_1": 104, "x": -623388.6659, "y": 560799.6567000001, "scaled_x": 0.42750450703621801, "scaled_y": 0.071950114062068804, "post_mean": 4.6281247222797299, "post_sd": 0.63198235479427001, "post_q10": 3.8398756191368499, "post_q50": 4.6117476680667497, "post_q90": 5.4216442844289503, "post_prob_exceed": 0.9715, "prosp_score_happy": 4.4962231676947599, "prosp_score_sad": 3.8398756191368499, "domain_class": "tier 1" }, "geometry": { "type": "Point", "coordinates": [ -163.687390939289912, 54.650819243768836 ] } },
{ "type": "Feature", "properties": { "field_1": 105, "x": -353555.1706, "y": 2215112.838, "scaled_x": 0.50391107550417202, "scaled_y": 0.93494209731523004, "post_mean": 4.4656332199327498, "post_sd": 0.36998397675404399, "post_q10": 3.9898275887230499, "post_q50": 4.4671536993178602, "post_q90": 4.9368934481919302, "post_prob_exceed": 0.996, "prosp_score_happy": 4.44777068705302, "prosp_score_sad": 3.9898275887230499, "domain_class": "tier 1" }, "geometry": { "type": "Point", "coordinates": [ -163.013654475472151, 69.692587749253903 ] } },
{ "type": "Feature", "properties": { "field_1": 106, "x": -357052.4269, "y": 2189504.072, "scaled_x": 0.50292078572328702, "scaled_y": 0.92158298248206505, "post_mean": 4.3919995809327999, "post_sd": 0.30401936768614701, "post_q10": 4.0017874382902301, "post_q50": 4.3938642653338498, "post_q90": 4.7755962679916504, "post_prob_exceed": 0.99833333333333296, "prosp_score_happy": 4.3846795816312403, "prosp_score_sad": 4.0017874382902301, "domain_class": "tier 1" }, "geometry": { "type": "Point", "coordinates": [ -163.013654474719601, 69.457469395461843 ] } },
{ "type": "Feature", "properties": { "field_1": 107, "x": -360592.3681, "y": 2163582.745, "scaled_x": 0.50191840920450304, "scaled_y": 0.90806081651666704, "post_mean": 4.30490761903964, "post_sd": 0.241990808282494, "post_q10": 3.9925420093914399, "post_q50": 4.3065426515767102, "post_q90": 4.6140170857846599, "post_prob_exceed": 0.9995, "prosp_score_happy": 4.3027551652301197, "prosp_score_sad": 3.9925420093914399, "domain_class": "tier 1" }, "geometry": { "type": "Point", "coordinates": [ -163.013654475601641, 69.219747820199771 ] } },
{ "type": "Feature", "properties": { "field_1": 108, "x": -364175.3102, "y": 2137346.543, "scaled_x": 0.50090385646865299, "scaled_y": 0.89437439229364402, "post_mean": 4.2058470207551197, "post_sd": 0.184800825156229, "post_q10": 3.9693301881291299, "post_q50": 4.20620308801624, "post_q90": 4.4450305910076802, "post_prob_exceed": 1.0, "prosp_score_happy": 4.2058470207551197, "prosp_score_sad": 3.9693301881291299, "domain_class": "tier 1" }, "geometry": { "type": "Point", "coordinates": [ -163.013654477801907, 68.979398326245203 ] } },
{ "type": "Feature", "properties": { "field_1": 109, "x": -367801.5675, "y": 2110793.163, "scaled_x": 0.49987703851795101, "scaled_y": 0.88052250842588298, "post_mean": 4.09662912035453, "post_sd": 0.13396514227362299, "post_q10": 3.9267812789824199, "post_q50": 4.09550731377806, "post_q90": 4.2713527182449704, "post_prob_exceed": 1.0, "prosp_score_happy": 4.09662912035453, "prosp_score_sad": 3.9267812789824199, "domain_class": "tier 1" }, "geometry": { "type": "Point", "coordinates": [ -163.013654476227629, 68.736396142398121 ] } },
{ "type": "Feature", "properties": { "field_1": 110, "x": -371471.4533, "y": 2083920.312, "scaled_x": 0.49883786663776802, "scaled_y": 0.86650396874288704, "post_mean": 3.9793764976021402, "post_sd": 0.092644239655230304, "post_q10": 3.8612809204196199, "post_q50": 3.9789984278217401, "post_q90": 4.1000456212858802, "post_prob_exceed": 1.0, "prosp_score_happy": 3.9793764976021402, "prosp_score_sad": 3.8612809204196199, "domain_class": "tier 1" }, "geometry": { "type": "Point", "coordinates": [ -163.013654474750012, 68.490716409490986 ] } },
{ "type": "Feature", "properties": { "field_1": 111, "x": -375185.2791, "y": 2056725.71, "scaled_x": 0.497786252623169, "scaled_y": 0.85231758385576495, "post_mean": 3.8564987097142001, "post_sd": 0.068048372020059006, "post_q10": 3.7697000372964999, "post_q50": 3.8556909817552998, "post_q90": 3.9433876390494098, "post_prob_exceed": 1.0, "prosp_score_happy": 3.8564987097142001, "prosp_score_sad": 3.7697000372964999, "domain_class": "tier 1" }, "geometry": { "type": "Point", "coordinates": [ -163.013654476504598, 68.242334204065827 ] } },
{ "type": "Feature", "properties": { "field_1": 112, "x": -378943.3547, "y": 2029207.087, "scaled_x": 0.49672210875059303, "scaled_y": 0.83796216959224401, "post_mean": 3.7306514389941001, "post_sd": 0.068199814181011204, "post_q10": 3.6434383724826902, "post_q50": 3.72983518101206, "post_q90": 3.8187600199946901, "post_prob_exceed": 1.0, "prosp_score_happy": 3.7306514389941001, "prosp_score_sad": 3.6434383724826902, "domain_class": "tier 1" }, "geometry": { "type": "Point", "coordinates": [ -163.013654476646792, 67.991224506989298 ] } },
{ "type": "Feature", "properties": { "field_1": 113, "x": -382745.988, "y": 2001362.188, "scaled_x": 0.49564534783448799, "scaled_y": 0.82343654960497403, "post_mean": 3.6046766284841398, "post_sd": 0.085268975985958201, "post_q10": 3.4971076448480001, "post_q50": 3.60417674067223, "post_q90": 3.7142942958564298, "post_prob_exceed": 0.97633333333333305, "prosp_score_happy": 3.5193659482766799, "prosp_score_sad": 3.4971076448480001, "domain_class": "tier 1" }, "geometry": { "type": "Point", "coordinates": [ -163.013654473975947, 67.737362244069871 ] } },
{ "type": "Feature", "properties": { "field_1": 114, "x": -386593.4851, "y": 1973188.774, "scaled_x": 0.49455588319899302, "scaled_y": 0.80873955589320001, "post_mean": 3.48152169114298, "post_sd": 0.10610333606736, "post_q10": 3.3464382167141902, "post_q50": 3.4818650850769601, "post_q90": 3.6181921887598398, "post_prob_exceed": 0.67466666666666697, "prosp_score_happy": 2.34886663429113, "prosp_score_sad": 3.3464382167141902, "domain_class": "tier 2" }, "geometry": { "type": "Point", "coordinates": [ -163.013654476207932, 67.480722290230347 ] } },
{ "type": "Feature", "properties": { "field_1": 115, "x": -390486.1495, "y": 1944684.62, "scaled_x": 0.49345362890446698, "scaled_y": 0.79387002775942594, "post_mean": 3.3641372149420001, "post_sd": 0.124881648776851, "post_q10": 3.2043892728408898, "post_q50": 3.36375362417568, "post_q90": 3.5241542253781599, "post_prob_exceed": 0.28616666666666701, "prosp_score_happy": 0.96270393300923696, "prosp_score_sad": 3.2043892728408898, "domain_class": "Background" }, "geometry": { "type": "Point", "coordinates": [ -163.013654475063817, 67.221279447861463 ] } },
{ "type": "Feature", "properties": { "field_1": 116, "x": -410637.434, "y": 1797126.226, "scaled_x": 0.48774755265490999, "scaled_y": 0.71689445111338601, "post_mean": 2.9509050025791299, "post_sd": 0.16004152523783799, "post_q10": 2.7441501182021901, "post_q50": 2.9494549133827102, "post_q90": 3.1566901278303501, "post_prob_exceed": 0.0005, "prosp_score_happy": 0.0014754525012895699, "prosp_score_sad": 2.7441501182021901, "domain_class": "Background" }, "geometry": { "type": "Point", "coordinates": [ -163.013654476669046, 65.881137591312608 ] } },
{ "type": "Feature", "properties": { "field_1": 117, "x": -414807.3334, "y": 1766592.011, "scaled_x": 0.48656679596769298, "scaled_y": 0.70096591771487804, "post_mean": 2.9137837783476299, "post_sd": 0.15801311327604201, "post_q10": 2.71254393999997, "post_q50": 2.9113736436789099, "post_q90": 3.11596643662328, "post_prob_exceed": 0.00016666666666666701, "prosp_score_happy": 0.00048563062972460598, "prosp_score_sad": 2.71254393999997, "domain_class": "Background" }, "geometry": { "type": "Point", "coordinates": [ -163.013654477731791, 65.604346432195328 ] } },
{ "type": "Feature", "properties": { "field_1": 118, "x": -419024.4484, "y": 1735712.057, "scaled_x": 0.48537266962090098, "scaled_y": 0.68485702548911198, "post_mean": 2.8923346295556498, "post_sd": 0.154298793221749, "post_q10": 2.6963110001014901, "post_q50": 2.8897337650324602, "post_q90": 3.0919553111876601, "post_prob_exceed": 0.00016666666666666701, "prosp_score_happy": 0.00048205577159260801, "prosp_score_sad": 2.6963110001014901, "domain_class": "Background" }, "geometry": { "type": "Point", "coordinates": [ -163.01365447491122, 65.324575193039507 ] } },
{ "type": "Feature", "properties": { "field_1": 119, "x": -423289.0583, "y": 1704484.322, "scaled_x": 0.48416509452741102, "scaled_y": 0.668566709202702, "post_mean": 2.8853178811122402, "post_sd": 0.149204924859523, "post_q10": 2.6959767579547602, "post_q50": 2.8845078204728201, "post_q90": 3.0780297116389299, "post_prob_exceed": 0.00016666666666666701, "prosp_score_happy": 0.00048088631351870598, "prosp_score_sad": 2.6959767579547602, "domain_class": "Background" }, "geometry": { "type": "Point", "coordinates": [ -163.013654477466702, 65.041798547775159 ] } },
{ "type": "Feature", "properties": { "field_1": 120, "x": -427601.438, "y": 1672906.79, "scaled_x": 0.48294399284601502, "scaled_y": 0.65209391718547005, "post_mean": 2.89088535839756, "post_sd": 0.14283695077345601, "post_q10": 2.7081867579091599, "post_q50": 2.8911637002710102, "post_q90": 3.0748702148904901, "post_prob_exceed": 0.00016666666666666701, "prosp_score_happy": 0.00048181422639959401, "prosp_score_sad": 2.7081867579091599, "domain_class": "Background" }, "geometry": { "type": "Point", "coordinates": [ -163.013654476602653, 64.755991158601631 ] } },
{ "type": "Feature", "properties": { "field_1": 121, "x": -454493.7204, "y": 1475987.233, "scaled_x": 0.475329122741876, "scaled_y": 0.54936850765737799, "post_mean": 3.05278653291623, "post_sd": 0.080902844983076594, "post_q10": 2.9477423234864899, "post_q50": 3.05257978388688, "post_q90": 3.1565537381304698, "post_prob_exceed": 0.0, "prosp_score_happy": 0.0, "prosp_score_sad": 2.9477423234864899, "domain_class": "Background" }, "geometry": { "type": "Point", "coordinates": [ -163.013654476484589, 62.976088083363422 ] } },
{ "type": "Feature", "properties": { "field_1": 122, "x": -459147.8019, "y": 1441907.579, "scaled_x": 0.47401126412543698, "scaled_y": 0.53159045418691597, "post_mean": 3.0800103058512001, "post_sd": 0.070392343337873503, "post_q10": 2.9877100929327001, "post_q50": 3.08056598923261, "post_q90": 3.1701336931381898, "post_prob_exceed": 0.0, "prosp_score_happy": 0.0, "prosp_score_sad": 2.9877100929327001, "domain_class": "Background" }, "geometry": { "type": "Point", "coordinates": [ -163.013654475260211, 62.668360173614595 ] } },
{ "type": "Feature", "properties": { "field_1": 123, "x": -463851.6792, "y": 1407463.295, "scaled_x": 0.47267930523505602, "scaled_y": 0.51362218717622998, "post_mean": 3.1026990953228899, "post_sd": 0.0622277268772706, "post_q10": 3.0224963521764199, "post_q50": 3.1024348271879698, "post_q90": 3.1821957663892402, "post_prob_exceed": 0.0, "prosp_score_happy": 0.0, "prosp_score_sad": 3.0224963521764199, "domain_class": "Background" }, "geometry": { "type": "Point", "coordinates": [ -163.013654477369244, 62.357400855513916 ] } },
{ "type": "Feature", "properties": { "field_1": 124, "x": -468605.5794, "y": 1372652.715, "scaled_x": 0.47133318176466499, "scaled_y": 0.49546283753677101, "post_mean": 3.1196503817962902, "post_sd": 0.057269455096820999, "post_q10": 3.0463085088201498, "post_q50": 3.1187734128771898, "post_q90": 3.1927833684265501, "post_prob_exceed": 0.0, "prosp_score_happy": 0.0, "prosp_score_sad": 3.0463085088201498, "domain_class": "Background" }, "geometry": { "type": "Point", "coordinates": [ -163.013654474788069, 62.043185440927658 ] } },
{ "type": "Feature", "properties": { "field_1": 125, "x": -473409.7233, "y": 1337474.225, "scaled_x": 0.46997283119211197, "scaled_y": 0.47711156330640098, "post_mean": 3.1297829889349398, "post_sd": 0.0554685849988861, "post_q10": 3.0582233601535198, "post_q50": 3.1297785342642799, "post_q90": 3.2011882199255499, "post_prob_exceed": 0.0, "prosp_score_happy": 0.0, "prosp_score_sad": 3.0582233601535198, "domain_class": "Background" }, "geometry": { "type": "Point", "coordinates": [ -163.013654474888114, 61.725689397657362 ] } },
{ "type": "Feature", "properties": { "field_1": 126, "x": -478264.3245, "y": 1301926.261, "scaled_x": 0.46859819303401401, "scaled_y": 0.45856754860607402, "post_mean": 3.1320979054465901, "post_sd": 0.055695219116320402, "post_q10": 3.0604926536127302, "post_q50": 3.13270255425777, "post_q90": 3.20309095675676, "post_prob_exceed": 0.0, "prosp_score_happy": 0.0, "prosp_score_sad": 3.0604926536127302, "domain_class": "Background" }, "geometry": { "type": "Point", "coordinates": [ -163.013654477823707, 61.404888325702984 ] } },
{ "type": "Feature", "properties": { "field_1": 127, "x": -483169.5891, "y": 1266007.311, "scaled_x": 0.4672092089307, "scaled_y": 0.43983000468315597, "post_mean": 3.1256864694677402, "post_sd": 0.056559133140022901, "post_q10": 3.05301067726099, "post_q50": 3.12551377174103, "post_q90": 3.1978045451436299, "post_prob_exceed": 0.0, "prosp_score_happy": 0.0, "prosp_score_sad": 3.05301067726099, "domain_class": "Background" }, "geometry": { "type": "Point", "coordinates": [ -163.013654476395658, 61.080757968169543 ] } },
{ "type": "Feature", "properties": { "field_1": 128, "x": -488125.7158, "y": 1229715.922, "scaled_x": 0.46580582261789799, "scaled_y": 0.42089817356305897, "post_mean": 3.1098029801042899, "post_sd": 0.057888874157902503, "post_q10": 3.0345655595630898, "post_q50": 3.1092754616815901, "post_q90": 3.18354538084176, "post_prob_exceed": 0.0, "prosp_score_happy": 0.0, "prosp_score_sad": 3.0345655595630898, "domain_class": "Background" }, "geometry": { "type": "Point", "coordinates": [ -163.013654475685001, 60.753274265896614 ] } },
{ "type": "Feature", "properties": { "field_1": 129, "x": -493132.8953, "y": 1193050.698, "scaled_x": 0.46438798009663201, "scaled_y": 0.401771327005918, "post_mean": 3.08401330017149, "post_sd": 0.062618426455419804, "post_q10": 3.0029258387583102, "post_q50": 3.0833521370254799, "post_q90": 3.16239637957896, "post_prob_exceed": 0.0, "prosp_score_happy": 0.0, "prosp_score_sad": 3.0029258387583102, "domain_class": "Background" }, "geometry": { "type": "Point", "coordinates": [ -163.013654476672713, 60.422413333132894 ] } },
{ "type": "Feature", "properties": { "field_1": 130, "x": -498191.3097, "y": 1156010.304, "scaled_x": 0.462955629803118, "scaled_y": 0.38244876859323601, "post_mean": 3.0484233366584501, "post_sd": 0.077575120902184505, "post_q10": 2.9473736020497201, "post_q50": 3.0491021819997699, "post_q90": 3.1469275829933099, "post_prob_exceed": 0.0, "prosp_score_happy": 0.0, "prosp_score_sad": 2.9473736020497201, "domain_class": "Background" }, "geometry": { "type": "Point", "coordinates": [ -163.013654475482411, 60.088151486299999 ] } },
{ "type": "Feature", "properties": { "field_1": 131, "x": -574467.9432, "y": 597472.3318, "scaled_x": 0.44135699241548398, "scaled_y": 0.091080847573409104, "post_mean": 4.3386476938776504, "post_sd": 0.51262050245656099, "post_q10": 3.6855380961875301, "post_q50": 4.3312100311245496, "post_q90": 4.9941576617690302, "post_prob_exceed": 0.96383333333333299, "prosp_score_happy": 4.1817332689490696, "prosp_score_sad": 3.6855380961875301, "domain_class": "tier 1" }, "geometry": { "type": "Point", "coordinates": [ -163.013654475267487, 55.038748549086527 ] } },
{ "type": "Feature", "properties": { "field_1": 132, "x": -320915.7912, "y": 2262015.549, "scaled_x": 0.51315330458364505, "scaled_y": 0.95940944971463105, "post_mean": 4.3671181062914197, "post_sd": 0.46109101629280702, "post_q10": 3.7693656761126202, "post_q50": 4.3735586104750297, "post_q90": 4.9522215151618303, "post_prob_exceed": 0.97716666666666696, "prosp_score_happy": 4.2674022428644296, "prosp_score_sad": 3.7693656761126202, "domain_class": "tier 1" }, "geometry": { "type": "Point", "coordinates": [ -162.339918014795131, 70.155113040987288 ] } },
{ "type": "Feature", "properties": { "field_1": 133, "x": -324074.9299, "y": 2236991.599, "scaled_x": 0.512258756828879, "scaled_y": 0.94635541104563004, "post_mean": 4.3374615623350596, "post_sd": 0.39429307993703899, "post_q10": 3.8299213211510201, "post_q50": 4.3419144877275704, "post_q90": 4.8405023640710301, "post_prob_exceed": 0.988, "prosp_score_happy": 4.2854120235870399, "prosp_score_sad": 3.8299213211510201, "domain_class": "tier 1" }, "geometry": { "type": "Point", "coordinates": [ -162.339918012385851, 69.925127466401818 ] } },
{ "type": "Feature", "properties": { "field_1": 134, "x": -327272.9927, "y": 2211659.327, "scaled_x": 0.511353187251532, "scaled_y": 0.93314053256874496, "post_mean": 4.2929390224943296, "post_sd": 0.33078068124670901, "post_q10": 3.8665219720430701, "post_q50": 4.2967405208701397, "post_q90": 4.7114194914708101, "post_prob_exceed": 0.9945, "prosp_score_happy": 4.2693278578706098, "prosp_score_sad": 3.8665219720430701, "domain_class": "tier 1" }, "geometry": { "type": "Point", "coordinates": [ -162.339918012785461, 69.692587754643952 ] } },
{ "type": "Feature", "properties": { "field_1": 135, "x": -330510.274, "y": 2186016.4, "scaled_x": 0.51043651248873601, "scaled_y": 0.91976359724700796, "post_mean": 4.2343301603360297, "post_sd": 0.27110110732459503, "post_q10": 3.8862230681201, "post_q50": 4.2374891828266197, "post_q90": 4.5794529117896703, "post_prob_exceed": 0.99733333333333296, "prosp_score_happy": 4.2230386132418003, "prosp_score_sad": 3.8862230681201, "domain_class": "tier 1" }, "geometry": { "type": "Point", "coordinates": [ -162.339918012699371, 69.457469401255054 ] } },
{ "type": "Feature", "properties": { "field_1": 136, "x": -333787.0672, "y": 2160060.494, "scaled_x": 0.509508649460787, "scaled_y": 0.90622339273841002, "post_mean": 4.1627096294875301, "post_sd": 0.21606402846306499, "post_q10": 3.88202370572527, "post_q50": 4.1640476566422198, "post_q90": 4.4397070706487201, "post_prob_exceed": 0.9995, "prosp_score_happy": 4.1606282746727903, "prosp_score_sad": 3.88202370572527, "domain_class": "tier 1" }, "geometry": { "type": "Point", "coordinates": [ -162.339918012327928, 69.219747816819691 ] } },
{ "type": "Feature", "properties": { "field_1": 137, "x": -337103.6646, "y": 2133789.294, "scaled_x": 0.50856951539945805, "scaled_y": 0.892518711395894, "post_mean": 4.07945509456622, "post_sd": 0.16696816643819301, "post_q10": 3.8646618829271202, "post_q50": 4.0808741217187903, "post_q90": 4.2956271379004303, "post_prob_exceed": 0.99983333333333302, "prosp_score_happy": 4.0787751853837904, "prosp_score_sad": 3.8646618829271202, "domain_class": "tier 1" }, "geometry": { "type": "Point", "coordinates": [ -162.339918012750104, 68.979398323163906 ] } },
{ "type": "Feature", "properties": { "field_1": 138, "x": -340460.3574, "y": 2107200.493, "scaled_x": 0.50761902784799995, "scaled_y": 0.87864834974570005, "post_mean": 3.9862462522802402, "post_sd": 0.12610222153394701, "post_q10": 3.8235422565878201, "post_q50": 3.9872233931869401, "post_q90": 4.1477357841649196, "post_prob_exceed": 1.0, "prosp_score_happy": 3.9862462522802402, "prosp_score_sad": 3.8235422565878201, "domain_class": "tier 1" }, "geometry": { "type": "Point", "coordinates": [ -162.339918012819879, 68.736396140378233 ] } },
{ "type": "Feature", "properties": { "field_1": 139, "x": -343857.4354, "y": 2080291.795, "scaled_x": 0.50665710474609005, "scaled_y": 0.86461111005234703, "post_mean": 3.8850525923007502, "post_sd": 0.097540341455312707, "post_q10": 3.7603703234695298, "post_q50": 3.8850296992887001, "post_q90": 4.0093677296033396, "post_prob_exceed": 1.0, "prosp_score_happy": 3.8850525923007502, "prosp_score_sad": 3.7603703234695298, "domain_class": "tier 1" }, "geometry": { "type": "Point", "coordinates": [ -162.339918011164684, 68.49071641008679 ] } },
{ "type": "Feature", "properties": { "field_1": 140, "x": -347295.1871, "y": 2053060.917, "scaled_x": 0.50568366440151802, "scaled_y": 0.85040580136195898, "post_mean": 3.7781074842035398, "post_sd": 0.086291994235888403, "post_q10": 3.66757650075979, "post_q50": 3.7784447344857401, "post_q90": 3.8904779594438699, "post_prob_exceed": 1.0, "prosp_score_happy": 3.7781074842035398, "prosp_score_sad": 3.66757650075979, "domain_class": "tier 1" }, "geometry": { "type": "Point", "coordinates": [ -162.339918014573556, 68.242334209045623 ] } },
{ "type": "Feature", "properties": { "field_1": 141, "x": -350773.8992, "y": 2025505.585, "scaled_x": 0.50469862563176404, "scaled_y": 0.83603123741561303, "post_mean": 3.6678662050874502, "post_sd": 0.091913254484988494, "post_q10": 3.5496126021401202, "post_q50": 3.6682008880879402, "post_q90": 3.78733184090905, "post_prob_exceed": 0.994, "prosp_score_happy": 3.64585900785693, "prosp_score_sad": 3.5496126021401202, "domain_class": "tier 1" }, "geometry": { "type": "Point", "coordinates": [ -162.339918013950722, 67.991224509447278 ] } },
{ "type": "Feature", "properties": { "field_1": 142, "x": -354293.8568, "y": 1997623.542, "scaled_x": 0.503701907707365, "scaled_y": 0.82148624082263999, "post_mean": 3.5569459714139202, "post_sd": 0.106525279631404, "post_q10": 3.4197971025712199, "post_q50": 3.5569105525021598, "post_q90": 3.69325256364995, "post_prob_exceed": 0.87733333333333297, "prosp_score_happy": 3.1206272655871401, "prosp_score_sad": 3.4197971025712199, "domain_class": "tier 1" }, "geometry": { "type": "Point", "coordinates": [ -162.339918013279771, 67.73736224603978 ] } },
{ "type": "Feature", "properties": { "field_1": 143, "x": -357855.343, "y": 1969412.546, "scaled_x": 0.502693430465185, "scaled_y": 0.80676964201729395, "post_mean": 3.44804665448267, "post_sd": 0.12294532920125199, "post_q10": 3.2905224971289102, "post_q50": 3.4476524781253399, "post_q90": 3.6055401514859899, "post_prob_exceed": 0.54516666666666702, "prosp_score_happy": 1.8797601011354701, "prosp_score_sad": 3.2905224971289102, "domain_class": "tier 3" }, "geometry": { "type": "Point", "coordinates": [ -162.339918013936483, 67.480722293957115 ] } },
{ "type": "Feature", "properties": { "field_1": 144, "x": -361458.639, "y": 1940870.368, "scaled_x": 0.50167311428009398, "scaled_y": 0.79188027821543605, "post_mean": 3.3438524301160499, "post_sd": 0.13755458725883399, "post_q10": 3.1675280609043601, "post_q50": 3.3445701134221602, "post_q90": 3.52012607471505, "post_prob_exceed": 0.25733333333333303, "prosp_score_happy": 0.86048469201653099, "prosp_score_sad": 3.1675280609043601, "domain_class": "Background" }, "geometry": { "type": "Point", "coordinates": [ -162.3399180113326, 67.221279445998178 ] } },
{ "type": "Feature", "properties": { "field_1": 145, "x": -365104.0237, "y": 1911994.801, "scaled_x": 0.50064088017823405, "scaled_y": 0.77681699810948501, "post_mean": 3.24691679975412, "post_sd": 0.14890186302230601, "post_q10": 3.0566000963710902, "post_q50": 3.2458685029832202, "post_q90": 3.4377485262957101, "post_prob_exceed": 0.104833333333333, "prosp_score_happy": 0.34038511117422299, "prosp_score_sad": 3.0566000963710902, "domain_class": "Background" }, "geometry": { "type": "Point", "coordinates": [ -162.339918011852632, 66.959008488770493 ] } },
{ "type": "Feature", "properties": { "field_1": 146, "x": -380111.9405, "y": 1793115.137, "scaled_x": 0.496391209761055, "scaled_y": 0.71480201922670195, "post_mean": 2.9712193948388799, "post_sd": 0.160602494984352, "post_q10": 2.76537764565074, "post_q50": 2.9682702250805102, "post_q90": 3.17913571741212, "post_prob_exceed": 0.002, "prosp_score_happy": 0.0059424387896777698, "prosp_score_sad": 2.76537764565074, "domain_class": "Background" }, "geometry": { "type": "Point", "coordinates": [ -162.339918012987795, 65.881137588313891 ] } },
{ "type": "Feature", "properties": { "field_1": 147, "x": -383971.8627, "y": 1762540.191, "scaled_x": 0.49529822681048602, "scaled_y": 0.69885223802163199, "post_mean": 2.93569963895535, "post_sd": 0.15733561334377499, "post_q10": 2.7360369862134801, "post_q50": 2.93268243711359, "post_q90": 3.13974133515898, "post_prob_exceed": 0.000333333333333333, "prosp_score_happy": 0.00097856654631845092, "prosp_score_sad": 2.7360369862134801, "domain_class": "Background" }, "geometry": { "type": "Point", "coordinates": [ -162.339918014796638, 65.604346432749921 ] } },
{ "type": "Feature", "properties": { "field_1": 148, "x": -387875.4907, "y": 1731619.045, "scaled_x": 0.49419286804202101, "scaled_y": 0.68272185750321501, "post_mean": 2.9135293703827201, "post_sd": 0.15257343306471299, "post_q10": 2.7201777686353199, "post_q50": 2.9137421556335301, "post_q90": 3.1095780776975901, "post_prob_exceed": 0.00016666666666666701, "prosp_score_happy": 0.000485588228397121, "prosp_score_sad": 2.7201777686353199, "domain_class": "Background" }, "geometry": { "type": "Point", "coordinates": [ -162.339918014786548, 65.324575198841544 ] } },
{ "type": "Feature", "properties": { "field_1": 149, "x": -391823.0829, "y": 1700349.652, "scaled_x": 0.49307506028662201, "scaled_y": 0.66640980982975895, "post_mean": 2.9036270124024499, "post_sd": 0.146579025145846, "post_q10": 2.7168050834345099, "post_q50": 2.9042929187472399, "post_q90": 3.09430986960587, "post_prob_exceed": 0.00016666666666666701, "prosp_score_happy": 0.00048393783540040801, "prosp_score_sad": 2.7168050834345099, "domain_class": "Background" }, "geometry": { "type": "Point", "coordinates": [ -162.339918012533417, 65.041798540491882 ] } },
{ "type": "Feature", "properties": { "field_1": 150, "x": -395814.8939, "y": 1668729.997, "scaled_x": 0.49194473145126499, "scaled_y": 0.64991504385274601, "post_mean": 2.9044345500802198, "post_sd": 0.13945340098851, "post_q10": 2.7284348545695298, "post_q50": 2.9052758582824398, "post_q90": 3.0842652386307101, "post_prob_exceed": 0.0, "prosp_score_happy": 0.0, "prosp_score_sad": 2.7284348545695298, "domain_class": "Background" }, "geometry": { "type": "Point", "coordinates": [ -162.339918012631784, 64.755991152518476 ] } },
{ "type": "Feature", "properties": { "field_1": 151, "x": -412229.276, "y": 1538709.538, "scaled_x": 0.487296803630486, "scaled_y": 0.58208833785520298, "post_mean": 2.97577752427304, "post_sd": 0.100396884526314, "post_q10": 2.8476883917781599, "post_q50": 2.97582222167935, "post_q90": 3.10373852322238, "post_prob_exceed": 0.0, "prosp_score_happy": 0.0, "prosp_score_sad": 2.8476883917781599, "domain_class": "Background" }, "geometry": { "type": "Point", "coordinates": [ -162.3399180133828, 63.581948954963615 ] } },
{ "type": "Feature", "properties": { "field_1": 152, "x": -416445.8545, "y": 1505309.47, "scaled_x": 0.48610282920005998, "scaled_y": 0.56466479843719497, "post_mean": 3.00101665422179, "post_sd": 0.089094990670668298, "post_q10": 2.8864353520897201, "post_q50": 3.0003633452018699, "post_q90": 3.1153090546922999, "post_prob_exceed": 0.0, "prosp_score_happy": 0.0, "prosp_score_sad": 2.8864353520897201, "domain_class": "Background" }, "geometry": { "type": "Point", "coordinates": [ -162.339918012600123, 63.280609376465549 ] } },
{ "type": "Feature", "properties": { "field_1": 153, "x": -420708.0887, "y": 1471547.758, "scaled_x": 0.48489592681432497, "scaled_y": 0.54705260316108295, "post_mean": 3.0259335122594999, "post_sd": 0.078276620714565204, "post_q10": 2.92562334639402, "post_q50": 3.0260898665445999, "post_q90": 3.1269458146943498, "post_prob_exceed": 0.0, "prosp_score_happy": 0.0, "prosp_score_sad": 2.92562334639402, "domain_class": "Background" }, "geometry": { "type": "Point", "coordinates": [ -162.339918013686372, 62.976088083085585 ] } },
{ "type": "Feature", "properties": { "field_1": 154, "x": -425016.2004, "y": 1437422.643, "scaled_x": 0.48367603366797002, "scaled_y": 0.52925083442376897, "post_mean": 3.0492144044277798, "post_sd": 0.068817930591162396, "post_q10": 2.9593529613167999, "post_q50": 3.0493632014358698, "post_q90": 3.1367431071900298, "post_prob_exceed": 0.0, "prosp_score_happy": 0.0, "prosp_score_sad": 2.9593529613167999, "domain_class": "Background" }, "geometry": { "type": "Point", "coordinates": [ -162.339918011453676, 62.66836017219061 ] } },
{ "type": "Feature", "properties": { "field_1": 155, "x": -429370.4063, "y": 1402932.412, "scaled_x": 0.48244308839980699, "scaled_y": 0.51125859861860001, "post_mean": 3.0696559534563201, "post_sd": 0.061612917258452901, "post_q10": 2.98986227532269, "post_q50": 3.0693523373610598, "post_q90": 3.1488230720227701, "post_prob_exceed": 0.0, "prosp_score_happy": 0.0, "prosp_score_sad": 2.98986227532269, "domain_class": "Background" }, "geometry": { "type": "Point", "coordinates": [ -162.339918014516883, 62.357400856466647 ] } },
{ "type": "Feature", "properties": { "field_1": 156, "x": -433770.9165, "y": 1368075.396, "scaled_x": 0.48119703151752002, "scaled_y": 0.49307502509203899, "post_mean": 3.0860899110735001, "post_sd": 0.0572312424393846, "post_q10": 3.0121131984531, "post_q50": 3.0856780988816501, "post_q90": 3.15911683169247, "post_prob_exceed": 0.0, "prosp_score_happy": 0.0, "prosp_score_sad": 3.0121131984531, "domain_class": "Background" }, "geometry": { "type": "Point", "coordinates": [ -162.339918011257566, 62.043185440938828 ] } },
{ "type": "Feature", "properties": { "field_1": 157, "x": -438217.9355, "y": 1332849.98, "scaled_x": 0.47993780511449602, "scaled_y": 0.474699271360288, "post_mean": 3.0973223531685998, "post_sd": 0.055507340480667897, "post_q10": 3.0256461583873402, "post_q50": 3.0970901969953002, "post_q90": 3.1679663910188798, "post_prob_exceed": 0.0, "prosp_score_happy": 0.0, "prosp_score_sad": 3.0256461583873402, "domain_class": "Background" }, "geometry": { "type": "Point", "coordinates": [ -162.339918013448113, 61.725689403578436 ] } },
{ "type": "Feature", "properties": { "field_1": 158, "x": -442711.6609, "y": 1297254.595, "scaled_x": 0.47866535323794401, "scaled_y": 0.45613051893599199, "post_mean": 3.1021092278684499, "post_sd": 0.055519138314962801, "post_q10": 3.0311681815170299, "post_q50": 3.1027610424680199, "post_q90": 3.1715052418625, "post_prob_exceed": 0.0, "prosp_score_happy": 0.0, "prosp_score_sad": 3.0311681815170299, "domain_class": "Background" }, "geometry": { "type": "Point", "coordinates": [ -162.339918012017137, 61.404888318675624 ] } },
{ "type": "Feature", "properties": { "field_1": 159, "x": -447252.2836, "y": 1261287.731, "scaled_x": 0.47737962183225202, "scaled_y": 0.43736798010984002, "post_mean": 3.09918737884378, "post_sd": 0.056215182824851703, "post_q10": 3.02663894591951, "post_q50": 3.09886059953338, "post_q90": 3.1708326524907702, "post_prob_exceed": 0.0, "prosp_score_happy": 0.0, "prosp_score_sad": 3.02663894591951, "domain_class": "Background" }, "geometry": { "type": "Point", "coordinates": [ -162.339918012067983, 61.080757964767891 ] } },
{ "type": "Feature", "properties": { "field_1": 160, "x": -451839.9875, "y": 1224947.931, "scaled_x": 0.47608055882394701, "scaled_y": 0.41841089482059701, "post_mean": 3.0873766518152101, "post_sd": 0.057466109037491303, "post_q10": 3.0137350410588701, "post_q50": 3.08791897329455, "post_q90": 3.1605379497586301, "post_prob_exceed": 0.0, "prosp_score_happy": 0.0, "prosp_score_sad": 3.0137350410588701, "domain_class": "Background" }, "geometry": { "type": "Point", "coordinates": [ -162.339918012854696, 60.753274264484475 ] } },
{ "type": "Feature", "properties": { "field_1": 161, "x": -456474.949, "y": 1188233.797, "scaled_x": 0.47476811426326498, "scaled_y": 0.39925853378507298, "post_mean": 3.0657640941006998, "post_sd": 0.061393922766738898, "post_q10": 2.9869855575858599, "post_q50": 3.0655945170568502, "post_q90": 3.1442274191415298, "post_prob_exceed": 0.0, "prosp_score_happy": 0.0, "prosp_score_sad": 2.9869855575858599, "domain_class": "Background" }, "geometry": { "type": "Point", "coordinates": [ -162.339918012728418, 60.422413331000577 ] } },
{ "type": "Feature", "properties": { "field_1": 162, "x": -526404.8517, "y": 634309.9263000001, "scaled_x": 0.45496662930431198, "scaled_y": 0.110297613234944, "post_mean": 3.98089612947643, "post_sd": 0.47362652560002699, "post_q10": 3.3894672152057899, "post_q50": 3.9687323343365399, "post_q90": 4.5830141553695398, "post_prob_exceed": 0.8825, "prosp_score_happy": 3.5131408342629502, "prosp_score_sad": 3.3894672152057899, "domain_class": "tier 1" }, "geometry": { "type": "Point", "coordinates": [ -162.339918012676861, 55.422957415280699 ] } },
{ "type": "Feature", "properties": { "field_1": 163, "x": -531763.8057, "y": 591860.9538, "scaled_x": 0.45344917764301101, "scaled_y": 0.088153606054848593, "post_mean": 4.4160048939246996, "post_sd": 0.63547637598738205, "post_q10": 3.5953548436788099, "post_q50": 4.4028771158766302, "post_q90": 5.2443230338584197, "post_prob_exceed": 0.94316666666666704, "prosp_score_happy": 4.1650286157866496, "prosp_score_sad": 3.5953548436788099, "domain_class": "tier 1" }, "geometry": { "type": "Point", "coordinates": [ -162.339918013400336, 55.038748548832636 ] } },
{ "type": "Feature", "properties": { "field_1": 164, "x": -295111.1102, "y": 2258890.742, "scaled_x": 0.52046020739579701, "scaled_y": 0.95777935728673003, "post_mean": 4.1667313409297897, "post_sd": 0.41712904177257898, "post_q10": 3.6293523231861902, "post_q50": 4.1699100007942098, "post_q90": 4.6952326985710799, "post_prob_exceed": 0.96016666666666695, "prosp_score_happy": 4.00075654251608, "prosp_score_sad": 3.6293523231861902, "domain_class": "tier 1" }, "geometry": { "type": "Point", "coordinates": [ -161.66618154912851, 70.155113033440131 ] } },
{ "type": "Feature", "properties": { "field_1": 165, "x": -298016.2241, "y": 2233836.032, "scaled_x": 0.51963758978911001, "scaled_y": 0.94470927230092205, "post_mean": 4.1502758779072204, "post_sd": 0.35664072288968601, "post_q10": 3.6920415344074198, "post_q50": 4.1533763309525202, "post_q90": 4.5996700412283298, "post_prob_exceed": 0.97666666666666702, "prosp_score_happy": 4.0534361074227201, "prosp_score_sad": 3.6920415344074198, "domain_class": "tier 1" }, "geometry": { "type": "Point", "coordinates": [ -161.666181549682335, 69.925127468071864 ] } },
{ "type": "Feature", "properties": { "field_1": 166, "x": -300957.1323, "y": 2208472.619, "scaled_x": 0.51880483659999499, "scaled_y": 0.93147814875408697, "post_mean": 4.1195759282986, "post_sd": 0.30022488516138801, "post_q10": 3.7379791075587501, "post_q50": 4.1220438339212802, "post_q90": 4.4973647517011601, "post_prob_exceed": 0.98916666666666697, "prosp_score_happy": 4.0749471890753597, "prosp_score_sad": 3.7379791075587501, "domain_class": "tier 1" }, "geometry": { "type": "Point", "coordinates": [ -161.666181548649973, 69.692587747454553 ] } },
{ "type": "Feature", "properties": { "field_1": 167, "x": -303934.1054, "y": 2182798.171, "scaled_x": 0.51796187120483705, "scaled_y": 0.91808477013091805, "post_mean": 4.0753422622874096, "post_sd": 0.24862168251567701, "post_q10": 3.75599789039333, "post_q50": 4.0757199189206599, "post_q90": 4.3878162114447301, "post_prob_exceed": 0.99483333333333301, "prosp_score_happy": 4.05428632726559, "prosp_score_sad": 3.75599789039333, "domain_class": "tier 1" }, "geometry": { "type": "Point", "coordinates": [ -161.66618155114557, 69.457469402234622 ] } },
{ "type": "Feature", "properties": { "field_1": 168, "x": -306947.4132, "y": 2156810.358, "scaled_x": 0.51710861720655199, "scaled_y": 0.90452792095943302, "post_mean": 4.0185654787582203, "post_sd": 0.20294323408634701, "post_q10": 3.7540787458646401, "post_q50": 4.0209379108843599, "post_q90": 4.2757604268996303, "post_prob_exceed": 0.99783333333333302, "prosp_score_happy": 4.0098585868875798, "prosp_score_sad": 3.7540787458646401, "domain_class": "tier 1" }, "geometry": { "type": "Point", "coordinates": [ -161.66618154802083, 69.219747814593418 ] } },
{ "type": "Feature", "properties": { "field_1": 169, "x": -309997.3246, "y": 2130506.864, "scaled_x": 0.51624499846290395, "scaled_y": 0.89080639307091702, "post_mean": 3.9505222314500701, "post_sd": 0.16486424007617001, "post_q10": 3.7368624318167201, "post_q50": 3.9551623883037901, "post_q90": 4.1586620315318203, "post_prob_exceed": 0.99883333333333302, "prosp_score_happy": 3.9459132888467101, "prosp_score_sad": 3.7368624318167201, "domain_class": "tier 1" }, "geometry": { "type": "Point", "coordinates": [ -161.666181548213785, 68.979398322926642 ] } },
{ "type": "Feature", "properties": { "field_1": 170, "x": -313084.1074, "y": 2103885.379, "scaled_x": 0.51537093914313103, "scaled_y": 0.87691898142662394, "post_mean": 3.8727722290036799, "post_sd": 0.136708434218555, "post_q10": 3.6958707416329601, "post_q50": 3.8742589847912101, "post_q90": 4.0458918647209599, "post_prob_exceed": 0.99916666666666698, "prosp_score_happy": 3.8695449188128399, "prosp_score_sad": 3.6958707416329601, "domain_class": "tier 1" }, "geometry": { "type": "Point", "coordinates": [ -161.666181550502159, 68.736396145807319 ] } },
{ "type": "Feature", "properties": { "field_1": 171, "x": -316208.0281, "y": 2076943.603, "scaled_x": 0.51448636378458401, "scaled_y": 0.86286448620442402, "post_mean": 3.7871439309666801, "post_sd": 0.12078340893570499, "post_q10": 3.6307127188391499, "post_q50": 3.7871702457190199, "post_q90": 3.9404618210090701, "post_prob_exceed": 0.99666666666666703, "prosp_score_happy": 3.77452011786345, "prosp_score_sad": 3.6307127188391499, "domain_class": "tier 1" }, "geometry": { "type": "Point", "coordinates": [ -161.666181550333675, 68.490716414245355 ] } },
{ "type": "Feature", "properties": { "field_1": 172, "x": -319369.3518, "y": 2049679.25, "scaled_x": 0.51359119732103997, "scaled_y": 0.84864171488545603, "post_mean": 3.69570672495581, "post_sd": 0.117317433339171, "post_q10": 3.5430739231053501, "post_q50": 3.6989103748470602, "post_q90": 3.8443003249848799, "post_prob_exceed": 0.98566666666666702, "prosp_score_happy": 3.6427349285647801, "prosp_score_sad": 3.5430739231053501, "domain_class": "tier 1" }, "geometry": { "type": "Point", "coordinates": [ -161.6661815486477, 68.242334203537339 ] } },
{ "type": "Feature", "properties": { "field_1": 173, "x": -322568.3424, "y": 2022090.046, "scaled_x": 0.51268536502606998, "scaled_y": 0.83424948121079801, "post_mean": 3.6007275403174099, "post_sd": 0.123071997627621, "post_q10": 3.4413078035702198, "post_q50": 3.6021593723266401, "post_q90": 3.7587203054775302, "post_prob_exceed": 0.90933333333333299, "prosp_score_happy": 3.2742615766619698, "prosp_score_sad": 3.4413078035702198, "domain_class": "tier 1" }, "geometry": { "type": "Point", "coordinates": [ -161.666181550856862, 67.991224510661652 ] } },
{ "type": "Feature", "properties": { "field_1": 174, "x": -325805.2619, "y": 1994173.729, "scaled_x": 0.51176879271125397, "scaled_y": 0.81968660518147096, "post_mean": 3.5046104045484499, "post_sd": 0.13329702782432201, "post_q10": 3.3332560504709399, "post_q50": 3.5064109242024002, "post_q90": 3.6751373793428899, "post_prob_exceed": 0.708, "prosp_score_happy": 2.4812641664203001, "prosp_score_sad": 3.3332560504709399, "domain_class": "tier 2" }, "geometry": { "type": "Point", "coordinates": [ -161.66618155029866, 67.7373622505729 ] } },
{ "type": "Feature", "properties": { "field_1": 175, "x": -329080.3708, "y": 1965928.053, "scaled_x": 0.510841406612914, "scaled_y": 0.80495191514508302, "post_mean": 3.40981840923427, "post_sd": 0.14423077826004299, "post_q10": 3.2249666458206798, "post_q50": 3.4102569512988001, "post_q90": 3.5947543073623001, "post_prob_exceed": 0.4335, "prosp_score_happy": 1.4781562804030499, "prosp_score_sad": 3.2249666458206798, "domain_class": "tier 3" }, "geometry": { "type": "Point", "coordinates": [ -161.666181548774745, 67.480722287105934 ] } },
{ "type": "Feature", "properties": { "field_1": 176, "x": -332393.9276, "y": 1937350.79, "scaled_x": 0.50990313353369399, "scaled_y": 0.79004424883915603, "post_mean": 3.3187790917023001, "post_sd": 0.153663109922868, "post_q10": 3.1226952105673602, "post_q50": 3.31850560498459, "post_q90": 3.5155170144629899, "post_prob_exceed": 0.229833333333333, "prosp_score_happy": 0.76276606124291202, "prosp_score_sad": 3.1226952105673602, "domain_class": "Background" }, "geometry": { "type": "Point", "coordinates": [ -161.66618155000819, 67.22127944664291 ] } },
{ "type": "Feature", "properties": { "field_1": 177, "x": -335746.1887, "y": 1908439.727, "scaled_x": 0.50895390087088199, "scaled_y": 0.77496245182613799, "post_mean": 3.2337765420467699, "post_sd": 0.16053672441403, "post_q10": 3.0278112500105001, "post_q50": 3.2331403584372298, "post_q90": 3.4375421492914402, "post_prob_exceed": 0.105333333333333, "prosp_score_happy": 0.34062446242892602, "prosp_score_sad": 3.0278112500105001, "domain_class": "Background" }, "geometry": { "type": "Point", "coordinates": [ -161.666181549410254, 66.959008486460561 ] } },
{ "type": "Feature", "properties": { "field_1": 178, "x": -339137.4084, "y": 1879192.672, "scaled_x": 0.50799363661640196, "scaled_y": 0.759705380623374, "post_mean": 3.1568365058566701, "post_sd": 0.164523418504951, "post_q10": 2.9425796181592698, "post_q50": 3.1556192055169299, "post_q90": 3.36794173625182, "post_prob_exceed": 0.045666666666666703, "prosp_score_happy": 0.14416220043412101, "prosp_score_sad": 2.9425796181592698, "domain_class": "Background" }, "geometry": { "type": "Point", "coordinates": [ -161.666181550078591, 66.693884143482677 ] } },
{ "type": "Feature", "properties": { "field_1": 179, "x": -342567.8388, "y": 1849607.45, "scaled_x": 0.50702226938513695, "scaled_y": 0.74427190061646198, "post_mean": 3.0896138694194901, "post_sd": 0.16574249089625201, "post_q10": 2.8750763336045799, "post_q50": 3.0882297049005101, "post_q90": 3.30202549242204, "post_prob_exceed": 0.0191666666666667, "prosp_score_happy": 0.059217599163873598, "prosp_score_sad": 2.8750763336045799, "domain_class": "Background" }, "geometry": { "type": "Point", "coordinates": [ -161.666181549912466, 66.425881093461868 ] } },
{ "type": "Feature", "properties": { "field_1": 180, "x": -349547.3262, "y": 1789413.929, "scaled_x": 0.50504594438772898, "scaled_y": 0.71287124041863903, "post_mean": 2.9885281585847001, "post_sd": 0.16148138738392701, "post_q10": 2.7822749128903599, "post_q50": 2.9888084314043901, "post_q90": 3.19763019063585, "post_prob_exceed": 0.0035, "prosp_score_happy": 0.0104598485550464, "prosp_score_sad": 2.7822749128903599, "domain_class": "Background" }, "geometry": { "type": "Point", "coordinates": [ -161.666181549477074, 65.881137589518971 ] } },
{ "type": "Feature", "properties": { "field_1": 181, "x": -353096.8739, "y": 1758801.398, "scaled_x": 0.50404084767403601, "scaled_y": 0.69690185255501302, "post_mean": 2.95539677528068, "post_sd": 0.15693513740435699, "post_q10": 2.75736217213844, "post_q50": 2.9566451992557701, "post_q90": 3.1569979647948299, "post_prob_exceed": 0.00083333333333333295, "prosp_score_happy": 0.0024628306460672302, "prosp_score_sad": 2.75736217213844, "domain_class": "Background" }, "geometry": { "type": "Point", "coordinates": [ -161.666181549127742, 65.604346430923073 ] } },
{ "type": "Feature", "properties": { "field_1": 182, "x": -356686.6131, "y": 1727842.242, "scaled_x": 0.503024370258355, "scaled_y": 0.68075164367177798, "post_mean": 2.9334413867347102, "post_sd": 0.151266884931539, "post_q10": 2.7417656746108201, "post_q50": 2.9342183440929701, "post_q90": 3.1264662367000202, "post_prob_exceed": 0.00016666666666666701, "prosp_score_happy": 0.00048890689778911898, "prosp_score_sad": 2.7417656746108201, "domain_class": "Background" }, "geometry": { "type": "Point", "coordinates": [ -161.666181549872789, 65.324575198996598 ] } },
{ "type": "Feature", "properties": { "field_1": 183, "x": -360316.7814, "y": 1696534.411, "scaled_x": 0.50199644486141404, "scaled_y": 0.66441954436225503, "post_mean": 2.9217343913987301, "post_sd": 0.14465264945088999, "post_q10": 2.7378214574194102, "post_q50": 2.92241528715383, "post_q90": 3.1097194888261099, "post_prob_exceed": 0.0, "prosp_score_happy": 0.0, "prosp_score_sad": 2.7378214574194102, "domain_class": "Background" }, "geometry": { "type": "Point", "coordinates": [ -161.666181549588259, 65.041798543344171 ] } },
{ "type": "Feature", "properties": { "field_1": 184, "x": -382959.6481, "y": 1501254.473, "scaled_x": 0.49558484743204101, "scaled_y": 0.56254946142442597, "post_mean": 2.9877607908669401, "post_sd": 0.087284404688598299, "post_q10": 2.8760881571746202, "post_q50": 2.9874599107723299, "post_q90": 3.1006359660235701, "post_prob_exceed": 0.0, "prosp_score_happy": 0.0, "prosp_score_sad": 2.8760881571746202, "domain_class": "Background" }, "geometry": { "type": "Point", "coordinates": [ -161.666181550118779, 63.28060937653845 ] } },
{ "type": "Feature", "properties": { "field_1": 185, "x": -386879.1581, "y": 1467451.259, "scaled_x": 0.49447499148608798, "scaled_y": 0.54491561614050799, "post_mean": 3.0085763304292201, "post_sd": 0.076965560991082094, "post_q10": 2.9096996955618302, "post_q50": 3.00713670340201, "post_q90": 3.1079999547263002, "post_prob_exceed": 0.0, "prosp_score_happy": 0.0, "prosp_score_sad": 2.9096996955618302, "domain_class": "Background" }, "geometry": { "type": "Point", "coordinates": [ -161.666181550320658, 62.976088083444793 ] } },
{ "type": "Feature", "properties": { "field_1": 186, "x": -390840.8567, "y": 1433284.195, "scaled_x": 0.49335318933549199, "scaled_y": 0.52709196421256499, "post_mean": 3.0291418207415299, "post_sd": 0.068016113371708403, "post_q10": 2.9402831071235598, "post_q50": 3.02840338501067, "post_q90": 3.1165537022424901, "post_prob_exceed": 0.0, "prosp_score_happy": 0.0, "prosp_score_sad": 2.9402831071235598, "domain_class": "Background" }, "geometry": { "type": "Point", "coordinates": [ -161.666181548542539, 62.66836017020961 ] } },
{ "type": "Feature", "properties": { "field_1": 187, "x": -394844.943, "y": 1398751.566, "scaled_x": 0.49221938460271702, "scaled_y": 0.50907761099062199, "post_mean": 3.0484100132512402, "post_sd": 0.061221361314929397, "post_q10": 2.9689845453327499, "post_q50": 3.0481804262909602, "post_q90": 3.12647687147778, "post_prob_exceed": 0.0, "prosp_score_happy": 0.0, "prosp_score_sad": 2.9689845453327499, "domain_class": "Background" }, "geometry": { "type": "Point", "coordinates": [ -161.666181549547105, 62.357400850717362 ] } },
{ "type": "Feature", "properties": { "field_1": 188, "x": -398891.6104, "y": 1363851.703, "scaled_x": 0.49107352252424702, "scaled_y": 0.49087168582114099, "post_mean": 3.0652289342937902, "post_sd": 0.057073707458300503, "post_q10": 2.99071088143236, "post_q50": 3.0656422344982301, "post_q90": 3.13708553464962, "post_prob_exceed": 0.0, "prosp_score_happy": 0.0, "prosp_score_sad": 2.99071088143236, "domain_class": "Background" }, "geometry": { "type": "Point", "coordinates": [ -161.666181550928229, 62.043185447914595 ] } },
{ "type": "Feature", "properties": { "field_1": 189, "x": -402981.0468, "y": 1328582.985, "scaled_x": 0.48991554989396102, "scaled_y": 0.47247334309035399, "post_mean": 3.0782857116442699, "post_sd": 0.0554528932362797, "post_q10": 3.0068991240291698, "post_q50": 3.0785118781696501, "post_q90": 3.1493041471200902, "post_prob_exceed": 0.0, "prosp_score_happy": 0.0, "prosp_score_sad": 3.0068991240291698, "domain_class": "Background" }, "geometry": { "type": "Point", "coordinates": [ -161.666181551613306, 61.725689404373895 ] } },
{ "type": "Feature", "properties": { "field_1": 190, "x": -407113.4339, "y": 1292943.844, "scaled_x": 0.48874541526133802, "scaled_y": 0.45388176483256598, "post_mean": 3.0860951553236999, "post_sd": 0.055616504130823301, "post_q10": 3.0155187506462302, "post_q50": 3.0864077764350801, "post_q90": 3.1560430821110899, "post_prob_exceed": 0.0, "prosp_score_happy": 0.0, "prosp_score_sad": 3.0155187506462302, "domain_class": "Background" }, "geometry": { "type": "Point", "coordinates": [ -161.666181549553897, 61.404888320331651 ] } },
{ "type": "Feature", "properties": { "field_1": 191, "x": -411288.9474, "y": 1256932.767, "scaled_x": 0.48756306887482997, "scaled_y": 0.43509616177348198, "post_mean": 3.0870502437459599, "post_sd": 0.056681473260915098, "post_q10": 3.0142159416624201, "post_q50": 3.0867527512533601, "post_q90": 3.1598595977474102, "post_prob_exceed": 0.0, "prosp_score_happy": 0.0, "prosp_score_sad": 3.0142159416624201, "domain_class": "Background" }, "geometry": { "type": "Point", "coordinates": [ -161.666181549755436, 61.080757964057362 ] } },
{ "type": "Feature", "properties": { "field_1": 192, "x": -415507.7562, "y": 1220548.296, "scaled_x": 0.48636846290839197, "scaled_y": 0.416115773330205, "post_mean": 3.0795489318051001, "post_sd": 0.058396356694147798, "post_q10": 3.0033648142762099, "post_q50": 3.0800324767535501, "post_q90": 3.1546021463285498, "post_prob_exceed": 0.0, "prosp_score_happy": 0.0, "prosp_score_sad": 3.0033648142762099, "domain_class": "Background" }, "geometry": { "type": "Point", "coordinates": [ -161.666181549291878, 60.753274265418405 ] } },
{ "type": "Feature", "properties": { "field_1": 193, "x": -419770.0228, "y": 1183789.031, "scaled_x": 0.48516155134821098, "scaled_y": 0.39693986917622198, "post_mean": 3.0622080597271299, "post_sd": 0.062041030722187203, "post_q10": 2.98200294280986, "post_q50": 3.0630384237326602, "post_q90": 3.1402898086722701, "post_prob_exceed": 0.0, "prosp_score_happy": 0.0, "prosp_score_sad": 2.98200294280986, "domain_class": "Background" }, "geometry": { "type": "Point", "coordinates": [ -161.666181551240044, 60.422413334781567 ] } },
{ "type": "Feature", "properties": { "field_1": 194, "x": -424075.9021, "y": 1146653.633, "scaled_x": 0.48394229033250802, "scaled_y": 0.37756775080639099, "post_mean": 3.03416881101009, "post_sd": 0.071053380511137895, "post_q10": 2.9436017762489999, "post_q50": 3.0343165787916901, "post_q90": 3.1243473529412702, "post_prob_exceed": 0.0, "prosp_score_happy": 0.0, "prosp_score_sad": 2.9436017762489999, "domain_class": "Background" }, "geometry": { "type": "Point", "coordinates": [ -161.666181549109979, 60.088151483494364 ] } },
{ "type": "Feature", "properties": { "field_1": 195, "x": -428425.542, "y": 1109140.83, "scaled_x": 0.48271063798163599, "scaled_y": 0.357998754666908, "post_mean": 2.9954867437928701, "post_sd": 0.089958760508313501, "post_q10": 2.8796484941723799, "post_q50": 2.99506080276758, "post_q90": 3.1108608046139001, "post_prob_exceed": 0.0, "prosp_score_happy": 0.0, "prosp_score_sad": 2.8796484941723799, "domain_class": "Background" }, "geometry": { "type": "Point", "coordinates": [ -161.666181550306845, 59.750465269105334 ] } },
{ "type": "Feature", "properties": { "field_1": 196, "x": -432819.0826, "y": 1071249.411, "scaled_x": 0.48146655462461102, "scaled_y": 0.33823224902534099, "post_mean": 2.9475807325811099, "post_sd": 0.121727960161257, "post_q10": 2.79137280766713, "post_q50": 2.9455009865119202, "post_q90": 3.1051182427182602, "post_prob_exceed": 0.00016666666666666701, "prosp_score_happy": 0.00049126345543018405, "prosp_score_sad": 2.79137280766713, "domain_class": "Background" }, "geometry": { "type": "Point", "coordinates": [ -161.666181549175008, 59.409331435392005 ] } },
{ "type": "Feature", "properties": { "field_1": 197, "x": -437256.6559, "y": 1032978.24, "scaled_x": 0.48021000288406002, "scaled_y": 0.31826764127388901, "post_mean": 2.8936888841083301, "post_sd": 0.166830787879542, "post_q10": 2.6788963922693299, "post_q50": 2.89151947242804, "post_q90": 3.1085548802190202, "post_prob_exceed": 0.00016666666666666701, "prosp_score_happy": 0.00048228148068472199, "prosp_score_sad": 2.6788963922693299, "domain_class": "Background" }, "geometry": { "type": "Point", "coordinates": [ -161.666181550648531, 59.06472702948713 ] } },
{ "type": "Feature", "properties": { "field_1": 198, "x": -441738.3858, "y": 994326.2464, "scaled_x": 0.47894094767622403, "scaled_y": 0.29810437292143499, "post_mean": 2.8392487835301501, "post_sd": 0.22391310665688599, "post_q10": 2.5532042210677499, "post_q50": 2.8377395261751599, "post_q90": 3.1240123892243798, "post_prob_exceed": 0.0041666666666666701, "prosp_score_happy": 0.011830203264709, "prosp_score_sad": 2.5532042210677499, "domain_class": "Background" }, "geometry": { "type": "Point", "coordinates": [ -161.666181550572958, 58.716629309024121 ] } },
{ "type": "Feature", "properties": { "field_1": 199, "x": -479193.7185, "y": 671298.4616, "scaled_x": 0.46833502405191302, "scaled_y": 0.12959311894511, "post_mean": 3.60799644108257, "post_sd": 0.43586721316188698, "post_q10": 3.0643091138606202, "post_q50": 3.5977024064617402, "post_q90": 4.1597570250304603, "post_prob_exceed": 0.65633333333333299, "prosp_score_happy": 2.36804833083053, "prosp_score_sad": 3.0643091138606202, "domain_class": "tier 2" }, "geometry": { "type": "Point", "coordinates": [ -161.666181549232533, 55.803464412873133 ] } },
{ "type": "Feature", "properties": { "field_1": 200, "x": -269276.0566, "y": 2256027.88, "scaled_x": 0.52777571057143802, "scaled_y": 0.95628591155765796, "post_mean": 3.9697914947650199, "post_sd": 0.37856221505107202, "post_q10": 3.4824194642500399, "post_q50": 3.9727604020590301, "post_q90": 4.4484678305922998, "post_prob_exceed": 0.92016666666666702, "prosp_score_happy": 3.6528698070996102, "prosp_score_sad": 3.4824194642500399, "domain_class": "tier 1" }, "geometry": { "type": "Point", "coordinates": [ -160.99244508693215, 70.155113040741455 ] } },
{ "type": "Feature", "properties": { "field_1": 201, "x": -271926.8468, "y": 2230944.987, "scaled_x": 0.52702510774992695, "scaled_y": 0.94320112457748895, "post_mean": 3.9659162340140601, "post_sd": 0.32504970255416599, "post_q10": 3.5487799143199501, "post_q50": 3.9675132124708701, "post_q90": 4.3727527757667799, "post_prob_exceed": 0.94783333333333297, "prosp_score_happy": 3.7590276038063299, "prosp_score_sad": 3.5487799143199501, "domain_class": "tier 1" }, "geometry": { "type": "Point", "coordinates": [ -160.992445087890701, 69.925127469948848 ] } },
{ "type": "Feature", "properties": { "field_1": 202, "x": -274610.2976, "y": 2205553.045, "scaled_x": 0.52626525669046997, "scaled_y": 0.92995511854130997, "post_mean": 3.9484095567002999, "post_sd": 0.27659590052264399, "post_q10": 3.5890025626857098, "post_q50": 3.9500621376967202, "post_q90": 4.2974089488116904, "post_prob_exceed": 0.96966666666666701, "prosp_score_happy": 3.82864113348039, "prosp_score_sad": 3.5890025626857098, "domain_class": "tier 1" }, "geometry": { "type": "Point", "coordinates": [ -160.992445087103533, 69.692587755268463 ] } },
{ "type": "Feature", "properties": { "field_1": 203, "x": -277326.6561, "y": 2179849.716, "scaled_x": 0.52549608742375997, "scaled_y": 0.91654667380384702, "post_mean": 3.9179223840002, "post_sd": 0.23408386947811999, "post_q10": 3.6078402027803902, "post_q50": 3.9211958429090901, "post_q90": 4.2120658174993704, "post_prob_exceed": 0.980833333333333, "prosp_score_happy": 3.8428288716401999, "prosp_score_sad": 3.6078402027803902, "domain_class": "tier 1" }, "geometry": { "type": "Point", "coordinates": [ -160.992445085056147, 69.457469396630842 ] } },
{ "type": "Feature", "properties": { "field_1": 204, "x": -280076.1685, "y": 2153832.672, "scaled_x": 0.52471753023533296, "scaled_y": 0.90297457593644004, "post_mean": 3.8753715743371102, "post_sd": 0.198683393052067, "post_q10": 3.6145155049003299, "post_q50": 3.87926988187328, "post_q90": 4.1264460305591903, "post_prob_exceed": 0.986, "prosp_score_happy": 3.8211163722963999, "prosp_score_sad": 3.6145155049003299, "domain_class": "tier 1" }, "geometry": { "type": "Point", "coordinates": [ -160.992445086102293, 69.219747817931705 ] } },
{ "type": "Feature", "properties": { "field_1": 205, "x": -282859.0801, "y": 2127499.591, "scaled_x": 0.523929515665573, "scaled_y": 0.88923761364040199, "post_mean": 3.8219442368552401, "post_sd": 0.17174864636301199, "post_q10": 3.59921904626863, "post_q50": 3.8263986748505201, "post_q90": 4.0401406152539803, "post_prob_exceed": 0.987, "prosp_score_happy": 3.77225896177612, "prosp_score_sad": 3.59921904626863, "domain_class": "tier 1" }, "geometry": { "type": "Point", "coordinates": [ -160.992445087900279, 68.979398326986029 ] } },
{ "type": "Feature", "properties": { "field_1": 206, "x": -285675.6352, "y": 2100848.16, "scaled_x": 0.52313197453802496, "scaled_y": 0.87533458031200295, "post_mean": 3.7590926441561798, "post_sd": 0.15435445616738599, "post_q10": 3.55754307769487, "post_q50": 3.7621991404118802, "post_q90": 3.9516654782134601, "post_prob_exceed": 0.9795, "prosp_score_happy": 3.6820312449509802, "prosp_score_sad": 3.55754307769487, "domain_class": "tier 1" }, "geometry": { "type": "Point", "coordinates": [ -160.992445087011191, 68.736396138818307 ] } },
{ "type": "Feature", "properties": { "field_1": 207, "x": -288526.0769, "y": 2073876.08, "scaled_x": 0.52232483801602703, "scaled_y": 0.86126427665077498, "post_mean": 3.6885176868820402, "post_sd": 0.146436371212219, "post_q10": 3.4998224059810701, "post_q50": 3.6911067824875401, "post_q90": 3.8741032090008201, "post_prob_exceed": 0.954, "prosp_score_happy": 3.5188458732854699, "prosp_score_sad": 3.4998224059810701, "domain_class": "tier 1" }, "geometry": { "type": "Point", "coordinates": [ -160.992445086856065, 68.490716416804077 ] } },
{ "type": "Feature", "properties": { "field_1": 208, "x": -291410.6474, "y": 2046581.059, "scaled_x": 0.52150803751776498, "scaled_y": 0.84702550700788504, "post_mean": 3.6121388392805098, "post_sd": 0.14623152505894699, "post_q10": 3.4223929753537798, "post_q50": 3.6167605220027101, "post_q90": 3.7961740742569101, "post_prob_exceed": 0.88666666666666705, "prosp_score_happy": 3.2027631041620501, "prosp_score_sad": 3.4223929753537798, "domain_class": "tier 1" }, "geometry": { "type": "Point", "coordinates": [ -160.992445086906059, 68.24233420505297 ] } },
{ "type": "Feature", "properties": { "field_1": 209, "x": -294329.5872, "y": 2018960.821, "scaled_x": 0.52068150494279797, "scaled_y": 0.83261708408108803, "post_mean": 3.5320490354099099, "post_sd": 0.150843616250038, "post_q10": 3.3349655348279099, "post_q50": 3.53530505629484, "post_q90": 3.7248112722028002, "post_prob_exceed": 0.74433333333333296, "prosp_score_happy": 2.6290218320234402, "prosp_score_sad": 3.3349655348279099, "domain_class": "tier 2" }, "geometry": { "type": "Point", "coordinates": [ -160.992445086438124, 67.991224505909059 ] } },
{ "type": "Feature", "properties": { "field_1": 210, "x": -297283.1355, "y": 1991013.103, "scaled_x": 0.51984517255879803, "scaled_y": 0.81803782734974395, "post_mean": 3.4504533760761, "post_sd": 0.15740504472745601, "post_q10": 3.2442332876604798, "post_q50": 3.4532775912848601, "post_q90": 3.65062039436379, "post_prob_exceed": 0.548, "prosp_score_happy": 1.8908484500897, "prosp_score_sad": 3.2442332876604798, "domain_class": "tier 3" }, "geometry": { "type": "Point", "coordinates": [ -160.992445086482121, 67.737362248029555 ] } },
{ "type": "Feature", "properties": { "field_1": 211, "x": -300271.53, "y": 1962735.656, "scaled_x": 0.51899897305817799, "scaled_y": 0.80328656359647499, "post_mean": 3.3695918575400499, "post_sd": 0.16377886038787001, "post_q10": 3.15601013442244, "post_q50": 3.3711867367616799, "post_q90": 3.5791918077490901, "post_prob_exceed": 0.351333333333333, "prosp_score_happy": 1.1838499392824, "prosp_score_sad": 3.15601013442244, "domain_class": "Background" }, "geometry": { "type": "Point", "coordinates": [ -160.992445087554273, 67.48072229098608 ] } },
{ "type": "Feature", "properties": { "field_1": 212, "x": -303295.0064, "y": 1934126.248, "scaled_x": 0.51814283969967501, "scaled_y": 0.78836212847215503, "post_mean": 3.2916480214637098, "post_sd": 0.16865542863014199, "post_q10": 3.0755883837235101, "post_q50": 3.29238503905913, "post_q90": 3.50724064074423, "post_prob_exceed": 0.19916666666666699, "prosp_score_happy": 0.65558656427485595, "prosp_score_sad": 3.0755883837235101, "domain_class": "Background" }, "geometry": { "type": "Point", "coordinates": [ -160.992445085494694, 67.221279447948334 ] } },
{ "type": "Feature", "properties": { "field_1": 213, "x": -306353.7989, "y": 1905182.665, "scaled_x": 0.51727670616676902, "scaled_y": 0.77326336701757103, "post_mean": 3.2186477808992202, "post_sd": 0.17139728614302499, "post_q10": 2.9987505058071799, "post_q50": 3.2203876705408501, "post_q90": 3.4366839432072598, "post_prob_exceed": 0.1035, "prosp_score_happy": 0.333130045323069, "prosp_score_sad": 2.9987505058071799, "domain_class": "Background" }, "geometry": { "type": "Point", "coordinates": [ -160.992445085422617, 66.959008489287214 ] } },
{ "type": "Feature", "properties": { "field_1": 214, "x": -309448.1395, "y": 1875902.711, "scaled_x": 0.51640050676589699, "scaled_y": 0.75798913366342202, "post_mean": 3.1523555166831798, "post_sd": 0.171855719873376, "post_q10": 2.9298962799347499, "post_q50": 3.1538852549844201, "post_q90": 3.36900582806767, "post_prob_exceed": 0.051833333333333301, "prosp_score_happy": 0.163397094281412, "prosp_score_sad": 2.9298962799347499, "domain_class": "Background" }, "geometry": { "type": "Point", "coordinates": [ -160.992445085576549, 66.693884138241671 ] } },
{ "type": "Feature", "properties": { "field_1": 215, "x": -312578.258, "y": 1846284.211, "scaled_x": 0.51551417642645103, "scaled_y": 0.74253829379530301, "post_mean": 3.0941774128174901, "post_sd": 0.170212598832781, "post_q10": 2.8755840742264902, "post_q50": 3.0936794387417801, "post_q90": 3.3110412473978199, "post_prob_exceed": 0.0231666666666667, "prosp_score_happy": 0.071681776730271707, "prosp_score_sad": 2.8755840742264902, "domain_class": "Background" }, "geometry": { "type": "Point", "coordinates": [ -160.992445084692775, 66.425881092670892 ] } },
{ "type": "Feature", "properties": { "field_1": 216, "x": -315744.3821, "y": 1816325.012, "scaled_x": 0.51461765067246401, "scaled_y": 0.72690972427537204, "post_mean": 3.04508413365149, "post_sd": 0.16684045222594199, "post_q10": 2.8333244594786802, "post_q50": 3.0452069034050702, "post_q90": 3.2595247687860298, "post_prob_exceed": 0.009, "prosp_score_happy": 0.027405757202863399, "prosp_score_sad": 2.8333244594786802, "domain_class": "Background" }, "geometry": { "type": "Point", "coordinates": [ -160.992445086503977, 66.15497402863474 ] } },
{ "type": "Feature", "properties": { "field_1": 217, "x": -318946.7369, "y": 1786022.982, "scaled_x": 0.51371086576419001, "scaled_y": 0.71110231292068105, "post_mean": 3.0055654354396202, "post_sd": 0.16217123003067499, "post_q10": 2.7996542292114102, "post_q50": 3.0074394982253598, "post_q90": 3.2135217424924898, "post_prob_exceed": 0.0045, "prosp_score_happy": 0.013525044459478301, "prosp_score_sad": 2.7996542292114102, "domain_class": "Background" }, "geometry": { "type": "Point", "coordinates": [ -160.992445086308948, 65.881137586553507 ] } },
{ "type": "Feature", "properties": { "field_1": 218, "x": -322185.5449, "y": 1755376.017, "scaled_x": 0.51279375869810295, "scaled_y": 0.69511496215481405, "post_mean": 2.9756271031130499, "post_sd": 0.15657911071611899, "post_q10": 2.7775852805528101, "post_q50": 2.9783663482983802, "post_q90": 3.1769652889925402, "post_prob_exceed": 0.00183333333333333, "prosp_score_happy": 0.00545531635570727, "prosp_score_sad": 2.7775852805528101, "domain_class": "Background" }, "geometry": { "type": "Point", "coordinates": [ -160.992445087329259, 65.604346428269409 ] } },
{ "type": "Feature", "properties": { "field_1": 219, "x": -325461.0258, "y": 1724382.037, "scaled_x": 0.51186626726353202, "scaled_y": 0.67894658692123799, "post_mean": 2.9548351454933401, "post_sd": 0.15029707525702601, "post_q10": 2.7644202597741501, "post_q50": 2.9548548005932398, "post_q90": 3.1462006312609501, "post_prob_exceed": 0.00066666666666666697, "prosp_score_happy": 0.0019698900969955602, "prosp_score_sad": 2.7644202597741501, "domain_class": "Background" }, "geometry": { "type": "Point", "coordinates": [ -160.992445087035492, 65.324575195824551 ] } },
{ "type": "Feature", "properties": { "field_1": 220, "x": -328773.3965, "y": 1693038.99, "scaled_x": 0.51092833004265603, "scaled_y": 0.662596116769951, "post_mean": 2.9424040271293301, "post_sd": 0.143389491840785, "post_q10": 2.7600093665782301, "post_q50": 2.9433411929385298, "post_q90": 3.1250164829362301, "post_prob_exceed": 0.0, "prosp_score_happy": 0.0, "prosp_score_sad": 2.7600093665782301, "domain_class": "Background" }, "geometry": { "type": "Point", "coordinates": [ -160.992445086357492, 65.041798541441921 ] } },
{ "type": "Feature", "properties": { "field_1": 221, "x": -335509.6584, "y": 1629297.642, "scaled_x": 0.50902087724289102, "scaled_y": 0.62934469077180699, "post_mean": 2.9384533398547901, "post_sd": 0.12737860043204899, "post_q10": 2.77547579799222, "post_q50": 2.94042696264456, "post_q90": 3.1022743395213901, "post_prob_exceed": 0.0, "prosp_score_happy": 0.0, "prosp_score_sad": 2.77547579799222, "domain_class": "Background" }, "geometry": { "type": "Point", "coordinates": [ -160.992445084915943, 64.467127727294368 ] } },
{ "type": "Feature", "properties": { "field_1": 222, "x": -345895.9544, "y": 1531018.135, "scaled_x": 0.50607987380827202, "scaled_y": 0.57807602676199499, "post_mean": 2.9687129648876298, "post_sd": 0.097358377139622906, "post_q10": 2.8444512469426901, "post_q50": 2.9687843704978998, "post_q90": 3.0958842549837202, "post_prob_exceed": 0.0, "prosp_score_happy": 0.0, "prosp_score_sad": 2.8444512469426901, "domain_class": "Background" }, "geometry": { "type": "Point", "coordinates": [ -160.992445085703309, 63.581948948405788 ] } },
{ "type": "Feature", "properties": { "field_1": 223, "x": -349434.0278, "y": 1497539.394, "scaled_x": 0.50507802617930697, "scaled_y": 0.56061144664560802, "post_mean": 2.9848206809789199, "post_sd": 0.086599123669425904, "post_q10": 2.87514097669581, "post_q50": 2.9837008588193799, "post_q90": 3.0969019239251399, "post_prob_exceed": 0.0, "prosp_score_happy": 0.0, "prosp_score_sad": 2.87514097669581, "domain_class": "Background" }, "geometry": { "type": "Point", "coordinates": [ -160.992445085101565, 63.280609371813327 ] } },
{ "type": "Feature", "properties": { "field_1": 224, "x": -353010.4103, "y": 1463698.157, "scaled_x": 0.50406533087233596, "scaled_y": 0.54295776621526803, "post_mean": 3.0026994737659498, "post_sd": 0.076359046433566294, "post_q10": 2.9039450766091499, "post_q50": 3.0017615003063298, "post_q90": 3.1013545725050502, "post_prob_exceed": 0.0, "prosp_score_happy": 0.0, "prosp_score_sad": 2.9039450766091499, "domain_class": "Background" }, "geometry": { "type": "Point", "coordinates": [ -160.992445086256708, 62.976088078969667 ] } },
{ "type": "Feature", "properties": { "field_1": 225, "x": -356625.288, "y": 1429492.662, "scaled_x": 0.50304173519092799, "scaled_y": 0.52511406630289104, "post_mean": 3.0215901048914402, "post_sd": 0.067416061996668705, "post_q10": 2.9334887490391699, "post_q50": 3.0206580161005001, "post_q90": 3.1090437187708901, "post_prob_exceed": 0.0, "prosp_score_happy": 0.0, "prosp_score_sad": 2.9334887490391699, "domain_class": "Background" }, "geometry": { "type": "Point", "coordinates": [ -160.992445086969298, 62.668360177334677 ] } },
{ "type": "Feature", "properties": { "field_1": 226, "x": -360278.8426, "y": 1394921.189, "scaled_x": 0.50200718768456298, "scaled_y": 0.50707944965019203, "post_mean": 3.0405873928289702, "post_sd": 0.060579344718604697, "post_q10": 2.9613949500496801, "post_q50": 3.04065014226952, "post_q90": 3.1173981468265199, "post_prob_exceed": 0.0, "prosp_score_happy": 0.0, "prosp_score_sad": 2.9613949500496801, "domain_class": "Background" }, "geometry": { "type": "Point", "coordinates": [ -160.992445085871935, 62.357400853485906 ] } },
{ "type": "Feature", "properties": { "field_1": 227, "x": -363971.2507, "y": 1359982.069, "scaled_x": 0.50096163834684804, "scaled_y": 0.48885304560363402, "post_mean": 3.05855396154152, "post_sd": 0.056434351791828999, "post_q10": 2.9848368977464799, "post_q50": 3.05963034049956, "post_q90": 3.1299427475274202, "post_prob_exceed": 0.0, "prosp_score_happy": 0.0, "prosp_score_sad": 2.9848368977464799, "domain_class": "Background" }, "geometry": { "type": "Point", "coordinates": [ -160.992445087178226, 62.043185446930053 ] } },
{ "type": "Feature", "properties": { "field_1": 228, "x": -367702.6836, "y": 1324673.679, "scaled_x": 0.49990503867214697, "scaled_y": 0.47043400750612502, "post_mean": 3.0740680488474998, "post_sd": 0.055011968035275902, "post_q10": 3.00240065633067, "post_q50": 3.0753453463021798, "post_q90": 3.1435994358801702, "post_prob_exceed": 0.0, "prosp_score_happy": 0.0, "prosp_score_sad": 3.00240065633067, "domain_class": "Background" }, "geometry": { "type": "Point", "coordinates": [ -160.9924450866516, 61.725689398800085 ] } },
{ "type": "Feature", "properties": { "field_1": 229, "x": -371473.3072, "y": 1288994.451, "scaled_x": 0.49883734168389898, "scaled_y": 0.45182151739197002, "post_mean": 3.0854228630665599, "post_sd": 0.055704162035253801, "post_q10": 3.0144253033215098, "post_q50": 3.0863510197711399, "post_q90": 3.15555071239999, "post_prob_exceed": 0.0, "prosp_score_happy": 0.0, "prosp_score_sad": 3.0144253033215098, "domain_class": "Background" }, "geometry": { "type": "Point", "coordinates": [ -160.992445087932708, 61.404888324895261 ] } },
{ "type": "Feature", "properties": { "field_1": 230, "x": -375283.2817, "y": 1252942.867, "scaled_x": 0.49775850201956501, "scaled_y": 0.43301478337856603, "post_mean": 3.0906927961828199, "post_sd": 0.057647511162062903, "post_q10": 3.0167967915528102, "post_q50": 3.09132123136447, "post_q90": 3.1642143876836202, "post_prob_exceed": 0.0, "prosp_score_happy": 0.0, "prosp_score_sad": 3.0167967915528102, "domain_class": "Background" }, "geometry": { "type": "Point", "coordinates": [ -160.992445086822698, 61.080757964315858 ] } },
{ "type": "Feature", "properties": { "field_1": 231, "x": -379132.7613, "y": 1216517.469, "scaled_x": 0.49666847601558001, "scaled_y": 0.41401304488301499, "post_mean": 3.0878798597877601, "post_sd": 0.060354453568661599, "post_q10": 3.0085821781375999, "post_q50": 3.0884799991854099, "post_q90": 3.1647431685626, "post_prob_exceed": 0.0, "prosp_score_happy": 0.0, "prosp_score_sad": 3.0085821781375999, "domain_class": "Background" }, "geometry": { "type": "Point", "coordinates": [ -160.992445085532552, 60.753274261404172 ] } },
{ "type": "Feature", "properties": { "field_1": 232, "x": -383021.8942, "y": 1179716.856, "scaled_x": 0.49556722170734602, "scaled_y": 0.39481557105714299, "post_mean": 3.07515102227784, "post_sd": 0.064341712541890403, "post_q10": 2.9919564828424501, "post_q50": 3.0764394686602299, "post_q90": 3.15587549791482, "post_prob_exceed": 0.0, "prosp_score_happy": 0.0, "prosp_score_sad": 2.9919564828424501, "domain_class": "Background" }, "geometry": { "type": "Point", "coordinates": [ -160.992445086616755, 60.422413331736109 ] } },
{ "type": "Feature", "properties": { "field_1": 233, "x": -386950.8219, "y": 1142539.687, "scaled_x": 0.49445469902745398, "scaled_y": 0.37542166235248298, "post_mean": 3.0511715322222002, "post_sd": 0.071606081011342498, "post_q10": 2.9598039644346898, "post_q50": 3.0516995444233701, "post_q90": 3.1408145980338702, "post_prob_exceed": 0.0, "prosp_score_happy": 0.0, "prosp_score_sad": 2.9598039644346898, "domain_class": "Background" }, "geometry": { "type": "Point", "coordinates": [ -160.992445086084331, 60.088151482055743 ] } },
{ "type": "Feature", "properties": { "field_1": 234, "x": -390919.6792, "y": 1104984.688, "scaled_x": 0.49333086980567897, "scaled_y": 0.35583065417190801, "post_mean": 3.01552824038964, "post_sd": 0.085364624775095904, "post_q10": 2.9076605702548601, "post_q50": 3.0161210242211598, "post_q90": 3.1240891534541499, "post_prob_exceed": 0.0, "prosp_score_happy": 0.0, "prosp_score_sad": 2.9076605702548601, "domain_class": "Background" }, "geometry": { "type": "Point", "coordinates": [ -160.992445086863313, 59.750465265064008 ] } },
{ "type": "Feature", "properties": { "field_1": 235, "x": -394928.5939, "y": 1067050.648, "scaled_x": 0.49219569785392697, "scaled_y": 0.33604191478298601, "post_mean": 2.96921799009667, "post_sd": 0.10855120987189799, "post_q10": 2.8299739099994099, "post_q50": 2.96881215221106, "post_q90": 3.1077411492797302, "post_prob_exceed": 0.0, "prosp_score_happy": 0.0, "prosp_score_sad": 2.8299739099994099, "domain_class": "Background" }, "geometry": { "type": "Point", "coordinates": [ -160.992445085751569, 59.409331436630666 ] } },
{ "type": "Feature", "properties": { "field_1": 236, "x": -398977.6866, "y": 1028736.428, "scaled_x": 0.491049149022872, "scaled_y": 0.31605485001293099, "post_mean": 2.9151489003072699, "post_sd": 0.14231936413709301, "post_q10": 2.7331184288047501, "post_q50": 2.9141053331129299, "post_q90": 3.09595963146407, "post_prob_exceed": 0.00016666666666666701, "prosp_score_happy": 0.00048585815005121102, "prosp_score_sad": 2.7331184288047501, "domain_class": "Background" }, "geometry": { "type": "Point", "coordinates": [ -160.992445086792344, 59.064727028474223 ] } },
{ "type": "Feature", "properties": { "field_1": 237, "x": -403067.0703, "y": 990040.9574, "scaled_x": 0.48989119131521802, "scaled_y": 0.29586890137062699, "post_mean": 2.8585700726996301, "post_sd": 0.18581807507225201, "post_q10": 2.6197897101754601, "post_q50": 2.8582515488214799, "post_q90": 3.0968335576257102, "post_prob_exceed": 0.00083333333333333295, "prosp_score_happy": 0.0023821417272496901, "prosp_score_sad": 2.6197897101754601, "domain_class": "Background" }, "geometry": { "type": "Point", "coordinates": [ -160.992445087470202, 58.716629308948001 ] } },
{ "type": "Feature", "properties": { "field_1": 238, "x": -437243.4329, "y": 666649.8197, "scaled_x": 0.48021374713402298, "scaled_y": 0.12716810006835599, "post_mean": 3.5915220790917002, "post_sd": 0.39597015575190703, "post_q10": 3.0945012828029599, "post_q50": 3.5876157864443998, "post_q90": 4.1004021951057803, "post_prob_exceed": 0.651, "prosp_score_happy": 2.3380808734887002, "prosp_score_sad": 3.0945012828029599, "domain_class": "tier 2" }, "geometry": { "type": "Point", "coordinates": [ -160.992445087293476, 55.803464412755325 ] } },
{ "type": "Feature", "properties": { "field_1": 239, "x": -241046.3958, "y": 2278228.73, "scaled_x": 0.53576927530047302, "scaled_y": 0.96786724681387004, "post_mean": 3.7575498227812099, "post_sd": 0.396089871741101, "post_q10": 3.2478055239728501, "post_q50": 3.7591312658749199, "post_q90": 4.2600011914651601, "post_prob_exceed": 0.79466666666666697, "prosp_score_happy": 2.9859995925034699, "prosp_score_sad": 3.2478055239728501, "domain_class": "tier 2" }, "geometry": { "type": "Point", "coordinates": [ -160.318708623729464, 70.382568848991568 ] } },
{ "type": "Feature", "properties": { "field_1": 240, "x": -243413.2895, "y": 2253427.255, "scaled_x": 0.53509906115473005, "scaled_y": 0.95492926485265806, "post_mean": 3.7790829405259898, "post_sd": 0.34446913526260498, "post_q10": 3.34151937412478, "post_q50": 3.78201961966088, "post_q90": 4.2124098800041603, "post_prob_exceed": 0.83816666666666695, "prosp_score_happy": 3.1675013513175401, "prosp_score_sad": 3.34151937412478, "domain_class": "tier 1" }, "geometry": { "type": "Point", "coordinates": [ -160.318708625101124, 70.155113038760476 ] } },
{ "type": "Feature", "properties": { "field_1": 241, "x": -245809.483, "y": 2228318.761, "scaled_x": 0.53442055042159597, "scaled_y": 0.94183112280888104, "post_mean": 3.7872216165384098, "post_sd": 0.29819741831482399, "post_q10": 3.4026800751987998, "post_q50": 3.7864973078000901, "post_q90": 4.1589062757300796, "post_prob_exceed": 0.87933333333333297, "prosp_score_happy": 3.3302302081427699, "prosp_score_sad": 3.4026800751987998, "domain_class": "tier 1" }, "geometry": { "type": "Point", "coordinates": [ -160.318708623290092, 69.925127467192951 ] } },
{ "type": "Feature", "properties": { "field_1": 242, "x": -248235.2003, "y": 2202900.903, "scaled_x": 0.53373367967280205, "scaled_y": 0.92857159738563, "post_mean": 3.7823219158211798, "post_sd": 0.25797026333145101, "post_q10": 3.4421191408016898, "post_q50": 3.7832376172972499, "post_q90": 4.1061102107798702, "post_prob_exceed": 0.904, "prosp_score_happy": 3.4192190119023498, "prosp_score_sad": 3.4421191408016898, "domain_class": "tier 1" }, "geometry": { "type": "Point", "coordinates": [ -160.318708623658097, 69.692587755545844 ] } },
{ "type": "Feature", "properties": { "field_1": 243, "x": -250690.6647, "y": 2177171.34, "scaled_x": 0.53303838567829398, "scaled_y": 0.91514946737264302, "post_mean": 3.7649832125598501, "post_sd": 0.22460659727698201, "post_q10": 3.4725259881444699, "post_q50": 3.7690110527492902, "post_q90": 4.0457073753583197, "post_prob_exceed": 0.92266666666666697, "prosp_score_happy": 3.4738245107885501, "prosp_score_sad": 3.4725259881444699, "domain_class": "tier 1" }, "geometry": { "type": "Point", "coordinates": [ -160.318708623385362, 69.457469398243049 ] } },
{ "type": "Feature", "properties": { "field_1": 244, "x": -253176.0986, "y": 2151127.742, "scaled_x": 0.53233460546286204, "scaled_y": 0.90156351729793804, "post_mean": 3.7360584042973999, "post_sd": 0.19891003435275401, "post_q10": 3.4783009357407102, "post_q50": 3.7393012420967802, "post_q90": 3.98737567868571, "post_prob_exceed": 0.92966666666666697, "prosp_score_happy": 3.47328896319515, "prosp_score_sad": 3.4783009357407102, "domain_class": "tier 1" }, "geometry": { "type": "Point", "coordinates": [ -160.318708623476709, 69.219747822749639 ] } },
{ "type": "Feature", "properties": { "field_1": 245, "x": -255691.7239, "y": 2124767.783, "scaled_x": 0.53162227619287805, "scaled_y": 0.88781253377617997, "post_mean": 3.6966563690332102, "post_sd": 0.181341902363125, "post_q10": 3.4599557486773098, "post_q50": 3.7011944759782698, "post_q90": 3.9277826787132, "post_prob_exceed": 0.92366666666666697, "prosp_score_happy": 3.4144782661970101, "prosp_score_sad": 3.4599557486773098, "domain_class": "tier 1" }, "geometry": { "type": "Point", "coordinates": [ -160.31870862199284, 68.979398321999327 ] } },
{ "type": "Feature", "properties": { "field_1": 246, "x": -258237.7614, "y": 2098089.151, "scaled_x": 0.53090133534619299, "scaled_y": 0.87389531072530202, "post_mean": 3.64813473158204, "post_sd": 0.17157753643763601, "post_q10": 3.4255681986984601, "post_q50": 3.65344062209528, "post_q90": 3.86504379936832, "post_prob_exceed": 0.89183333333333303, "prosp_score_happy": 3.2535281581159201, "prosp_score_sad": 3.4255681986984601, "domain_class": "tier 1" }, "geometry": { "type": "Point", "coordinates": [ -160.318708622812238, 68.736396141383963 ] } },
{ "type": "Feature", "properties": { "field_1": 247, "x": -260814.4309, "y": 2071089.541, "scaled_x": 0.53017172068381702, "scaled_y": 0.85981064571486399, "post_mean": 3.5920809195060501, "post_sd": 0.16827940236911201, "post_q10": 3.3743013583728301, "post_q50": 3.5969057179041801, "post_q90": 3.8051089072686102, "post_prob_exceed": 0.8275, "prosp_score_happy": 2.97244696089126, "prosp_score_sad": 3.3743013583728301, "domain_class": "tier 1" }, "geometry": { "type": "Point", "coordinates": [ -160.318708621667184, 68.490716411280019 ] } },
{ "type": "Feature", "properties": { "field_1": 248, "x": -263421.9513, "y": 2043766.662, "scaled_x": 0.52943337022160797, "scaled_y": 0.84555734361769597, "post_mean": 3.53027975833791, "post_sd": 0.16938490205764201, "post_q10": 3.3110862374403598, "post_q50": 3.53573907537247, "post_q90": 3.7445147551687299, "post_prob_exceed": 0.7195, "prosp_score_happy": 2.5400362861241299, "prosp_score_sad": 3.3110862374403598, "domain_class": "tier 2" }, "geometry": { "type": "Point", "coordinates": [ -160.318708624854338, 68.242334205939713 ] } },
{ "type": "Feature", "properties": { "field_1": 249, "x": -266060.5399, "y": 2016118.233, "scaled_x": 0.52868622242848295, "scaled_y": 0.83113421452324299, "post_mean": 3.46466620639106, "post_sd": 0.17271467194568099, "post_q10": 3.2389920142038999, "post_q50": 3.4685178275452002, "post_q90": 3.6857012408676701, "post_prob_exceed": 0.58016666666666705, "prosp_score_happy": 2.0100838440745501, "prosp_score_sad": 3.2389920142038999, "domain_class": "tier 3" }, "geometry": { "type": "Point", "coordinates": [ -160.318708623180328, 67.991224503665819 ] } },
{ "type": "Feature", "properties": { "field_1": 250, "x": -268730.413, "y": 1988141.99, "scaled_x": 0.52793021605652002, "scaled_y": 0.81654007738920298, "post_mean": 3.3972627876405701, "post_sd": 0.176454277658184, "post_q10": 3.1673241641374799, "post_q50": 3.4023517288845602, "post_q90": 3.6215996299208801, "post_prob_exceed": 0.42666666666666703, "prosp_score_happy": 1.44949878939331, "prosp_score_sad": 3.1673241641374799, "domain_class": "tier 3" }, "geometry": { "type": "Point", "coordinates": [ -160.318708622359992, 67.737362244856897 ] } },
{ "type": "Feature", "properties": { "field_1": 251, "x": -271431.7855, "y": 1959835.682, "scaled_x": 0.52716529025422398, "scaled_y": 0.80177375795487504, "post_mean": 3.3301025169723202, "post_sd": 0.179337326284044, "post_q10": 3.0984162126330799, "post_q50": 3.3337636207826602, "post_q90": 3.5590091895328499, "post_prob_exceed": 0.28466666666666701, "prosp_score_happy": 0.94796918316478695, "prosp_score_sad": 3.0984162126330799, "domain_class": "Background" }, "geometry": { "type": "Point", "coordinates": [ -160.318708624196347, 67.480722291710677 ] } },
{ "type": "Feature", "properties": { "field_1": 252, "x": -274164.8705, "y": 1931197.074, "scaled_x": 0.52639138467979096, "scaled_y": 0.78683409030614904, "post_mean": 3.2651401551643802, "post_sd": 0.18062999382877501, "post_q10": 3.0319895912006198, "post_q50": 3.26742510989201, "post_q90": 3.4970050505838, "post_prob_exceed": 0.175, "prosp_score_happy": 0.57139952715376596, "prosp_score_sad": 3.0319895912006198, "domain_class": "Background" }, "geometry": { "type": "Point", "coordinates": [ -160.318708624164742, 67.221279450843411 ] } },
{ "type": "Feature", "properties": { "field_1": 253, "x": -276929.8796, "y": 1902223.949, "scaled_x": 0.52560843941616198, "scaled_y": 0.77171991791882399, "post_mean": 3.2041570192250699, "post_sd": 0.18004289170865501, "post_q10": 2.9714073312029998, "post_q50": 3.2070040037751801, "post_q90": 3.4347204376971199, "post_prob_exceed": 0.100666666666667, "prosp_score_happy": 0.32255180660199101, "prosp_score_sad": 2.9714073312029998, "domain_class": "Background" }, "geometry": { "type": "Point", "coordinates": [ -160.318708622858964, 66.959008486121334 ] } },
{ "type": "Feature", "properties": { "field_1": 254, "x": -279727.0225, "y": 1872914.111, "scaled_x": 0.52481639508428302, "scaled_y": 0.75643009522360005, "post_mean": 3.1486673386414901, "post_sd": 0.177628291197373, "post_q10": 2.9186936125031102, "post_q50": 3.1506798983440301, "post_q90": 3.3756998365565698, "post_prob_exceed": 0.053666666666666703, "prosp_score_happy": 0.16897848050709399, "prosp_score_sad": 2.9186936125031102, "domain_class": "Background" }, "geometry": { "type": "Point", "coordinates": [ -160.318708623187831, 66.69388414088705 ] } },
{ "type": "Feature", "properties": { "field_1": 255, "x": -282556.5071, "y": 1843265.381, "scaled_x": 0.52401519281479203, "scaled_y": 0.74096348551942603, "post_mean": 3.099836631908, "post_sd": 0.17367336089581001, "post_q10": 2.8749775790829699, "post_q50": 3.1001785757869902, "post_q90": 3.3212679891641801, "post_prob_exceed": 0.0285, "prosp_score_happy": 0.088345344009378005, "prosp_score_sad": 2.8749775790829699, "domain_class": "Background" }, "geometry": { "type": "Point", "coordinates": [ -160.318708623996201, 66.425881096878911 ] } },
{ "type": "Feature", "properties": { "field_1": 256, "x": -285418.539, "y": 1813275.603, "scaled_x": 0.523204774389601, "scaled_y": 0.72531896410347296, "post_mean": 3.05842405744289, "post_sd": 0.16858598684637799, "post_q10": 2.8445815393912302, "post_q50": 3.0590897139064301, "post_q90": 3.2706531054873, "post_prob_exceed": 0.0131666666666667, "prosp_score_happy": 0.040269250089664803, "prosp_score_sad": 2.8445815393912302, "domain_class": "Background" }, "geometry": { "type": "Point", "coordinates": [ -160.318708621862982, 66.154974023209476 ] } },
{ "type": "Feature", "properties": { "field_1": 257, "x": -288313.3219, "y": 1782942.646, "scaled_x": 0.522385082128628, "scaled_y": 0.70949541931445503, "post_mean": 3.0247600066550899, "post_sd": 0.16277539511514499, "post_q10": 2.8172568036893, "post_q50": 3.0249543907988898, "post_q90": 3.2314223816981702, "post_prob_exceed": 0.006, "prosp_score_happy": 0.018148560039930602, "prosp_score_sad": 2.8172568036893, "domain_class": "Background" }, "geometry": { "type": "Point", "coordinates": [ -160.318708624087748, 65.881137588500295 ] } },
{ "type": "Feature", "properties": { "field_1": 258, "x": -291241.0567, "y": 1752264.401, "scaled_x": 0.52155605914464498, "scaled_y": 0.69349175096764804, "post_mean": 2.9987667440225398, "post_sd": 0.15654370007979401, "post_q10": 2.7987320139029501, "post_q50": 3.0015005201366001, "post_q90": 3.19985535852922, "post_prob_exceed": 0.0028333333333333301, "prosp_score_happy": 0.0084965057747305294, "prosp_score_sad": 2.7987320139029501, "domain_class": "Background" }, "geometry": { "type": "Point", "coordinates": [ -160.318708622573041, 65.604346429287489 ] } },
{ "type": "Feature", "properties": { "field_1": 259, "x": -294201.9423, "y": 1721238.787, "scaled_x": 0.52071764911674701, "scaled_y": 0.67730687348485696, "post_mean": 2.9800233195660599, "post_sd": 0.15001566802247801, "post_q10": 2.7906563725153202, "post_q50": 2.9807097312617601, "post_q90": 3.1709057361364499, "post_prob_exceed": 0.00133333333333333, "prosp_score_happy": 0.0039733644260880798, "prosp_score_sad": 2.7906563725153202, "domain_class": "Background" }, "geometry": { "type": "Point", "coordinates": [ -160.318708623893315, 65.324575197382586 ] } },
{ "type": "Feature", "properties": { "field_1": 260, "x": -297196.1745, "y": 1689863.75, "scaled_x": 0.51986979660183297, "scaled_y": 0.66093971537275498, "post_mean": 2.9678671680791902, "post_sd": 0.143130914188698, "post_q10": 2.78489591005241, "post_q50": 2.9701228123027099, "post_q90": 3.1493395369258401, "post_prob_exceed": 0.0005, "prosp_score_happy": 0.0014839335840395899, "prosp_score_sad": 2.78489591005241, "domain_class": "Background" }, "geometry": { "type": "Point", "coordinates": [ -160.318708623301859, 65.041798546084152 ] } },
{ "type": "Feature", "properties": { "field_1": 261, "x": -300223.9465, "y": 1658137.266, "scaled_x": 0.51901244689301995, "scaled_y": 0.64438922078786998, "post_mean": 2.9615159323719702, "post_sd": 0.13570178736747199, "post_q10": 2.7869425415364102, "post_q50": 2.9630438142703799, "post_q90": 3.1348876196987399, "post_prob_exceed": 0.0, "prosp_score_happy": 0.0, "prosp_score_sad": 2.7869425415364102, "domain_class": "Background" }, "geometry": { "type": "Point", "coordinates": [ -160.31870862174361, 64.755991150666347 ] } },
{ "type": "Feature", "properties": { "field_1": 262, "x": -303285.4485, "y": 1626057.344, "scaled_x": 0.51814554613291397, "scaled_y": 0.62765435110156798, "post_mean": 2.9601867951666399, "post_sd": 0.12751317047167399, "post_q10": 2.7955096840007601, "post_q50": 2.9610251951626401, "post_q90": 3.1229752036657699, "post_prob_exceed": 0.0, "prosp_score_happy": 0.0, "prosp_score_sad": 2.7955096840007601, "domain_class": "Background" }, "geometry": { "type": "Point", "coordinates": [ -160.31870862321864, 64.467127729468771 ] } },
{ "type": "Feature", "properties": { "field_1": 263, "x": -306380.8674, "y": 1593622.024, "scaled_x": 0.51726904139855201, "scaled_y": 0.610734083856732, "post_mean": 2.9631894666090099, "post_sd": 0.118426502411118, "post_q10": 2.8119121984250799, "post_q50": 2.9642405759425698, "post_q90": 3.1137923870833601, "post_prob_exceed": 0.0, "prosp_score_happy": 0.0, "prosp_score_sad": 2.8119121984250799, "domain_class": "Background" }, "geometry": { "type": "Point", "coordinates": [ -160.318708624564124, 64.175183020158514 ] } },
{ "type": "Feature", "properties": { "field_1": 264, "x": -309510.3868, "y": 1560829.381, "scaled_x": 0.51638288070140803, "scaled_y": 0.59362741485440695, "post_mean": 2.96997386225783, "post_sd": 0.108457613484829, "post_q10": 2.8300654129453, "post_q50": 2.9701170742316299, "post_q90": 3.1111545172602302, "post_prob_exceed": 0.0, "prosp_score_happy": 0.0, "prosp_score_sad": 2.8300654129453, "domain_class": "Background" }, "geometry": { "type": "Point", "coordinates": [ -160.318708623558564, 63.880131809179019 ] } },
{ "type": "Feature", "properties": { "field_1": 265, "x": -312674.187, "y": 1527677.528, "scaled_x": 0.51548701298738897, "scaled_y": 0.57633335971878497, "post_mean": 2.9801232533139199, "post_sd": 0.097817804278871698, "post_q10": 2.85423058791753, "post_q50": 2.9811618876733399, "post_q90": 3.1079220765616702, "post_prob_exceed": 0.0, "prosp_score_happy": 0.0, "prosp_score_sad": 2.85423058791753, "domain_class": "Background" }, "geometry": { "type": "Point", "coordinates": [ -160.318708624628243, 63.581948952115347 ] } },
{ "type": "Feature", "properties": { "field_1": 266, "x": -315872.4442, "y": 1494164.617, "scaled_x": 0.51458138836336598, "scaled_y": 0.558850954418871, "post_mean": 2.99329541740408, "post_sd": 0.086925668595335501, "post_q10": 2.88203118306263, "post_q50": 2.9931913200165301, "post_q90": 3.1060152253368498, "post_prob_exceed": 0.0, "prosp_score_happy": 0.0, "prosp_score_sad": 2.88203118306263, "domain_class": "Background" }, "geometry": { "type": "Point", "coordinates": [ -160.318708624503984, 63.280609376787105 ] } },
{ "type": "Feature", "properties": { "field_1": 267, "x": -319105.331, "y": 1460288.84, "scaled_x": 0.513665957955592, "scaled_y": 0.54117925579014003, "post_mean": 3.0091247356011199, "post_sd": 0.076403406658747203, "post_q10": 2.90965267888985, "post_q50": 3.0093254585439899, "post_q90": 3.10803031792496, "post_prob_exceed": 0.0, "prosp_score_happy": 0.0, "prosp_score_sad": 2.90965267888985, "domain_class": "Background" }, "geometry": { "type": "Point", "coordinates": [ -160.318708624325467, 62.976088085133391 ] } },
{ "type": "Feature", "properties": { "field_1": 268, "x": -322373.0158, "y": 1426048.432, "scaled_x": 0.512740674079603, "scaled_y": 0.52331734309952305, "post_mean": 3.0271048970944201, "post_sd": 0.067057827007232104, "post_q10": 2.93902657018582, "post_q50": 3.0267812325505798, "post_q90": 3.1138329116877799, "post_prob_exceed": 0.0, "prosp_score_happy": 0.0, "prosp_score_sad": 2.93902657018582, "domain_class": "Background" }, "geometry": { "type": "Point", "coordinates": [ -160.318708623309732, 62.668360173747018 ] } },
{ "type": "Feature", "properties": { "field_1": 269, "x": -325675.6628, "y": 1391441.674, "scaled_x": 0.51180549024021205, "scaled_y": 0.50526431961039497, "post_mean": 3.04647421399169, "post_sd": 0.059801877627720698, "post_q10": 2.9689303736596599, "post_q50": 3.0472630638673799, "post_q90": 3.12213397098107, "post_prob_exceed": 0.0, "prosp_score_happy": 0.0, "prosp_score_sad": 2.9689303736596599, "domain_class": "Background" }, "geometry": { "type": "Point", "coordinates": [ -160.318708624368668, 62.357400853774472 ] } },
{ "type": "Feature", "properties": { "field_1": 270, "x": -329013.4315, "y": 1356466.893, "scaled_x": 0.51086036127309398, "scaled_y": 0.48701931258257403, "post_mean": 3.0661244550964, "post_sd": 0.0554172324595609, "post_q10": 2.9933772939006298, "post_q50": 3.0665146448460199, "post_q90": 3.1359573055088799, "post_prob_exceed": 0.0, "prosp_score_happy": 0.0, "prosp_score_sad": 2.9933772939006298, "domain_class": "Background" }, "geometry": { "type": "Point", "coordinates": [ -160.31870862437782, 62.043185444426214 ] } },
{ "type": "Feature", "properties": { "field_1": 271, "x": -332386.4768, "y": 1321122.466, "scaled_x": 0.50990524331646903, "scaled_y": 0.46858147535896799, "post_mean": 3.0845513340544901, "post_sd": 0.0541497112117812, "post_q10": 3.0150913435962798, "post_q50": 3.0857929490335798, "post_q90": 3.15353255349063, "post_prob_exceed": 0.0, "prosp_score_happy": 0.0, "prosp_score_sad": 3.0150913435962798, "domain_class": "Background" }, "geometry": { "type": "Point", "coordinates": [ -160.318708623582154, 61.72568940150024 ] } },
{ "type": "Feature", "properties": { "field_1": 272, "x": -335794.9488, "y": 1285406.821, "scaled_x": 0.50894009386773398, "scaled_y": 0.449949987887233, "post_mean": 3.0998620350623698, "post_sd": 0.055482178584037603, "post_q10": 3.02965126428579, "post_q50": 3.1013707909072998, "post_q90": 3.1696044888902599, "post_prob_exceed": 0.0, "prosp_score_happy": 0.0, "prosp_score_sad": 3.02965126428579, "domain_class": "Background" }, "geometry": { "type": "Point", "coordinates": [ -160.31870862347273, 61.404888319354868 ] } },
{ "type": "Feature", "properties": { "field_1": 273, "x": -339238.9922, "y": 1249318.442, "scaled_x": 0.50796487195335904, "scaled_y": 0.431124059328091, "post_mean": 3.1098532899682101, "post_sd": 0.058454602482988102, "post_q10": 3.03426693991852, "post_q50": 3.1115546331606501, "post_q90": 3.1839005253248698, "post_prob_exceed": 0.0, "prosp_score_happy": 0.0, "prosp_score_sad": 3.03426693991852, "domain_class": "Background" }, "geometry": { "type": "Point", "coordinates": [ -160.318708624448846, 61.080757968740755 ] } },
{ "type": "Feature", "properties": { "field_1": 274, "x": -342718.7464, "y": 1212855.866, "scaled_x": 0.50697953810057605, "scaled_y": 0.41210292649033398, "post_mean": 3.1121723508340802, "post_sd": 0.062287142926173697, "post_q10": 3.03143407408571, "post_q50": 3.1135137637334398, "post_q90": 3.1911027803145799, "post_prob_exceed": 0.0, "prosp_score_happy": 0.0, "prosp_score_sad": 3.03143407408571, "domain_class": "Background" }, "geometry": { "type": "Point", "coordinates": [ -160.318708622458018, 60.753274262753621 ] } },
{ "type": "Feature", "properties": { "field_1": 275, "x": -346234.3454, "y": 1176017.692, "scaled_x": 0.50598405436568705, "scaled_y": 0.392885858525789, "post_mean": 3.10457134973006, "post_sd": 0.066897275821876698, "post_q10": 3.01754119288668, "post_q50": 3.1051337944911901, "post_q90": 3.1893809022613002, "post_prob_exceed": 0.0, "prosp_score_happy": 0.0, "prosp_score_sad": 3.01754119288668, "domain_class": "Background" }, "geometry": { "type": "Point", "coordinates": [ -160.318708622987856, 60.422413329691672 ] } },
{ "type": "Feature", "properties": { "field_1": 276, "x": -349785.9171, "y": 1138802.579, "scaled_x": 0.50497838453228405, "scaled_y": 0.37347215588598798, "post_mean": 3.0852607575979301, "post_sd": 0.073235627772145803, "post_q10": 2.99207724130008, "post_q50": 3.0871294063087, "post_q90": 3.1775884015028302, "post_prob_exceed": 0.0, "prosp_score_happy": 0.0, "prosp_score_sad": 2.99207724130008, "domain_class": "Background" }, "geometry": { "type": "Point", "coordinates": [ -160.318708624589647, 60.088151488452347 ] } },
{ "type": "Feature", "properties": { "field_1": 277, "x": -353373.5833, "y": 1101209.249, "scaled_x": 0.50396249411124605, "scaled_y": 0.353861151887159, "post_mean": 3.0533570816311202, "post_sd": 0.083308607771295506, "post_q10": 2.94579310034334, "post_q50": 3.05356982356217, "post_q90": 3.1598411726180702, "post_prob_exceed": 0.0, "prosp_score_happy": 0.0, "prosp_score_sad": 2.94579310034334, "domain_class": "Background" }, "geometry": { "type": "Point", "coordinates": [ -160.318708624313643, 59.750465267779823 ] } },
{ "type": "Feature", "properties": { "field_1": 278, "x": -356997.4596, "y": 1063236.492, "scaled_x": 0.50293635036905604, "scaled_y": 0.33405221531852902, "post_mean": 3.00940118556756, "post_sd": 0.099505041618019596, "post_q10": 2.8828504802300001, "post_q50": 3.0096497944296998, "post_q90": 3.13694853294197, "post_prob_exceed": 0.0, "prosp_score_happy": 0.0, "prosp_score_sad": 2.8828504802300001, "domain_class": "Background" }, "geometry": { "type": "Point", "coordinates": [ -160.318708624422101, 59.409331443353082 ] } },
{ "type": "Feature", "properties": { "field_1": 279, "x": -391257.3953, "y": 704244.0463, "scaled_x": 0.493235241469068, "scaled_y": 0.14677957178915099, "post_mean": 3.2610878859196202, "post_sd": 0.30542720252516697, "post_q10": 2.8711272246486601, "post_q50": 3.2593681638168399, "post_q90": 3.6573288244198001, "post_prob_exceed": 0.28233333333333299, "prosp_score_happy": 0.92071381312463796, "prosp_score_sad": 2.8711272246486601, "domain_class": "Background" }, "geometry": { "type": "Point", "coordinates": [ -160.318708624215247, 56.180288587597488 ] } },
{ "type": "Feature", "properties": { "field_1": 280, "x": -395248.1465, "y": 662426.993, "scaled_x": 0.492105212728706, "scaled_y": 0.124965212713071, "post_mean": 3.5702428827872401, "post_sd": 0.38690611320437501, "post_q10": 3.0723902758617201, "post_q50": 3.5669685317325399, "post_q90": 4.06696822404564, "post_prob_exceed": 0.63216666666666699, "prosp_score_happy": 2.256988542402, "prosp_score_sad": 3.0723902758617201, "domain_class": "tier 2" }, "geometry": { "type": "Point", "coordinates": [ -160.318708623142044, 55.803464412434892 ] } },
{ "type": "Feature", "properties": { "field_1": 281, "x": -399275.885, "y": 620222.3693, "scaled_x": 0.49096471059375402, "scaled_y": 0.102948672966531, "post_mean": 3.96594469249824, "post_sd": 0.58638864136039304, "post_q10": 3.2185144003627499, "post_q50": 3.9567079077892, "post_q90": 4.7199081926395499, "post_prob_exceed": 0.813, "prosp_score_happy": 3.22431303500107, "prosp_score_sad": 3.2185144003627499, "domain_class": "tier 1" }, "geometry": { "type": "Point", "coordinates": [ -160.31870862315526, 55.422957415289439 ] } },
{ "type": "Feature", "properties": { "field_1": 282, "x": -213321.1204, "y": 2300432.611, "scaled_x": 0.54362001729522702, "scaled_y": 0.97945016322698197, "post_mean": 3.51950105312849, "post_sd": 0.41052584791072499, "post_q10": 2.9854449653124702, "post_q50": 3.5228207333503101, "post_q90": 4.0368396852897801, "post_prob_exceed": 0.584666666666667, "prosp_score_happy": 2.0577349490624601, "prosp_score_sad": 2.9854449653124702, "domain_class": "tier 3" }, "geometry": { "type": "Point", "coordinates": [ -159.644972160826427, 70.607519187294386 ] } },
{ "type": "Feature", "properties": { "field_1": 283, "x": -215410.3038, "y": 2275913.346, "scaled_x": 0.54302844012903195, "scaled_y": 0.96665939944086998, "post_mean": 3.5648479678740301, "post_sd": 0.359463458777464, "post_q10": 3.1086740217703301, "post_q50": 3.5669199092303101, "post_q90": 4.0169372167692998, "post_prob_exceed": 0.64633333333333298, "prosp_score_happy": 2.3040800699025801, "prosp_score_sad": 3.1086740217703301, "domain_class": "tier 2" }, "geometry": { "type": "Point", "coordinates": [ -159.644972159068061, 70.382568847235675 ] } },
{ "type": "Feature", "properties": { "field_1": 284, "x": -217525.4704, "y": 2251089.136, "scaled_x": 0.54242950551024305, "scaled_y": 0.95370955749875397, "post_mean": 3.5972945203692799, "post_sd": 0.31405193273237197, "post_q10": 3.1974746016026199, "post_q50": 3.5975306294762399, "post_q90": 3.9861631502405901, "post_prob_exceed": 0.699, "prosp_score_happy": 2.5145088697381199, "prosp_score_sad": 3.1974746016026199, "domain_class": "tier 2" }, "geometry": { "type": "Point", "coordinates": [ -159.644972160413033, 70.155113039953449 ] } },
{ "type": "Feature", "properties": { "field_1": 285, "x": -219666.8208, "y": 2225957.625, "scaled_x": 0.54182315663658098, "scaled_y": 0.94059940836544698, "post_mean": 3.61694259411889, "post_sd": 0.27487997059415598, "post_q10": 3.2596586302313302, "post_q50": 3.6186829895186801, "post_q90": 3.9582293203512502, "post_prob_exceed": 0.74733333333333296, "prosp_score_happy": 2.7030617653381799, "prosp_score_sad": 3.2596586302313302, "domain_class": "tier 2" }, "geometry": { "type": "Point", "coordinates": [ -159.644972161066761, 69.925127466136971 ] } },
{ "type": "Feature", "properties": { "field_1": 286, "x": -221834.5549, "y": 2200516.466, "scaled_x": 0.54120933690397899, "scaled_y": 0.92732772770071603, "post_mean": 3.6241130637508099, "post_sd": 0.24256625952333299, "post_q10": 3.3070715606058698, "post_q50": 3.6273949037027098, "post_q90": 3.9281393071746402, "post_prob_exceed": 0.78616666666666701, "prosp_score_happy": 2.8491568869521, "prosp_score_sad": 3.3070715606058698, "domain_class": "tier 2" }, "geometry": { "type": "Point", "coordinates": [ -159.64497215907366, 69.692587748669197 ] } },
{ "type": "Feature", "properties": { "field_1": 287, "x": -224028.8724, "y": 2174763.318, "scaled_x": 0.540587989765004, "scaled_y": 0.9138932942943, "post_mean": 3.61936080212352, "post_sd": 0.217618608254836, "post_q10": 3.3353470719042, "post_q50": 3.62294422448119, "post_q90": 3.8930279451551502, "post_prob_exceed": 0.8045, "prosp_score_happy": 2.91177576530837, "prosp_score_sad": 3.3353470719042, "domain_class": "tier 1" }, "geometry": { "type": "Point", "coordinates": [ -159.644972160359941, 69.457469401291988 ] } },
{ "type": "Feature", "properties": { "field_1": 288, "x": -226249.9721, "y": 2148695.845, "scaled_x": 0.53995905892706897, "scaled_y": 0.90029488954424497, "post_mean": 3.6034834706485301, "post_sd": 0.200181156510776, "post_q10": 3.34401847349082, "post_q50": 3.6078228035075401, "post_q90": 3.8558713269579998, "post_prob_exceed": 0.80466666666666697, "prosp_score_happy": 2.8996030327151798, "prosp_score_sad": 3.34401847349082, "domain_class": "tier 1" }, "geometry": { "type": "Point", "coordinates": [ -159.644972158852198, 69.219747816417978 ] } },
{ "type": "Feature", "properties": { "field_1": 289, "x": -228498.0523, "y": 2122311.723, "scaled_x": 0.53932248823916396, "scaled_y": 0.88653130110854095, "post_mean": 3.5775222308000898, "post_sd": 0.18975670480204701, "post_q10": 3.3314961146080502, "post_q50": 3.5823062811491799, "post_q90": 3.8152911007368999, "post_prob_exceed": 0.78116666666666701, "prosp_score_happy": 2.7946411159600002, "prosp_score_sad": 3.3314961146080502, "domain_class": "tier 2" }, "geometry": { "type": "Point", "coordinates": [ -159.644972161559082, 68.979398324382572 ] } },
{ "type": "Feature", "properties": { "field_1": 290, "x": -230773.3101, "y": 2095608.635, "scaled_x": 0.53867822189007897, "scaled_y": 0.87260132029680904, "post_mean": 3.5427523705811099, "post_sd": 0.18511291211025399, "post_q10": 3.3034635682525701, "post_q50": 3.5478763403725999, "post_q90": 3.7746449869515999, "post_prob_exceed": 0.72616666666666696, "prosp_score_happy": 2.5726286797703199, "prosp_score_sad": 3.3034635682525701, "domain_class": "tier 2" }, "geometry": { "type": "Point", "coordinates": [ -159.64497216052203, 68.736396144703193 ] } },
{ "type": "Feature", "properties": { "field_1": 291, "x": -233075.9422, "y": 2068584.275, "scaled_x": 0.53802620418186398, "scaled_y": 0.85850374415695097, "post_mean": 3.5006619571627802, "post_sd": 0.18450840561489301, "post_q10": 3.2599617487610999, "post_q50": 3.5069663547738399, "post_q90": 3.7340978320262699, "post_prob_exceed": 0.65166666666666695, "prosp_score_happy": 2.2812647087510798, "prosp_score_sad": 3.2599617487610999, "domain_class": "tier 2" }, "geometry": { "type": "Point", "coordinates": [ -159.644972161043796, 68.490716417578184 ] } },
{ "type": "Feature", "properties": { "field_1": 292, "x": -235406.144, "y": 2041236.349, "scaled_x": 0.53736637978468105, "scaled_y": 0.84423737599681004, "post_mean": 3.4529168503243999, "post_sd": 0.18610599823697799, "post_q10": 3.2099338226285901, "post_q50": 3.4572972986488502, "post_q90": 3.68792213403187, "post_prob_exceed": 0.551, "prosp_score_happy": 1.9025571845287499, "prosp_score_sad": 3.2099338226285901, "domain_class": "tier 3" }, "geometry": { "type": "Point", "coordinates": [ -159.644972161596598, 68.242334209357409 ] } },
{ "type": "Feature", "properties": { "field_1": 293, "x": -237764.1099, "y": 2013562.575, "scaled_x": 0.53669869365185696, "scaled_y": 0.829801025384169, "post_mean": 3.40131104328246, "post_sd": 0.18831807365226, "post_q10": 3.1527632632238198, "post_q50": 3.4071385126686602, "post_q90": 3.6416728472569599, "post_prob_exceed": 0.44233333333333302, "prosp_score_happy": 1.5045132514786099, "prosp_score_sad": 3.1527632632238198, "domain_class": "tier 3" }, "geometry": { "type": "Point", "coordinates": [ -159.644972161243032, 67.991224507955508 ] } },
{ "type": "Feature", "properties": { "field_1": 294, "x": -240150.0331, "y": 1985560.686, "scaled_x": 0.53602309107650803, "scaled_y": 0.81519350971173998, "post_mean": 3.3477023188383401, "post_sd": 0.189969284366134, "post_q10": 3.09904602066542, "post_q50": 3.3529448079728699, "post_q90": 3.5905579967502201, "post_prob_exceed": 0.326, "prosp_score_happy": 1.0913509559412999, "prosp_score_sad": 3.09904602066542, "domain_class": "Background" }, "geometry": { "type": "Point", "coordinates": [ -159.644972160909788, 67.737362245557378 ] } },
{ "type": "Feature", "properties": { "field_1": 295, "x": -242564.1055, "y": 1957228.43, "scaled_x": 0.53533951771986399, "scaled_y": 0.80041365419716204, "post_mean": 3.2939347586249599, "post_sd": 0.19031826393492501, "post_q10": 3.04970142137948, "post_q50": 3.2990674906294202, "post_q90": 3.5347054987170501, "post_prob_exceed": 0.230333333333333, "prosp_score_happy": 0.75870297273661502, "prosp_score_sad": 3.04970142137948, "domain_class": "Background" }, "geometry": { "type": "Point", "coordinates": [ -159.644972160979592, 67.480722294056193 ] } },
{ "type": "Feature", "properties": { "field_1": 296, "x": -245006.5178, "y": 1928563.569, "scaled_x": 0.53464791958294799, "scaled_y": 0.78546029136133799, "post_mean": 3.2417517778314302, "post_sd": 0.189014196243451, "post_q10": 3.0000304681901899, "post_q50": 3.2452785724787798, "post_q90": 3.4828061378580699, "post_prob_exceed": 0.15566666666666701, "prosp_score_happy": 0.50463269341576, "prosp_score_sad": 3.0000304681901899, "domain_class": "Background" }, "geometry": { "type": "Point", "coordinates": [ -159.644972161656767, 67.221279451275976 ] } },
{ "type": "Feature", "properties": { "field_1": 297, "x": -247477.4589, "y": 1899563.885, "scaled_x": 0.53394824317647605, "scaled_y": 0.77033226415840605, "post_mean": 3.1927059379882801, "post_sd": 0.18603186474813699, "post_q10": 2.9552294808688799, "post_q50": 3.1966820544357399, "post_q90": 3.4312096220261998, "post_prob_exceed": 0.0975, "prosp_score_happy": 0.31128882895385701, "prosp_score_sad": 2.9552294808688799, "domain_class": "Background" }, "geometry": { "type": "Point", "coordinates": [ -159.644972160960577, 66.959008490510357 ] } },
{ "type": "Feature", "properties": { "field_1": 298, "x": -249977.1163, "y": 1870227.178, "scaled_x": 0.53324043540758803, "scaled_y": 0.75502842493241895, "post_mean": 3.1480744234595202, "post_sd": 0.18159635941934199, "post_q10": 2.9139372808133799, "post_q50": 3.15115336944368, "post_q90": 3.38229543734916, "post_prob_exceed": 0.057833333333333299, "prosp_score_happy": 0.18206363749007501, "prosp_score_sad": 2.9139372808133799, "domain_class": "Background" }, "geometry": { "type": "Point", "coordinates": [ -159.644972159993898, 66.693884137212265 ] } },
{ "type": "Feature", "properties": { "field_1": 299, "x": -252505.6757, "y": 1840551.27, "scaled_x": 0.53252444369311702, "scaled_y": 0.739547637503986, "post_mean": 3.1087912722651998, "post_sd": 0.17609395430012401, "post_q10": 2.8801318915282601, "post_q50": 3.11127401231361, "post_q90": 3.3329732739929701, "post_prob_exceed": 0.032166666666666698, "prosp_score_happy": 0.099999452591197399, "prosp_score_sad": 2.8801318915282601, "domain_class": "Background" }, "geometry": { "type": "Point", "coordinates": [ -159.644972161474413, 66.425881100070143 ] } },
{ "type": "Feature", "properties": { "field_1": 300, "x": -255063.3209, "y": 1810534.001, "scaled_x": 0.53180021598790495, "scaled_y": 0.72388877508363303, "post_mean": 3.0754081314701098, "post_sd": 0.16996615165948201, "post_q10": 2.8568890113416101, "post_q50": 3.0762583882161101, "post_q90": 3.2901182202036701, "post_prob_exceed": 0.018166666666666699, "prosp_score_happy": 0.055869914388373701, "prosp_score_sad": 2.8568890113416101, "domain_class": "Background" }, "geometry": { "type": "Point", "coordinates": [ -159.644972159943336, 66.154974029964464 ] } },
{ "type": "Feature", "properties": { "field_1": 301, "x": -257650.2339, "y": 1780173.237, "scaled_x": 0.53106770075648302, "scaled_y": 0.70805072444508899, "post_mean": 3.0480936740253499, "post_sd": 0.16359488764372801, "post_q10": 2.8393277619846198, "post_q50": 3.0485192337780802, "post_q90": 3.2552187730191999, "post_prob_exceed": 0.01, "prosp_score_happy": 0.030480936740253501, "prosp_score_sad": 2.8393277619846198, "domain_class": "Background" }, "geometry": { "type": "Point", "coordinates": [ -159.644972159215712, 65.881137586238992 ] } },
{ "type": "Feature", "properties": { "field_1": 302, "x": -260266.5944, "y": 1749466.87, "scaled_x": 0.53032684711465505, "scaled_y": 0.69203238592528904, "post_mean": 3.0266769986054798, "post_sd": 0.157202343930536, "post_q10": 2.82432524617129, "post_q50": 3.0275431893978499, "post_q90": 3.2279014379747601, "post_prob_exceed": 0.0058333333333333301, "prosp_score_happy": 0.0176556158251986, "prosp_score_sad": 2.82432524617129, "domain_class": "Background" }, "geometry": { "type": "Point", "coordinates": [ -159.644972161128095, 65.60434643150495 ] } },
{ "type": "Feature", "properties": { "field_1": 303, "x": -262912.5798, "y": 1718412.815, "scaled_x": 0.529577604829499, "scaled_y": 0.675832671859393, "post_mean": 3.0107326711506901, "post_sd": 0.15079773918511499, "post_q10": 2.8164655017872899, "post_q50": 3.0114932144543101, "post_q90": 3.2018345568067499, "post_prob_exceed": 0.00266666666666667, "prosp_score_happy": 0.0080286204564018297, "prosp_score_sad": 2.8164655017872899, "domain_class": "Background" }, "geometry": { "type": "Point", "coordinates": [ -159.644972160171932, 65.324575199157238 ] } },
{ "type": "Feature", "properties": { "field_1": 304, "x": -265588.3654, "y": 1687009.016, "scaled_x": 0.52881992426273094, "scaled_y": 0.65945050971075103, "post_mean": 2.9996957408853202, "post_sd": 0.14419395268725399, "post_q10": 2.8141836976989798, "post_q50": 3.0015061260287101, "post_q90": 3.1826328878102501, "post_prob_exceed": 0.0015, "prosp_score_happy": 0.0044995436113279804, "prosp_score_sad": 2.8141836976989798, "domain_class": "Background" }, "geometry": { "type": "Point", "coordinates": [ -159.644972158905631, 65.041798541171246 ] } },
{ "type": "Feature", "properties": { "field_1": 305, "x": -268294.1238, "y": 1655253.45, "scaled_x": 0.52805375654060405, "scaled_y": 0.64288484415754998, "post_mean": 2.9929865943358802, "post_sd": 0.13708911183967801, "post_q10": 2.81659911068743, "post_q50": 2.99484627705881, "post_q90": 3.1670779146186998, "post_prob_exceed": 0.00083333333333333295, "prosp_score_happy": 0.0024941554952799001, "prosp_score_sad": 2.81659911068743, "domain_class": "Background" }, "geometry": { "type": "Point", "coordinates": [ -159.644972162127175, 64.755991158384901 ] } },
{ "type": "Feature", "properties": { "field_1": 306, "x": -271030.0247, "y": 1623144.12, "scaled_x": 0.52727905361054395, "scaled_y": 0.62613463344118803, "post_mean": 2.9901208415587801, "post_sd": 0.129180446203146, "post_q10": 2.82402724207964, "post_q50": 2.99149756460438, "post_q90": 3.1539289257726701, "post_prob_exceed": 0.00016666666666666701, "prosp_score_happy": 0.00049835347359312998, "prosp_score_sad": 2.82402724207964, "domain_class": "Background" }, "geometry": { "type": "Point", "coordinates": [ -159.644972160249864, 64.467127732072385 ] } },
{ "type": "Feature", "properties": { "field_1": 307, "x": -273796.2354, "y": 1590679.066, "scaled_x": 0.526495768099561, "scaled_y": 0.60919885510454697, "post_mean": 2.9907806603599498, "post_sd": 0.12026981896472599, "post_q10": 2.83586598891613, "post_q50": 2.9920905193323399, "post_q90": 3.14367198261324, "post_prob_exceed": 0.0, "prosp_score_happy": 0.0, "prosp_score_sad": 2.83586598891613, "domain_class": "Background" }, "geometry": { "type": "Point", "coordinates": [ -159.644972159513685, 64.17518301572396 ] } },
{ "type": "Feature", "properties": { "field_1": 308, "x": -276592.92, "y": 1557856.362, "scaled_x": 0.52570385354078597, "scaled_y": 0.59207650442700899, "post_mean": 2.9948314148857902, "post_sd": 0.110334637559782, "post_q10": 2.8517976493343502, "post_q50": 2.9972336608682499, "post_q90": 3.1363910804019, "post_prob_exceed": 0.0, "prosp_score_happy": 0.0, "prosp_score_sad": 2.8517976493343502, "domain_class": "Background" }, "geometry": { "type": "Point", "coordinates": [ -159.644972159755497, 63.880131802567917 ] } },
{ "type": "Feature", "properties": { "field_1": 309, "x": -279420.2394, "y": 1524674.12, "scaled_x": 0.52490326437346801, "scaled_y": 0.57476659651110695, "post_mean": 3.00227895969797, "post_sd": 0.099560542800230897, "post_q10": 2.87345925533138, "post_q50": 3.0038602922983002, "post_q90": 3.1313215964404901, "post_prob_exceed": 0.0, "prosp_score_happy": 0.0, "prosp_score_sad": 2.87345925533138, "domain_class": "Background" }, "geometry": { "type": "Point", "coordinates": [ -159.644972161578323, 63.581948954902138 ] } },
{ "type": "Feature", "properties": { "field_1": 310, "x": -282278.3512, "y": 1491130.487, "scaled_x": 0.52409395597128805, "scaled_y": 0.55726816471753404, "post_mean": 3.0131753956149701, "post_sd": 0.088349381426041498, "post_q10": 2.8983654135477099, "post_q50": 3.01302398589766, "post_q90": 3.1272867575874499, "post_prob_exceed": 0.0, "prosp_score_happy": 0.0, "prosp_score_sad": 2.8983654135477099, "domain_class": "Background" }, "geometry": { "type": "Point", "coordinates": [ -159.644972159235436, 63.280609370921134 ] } },
{ "type": "Feature", "properties": { "field_1": 311, "x": -285167.4097, "y": 1457223.657, "scaled_x": 0.52327588464236396, "scaled_y": 0.53958026692508998, "post_mean": 3.0274907481756799, "post_sd": 0.077321126326843306, "post_q10": 2.9275219876798202, "post_q50": 3.0274316847407601, "post_q90": 3.12715441839936, "post_prob_exceed": 0.0, "prosp_score_happy": 0.0, "prosp_score_sad": 2.9275219876798202, "domain_class": "Background" }, "geometry": { "type": "Point", "coordinates": [ -159.644972161094074, 62.976088085152156 ] } },
{ "type": "Feature", "properties": { "field_1": 312, "x": -288087.5653, "y": 1422951.861, "scaled_x": 0.52244900779914505, "scaled_y": 0.52170198031405901, "post_mean": 3.0449731384616601, "post_sd": 0.067316082466230096, "post_q10": 2.9578832219734599, "post_q50": 3.0451888321996701, "post_q90": 3.1318140910419401, "post_prob_exceed": 0.0, "prosp_score_happy": 0.0, "prosp_score_sad": 2.9578832219734599, "domain_class": "Background" }, "geometry": { "type": "Point", "coordinates": [ -159.644972160610649, 62.66836017300691 ] } },
{ "type": "Feature", "properties": { "field_1": 313, "x": -291038.9647, "y": 1388313.379, "scaled_x": 0.52161328390177797, "scaled_y": 0.50363240762615402, "post_mean": 3.06502039188535, "post_sd": 0.059356780905637403, "post_q10": 2.9879997197476902, "post_q50": 3.0652559520090699, "post_q90": 3.1400359730965102, "post_prob_exceed": 0.0, "prosp_score_happy": 0.0, "prosp_score_sad": 2.9879997197476902, "domain_class": "Background" }, "geometry": { "type": "Point", "coordinates": [ -159.644972160674541, 62.3574008508212 ] } },
{ "type": "Feature", "properties": { "field_1": 314, "x": -294021.7505, "y": 1353306.537, "scaled_x": 0.52076867257137405, "scaled_y": 0.48537067559953201, "post_mean": 3.0865833239949798, "post_sd": 0.0544390567061191, "post_q10": 3.0156043267471699, "post_q50": 3.0869154291893102, "post_q90": 3.15531883733901, "post_prob_exceed": 0.0, "prosp_score_happy": 0.0, "prosp_score_sad": 3.0156043267471699, "domain_class": "Background" }, "geometry": { "type": "Point", "coordinates": [ -159.644972160610109, 62.043185442485274 ] } },
{ "type": "Feature", "properties": { "field_1": 315, "x": -297036.0611, "y": 1317929.71, "scaled_x": 0.51991513461832395, "scaled_y": 0.466915936533775, "post_mean": 3.1081171387545998, "post_sd": 0.053048647441753999, "post_q10": 3.0400484903483398, "post_q50": 3.10909880177006, "post_q90": 3.1746931437698702, "post_prob_exceed": 0.0, "prosp_score_happy": 0.0, "prosp_score_sad": 3.0400484903483398, "domain_class": "Background" }, "geometry": { "type": "Point", "coordinates": [ -159.644972159297453, 61.725689399253966 ] } },
{ "type": "Feature", "properties": { "field_1": 316, "x": -300082.0307, "y": 1282181.325, "scaled_x": 0.51905263204230001, "scaled_y": 0.44826736985488003, "post_mean": 3.12759431401828, "post_sd": 0.0547499744685618, "post_q10": 3.05795274708646, "post_q50": 3.1290978220191601, "post_q90": 3.1975202048352802, "post_prob_exceed": 0.0, "prosp_score_happy": 0.0, "prosp_score_sad": 3.05795274708646, "domain_class": "Background" }, "geometry": { "type": "Point", "coordinates": [ -159.644972159981251, 61.404888319380071 ] } },
{ "type": "Feature", "properties": { "field_1": 317, "x": -303159.7885, "y": 1246059.864, "scaled_x": 0.51818112825878404, "scaled_y": 0.42942418368024299, "post_mean": 3.1425907386044698, "post_sd": 0.058444327438889401, "post_q10": 3.0667217923730798, "post_q50": 3.1437387628979701, "post_q90": 3.2163195235645499, "post_prob_exceed": 0.0, "prosp_score_happy": 0.0, "prosp_score_sad": 3.0667217923730798, "domain_class": "Background" }, "geometry": { "type": "Point", "coordinates": [ -159.64497215996235, 61.080757968265125 ] } },
{ "type": "Feature", "properties": { "field_1": 318, "x": -306269.4593, "y": 1209563.863, "scaled_x": 0.517300587929167, "scaled_y": 0.41038561429699699, "post_mean": 3.15045629151231, "post_sd": 0.063073873862820901, "post_q10": 3.0676714669098799, "post_q50": 3.1517074170830601, "post_q90": 3.2302533229006598, "post_prob_exceed": 0.0, "prosp_score_happy": 0.0, "prosp_score_sad": 3.0676714669098799, "domain_class": "Background" }, "geometry": { "type": "Point", "coordinates": [ -159.644972160338938, 60.753274261835188 ] } },
{ "type": "Feature", "properties": { "field_1": 319, "x": -309411.1625, "y": 1172691.92, "scaled_x": 0.51641097724391904, "scaled_y": 0.39115093033530401, "post_mean": 3.1485799704718298, "post_sd": 0.068139113156862094, "post_q10": 3.05945303870898, "post_q50": 3.1490180187227401, "post_q90": 3.2350087766508802, "post_prob_exceed": 0.0, "prosp_score_happy": 0.0, "prosp_score_sad": 3.05945303870898, "domain_class": "Background" }, "geometry": { "type": "Point", "coordinates": [ -159.644972160036446, 60.42241333123652 ] } },
{ "type": "Feature", "properties": { "field_1": 320, "x": -312585.0126, "y": 1135442.692, "scaled_x": 0.51551226378100001, "scaled_y": 0.37171943120337497, "post_mean": 3.1347556658917899, "post_sd": 0.073933938584051603, "post_q10": 3.0390109690872702, "post_q50": 3.1348150200616698, "post_q90": 3.2272721007173999, "post_prob_exceed": 0.0, "prosp_score_happy": 0.0, "prosp_score_sad": 3.0390109690872702, "domain_class": "Background" }, "geometry": { "type": "Point", "coordinates": [ -159.644972160308527, 60.088151488333772 ] } },
{ "type": "Feature", "properties": { "field_1": 321, "x": -315791.1185, "y": 1097814.9, "scaled_x": 0.51460441670407697, "scaled_y": 0.35209044969577502, "post_mean": 3.1076448170562201, "post_sd": 0.081582903783449595, "post_q10": 3.0025763970577799, "post_q50": 3.1078233222712299, "post_q90": 3.2116544235346698, "post_prob_exceed": 0.0, "prosp_score_happy": 0.0, "prosp_score_sad": 3.0025763970577799, "domain_class": "Background" }, "geometry": { "type": "Point", "coordinates": [ -159.644972159746487, 59.75046526332946 ] } },
{ "type": "Feature", "properties": { "field_1": 322, "x": -319029.5834, "y": 1059807.334, "scaled_x": 0.51368740679084302, "scaled_y": 0.33226335460173101, "post_mean": 3.0673140039864499, "post_sd": 0.092729397113996595, "post_q10": 2.9482796312340902, "post_q50": 3.0672557008444801, "post_q90": 3.1852868782613699, "post_prob_exceed": 0.0, "prosp_score_happy": 0.0, "prosp_score_sad": 2.9482796312340902, "domain_class": "Background" }, "geometry": { "type": "Point", "coordinates": [ -159.644972160153969, 59.409331441887609 ] } },
{ "type": "Feature", "properties": { "field_1": 323, "x": -322300.5048, "y": 1021418.849, "scaled_x": 0.51276120643300904, "scaled_y": 0.31223754861848901, "post_mean": 3.01579825687595, "post_sd": 0.108732348385261, "post_q10": 2.8756440987262701, "post_q50": 3.0166646472688901, "post_q90": 3.1544490807356298, "post_prob_exceed": 0.00016666666666666701, "prosp_score_happy": 0.00050263304281265896, "prosp_score_sad": 2.8756440987262701, "domain_class": "Background" }, "geometry": { "type": "Point", "coordinates": [ -159.644972160444667, 59.064727021949395 ] } },
{ "type": "Feature", "properties": { "field_1": 324, "x": -346112.567, "y": 741953.5591, "scaled_x": 0.50601853737027902, "scaled_y": 0.16645118391594901, "post_mean": 3.0456405461358398, "post_sd": 0.22490365598996301, "post_q10": 2.7586191673316001, "post_q50": 3.0464031890080498, "post_q90": 3.3339133618040102, "post_prob_exceed": 0.04, "prosp_score_happy": 0.121825621845434, "prosp_score_sad": 2.7586191673316001, "domain_class": "Background" }, "geometry": { "type": "Point", "coordinates": [ -159.644972160405075, 56.553449443787393 ] } },
{ "type": "Feature", "properties": { "field_1": 325, "x": -349645.8601, "y": 700485.8029, "scaled_x": 0.50501804334020195, "scaled_y": 0.14481903979196001, "post_mean": 3.2572661616512, "post_sd": 0.27251252877038801, "post_q10": 2.9106605028427599, "post_q50": 3.2563901119351701, "post_q90": 3.5987426944143301, "post_prob_exceed": 0.2585, "prosp_score_happy": 0.842003302786835, "prosp_score_sad": 2.9106605028427599, "domain_class": "Background" }, "geometry": { "type": "Point", "coordinates": [ -159.64497215985719, 56.18028858802812 ] } },
{ "type": "Feature", "properties": { "field_1": 326, "x": -187911.7084, "y": 2298397.351, "scaled_x": 0.55081499498155895, "scaled_y": 0.978388445842577, "post_mean": 3.3286657011243501, "post_sd": 0.37232256077334602, "post_q10": 2.8460181862660501, "post_q50": 3.3346861907390402, "post_q90": 3.7975567656179301, "post_prob_exceed": 0.39533333333333298, "prosp_score_happy": 1.3159325071778301, "prosp_score_sad": 2.8460181862660501, "domain_class": "Background" }, "geometry": { "type": "Point", "coordinates": [ -158.971235696135835, 70.607519185944909 ] } },
{ "type": "Feature", "properties": { "field_1": 327, "x": -189752.042, "y": 2273858.154, "scaled_x": 0.55029388260054801, "scaled_y": 0.96558728429357199, "post_mean": 3.3839618483384699, "post_sd": 0.32629445923023298, "post_q10": 2.9656609764317401, "post_q50": 3.3859661798281802, "post_q90": 3.7918187147006699, "post_prob_exceed": 0.44433333333333302, "prosp_score_happy": 1.5036070479450601, "prosp_score_sad": 2.9656609764317401, "domain_class": "tier 3" }, "geometry": { "type": "Point", "coordinates": [ -158.971235696081948, 70.382568850761388 ] } },
{ "type": "Feature", "properties": { "field_1": 328, "x": -191615.2639, "y": 2249013.763, "scaled_x": 0.54976628912474601, "scaled_y": 0.95262691469477601, "post_mean": 3.4269294135811501, "post_sd": 0.28672426890410502, "post_q10": 3.05524431520496, "post_q50": 3.42833766370644, "post_q90": 3.7848089104362499, "post_prob_exceed": 0.49016666666666697, "prosp_score_happy": 1.6797665675570299, "prosp_score_sad": 3.05524431520496, "domain_class": "tier 3" }, "geometry": { "type": "Point", "coordinates": [ -158.971235697850631, 70.155113038322156 ] } },
{ "type": "Feature", "properties": { "field_1": 329, "x": -193501.5506, "y": 2223861.822, "scaled_x": 0.54923216457607305, "scaled_y": 0.93950610801100298, "post_mean": 3.4576456767316199, "post_sd": 0.25416242068363898, "post_q10": 3.1250303228169898, "post_q50": 3.4566633549544101, "post_q90": 3.77325734784523, "post_prob_exceed": 0.5335, "prosp_score_happy": 1.8446539685363199, "prosp_score_sad": 3.1250303228169898, "domain_class": "tier 3" }, "geometry": { "type": "Point", "coordinates": [ -158.971235696530499, 69.925127466873548 ] } },
{ "type": "Feature", "properties": { "field_1": 330, "x": -195411.0785, "y": 2198399.981, "scaled_x": 0.54869145900477101, "scaled_y": 0.92622363833703203, "post_mean": 3.4764000971983799, "post_sd": 0.229006969446022, "post_q10": 3.1793111913190399, "post_q50": 3.4778917701489398, "post_q90": 3.7635673034442401, "post_prob_exceed": 0.575, "prosp_score_happy": 1.9989300558890699, "prosp_score_sad": 3.1793111913190399, "domain_class": "tier 3" }, "geometry": { "type": "Point", "coordinates": [ -158.971235696270895, 69.692587749134248 ] } },
{ "type": "Feature", "properties": { "field_1": 331, "x": -197344.0233, "y": 2172625.897, "scaled_x": 0.54814412265928902, "scaled_y": 0.91277828341928002, "post_mean": 3.4837084126236801, "post_sd": 0.211280037804944, "post_q10": 3.2104825146720599, "post_q50": 3.4861894564807301, "post_q90": 3.74908448751337, "post_prob_exceed": 0.59616666666666696, "prosp_score_happy": 2.07687083199249, "prosp_score_sad": 3.2104825146720599, "domain_class": "tier 3" }, "geometry": { "type": "Point", "coordinates": [ -158.971235696668089, 69.457469398161919 ] } },
{ "type": "Feature", "properties": { "field_1": 332, "x": -199300.5602, "y": 2146537.233, "scaled_x": 0.54759010592966195, "scaled_y": 0.89916882413413302, "post_mean": 3.4803202273518798, "post_sd": 0.20040719331144399, "post_q10": 3.2247591951856802, "post_q50": 3.4845134760701701, "post_q90": 3.7320334570604601, "post_prob_exceed": 0.59766666666666701, "prosp_score_happy": 2.0800713892139702, "prosp_score_sad": 3.2247591951856802, "domain_class": "tier 3" }, "geometry": { "type": "Point", "coordinates": [ -158.971235696090417, 69.219747814425915 ] } },
{ "type": "Feature", "properties": { "field_1": 333, "x": -201280.8638, "y": 2120131.663, "scaled_x": 0.54702935937581998, "scaled_y": 0.88539404709625502, "post_mean": 3.4672181302943001, "post_sd": 0.19516867488147999, "post_q10": 3.2151088619652999, "post_q50": 3.4723718499720899, "post_q90": 3.7144127429763998, "post_prob_exceed": 0.57566666666666699, "prosp_score_happy": 1.9959619036727501, "prosp_score_sad": 3.2151088619652999, "domain_class": "tier 3" }, "geometry": { "type": "Point", "coordinates": [ -158.971235698504927, 68.979398327347255 ] } },
{ "type": "Feature", "properties": { "field_1": 334, "x": -203285.1079, "y": 2093406.866, "scaled_x": 0.54646183378422197, "scaled_y": 0.87145274152862096, "post_mean": 3.44560632837009, "post_sd": 0.193912526446403, "post_q10": 3.19326745365787, "post_q50": 3.4498269994538702, "post_q90": 3.69011390531807, "post_prob_exceed": 0.533, "prosp_score_happy": 1.83650817302126, "prosp_score_sad": 3.19326745365787, "domain_class": "tier 3" }, "geometry": { "type": "Point", "coordinates": [ -158.971235697368144, 68.736396137129162 ] } },
{ "type": "Feature", "properties": { "field_1": 335, "x": -205313.4655, "y": 2066360.537, "scaled_x": 0.54588748016785704, "scaled_y": 0.85734370500079404, "post_mean": 3.4168869246724198, "post_sd": 0.19491057143589999, "post_q10": 3.1641640546646101, "post_q50": 3.42174336708708, "post_q90": 3.6609446208410401, "post_prob_exceed": 0.477333333333333, "prosp_score_happy": 1.6309940253769699, "prosp_score_sad": 3.1641640546646101, "domain_class": "tier 3" }, "geometry": { "type": "Point", "coordinates": [ -158.971235696040367, 68.490716410189847 ] } },
{ "type": "Feature", "properties": { "field_1": 336, "x": -207366.109, "y": 2038990.379, "scaled_x": 0.54530624970961195, "scaled_y": 0.843065739255631, "post_mean": 3.3826222915511499, "post_sd": 0.19665451064283701, "post_q10": 3.1248348335159499, "post_q50": 3.38729903893686, "post_q90": 3.6291655375955898, "post_prob_exceed": 0.41066666666666701, "prosp_score_happy": 1.38913022106367, "prosp_score_sad": 3.1248348335159499, "domain_class": "tier 3" }, "geometry": { "type": "Point", "coordinates": [ -158.971235697750444, 68.242334202412223 ] } },
{ "type": "Feature", "properties": { "field_1": 337, "x": -209443.2094, "y": 2011294.109, "scaled_x": 0.5447180939888, "scaled_y": 0.82861765333925497, "post_mean": 3.3444827844784699, "post_sd": 0.198000645102718, "post_q10": 3.08421993245934, "post_q50": 3.3496159536868202, "post_q90": 3.59455964607446, "post_prob_exceed": 0.333166666666667, "prosp_score_happy": 1.1142701810287501, "prosp_score_sad": 3.08421993245934, "domain_class": "Background" }, "geometry": { "type": "Point", "coordinates": [ -158.971235697321532, 67.991224509574749 ] } },
{ "type": "Feature", "properties": { "field_1": 338, "x": -211544.9371, "y": 1983269.456, "scaled_x": 0.54412296475463096, "scaled_y": 0.813998262557731, "post_mean": 3.30418021112557, "post_sd": 0.19819515221947101, "post_q10": 3.0455926654887402, "post_q50": 3.3109968602795101, "post_q90": 3.5558822791073701, "post_prob_exceed": 0.25766666666666699, "prosp_score_happy": 0.85137710106668796, "prosp_score_sad": 3.0455926654887402, "domain_class": "Background" }, "geometry": { "type": "Point", "coordinates": [ -158.971235696802751, 67.737362244281869 ] } },
{ "type": "Feature", "properties": { "field_1": 339, "x": -213671.4611, "y": 1954914.167, "scaled_x": 0.543520814152742, "scaled_y": 0.79920639160703399, "post_mean": 3.2633892682272898, "post_sd": 0.196842676392122, "post_q10": 3.00774954985864, "post_q50": 3.2684453791638099, "post_q90": 3.5121933446953202, "post_prob_exceed": 0.194333333333333, "prosp_score_happy": 0.63418531445883797, "prosp_score_sad": 3.00774954985864, "domain_class": "Background" }, "geometry": { "type": "Point", "coordinates": [ -158.971235697002271, 67.480722285961164 ] } },
{ "type": "Feature", "properties": { "field_1": 340, "x": -215822.9492, "y": 1926226.004, "scaled_x": 0.54291159466856398, "scaled_y": 0.784240873008068, "post_mean": 3.2236614465973998, "post_sd": 0.193857011238774, "post_q10": 2.9740886219896701, "post_q50": 3.22734885502059, "post_q90": 3.47042669804121, "post_prob_exceed": 0.1405, "prosp_score_happy": 0.45292443324693499, "prosp_score_sad": 2.9740886219896701, "domain_class": "Background" }, "geometry": { "type": "Point", "coordinates": [ -158.971235696973679, 67.221279448926978 ] } },
{ "type": "Feature", "properties": { "field_1": 341, "x": -217999.568, "y": 1897202.745, "scaled_x": 0.54229525912732202, "scaled_y": 0.76910054762832503, "post_mean": 3.1863386386523498, "post_sd": 0.189404845899935, "post_q10": 2.94429728379487, "post_q50": 3.1902268652611698, "post_q90": 3.42874156883869, "post_prob_exceed": 0.094666666666666704, "prosp_score_happy": 0.30164005779242198, "prosp_score_sad": 2.94429728379487, "domain_class": "Background" }, "geometry": { "type": "Point", "coordinates": [ -158.971235695806172, 66.959008486559526 ] } },
{ "type": "Feature", "properties": { "field_1": 342, "x": -220201.4827, "y": 1867842.19, "scaled_x": 0.54167176075066903, "scaled_y": 0.75378426781185603, "post_mean": 3.1524763062826402, "post_sd": 0.18383834232840199, "post_q10": 2.9151950027380198, "post_q50": 3.1555096719887099, "post_q90": 3.3868116582189001, "post_prob_exceed": 0.062, "prosp_score_happy": 0.195453530989524, "prosp_score_sad": 2.9151950027380198, "domain_class": "Background" }, "geometry": { "type": "Point", "coordinates": [ -158.971235698246375, 66.693884140367331 ] } },
{ "type": "Feature", "properties": { "field_1": 343, "x": -222428.8567, "y": 1838142.157, "scaled_x": 0.541041053269948, "scaled_y": 0.73829089529262504, "post_mean": 3.1227878955528099, "post_sd": 0.177609106747253, "post_q10": 2.8927763788034699, "post_q50": 3.1238440943185402, "post_q90": 3.3509126579951198, "post_prob_exceed": 0.0385, "prosp_score_happy": 0.120227333978783, "prosp_score_sad": 2.8927763788034699, "domain_class": "Background" }, "geometry": { "type": "Point", "coordinates": [ -158.971235698829844, 66.425881099164911 ] } },
{ "type": "Feature", "properties": { "field_1": 344, "x": -224681.852, "y": 1808100.486, "scaled_x": 0.54040309081293003, "scaled_y": 0.72261930328115598, "post_mean": 3.0976223050585001, "post_sd": 0.171162746452623, "post_q10": 2.8788110939845302, "post_q50": 3.0984368561360101, "post_q90": 3.3152793041789699, "post_prob_exceed": 0.024, "prosp_score_happy": 0.074342935321403902, "prosp_score_sad": 2.8788110939845302, "domain_class": "Background" }, "geometry": { "type": "Point", "coordinates": [ -158.97123569781769, 66.154974029491413 ] } },
{ "type": "Feature", "properties": { "field_1": 345, "x": -226960.6289, "y": 1777715.041, "scaled_x": 0.53975782798876004, "scaled_y": 0.70676837750785504, "post_mean": 3.0769835057352299, "post_sd": 0.16482765861364501, "post_q10": 2.8662645993807199, "post_q50": 3.0771209232097401, "post_q90": 3.2873399986154599, "post_prob_exceed": 0.0151666666666667, "prosp_score_happy": 0.046667583170317703, "prosp_score_sad": 2.8662645993807199, "domain_class": "Background" }, "geometry": { "type": "Point", "coordinates": [ -158.971235697641589, 65.881137588349972 ] } },
{ "type": "Feature", "properties": { "field_1": 346, "x": -229265.3457, "y": 1746983.711, "scaled_x": 0.53910521997290595, "scaled_y": 0.69073701674467303, "post_mean": 3.0605954811373901, "post_sd": 0.15872758507100401, "post_q10": 2.8587714024117901, "post_q50": 3.0607163432332101, "post_q90": 3.2612183313247001, "post_prob_exceed": 0.010166666666666701, "prosp_score_happy": 0.031116054058230098, "prosp_score_sad": 2.8587714024117901, "domain_class": "Background" }, "geometry": { "type": "Point", "coordinates": [ -158.971235697933963, 65.604346426841587 ] } },
{ "type": "Feature", "properties": { "field_1": 347, "x": -231596.1587, "y": 1715904.411, "scaled_x": 0.53844522250716398, "scaled_y": 0.67452413332676897, "post_mean": 3.0480068776788101, "post_sd": 0.15275184090666999, "post_q10": 2.8550638239058599, "post_q50": 3.0468265040781999, "post_q90": 3.2422711080748798, "post_prob_exceed": 0.0068333333333333302, "prosp_score_happy": 0.020828046997471799, "prosp_score_sad": 2.8550638239058599, "domain_class": "Background" }, "geometry": { "type": "Point", "coordinates": [ -158.971235697269691, 65.324575193481266 ] } },
{ "type": "Feature", "properties": { "field_1": 348, "x": -233953.2223, "y": 1684475.084, "scaled_x": 0.53777779187133201, "scaled_y": 0.658128654195829, "post_mean": 3.0387198945731599, "post_sd": 0.14659956389644899, "post_q10": 2.8512345659149498, "post_q50": 3.0396010686169599, "post_q90": 3.22544222897975, "post_prob_exceed": 0.0036666666666666701, "prosp_score_happy": 0.0111419729467682, "prosp_score_sad": 2.8512345659149498, "domain_class": "Background" }, "geometry": { "type": "Point", "coordinates": [ -158.971235698512203, 65.041798546273213 ] } },
{ "type": "Feature", "properties": { "field_1": 349, "x": -236336.6884, "y": 1652693.702, "scaled_x": 0.53710288505311699, "scaled_y": 0.64154952142173505, "post_mean": 3.0323198464544801, "post_sd": 0.13988198523511999, "post_q10": 2.8531841041208099, "post_q50": 3.0337105445871502, "post_q90": 3.2083959870327301, "post_prob_exceed": 0.002, "prosp_score_happy": 0.0060646396929089604, "prosp_score_sad": 2.8531841041208099, "domain_class": "Background" }, "geometry": { "type": "Point", "coordinates": [ -158.97123569759674, 64.755991156173195 ] } },
{ "type": "Feature", "properties": { "field_1": 350, "x": -238746.7068, "y": 1620558.269, "scaled_x": 0.53642045963486495, "scaled_y": 0.624785693767545, "post_mean": 3.0285785226202999, "post_sd": 0.13224282042104599, "post_q10": 2.8586012154994398, "post_q50": 3.0301755195637301, "post_q90": 3.1941237533851599, "post_prob_exceed": 0.00133333333333333, "prosp_score_happy": 0.0040381046968270698, "prosp_score_sad": 2.8586012154994398, "domain_class": "Background" }, "geometry": { "type": "Point", "coordinates": [ -158.971235696841831, 64.467127727636466 ] } },
{ "type": "Feature", "properties": { "field_1": 351, "x": -241183.4246, "y": 1588066.824, "scaled_x": 0.53573047396345796, "scaled_y": 0.60783614825447796, "post_mean": 3.0275078264478301, "post_sd": 0.123457680842378, "post_q10": 2.8668178913326301, "post_q50": 3.0296934846685901, "post_q90": 3.1833384595010998, "post_prob_exceed": 0.000333333333333333, "prosp_score_happy": 0.0010091692754826099, "prosp_score_sad": 2.8668178913326301, "domain_class": "Background" }, "geometry": { "type": "Point", "coordinates": [ -158.971235696930506, 64.175183019680304 ] } },
{ "type": "Feature", "properties": { "field_1": 352, "x": -243646.9865, "y": 1555217.437, "scaled_x": 0.535032887065366, "scaled_y": 0.59069987807527002, "post_mean": 3.0293498365658702, "post_sd": 0.113493317431138, "post_q10": 2.8828953380528, "post_q50": 3.0318228467666302, "post_q90": 3.17426101731516, "post_prob_exceed": 0.0, "prosp_score_happy": 0.0, "prosp_score_sad": 2.8828953380528, "domain_class": "Background" }, "geometry": { "type": "Point", "coordinates": [ -158.971235696990789, 63.880131803683717 ] } },
{ "type": "Feature", "properties": { "field_1": 353, "x": -246137.5341, "y": 1522008.219, "scaled_x": 0.53432765884486499, "scaled_y": 0.57337589781079301, "post_mean": 3.0345027119102399, "post_sd": 0.102529916981366, "post_q10": 2.9029494332271, "post_q50": 3.0353343122521999, "post_q90": 3.16628232426753, "post_prob_exceed": 0.0, "prosp_score_happy": 0.0, "prosp_score_sad": 2.9029494332271, "domain_class": "Background" }, "geometry": { "type": "Point", "coordinates": [ -158.971235695678843, 63.581948946826188 ] } },
{ "type": "Feature", "properties": { "field_1": 354, "x": -248655.2065, "y": 1488437.319, "scaled_x": 0.53361474991413105, "scaled_y": 0.55586324186506197, "post_mean": 3.0433948212469599, "post_sd": 0.090963553717962595, "post_q10": 2.92618435488437, "post_q50": 3.0437016221019202, "post_q90": 3.1603588684093098, "post_prob_exceed": 0.0, "prosp_score_happy": 0.0, "prosp_score_sad": 2.92618435488437, "domain_class": "Background" }, "geometry": { "type": "Point", "coordinates": [ -158.971235698673297, 63.280609378369874 ] } },
{ "type": "Feature", "properties": { "field_1": 355, "x": -251200.1392, "y": 1454502.924, "scaled_x": 0.53289412190472596, "scaled_y": 0.53816096446524497, "post_mean": 3.0563286412652899, "post_sd": 0.079408954410467497, "post_q10": 2.9539564649012302, "post_q50": 3.0565392492225598, "post_q90": 3.1587777181034999, "post_prob_exceed": 0.0, "prosp_score_happy": 0.0, "prosp_score_sad": 2.9539564649012302, "domain_class": "Background" }, "geometry": { "type": "Point", "coordinates": [ -158.971235696633187, 62.976088083817174 ] } },
{ "type": "Feature", "properties": { "field_1": 356, "x": -253772.4651, "y": 1420203.268, "scaled_x": 0.53216573718443105, "scaled_y": 0.52026814435661195, "post_mean": 3.0733196402748102, "post_sd": 0.068712230058112306, "post_q10": 2.9857987759117499, "post_q50": 3.0729137444435799, "post_q90": 3.16140322913391, "post_prob_exceed": 0.0, "prosp_score_happy": 0.0, "prosp_score_sad": 2.9857987759117499, "domain_class": "Background" }, "geometry": { "type": "Point", "coordinates": [ -158.971235698642062, 62.66836017785424 ] } },
{ "type": "Feature", "properties": { "field_1": 357, "x": -256372.3131, "y": 1385536.627, "scaled_x": 0.53142955925367696, "scaled_y": 0.50218388219422905, "post_mean": 3.0939541105510799, "post_sd": 0.059941291133338903, "post_q10": 3.0167643840983498, "post_q50": 3.0939703965648402, "post_q90": 3.1710589309788402, "post_prob_exceed": 0.0, "prosp_score_happy": 0.0, "prosp_score_sad": 3.0167643840983498, "domain_class": "Background" }, "geometry": { "type": "Point", "coordinates": [ -158.971235696994171, 62.357400853845782 ] } },
{ "type": "Feature", "properties": { "field_1": 358, "x": -258999.8091, "y": 1350501.327, "scaled_x": 0.53068555246237703, "scaled_y": 0.48390730471625099, "post_mean": 3.1172856634550401, "post_sd": 0.054220361136476498, "post_q10": 3.0486085037053501, "post_q50": 3.1171476388333401, "post_q90": 3.18659206151231, "post_prob_exceed": 0.0, "prosp_score_happy": 0.0, "prosp_score_sad": 3.0486085037053501, "domain_class": "Background" }, "geometry": { "type": "Point", "coordinates": [ -158.971235698631489, 62.043185447624786 ] } },
{ "type": "Feature", "properties": { "field_1": 359, "x": -261655.0748, "y": 1315095.741, "scaled_x": 0.52993368234972804, "scaled_y": 0.46543756317893897, "post_mean": 3.14178539025328, "post_sd": 0.052233854763516503, "post_q10": 3.0751460696784898, "post_q50": 3.1420219614348799, "post_q90": 3.2084633935466602, "post_prob_exceed": 0.0, "prosp_score_happy": 0.0, "prosp_score_sad": 3.0751460696784898, "domain_class": "Background" }, "geometry": { "type": "Point", "coordinates": [ -158.971235697436072, 61.725689404523926 ] } },
{ "type": "Feature", "properties": { "field_1": 360, "x": -264338.2285, "y": 1279318.295, "scaled_x": 0.529173915417676, "scaled_y": 0.446773836486626, "post_mean": 3.16535719486036, "post_sd": 0.053669946442133, "post_q10": 3.0959500086092899, "post_q50": 3.1660853073414299, "post_q90": 3.2339742311487099, "post_prob_exceed": 0.0, "prosp_score_happy": 0.0, "prosp_score_sad": 3.0959500086092899, "domain_class": "Background" }, "geometry": { "type": "Point", "coordinates": [ -158.971235698305293, 61.404888325254205 ] } },
{ "type": "Feature", "properties": { "field_1": 361, "x": -267049.384, "y": 1243167.469, "scaled_x": 0.52840621944239397, "scaled_y": 0.42791533171338603, "post_mean": 3.1854283162526, "post_sd": 0.0573684455657298, "post_q10": 3.1116596829145302, "post_q50": 3.1860931394101, "post_q90": 3.2581926776810999, "post_prob_exceed": 0.0, "prosp_score_happy": 0.0, "prosp_score_sad": 3.1116596829145302, "domain_class": "Background" }, "geometry": { "type": "Point", "coordinates": [ -158.971235697589435, 61.080757968370719 ] } },
{ "type": "Feature", "properties": { "field_1": 362, "x": -269788.6512, "y": 1206641.799, "scaled_x": 0.52763056330438896, "scaled_y": 0.40886128514635101, "post_mean": 3.1991248837334898, "post_sd": 0.0620880588198005, "post_q10": 3.11952239484464, "post_q50": 3.1999984395873802, "post_q90": 3.2774342197152602, "post_prob_exceed": 0.0, "prosp_score_happy": 0.0, "prosp_score_sad": 3.11952239484464, "domain_class": "Background" }, "geometry": { "type": "Point", "coordinates": [ -158.971235697288563, 60.75327426044376 ] } },
{ "type": "Feature", "properties": { "field_1": 363, "x": -272556.1353, "y": 1169739.882, "scaled_x": 0.52684691721502697, "scaled_y": 0.38961096489402203, "post_mean": 3.2035418921563701, "post_sd": 0.067080785532511303, "post_q10": 3.1155071315152898, "post_q50": 3.2035089921725102, "post_q90": 3.2885778422791501, "post_prob_exceed": 0.00016666666666666701, "prosp_score_happy": 0.00053392364869272796, "prosp_score_sad": 3.1155071315152898, "domain_class": "Background" }, "geometry": { "type": "Point", "coordinates": [ -158.971235697046211, 60.422413333840609 ] } },
{ "type": "Feature", "properties": { "field_1": 364, "x": -275351.9372, "y": 1132460.372, "scaled_x": 0.52605525260327202, "scaled_y": 0.37016366879962498, "post_mean": 3.1961137001215301, "post_sd": 0.072280856521244205, "post_q10": 3.1030597402819602, "post_q50": 3.19663035642282, "post_q90": 3.2874805160916498, "post_prob_exceed": 0.0005, "prosp_score_happy": 0.0015980568500607701, "prosp_score_sad": 3.1030597402819602, "domain_class": "Background" }, "geometry": { "type": "Point", "coordinates": [ -158.971235696066202, 60.088151483397745 ] } },
{ "type": "Feature", "properties": { "field_1": 365, "x": -278176.1528, "y": 1094801.992, "scaled_x": 0.52525554231389604, "scaled_y": 0.350518730701046, "post_mean": 3.1750821539400702, "post_sd": 0.078284302879721698, "post_q10": 3.07361536861865, "post_q50": 3.1757634468702101, "post_q90": 3.2736344037688401, "post_prob_exceed": 0.0005, "prosp_score_happy": 0.00158754107697003, "prosp_score_sad": 3.07361536861865, "domain_class": "Background" }, "geometry": { "type": "Point", "coordinates": [ -158.971235696694919, 59.750465266427284 ] } },
{ "type": "Feature", "properties": { "field_1": 366, "x": -281028.8731, "y": 1056763.528, "scaled_x": 0.52444776057916598, "scaled_y": 0.33067551730086803, "post_mean": 3.1400422146330098, "post_sd": 0.086115130809700902, "post_q10": 3.0280625943314701, "post_q50": 3.1401230591159299, "post_q90": 3.24835076865239, "post_prob_exceed": 0.000333333333333333, "prosp_score_happy": 0.0010466807382110001, "prosp_score_sad": 3.0280625943314701, "domain_class": "Background" }, "geometry": { "type": "Point", "coordinates": [ -158.971235698095057, 59.409331441652114 ] } },
{ "type": "Feature", "properties": { "field_1": 367, "x": -283910.1837, "y": 1018343.836, "scaled_x": 0.52363188316042097, "scaled_y": 0.31063343181799602, "post_mean": 3.0925187115983399, "post_sd": 0.096677844959280196, "post_q10": 2.9678688355652501, "post_q50": 3.09320300016052, "post_q90": 3.2149728025981599, "post_prob_exceed": 0.0, "prosp_score_happy": 0.0, "prosp_score_sad": 2.9678688355652501, "domain_class": "Background" }, "geometry": { "type": "Point", "coordinates": [ -158.971235696840381, 59.064727024413081 ] } },
{ "type": "Feature", "properties": { "field_1": 368, "x": -286820.1651, "y": 979541.8453, "scaled_x": 0.52280788726312699, "scaled_y": 0.29039191570914802, "post_mean": 3.0364954025412301, "post_sd": 0.110040059827182, "post_q10": 2.8941523791483101, "post_q50": 3.0372659170359699, "post_q90": 3.1768086917346801, "post_prob_exceed": 0.00016666666666666701, "prosp_score_happy": 0.000506082567090206, "prosp_score_sad": 2.8941523791483101, "domain_class": "Background" }, "geometry": { "type": "Point", "coordinates": [ -158.971235696501623, 58.716629308331562 ] } },
{ "type": "Feature", "properties": { "field_1": 369, "x": -304885.9094, "y": 738651.359, "scaled_x": 0.51769235656428703, "scaled_y": 0.16472855228512401, "post_mean": 3.0793479642556401, "post_sd": 0.19381021763894599, "post_q10": 2.8328847335859102, "post_q50": 3.0798800085836402, "post_q90": 3.32598755178573, "post_prob_exceed": 0.031333333333333303, "prosp_score_happy": 0.096486236213343499, "prosp_score_sad": 2.8328847335859102, "domain_class": "Background" }, "geometry": { "type": "Point", "coordinates": [ -158.97123569778654, 56.55344944315722 ] } },
{ "type": "Feature", "properties": { "field_1": 370, "x": -307998.3398, "y": 697149.8923, "scaled_x": 0.51681103482105795, "scaled_y": 0.14307882268120201, "post_mean": 3.27458907851506, "post_sd": 0.28138281432376699, "post_q10": 2.9119446862563598, "post_q50": 3.2723326961486001, "post_q90": 3.6358176934709201, "post_prob_exceed": 0.28333333333333299, "prosp_score_happy": 0.92780023891259999, "prosp_score_sad": 2.9119446862563598, "domain_class": "Background" }, "geometry": { "type": "Point", "coordinates": [ -158.971235697135143, 56.180288587736847 ] } },
{ "type": "Feature", "properties": { "field_1": 371, "x": -162482.9568, "y": 2296619.969, "scaled_x": 0.55801544890600596, "scaled_y": 0.97746125355848201, "post_mean": 3.15206877170084, "post_sd": 0.33793531478019101, "post_q10": 2.7149954772936802, "post_q50": 3.15375467797677, "post_q90": 3.5777056112154701, "post_prob_exceed": 0.202833333333333, "prosp_score_happy": 0.63934461585998703, "prosp_score_sad": 2.7149954772936802, "domain_class": "Background" }, "geometry": { "type": "Point", "coordinates": [ -158.297499234900442, 70.607519190136117 ] } },
{ "type": "Feature", "properties": { "field_1": 372, "x": -164074.2512, "y": 2272063.365, "scaled_x": 0.55756485494104602, "scaled_y": 0.964651011442615, "post_mean": 3.2170524497177602, "post_sd": 0.29645604002265902, "post_q10": 2.8353422702876401, "post_q50": 3.2167531802858398, "post_q90": 3.5916076509024601, "post_prob_exceed": 0.235, "prosp_score_happy": 0.75600732568367501, "prosp_score_sad": 2.8353422702876401, "domain_class": "Background" }, "geometry": { "type": "Point", "coordinates": [ -158.297499235442018, 70.382568854814153 ] } },
{ "type": "Feature", "properties": { "field_1": 373, "x": -165685.3365, "y": 2247201.35, "scaled_x": 0.55710865694699996, "scaled_y": 0.95168144807634902, "post_mean": 3.2702189289275698, "post_sd": 0.26214977175203602, "post_q10": 2.9327454523118899, "post_q50": 3.26709561901892, "post_q90": 3.60223867859197, "post_prob_exceed": 0.26983333333333298, "prosp_score_happy": 0.88241407432228802, "prosp_score_sad": 2.9327454523118899, "domain_class": "Background" }, "geometry": { "type": "Point", "coordinates": [ -158.297499234378847, 70.155113037664961 ] } },
{ "type": "Feature", "properties": { "field_1": 374, "x": -167316.3655, "y": 2222031.567, "scaled_x": 0.55664681165672902, "scaled_y": 0.93855133390283296, "post_mean": 3.3116213506652801, "post_sd": 0.23545054759991901, "post_q10": 3.0076777839411601, "post_q50": 3.3111549747037401, "post_q90": 3.6089621467144601, "post_prob_exceed": 0.3035, "prosp_score_happy": 1.00507707992691, "prosp_score_sad": 3.0076777839411601, "domain_class": "Background" }, "geometry": { "type": "Point", "coordinates": [ -158.297499233393353, 69.925127462914219 ] } },
{ "type": "Feature", "properties": { "field_1": 375, "x": -168967.4906, "y": 2196551.665, "scaled_x": 0.55617927591635696, "scaled_y": 0.92525944249518699, "post_mean": 3.3415195520162402, "post_sd": 0.21642676341002401, "post_q10": 3.0629412659703199, "post_q50": 3.3409277990490698, "post_q90": 3.6179332820591301, "post_prob_exceed": 0.337, "prosp_score_happy": 1.1260920890294699, "prosp_score_sad": 3.0629412659703199, "domain_class": "Background" }, "geometry": { "type": "Point", "coordinates": [ -158.297499233819508, 69.692587749436768 ] } },
{ "type": "Feature", "properties": { "field_1": 376, "x": -170638.8638, "y": 2170759.298, "scaled_x": 0.55570600668527304, "scaled_y": 0.91180455003484195, "post_mean": 3.3603935278135699, "post_sd": 0.20455283944112199, "post_q10": 3.0990868530324098, "post_q50": 3.3607845154154101, "post_q90": 3.6193351290884999, "post_prob_exceed": 0.36316666666666703, "prosp_score_happy": 1.2203829161842901, "prosp_score_sad": 3.0990868530324098, "domain_class": "Background" }, "geometry": { "type": "Point", "coordinates": [ -158.297499235030301, 69.457469398077592 ] } },
{ "type": "Feature", "properties": { "field_1": 377, "x": -172330.6365, "y": 2144652.128, "scaled_x": 0.55522696109276404, "scaled_y": 0.89818543687652097, "post_mean": 3.36895006793802, "post_sd": 0.19864082783491999, "post_q10": 3.11611831068765, "post_q50": 3.3709149250922401, "post_q90": 3.6215306356766499, "post_prob_exceed": 0.37866666666666698, "prosp_score_happy": 1.2757090923925301, "prosp_score_sad": 3.11611831068765, "domain_class": "Background" }, "geometry": { "type": "Point", "coordinates": [ -158.297499234393484, 69.219747815325647 ] } },
{ "type": "Feature", "properties": { "field_1": 378, "x": -174042.9597, "y": 2118227.827, "scaled_x": 0.55474209638138094, "scaled_y": 0.88440088859156496, "post_mean": 3.3681205444772599, "post_sd": 0.19703821408783401, "post_q10": 3.11731016970564, "post_q50": 3.37263185071156, "post_q90": 3.6147693012628999, "post_prob_exceed": 0.377, "prosp_score_happy": 1.2697814452679299, "prosp_score_sad": 3.11731016970564, "domain_class": "Background" }, "geometry": { "type": "Point", "coordinates": [ -158.297499235486526, 68.979398327439739 ] } },
{ "type": "Feature", "properties": { "field_1": 379, "x": -175775.9837, "y": 2091484.073, "scaled_x": 0.55425136999188895, "scaled_y": 0.87044969388128801, "post_mean": 3.3590477738514601, "post_sd": 0.19798669778640701, "post_q10": 3.1043808078515198, "post_q50": 3.3637758698605298, "post_q90": 3.6056970120667202, "post_prob_exceed": 0.3595, "prosp_score_happy": 1.2075776746996001, "prosp_score_sad": 3.1043808078515198, "domain_class": "Background" }, "geometry": { "type": "Point", "coordinates": [ -158.297499234160142, 68.736396140418208 ] } },
{ "type": "Feature", "properties": { "field_1": 380, "x": -177529.8582, "y": 2064418.559, "scaled_x": 0.55375473953494903, "scaled_y": 0.85633064927192803, "post_mean": 3.3430600681891698, "post_sd": 0.19993201096758501, "post_q10": 3.08645104108711, "post_q50": 3.3487103310341801, "post_q90": 3.5912793840034798, "post_prob_exceed": 0.328166666666667, "prosp_score_happy": 1.09708087904408, "prosp_score_sad": 3.08645104108711, "domain_class": "Background" }, "geometry": { "type": "Point", "coordinates": [ -158.297499235408083, 68.490716417328471 ] } },
{ "type": "Feature", "properties": { "field_1": 381, "x": -179304.732, "y": 2037028.985, "scaled_x": 0.55325216287606904, "scaled_y": 0.84204255494135805, "post_mean": 3.3216310250100198, "post_sd": 0.20167865231939799, "post_q10": 3.0607802998626501, "post_q50": 3.3259801751403901, "post_q90": 3.5717045166357302, "post_prob_exceed": 0.29316666666666702, "prosp_score_happy": 0.97379149549876998, "prosp_score_sad": 3.0607802998626501, "domain_class": "Background" }, "geometry": { "type": "Point", "coordinates": [ -158.297499233359048, 68.242334201861567 ] } },
{ "type": "Feature", "properties": { "field_1": 382, "x": -181100.7533, "y": 2009313.068, "scaled_x": 0.55274359805065498, "scaled_y": 0.82758421993570097, "post_mean": 3.2963245062675499, "post_sd": 0.20241702916103499, "post_q10": 3.03483898518913, "post_q50": 3.30216857907745, "post_q90": 3.5509832426346501, "post_prob_exceed": 0.25233333333333302, "prosp_score_happy": 0.83177255041484399, "prosp_score_sad": 3.03483898518913, "domain_class": "Background" }, "geometry": { "type": "Point", "coordinates": [ -158.297499234242963, 67.991224504196524 ] } },
{ "type": "Feature", "properties": { "field_1": 383, "x": -182918.0691, "y": 1981268.537, "scaled_x": 0.55222900343390302, "scaled_y": 0.81295445956101997, "post_mean": 3.2687255954322301, "post_sd": 0.201690146538586, "post_q10": 3.0059374266191501, "post_q50": 3.2738631031579901, "post_q90": 3.5245937855792602, "post_prob_exceed": 0.206666666666667, "prosp_score_happy": 0.67553662305599504, "prosp_score_sad": 3.0059374266191501, "domain_class": "Background" }, "geometry": { "type": "Point", "coordinates": [ -158.297499234148489, 67.737362251658453 ] } },
{ "type": "Feature", "properties": { "field_1": 384, "x": -184756.8258, "y": 1952893.134, "scaled_x": 0.55170833757091098, "scaled_y": 0.79815209590498304, "post_mean": 3.2403603396637601, "post_sd": 0.19934437343067801, "post_q10": 2.9808617064364298, "post_q50": 3.24452450852037, "post_q90": 3.4916203634459402, "post_prob_exceed": 0.16666666666666699, "prosp_score_happy": 0.54006005661062695, "prosp_score_sad": 2.9808617064364298, "domain_class": "Background" }, "geometry": { "type": "Point", "coordinates": [ -158.297499234940858, 67.480722292852803 ] } },
{ "type": "Feature", "properties": { "field_1": 385, "x": -186617.1684, "y": 1924184.62, "scaled_x": 0.55118155940320201, "scaled_y": 0.78317596096683195, "post_mean": 3.2126095869651299, "post_sd": 0.195479061420061, "post_q10": 2.9589672045382298, "post_q50": 3.2151941738874701, "post_q90": 3.46115611434502, "post_prob_exceed": 0.12916666666666701, "prosp_score_happy": 0.41496207164966198, "prosp_score_sad": 2.9589672045382298, "domain_class": "Background" }, "geometry": { "type": "Point", "coordinates": [ -158.297499234535792, 67.221279447459409 ] } },
{ "type": "Feature", "properties": { "field_1": 386, "x": -188499.2409, "y": 1895140.774, "scaled_x": 0.55064862815546001, "scaled_y": 0.76802489613572, "post_mean": 3.1866250610309499, "post_sd": 0.19039203640991201, "post_q10": 2.9420507675829501, "post_q50": 3.1891359883549999, "post_q90": 3.42881419407234, "post_prob_exceed": 0.094, "prosp_score_happy": 0.29954275573690903, "prosp_score_sad": 2.9420507675829501, "domain_class": "Background" }, "geometry": { "type": "Point", "coordinates": [ -158.297499234715133, 66.95900849205907 ] } },
{ "type": "Feature", "properties": { "field_1": 387, "x": -190403.1861, "y": 1865759.391, "scaled_x": 0.55010950339216302, "scaled_y": 0.75269775114739002, "post_mean": 3.1632584765626701, "post_sd": 0.184511624296332, "post_q10": 2.9272127381753901, "post_q50": 3.1647558057223999, "post_q90": 3.3992365134128999, "post_prob_exceed": 0.068333333333333302, "prosp_score_happy": 0.216155995898449, "prosp_score_sad": 2.9272127381753901, "domain_class": "Background" }, "geometry": { "type": "Point", "coordinates": [ -158.297499233517357, 66.693884137292969 ] } },
{ "type": "Feature", "properties": { "field_1": 388, "x": -192329.1455, "y": 1836038.29, "scaled_x": 0.54956414504590201, "scaled_y": 0.73719338825746705, "post_mean": 3.1430161142430899, "post_sd": 0.17830825743440301, "post_q10": 2.91156352144026, "post_q50": 3.14315879927143, "post_q90": 3.3694663496952302, "post_prob_exceed": 0.049833333333333299, "prosp_score_happy": 0.15662696969311399, "prosp_score_sad": 2.91156352144026, "domain_class": "Background" }, "geometry": { "type": "Point", "coordinates": [ -158.297499234746198, 66.425881094714569 ] } },
{ "type": "Feature", "properties": { "field_1": 389, "x": -194277.259, "y": 1805975.309, "scaled_x": 0.54901251350232605, "scaled_y": 0.72151067963315196, "post_mean": 3.1260507702597899, "post_sd": 0.172189155276289, "post_q10": 2.9054023157307398, "post_q50": 3.12563872439488, "post_q90": 3.3453858087596, "post_prob_exceed": 0.0358333333333333, "prosp_score_happy": 0.112016819267642, "prosp_score_sad": 2.9054023157307398, "domain_class": "Background" }, "geometry": { "type": "Point", "coordinates": [ -158.297499233918899, 66.154974026756634 ] } },
{ "type": "Feature", "properties": { "field_1": 390, "x": -196247.6653, "y": 1775568.31, "scaled_x": 0.54845456948687499, "scaled_y": 0.70564850996152695, "post_mean": 3.1121994886343001, "post_sd": 0.166395894151772, "post_q10": 2.8999980366255902, "post_q50": 3.1123614556494599, "post_q90": 3.3232912705156199, "post_prob_exceed": 0.024833333333333301, "prosp_score_happy": 0.077286287301085194, "prosp_score_sad": 2.8999980366255902, "domain_class": "Background" }, "geometry": { "type": "Point", "coordinates": [ -158.297499234488271, 65.881137586034697 ] } },
{ "type": "Feature", "properties": { "field_1": 391, "x": -198240.5012, "y": 1744815.181, "scaled_x": 0.54789027426300196, "scaled_y": 0.68960577749288099, "post_mean": 3.1010684343947901, "post_sd": 0.16093802657880299, "post_q10": 2.8987526223112701, "post_q50": 3.0996776772353498, "post_q90": 3.3019532525332802, "post_prob_exceed": 0.0195, "prosp_score_happy": 0.060470834470698398, "prosp_score_sad": 2.8987526223112701, "domain_class": "Background" }, "geometry": { "type": "Point", "coordinates": [ -158.297499235118124, 65.604346428152539 ] } },
{ "type": "Feature", "properties": { "field_1": 392, "x": -200255.9019, "y": 1713713.835, "scaled_x": 0.54731958954721605, "scaled_y": 0.67338139351904902, "post_mean": 3.09215648840099, "post_sd": 0.155592597965825, "post_q10": 2.89618463845706, "post_q50": 3.0912386781532799, "post_q90": 3.2880562037123999, "post_prob_exceed": 0.014, "prosp_score_happy": 0.043290190837613901, "prosp_score_sad": 2.89618463845706, "domain_class": "Background" }, "geometry": { "type": "Point", "coordinates": [ -158.297499234953676, 65.324575196913315 ] } },
{ "type": "Feature", "properties": { "field_1": 393, "x": -202294.0008, "y": 1682262.213, "scaled_x": 0.54674247756571703, "scaled_y": 0.65697428393839497, "post_mean": 3.0849987091026301, "post_sd": 0.149974392664945, "post_q10": 2.8925477119497098, "post_q50": 3.0845290653234301, "post_q90": 3.27491097021122, "post_prob_exceed": 0.0096666666666666706, "prosp_score_happy": 0.029821654187992101, "prosp_score_sad": 2.8925477119497098, "domain_class": "Background" }, "geometry": { "type": "Point", "coordinates": [ -158.297499233480352, 65.041798545567033 ] } },
{ "type": "Feature", "properties": { "field_1": 394, "x": -204354.9295, "y": 1650458.287, "scaled_x": 0.54615890105439902, "scaled_y": 0.64038339082079998, "post_mean": 3.0793028895117698, "post_sd": 0.14365005092042399, "post_q10": 2.8959235766747198, "post_q50": 3.0796345286481301, "post_q90": 3.2619272922375502, "post_prob_exceed": 0.0063333333333333297, "prosp_score_happy": 0.0195022516335745, "prosp_score_sad": 2.8959235766747198, "domain_class": "Background" }, "geometry": { "type": "Point", "coordinates": [ -158.297499234584166, 64.755991157768335 ] } },
{ "type": "Feature", "properties": { "field_1": 395, "x": -206438.8173, "y": 1618300.059, "scaled_x": 0.54556882340042501, "scaled_y": 0.62360767188599797, "post_mean": 3.0750502161034499, "post_sd": 0.13625417124703901, "post_q10": 2.8989317423859902, "post_q50": 3.0762901016422801, "post_q90": 3.2493576040554499, "post_prob_exceed": 0.0038333333333333301, "prosp_score_happy": 0.011787692495063199, "prosp_score_sad": 2.8989317423859902, "domain_class": "Background" }, "geometry": { "type": "Point", "coordinates": [ -158.297499234605539, 64.467127732891129 ] } },
{ "type": "Feature", "properties": { "field_1": 396, "x": -208545.7915, "y": 1585785.565, "scaled_x": 0.54497220855728401, "scaled_y": 0.606646102590224, "post_mean": 3.0725361679456702, "post_sd": 0.127574898895806, "post_q10": 2.9079609481915401, "post_q50": 3.0742467635492301, "post_q90": 3.2339858414973501, "post_prob_exceed": 0.00183333333333333, "prosp_score_happy": 0.0056329829745670598, "prosp_score_sad": 2.9079609481915401, "domain_class": "Background" }, "geometry": { "type": "Point", "coordinates": [ -158.297499234207493, 64.175183015511905 ] } },
{ "type": "Feature", "properties": { "field_1": 397, "x": -210675.9771, "y": 1552912.877, "scaled_x": 0.54436902112973795, "scaled_y": 0.58949767716953705, "post_mean": 3.07233943386227, "post_sd": 0.11759831118608401, "post_q10": 2.92134557180648, "post_q50": 3.0737031502321699, "post_q90": 3.2226574638304699, "post_prob_exceed": 0.00066666666666666697, "prosp_score_happy": 0.0020482262892415099, "prosp_score_sad": 2.92134557180648, "domain_class": "Background" }, "geometry": { "type": "Point", "coordinates": [ -158.297499234694897, 63.880131807193322 ] } },
{ "type": "Feature", "properties": { "field_1": 398, "x": -212829.4967, "y": 1519680.102, "scaled_x": 0.54375922640213503, "scaled_y": 0.57216140811815996, "post_mean": 3.0752214688387398, "post_sd": 0.10651978509462801, "post_q10": 2.9386756075496598, "post_q50": 3.0760916283844901, "post_q90": 3.2126067392364899, "post_prob_exceed": 0.000333333333333333, "prosp_score_happy": 0.00102507382294625, "prosp_score_sad": 2.9386756075496598, "domain_class": "Background" }, "geometry": { "type": "Point", "coordinates": [ -158.297499234663007, 63.581948951228632 ] } },
{ "type": "Feature", "properties": { "field_1": 399, "x": -215006.4704, "y": 1486085.387, "scaled_x": 0.54314279036673097, "scaled_y": 0.55463632879678704, "post_mean": 3.0819729717997499, "post_sd": 0.094739812498168693, "post_q10": 2.9602235371079599, "post_q50": 3.0822892984045001, "post_q90": 3.20469153363041, "post_prob_exceed": 0.0, "prosp_score_happy": 0.0, "prosp_score_sad": 2.9602235371079599, "domain_class": "Background" }, "geometry": { "type": "Point", "coordinates": [ -158.297499234597865, 63.280609370901146 ] } },
{ "type": "Feature", "properties": { "field_1": 400, "x": -217207.0155, "y": 1452126.921, "scaled_x": 0.54251967980863303, "scaled_y": 0.53692149447590898, "post_mean": 3.0932324387171599, "post_sd": 0.082861817238302798, "post_q10": 2.9870855094031001, "post_q50": 3.0938175522418399, "post_q90": 3.1995878770764001, "post_prob_exceed": 0.0, "prosp_score_happy": 0.0, "prosp_score_sad": 2.9870855094031001, "domain_class": "Background" }, "geometry": { "type": "Point", "coordinates": [ -158.297499233420325, 62.976088080906152 ] } },
{ "type": "Feature", "properties": { "field_1": 401, "x": -219431.2468, "y": 1417802.934, "scaled_x": 0.541889862220853, "scaled_y": 0.51901598181414699, "post_mean": 3.1093045838303799, "post_sd": 0.071699524801373496, "post_q10": 3.01770687390436, "post_q50": 3.1091749371697799, "post_q90": 3.19937051663047, "post_prob_exceed": 0.0, "prosp_score_happy": 0.0, "prosp_score_sad": 3.01770687390436, "domain_class": "Background" }, "geometry": { "type": "Point", "coordinates": [ -158.297499233158135, 62.668360171537067 ] } },
{ "type": "Feature", "properties": { "field_1": 402, "x": -221679.276, "y": 1383111.703, "scaled_x": 0.54125330597420596, "scaled_y": 0.50091889198823103, "post_mean": 3.13000374830981, "post_sd": 0.062268103895046598, "post_q10": 3.0504511699636598, "post_q50": 3.1301418308806799, "post_q90": 3.2091994730328102, "post_prob_exceed": 0.0, "prosp_score_happy": 0.0, "prosp_score_sad": 3.0504511699636598, "domain_class": "Background" }, "geometry": { "type": "Point", "coordinates": [ -158.297499234706777, 62.357400855796953 ] } },
{ "type": "Feature", "properties": { "field_1": 403, "x": -223951.2116, "y": 1348051.55, "scaled_x": 0.54060998034562502, "scaled_y": 0.48262934964966803, "post_mean": 3.1545418880120399, "post_sd": 0.055652227669082302, "post_q10": 3.0852189386813298, "post_q50": 3.1538819698017901, "post_q90": 3.2260734919865701, "post_prob_exceed": 0.0, "prosp_score_happy": 0.0, "prosp_score_sad": 3.0852189386813298, "domain_class": "Background" }, "geometry": { "type": "Point", "coordinates": [ -158.297499233491237, 62.043185444684298 ] } },
{ "type": "Feature", "properties": { "field_1": 404, "x": -226247.1592, "y": 1312620.849, "scaled_x": 0.53995985543321101, "scaled_y": 0.46414650657638001, "post_mean": 3.1814750054194598, "post_sd": 0.052589083988438701, "post_q10": 3.1150017616282399, "post_q50": 3.1819300644951598, "post_q90": 3.2486729569661499, "post_prob_exceed": 0.0, "prosp_score_happy": 0.0, "prosp_score_sad": 3.1150017616282399, "domain_class": "Background" }, "geometry": { "type": "Point", "coordinates": [ -158.297499234017124, 61.725689402491284 ] } },
{ "type": "Feature", "properties": { "field_1": 405, "x": -228567.2208, "y": 1276818.024, "scaled_x": 0.53930290235445, "scaled_y": 0.44546954062937799, "post_mean": 3.2087179250196098, "post_sd": 0.0529241744432856, "post_q10": 3.1410857348821701, "post_q50": 3.2086530558516002, "post_q90": 3.2765060951190899, "post_prob_exceed": 0.0, "prosp_score_happy": 0.0, "prosp_score_sad": 3.1410857348821701, "domain_class": "Background" }, "geometry": { "type": "Point", "coordinates": [ -158.297499233860037, 61.404888322256284 ] } },
{ "type": "Feature", "properties": { "field_1": 406, "x": -230911.495, "y": 1240641.554, "scaled_x": 0.53863909318957603, "scaled_y": 0.42659765836107399, "post_mean": 3.2336356453310802, "post_sd": 0.0556218399524427, "post_q10": 3.16340605966609, "post_q50": 3.23392394676365, "post_q90": 3.30523262674848, "post_prob_exceed": 0.0, "prosp_score_happy": 0.0, "prosp_score_sad": 3.16340605966609, "domain_class": "Background" }, "geometry": { "type": "Point", "coordinates": [ -158.29749923373771, 61.080757963084508 ] } },
{ "type": "Feature", "properties": { "field_1": 407, "x": -233280.0767, "y": 1204089.975, "scaled_x": 0.53796840106652499, "scaled_y": 0.40753009605859802, "post_mean": 3.2532195605430401, "post_sd": 0.059448077184238203, "post_q10": 3.1774268176696499, "post_q50": 3.2539714759673801, "post_q90": 3.3289163295300499, "post_prob_exceed": 0.00116666666666667, "prosp_score_happy": 0.0037954228206335499, "prosp_score_sad": 3.1774268176696499, "domain_class": "Background" }, "geometry": { "type": "Point", "coordinates": [ -158.297499234222755, 60.753274260903552 ] } },
{ "type": "Feature", "properties": { "field_1": 408, "x": -235673.0569, "y": 1167161.881, "scaled_x": 0.53729080021756304, "scaled_y": 0.38826612026546797, "post_mean": 3.2643568000845802, "post_sd": 0.0635832723412839, "post_q10": 3.1824389885766502, "post_q50": 3.2651239042961202, "post_q90": 3.3450049124450301, "post_prob_exceed": 0.004, "prosp_score_happy": 0.0130574272003383, "prosp_score_sad": 3.1824389885766502, "domain_class": "Background" }, "geometry": { "type": "Point", "coordinates": [ -158.297499233290722, 60.422413330169761 ] } },
{ "type": "Feature", "properties": { "field_1": 409, "x": -238090.5229, "y": 1129855.927, "scaled_x": 0.53660626592265404, "scaled_y": 0.368805029346569, "post_mean": 3.2641983198995499, "post_sd": 0.067829299617414907, "post_q10": 3.1778297422763302, "post_q50": 3.2647168735960599, "post_q90": 3.3501630292146101, "post_prob_exceed": 0.0066666666666666697, "prosp_score_happy": 0.021761322132663598, "prosp_score_sad": 3.1778297422763302, "domain_class": "Background" }, "geometry": { "type": "Point", "coordinates": [ -158.297499233550525, 60.088151483122189 ] } },
{ "type": "Feature", "properties": { "field_1": 410, "x": -240532.5575, "y": 1092170.834, "scaled_x": 0.53591477473599303, "scaled_y": 0.34914615609646699, "post_mean": 3.2506233450653501, "post_sd": 0.072547034628819299, "post_q10": 3.1577078772632698, "post_q50": 3.25078088430707, "post_q90": 3.3429586347936202, "post_prob_exceed": 0.0051666666666666701, "prosp_score_happy": 0.016794887282837598, "prosp_score_sad": 3.1577078772632698, "domain_class": "Background" }, "geometry": { "type": "Point", "coordinates": [ -158.297499233530516, 59.750465267403548 ] } },
{ "type": "Feature", "properties": { "field_1": 411, "x": -242999.2395, "y": 1054105.387, "scaled_x": 0.53521630434442002, "scaled_y": 0.32928886669608098, "post_mean": 3.22278182106758, "post_sd": 0.078387663028072596, "post_q10": 3.1210838679659498, "post_q50": 3.2222268851881299, "post_q90": 3.3226012983902802, "post_prob_exceed": 0.0035, "prosp_score_happy": 0.0112797363737365, "prosp_score_sad": 3.1210838679659498, "domain_class": "Background" }, "geometry": { "type": "Point", "coordinates": [ -158.297499234415284, 59.40933144042345 ] } },
{ "type": "Feature", "properties": { "field_1": 412, "x": -245490.6429, "y": 1015658.442, "scaled_x": 0.53451083379395403, "scaled_y": 0.30923256436431701, "post_mean": 3.1816718956295502, "post_sd": 0.085812449598783605, "post_q10": 3.0708326294846402, "post_q50": 3.1820118117353902, "post_q90": 3.2919617838662001, "post_prob_exceed": 0.0015, "prosp_score_happy": 0.0047725078434443201, "prosp_score_sad": 3.0708326294846402, "domain_class": "Background" }, "geometry": { "type": "Point", "coordinates": [ -158.297499233865466, 59.064727024741423 ] } },
{ "type": "Feature", "properties": { "field_1": 413, "x": -248006.8373, "y": 976828.9269, "scaled_x": 0.53379834337652599, "scaled_y": 0.28897668982756503, "post_mean": 3.1306786163722, "post_sd": 0.094570259303700901, "post_q10": 3.0085846404983601, "post_q50": 3.13088764393776, "post_q90": 3.2523633254358399, "post_prob_exceed": 0.000333333333333333, "prosp_score_happy": 0.00104355953879073, "prosp_score_sad": 3.0085846404983601, "domain_class": "Background" }, "geometry": { "type": "Point", "coordinates": [ -158.297499234114923, 58.716629308300305 ] } },
{ "type": "Feature", "properties": { "field_1": 414, "x": -258320.7414, "y": 817666.3851, "scaled_x": 0.53087783857073001, "scaled_y": 0.20594767261350999, "post_mean": 2.99320985939478, "post_sd": 0.123473901407534, "post_q10": 2.8360542621452098, "post_q50": 2.9927578020357299, "post_q90": 3.15363888675788, "post_prob_exceed": 0.0, "prosp_score_happy": 0.0, "prosp_score_sad": 2.8360542621452098, "domain_class": "Background" }, "geometry": { "type": "Point", "coordinates": [ -158.297499234498787, 57.288861364478265 ] } },
{ "type": "Feature", "properties": { "field_1": 415, "x": -260961.7573, "y": 776910.6432, "scaled_x": 0.53013000345869499, "scaled_y": 0.184686959147154, "post_mean": 3.0377130126120901, "post_sd": 0.14768957943140701, "post_q10": 2.84956650277794, "post_q50": 3.0355852775619701, "post_q90": 3.2290700832959902, "post_prob_exceed": 0.0036666666666666701, "prosp_score_happy": 0.0111382810462443, "prosp_score_sad": 2.84956650277794, "domain_class": "Background" }, "geometry": { "type": "Point", "coordinates": [ -158.297499233570477, 56.922966918181935 ] } },
{ "type": "Feature", "properties": { "field_1": 416, "x": -263627.8732, "y": 735767.5639, "scaled_x": 0.52937506098266796, "scaled_y": 0.16322418655753601, "post_mean": 3.1424089052589901, "post_sd": 0.21073537544078899, "post_q10": 2.8794622169751301, "post_q50": 3.1388456031751701, "post_q90": 3.4135103516653502, "post_prob_exceed": 0.0845, "prosp_score_happy": 0.26553355249438398, "prosp_score_sad": 2.8794622169751301, "domain_class": "Background" }, "geometry": { "type": "Point", "coordinates": [ -158.297499234602469, 56.553449443366283 ] } },
{ "type": "Feature", "properties": { "field_1": 417, "x": -266319.1206, "y": 694236.6579, "scaled_x": 0.52861300222304797, "scaled_y": 0.14155909959554, "post_mean": 3.3200391696847, "post_sd": 0.32656842391044699, "post_q10": 2.9042455927947199, "post_q50": 3.31537036551717, "post_q90": 3.7450630909968901, "post_prob_exceed": 0.36, "prosp_score_happy": 1.1952141010864901, "prosp_score_sad": 2.9042455927947199, "domain_class": "Background" }, "geometry": { "type": "Point", "coordinates": [ -158.297499234201979, 56.180288587460851 ] } },
{ "type": "Feature", "properties": { "field_1": 418, "x": -135711.9536, "y": 2319368.899, "scaled_x": 0.56559597735997802, "scaled_y": 0.989328501211166, "post_mean": 2.90576389419041, "post_sd": 0.352253835626826, "post_q10": 2.45443737270304, "post_q50": 2.90813448554136, "post_q90": 3.3501436014036199, "post_prob_exceed": 0.065166666666666706, "prosp_score_happy": 0.18935894710474199, "prosp_score_sad": 2.45443737270304, "domain_class": "Background" }, "geometry": { "type": "Point", "coordinates": [ -157.623762770093606, 70.829988218731927 ] } },
{ "type": "Feature", "properties": { "field_1": 419, "x": -137037.4826, "y": 2295100.647, "scaled_x": 0.56522063803384304, "scaled_y": 0.97666868131714202, "post_mean": 2.99146199427088, "post_sd": 0.30751736505127603, "post_q10": 2.5949555843024199, "post_q50": 2.9896746762321702, "post_q90": 3.3817034659583598, "post_prob_exceed": 0.074333333333333307, "prosp_score_happy": 0.22236534157413501, "prosp_score_sad": 2.5949555843024199, "domain_class": "Background" }, "geometry": { "type": "Point", "coordinates": [ -157.623762772601737, 70.607519191491946 ] } },
{ "type": "Feature", "properties": { "field_1": 420, "x": -138379.574, "y": 2270529.163, "scaled_x": 0.56484060886685505, "scaled_y": 0.96385067687377002, "post_mean": 3.0659414374737701, "post_sd": 0.26998664687369001, "post_q10": 2.71504157452115, "post_q50": 3.0651711851152399, "post_q90": 3.41028831819045, "post_prob_exceed": 0.0855, "prosp_score_happy": 0.26213799290400702, "prosp_score_sad": 2.71504157452115, "domain_class": "Background" }, "geometry": { "type": "Point", "coordinates": [ -157.623762772601509, 70.382568852936927 ] } },
{ "type": "Feature", "properties": { "field_1": 421, "x": -139738.3569, "y": 2245652.083, "scaled_x": 0.56445585330281101, "scaled_y": 0.950873254672566, "post_mean": 3.1290454714926201, "post_sd": 0.240220409999294, "post_q10": 2.82185092385666, "post_q50": 3.1274255551793, "post_q90": 3.43414595229308, "post_prob_exceed": 0.100166666666667, "prosp_score_happy": 0.31342605472784402, "prosp_score_sad": 2.82185092385666, "domain_class": "Background" }, "geometry": { "type": "Point", "coordinates": [ -157.623762769611773, 70.155113033118326 ] } },
{ "type": "Feature", "properties": { "field_1": 422, "x": -141113.9603, "y": 2220467.05, "scaled_x": 0.56406633481382595, "scaled_y": 0.93773518515667897, "post_mean": 3.1808015466320501, "post_sd": 0.21847414402242399, "post_q10": 2.9015287505584801, "post_q50": 3.1789309051553198, "post_q90": 3.4613516159656101, "post_prob_exceed": 0.124333333333333, "prosp_score_happy": 0.39547965896458498, "prosp_score_sad": 2.9015287505584801, "domain_class": "Background" }, "geometry": { "type": "Point", "coordinates": [ -157.623762770407779, 69.925127469201328 ] } },
{ "type": "Feature", "properties": { "field_1": 423, "x": -142506.5127, "y": 2194971.708, "scaled_x": 0.56367201701359304, "scaled_y": 0.92443523929092297, "post_mean": 3.22143956901406, "post_sd": 0.20443231612189899, "post_q10": 2.96140009429035, "post_q50": 3.2196045055134301, "post_q90": 3.48166208342586, "post_prob_exceed": 0.1475, "prosp_score_happy": 0.47516233642957401, "prosp_score_sad": 2.96140009429035, "domain_class": "Background" }, "geometry": { "type": "Point", "coordinates": [ -157.623762770199221, 69.692587747542746 ] } },
{ "type": "Feature", "properties": { "field_1": 424, "x": -143916.1422, "y": 2169163.713, "scaled_x": 0.56327286362907203, "scaled_y": 0.91097219430004905, "post_mean": 3.2514050067118401, "post_sd": 0.197054564476254, "post_q10": 3.0011891281695999, "post_q50": 3.25130327536306, "post_q90": 3.5019840268964, "post_prob_exceed": 0.178166666666667, "prosp_score_happy": 0.57929199202915904, "prosp_score_sad": 3.0011891281695999, "domain_class": "Background" }, "geometry": { "type": "Point", "coordinates": [ -157.6237627707998, 69.457469400158516 ] } },
{ "type": "Feature", "properties": { "field_1": 425, "x": -145342.9766, "y": 2143040.724, "scaled_x": 0.56286883847216995, "scaled_y": 0.89734482897379597, "post_mean": 3.2713649250255199, "post_sd": 0.194708393405368, "post_q10": 3.0249613958746502, "post_q50": 3.27422536329283, "post_q90": 3.51955180639695, "post_prob_exceed": 0.20066666666666699, "prosp_score_happy": 0.65645389495512196, "prosp_score_sad": 3.0249613958746502, "domain_class": "Background" }, "geometry": { "type": "Point", "coordinates": [ -157.623762770565179, 69.219747819066768 ] } },
{ "type": "Feature", "properties": { "field_1": 426, "x": -146787.1432, "y": 2116600.411, "scaled_x": 0.56245990549637603, "scaled_y": 0.88355192784018299, "post_mean": 3.28220476503318, "post_sd": 0.195541619329062, "post_q10": 3.0329427761903398, "post_q50": 3.2850858706571202, "post_q90": 3.52798573568298, "post_prob_exceed": 0.21933333333333299, "prosp_score_happy": 0.71989691179727799, "prosp_score_sad": 3.0329427761903398, "domain_class": "Background" }, "geometry": { "type": "Point", "coordinates": [ -157.623762770399139, 68.979398325245356 ] } },
{ "type": "Feature", "properties": { "field_1": 427, "x": -148248.7688, "y": 2089840.452, "scaled_x": 0.56204602879675802, "scaled_y": 0.86959227960052099, "post_mean": 3.2850137608163301, "post_sd": 0.197856749542169, "post_q10": 3.03198348459367, "post_q50": 3.2877724240265902, "post_q90": 3.52986993616125, "post_prob_exceed": 0.23216666666666699, "prosp_score_happy": 0.76267069480285699, "prosp_score_sad": 3.03198348459367, "domain_class": "Background" }, "geometry": { "type": "Point", "coordinates": [ -157.623762769632464, 68.736396137401101 ] } },
{ "type": "Feature", "properties": { "field_1": 428, "x": -149727.9796, "y": 2062758.538, "scaled_x": 0.56162717263828499, "scaled_y": 0.855464679737728, "post_mean": 3.2810570441606299, "post_sd": 0.20031911960241799, "post_q10": 3.0252687453818199, "post_q50": 3.2860779387136798, "post_q90": 3.5304299843775402, "post_prob_exceed": 0.226833333333333, "prosp_score_happy": 0.74425310618377005, "prosp_score_sad": 3.0252687453818199, "domain_class": "Background" }, "geometry": { "type": "Point", "coordinates": [ -157.623762770280763, 68.49071641320468 ] } },
{ "type": "Feature", "properties": { "field_1": 429, "x": -151224.9012, "y": 2035352.369, "scaled_x": 0.56120330145581998, "scaled_y": 0.84116792842967403, "post_mean": 3.2717330408819598, "post_sd": 0.20200327920400599, "post_q10": 3.0134725449208899, "post_q50": 3.2761075752656801, "post_q90": 3.52557550561386, "post_prob_exceed": 0.208666666666667, "prosp_score_happy": 0.68270162786403599, "prosp_score_sad": 3.0134725449208899, "domain_class": "Background" }, "geometry": { "type": "Point", "coordinates": [ -157.623762771687382, 68.242334208843374 ] } },
{ "type": "Feature", "properties": { "field_1": 430, "x": -152739.6584, "y": 2007619.658, "scaled_x": 0.56077437991075596, "scaled_y": 0.82670083263583505, "post_mean": 3.2585157386021502, "post_sd": 0.202356401703436, "post_q10": 2.9944873620277801, "post_q50": 3.2650879901013199, "post_q90": 3.5137728836828201, "post_prob_exceed": 0.18733333333333299, "prosp_score_happy": 0.61042861503146895, "prosp_score_sad": 2.9944873620277801, "domain_class": "Background" }, "geometry": { "type": "Point", "coordinates": [ -157.623762771090952, 67.991224510989355 ] } },
{ "type": "Feature", "properties": { "field_1": 431, "x": -154272.3754, "y": 1979558.133, "scaled_x": 0.56034037283438398, "scaled_y": 0.81206220714061395, "post_mean": 3.2428829508339199, "post_sd": 0.201139799941914, "post_q10": 2.9808827960145199, "post_q50": 3.2468476201032899, "post_q90": 3.4989339380409299, "post_prob_exceed": 0.170833333333333, "prosp_score_happy": 0.55399250410079504, "prosp_score_sad": 2.9808827960145199, "domain_class": "Background" }, "geometry": { "type": "Point", "coordinates": [ -157.62376277098042, 67.737362250252318 ] } },
{ "type": "Feature", "properties": { "field_1": 432, "x": -155823.1755, "y": 1951165.536, "scaled_x": 0.55990124531283902, "scaled_y": 0.79725087403167905, "post_mean": 3.22623385902074, "post_sd": 0.1983732002227, "post_q10": 2.9695191599605, "post_q50": 3.22974067403233, "post_q90": 3.4772580071956498, "post_prob_exceed": 0.150166666666667, "prosp_score_happy": 0.48447278449628101, "prosp_score_sad": 2.9695191599605, "domain_class": "Background" }, "geometry": { "type": "Point", "coordinates": [ -157.623762770606248, 67.480722287681644 ] } },
{ "type": "Feature", "properties": { "field_1": 433, "x": -157392.1811, "y": 1922439.627, "scaled_x": 0.55945696268710499, "scaled_y": 0.78226566478660697, "post_mean": 3.2098018488929201, "post_sd": 0.19428288464142199, "post_q10": 2.9578746031143801, "post_q50": 3.21322874598496, "post_q90": 3.45669404523882, "post_prob_exceed": 0.12633333333333299, "prosp_score_happy": 0.40550496691013899, "prosp_score_sad": 2.9578746031143801, "domain_class": "Background" }, "geometry": { "type": "Point", "coordinates": [ -157.623762771159164, 67.22127944608846 ] } },
{ "type": "Feature", "properties": { "field_1": 434, "x": -158979.5136, "y": 1893378.182, "scaled_x": 0.55900749058132404, "scaled_y": 0.76710541922956899, "post_mean": 3.1945716452514401, "post_sd": 0.189244808080788, "post_q10": 2.9500723688883701, "post_q50": 3.1976712404769798, "post_q90": 3.43259731449879, "post_prob_exceed": 0.098666666666666694, "prosp_score_happy": 0.31519773566480902, "prosp_score_sad": 2.9500723688883701, "domain_class": "Background" }, "geometry": { "type": "Point", "coordinates": [ -157.623762770914453, 66.959008487193827 ] } },
{ "type": "Feature", "properties": { "field_1": 435, "x": -160585.2934, "y": 1863978.997, "scaled_x": 0.55855279490280296, "scaled_y": 0.75176898761796895, "post_mean": 3.1812124539172602, "post_sd": 0.18371271964323299, "post_q10": 2.9459893992225301, "post_q50": 3.1832098204530701, "post_q90": 3.4137309869704899, "post_prob_exceed": 0.080333333333333298, "prosp_score_happy": 0.255557400464686, "prosp_score_sad": 2.9459893992225301, "domain_class": "Background" }, "geometry": { "type": "Point", "coordinates": [ -157.623762770296622, 66.693884142655733 ] } },
{ "type": "Feature", "properties": { "field_1": 436, "x": -162209.6399, "y": 1834239.887, "scaled_x": 0.55809284184200902, "scaled_y": 0.73625523012078498, "post_mean": 3.17004026662174, "post_sd": 0.17812749752738499, "post_q10": 2.94221907808272, "post_q50": 3.17153108750973, "post_q90": 3.3966849957872198, "post_prob_exceed": 0.0668333333333333, "prosp_score_happy": 0.21186435781922, "prosp_score_sad": 2.94221907808272, "domain_class": "Background" }, "geometry": { "type": "Point", "coordinates": [ -157.623762770555885, 66.425881099940554 ] } },
{ "type": "Feature", "properties": { "field_1": 437, "x": -163852.6712, "y": 1804158.689, "scaled_x": 0.55762759795752104, "scaled_y": 0.72056301838355397, "post_mean": 3.1610215983810899, "post_sd": 0.17281693165752701, "post_q10": 2.94096067241161, "post_q50": 3.1618095602109699, "post_q90": 3.3819072091962301, "post_prob_exceed": 0.0545, "prosp_score_happy": 0.172275677111769, "prosp_score_sad": 2.94096067241161, "domain_class": "Background" }, "geometry": { "type": "Point", "coordinates": [ -157.623762770721669, 66.154974024198097 ] } },
{ "type": "Feature", "properties": { "field_1": 438, "x": -165514.504, "y": 1773733.266, "scaled_x": 0.55715703020434304, "scaled_y": 0.70469123761502195, "post_mean": 3.1538266631771101, "post_sd": 0.167910792005802, "post_q10": 2.9417376378198701, "post_q50": 3.1547383568561398, "post_q90": 3.3670234442544298, "post_prob_exceed": 0.046666666666666697, "prosp_score_happy": 0.147178577614932, "prosp_score_sad": 2.9417376378198701, "domain_class": "Background" }, "geometry": { "type": "Point", "coordinates": [ -157.623762770301227, 65.881137588812805 ] } },
{ "type": "Feature", "properties": { "field_1": 439, "x": -167195.2539, "y": 1742961.502, "scaled_x": 0.55668110584895802, "scaled_y": 0.68863878397883105, "post_mean": 3.1479320544124101, "post_sd": 0.16330322605508299, "post_q10": 2.9428855622717101, "post_q50": 3.147091342275, "post_q90": 3.3543976763993602, "post_prob_exceed": 0.040333333333333297, "prosp_score_happy": 0.12696659286129999, "prosp_score_sad": 2.9428855622717101, "domain_class": "Background" }, "geometry": { "type": "Point", "coordinates": [ -157.623762769838748, 65.604346424856558 ] } },
{ "type": "Feature", "properties": { "field_1": 440, "x": -168895.0349, "y": 1711841.311, "scaled_x": 0.55619979261090802, "scaled_y": 0.67240456928847603, "post_mean": 3.14276229389043, "post_sd": 0.158682406432269, "post_q10": 2.9408452258442499, "post_q50": 3.14235281725272, "post_q90": 3.34462273866261, "post_prob_exceed": 0.033333333333333298, "prosp_score_happy": 0.104758743129681, "prosp_score_sad": 2.9408452258442499, "domain_class": "Background" }, "geometry": { "type": "Point", "coordinates": [ -157.623762770683356, 65.324575196450866 ] } },
{ "type": "Feature", "properties": { "field_1": 441, "x": -170613.9595, "y": 1680370.631, "scaled_x": 0.55571305863447895, "scaled_y": 0.655987517877338, "post_mean": 3.1378485328993402, "post_sd": 0.15361908126954599, "post_q10": 2.94161386648967, "post_q50": 3.13799652400701, "post_q90": 3.3342641590911102, "post_prob_exceed": 0.024833333333333301, "prosp_score_happy": 0.077923238567000203, "prosp_score_sad": 2.94161386648967, "domain_class": "Background" }, "geometry": { "type": "Point", "coordinates": [ -157.623762770121004, 65.041798541136728 ] } },
{ "type": "Feature", "properties": { "field_1": 442, "x": -172352.1386, "y": 1648547.434, "scaled_x": 0.55522087251701402, "scaled_y": 0.63938657181529701, "post_mean": 3.1329747446231102, "post_sd": 0.14768079655841401, "post_q10": 2.9447697021093902, "post_q50": 3.13332601748691, "post_q90": 3.3216283780768401, "post_prob_exceed": 0.0205, "prosp_score_happy": 0.064225982264773704, "prosp_score_sad": 2.9447697021093902, "domain_class": "Background" }, "geometry": { "type": "Point", "coordinates": [ -157.623762770940516, 64.75599115365452 ] } },
{ "type": "Feature", "properties": { "field_1": 443, "x": -174109.6813, "y": 1616369.721, "scaled_x": 0.55472320336554903, "scaled_y": 0.62260068830042303, "post_mean": 3.12828020398439, "post_sd": 0.14053415602765401, "post_q10": 2.9458499988910898, "post_q50": 3.1280210758273501, "post_q90": 3.3076780353907802, "post_prob_exceed": 0.0135, "prosp_score_happy": 0.042231782753789297, "prosp_score_sad": 2.9458499988910898, "domain_class": "Background" }, "geometry": { "type": "Point", "coordinates": [ -157.623762771331883, 64.467127735204613 ] } },
{ "type": "Feature", "properties": { "field_1": 444, "x": -175886.695, "y": 1583835.525, "scaled_x": 0.55422002076849397, "scaled_y": 0.60562884122396898, "post_mean": 3.1242935199355402, "post_sd": 0.13201213852336899, "post_q10": 2.9540361222427101, "post_q50": 3.1235634086294799, "post_q90": 3.2909527919735799, "post_prob_exceed": 0.008, "prosp_score_happy": 0.0249943481594843, "prosp_score_sad": 2.9540361222427101, "domain_class": "Background" }, "geometry": { "type": "Point", "coordinates": [ -157.623762770540992, 64.175183014153774 ] } },
{ "type": "Feature", "properties": { "field_1": 445, "x": -177683.2851, "y": 1550942.918, "scaled_x": 0.55371129488058302, "scaled_y": 0.58847002482199195, "post_mean": 3.1218867476939902, "post_sd": 0.12214325670859601, "post_q10": 2.9645358913126598, "post_q50": 3.1234054199944499, "post_q90": 3.2774017825189601, "post_prob_exceed": 0.0045, "prosp_score_happy": 0.014048490364623, "prosp_score_sad": 2.9645358913126598, "domain_class": "Background" }, "geometry": { "type": "Point", "coordinates": [ -157.623762770494068, 63.880131802545222 ] } },
{ "type": "Feature", "properties": { "field_1": 446, "x": -179499.555, "y": 1517690.007, "scaled_x": 0.55319699642287601, "scaled_y": 0.57112325158871602, "post_mean": 3.1221543968016099, "post_sd": 0.11115300406249901, "post_q10": 2.9779492711064299, "post_q50": 3.1221515181373198, "post_q90": 3.2643949567877399, "post_prob_exceed": 0.00116666666666667, "prosp_score_happy": 0.0036425134629352101, "prosp_score_sad": 2.9779492711064299, "domain_class": "Background" }, "geometry": { "type": "Point", "coordinates": [ -157.623762771260914, 63.581948953913319 ] } },
{ "type": "Feature", "properties": { "field_1": 447, "x": -181335.606, "y": 1484074.936, "scaled_x": 0.55267709671106902, "scaled_y": 0.55358755331984899, "post_mean": 3.1262366719342198, "post_sd": 0.099452655149402297, "post_q10": 2.99810109342816, "post_q50": 3.1255669588883901, "post_q90": 3.2542210814703298, "post_prob_exceed": 0.0005, "prosp_score_happy": 0.0015631183359671101, "prosp_score_sad": 2.99810109342816, "domain_class": "Background" }, "geometry": { "type": "Point", "coordinates": [ -157.623762771331229, 63.280609374756438 ] } },
{ "type": "Feature", "properties": { "field_1": 448, "x": -183191.5371, "y": 1450095.893, "scaled_x": 0.55215156771213503, "scaled_y": 0.53586198476421898, "post_mean": 3.1351152295737599, "post_sd": 0.087627453852134093, "post_q10": 3.0224941781685901, "post_q50": 3.13549158119163, "post_q90": 3.2470714815820001, "post_prob_exceed": 0.00016666666666666701, "prosp_score_happy": 0.00052251920492896002, "prosp_score_sad": 3.0224941781685901, "domain_class": "Background" }, "geometry": { "type": "Point", "coordinates": [ -157.623762771294253, 62.976088080601649 ] } },
{ "type": "Feature", "properties": { "field_1": 449, "x": -185067.445, "y": 1415751.108, "scaled_x": 0.55162038204431596, "scaled_y": 0.51794562258045096, "post_mean": 3.1494117591178501, "post_sd": 0.076425444649416405, "post_q10": 3.0521647933278802, "post_q50": 3.14991600524047, "post_q90": 3.2462309997187901, "post_prob_exceed": 0.0, "prosp_score_happy": 0.0, "prosp_score_sad": 3.0521647933278802, "domain_class": "Background" }, "geometry": { "type": "Point", "coordinates": [ -157.623762771599161, 62.668360171402597 ] } },
{ "type": "Feature", "properties": { "field_1": 450, "x": -186963.4239, "y": 1381038.856, "scaled_x": 0.55108351303375902, "scaled_y": 0.49983756690194697, "post_mean": 3.16921598522128, "post_sd": 0.0667233555684036, "post_q10": 3.0843239481708502, "post_q50": 3.1690207704548801, "post_q90": 3.25291719874087, "post_prob_exceed": 0.0, "prosp_score_happy": 0.0, "prosp_score_sad": 3.0843239481708502, "domain_class": "Background" }, "geometry": { "type": "Point", "coordinates": [ -157.623762771862488, 62.357400851633308 ] } },
{ "type": "Feature", "properties": { "field_1": 451, "x": -188879.5654, "y": 1345957.459, "scaled_x": 0.55054093474283505, "scaled_y": 0.48153694238021599, "post_mean": 3.19396301310924, "post_sd": 0.059401020655744298, "post_q10": 3.1179343075413, "post_q50": 3.1935766972087398, "post_q90": 3.2703916886794202, "post_prob_exceed": 0.0, "prosp_score_happy": 0.0, "prosp_score_sad": 3.1179343075413, "domain_class": "Background" }, "geometry": { "type": "Point", "coordinates": [ -157.623762771086831, 62.043185441289232 ] } },
{ "type": "Feature", "properties": { "field_1": 452, "x": -190815.9585, "y": 1310505.29, "scaled_x": 0.54999262197013199, "scaled_y": 0.46304290027151801, "post_mean": 3.2223732395280802, "post_sd": 0.055042959671363398, "post_q10": 3.1518152058871198, "post_q50": 3.2217982085886998, "post_q90": 3.2928420289482201, "post_prob_exceed": 0.0, "prosp_score_happy": 0.0, "prosp_score_sad": 3.1518152058871198, "domain_class": "Background" }, "geometry": { "type": "Point", "coordinates": [ -157.623762771833327, 61.725689404598299 ] } },
{ "type": "Feature", "properties": { "field_1": 453, "x": -192772.6893, "y": 1274680.771, "scaled_x": 0.549438550335411, "scaled_y": 0.44435461739354098, "post_mean": 3.2524633797407199, "post_sd": 0.053574075735958897, "post_q10": 3.18437302963819, "post_q50": 3.2521706596644302, "post_q90": 3.3203885461110301, "post_prob_exceed": 0.0, "prosp_score_happy": 0.0, "prosp_score_sad": 3.18437302963819, "domain_class": "Background" }, "geometry": { "type": "Point", "coordinates": [ -157.623762772364302, 61.404888325211004 ] } },
{ "type": "Feature", "properties": { "field_1": 454, "x": -194749.8408, "y": 1238482.381, "scaled_x": 0.54887869633623099, "scaled_y": 0.42547130029869501, "post_mean": 3.2816351302357001, "post_sd": 0.054235858628930197, "post_q10": 3.2126300970161599, "post_q50": 3.28147338572282, "post_q90": 3.3510103288275199, "post_prob_exceed": 0.0035, "prosp_score_happy": 0.011485722955824999, "prosp_score_sad": 3.2126300970161599, "domain_class": "Background" }, "geometry": { "type": "Point", "coordinates": [ -157.623762771259265, 61.08075797054488 ] } },
{ "type": "Feature", "properties": { "field_1": 455, "x": -196747.4932, "y": 1201908.654, "scaled_x": 0.54831303726300895, "scaled_y": 0.40639218423078899, "post_mean": 3.3068479871709302, "post_sd": 0.0560561043828674, "post_q10": 3.2355639984145199, "post_q50": 3.3066037717813299, "post_q90": 3.37848108092822, "post_prob_exceed": 0.0118333333333333, "prosp_score_happy": 0.039131034514856, "prosp_score_sad": 3.2355639984145199, "domain_class": "Background" }, "geometry": { "type": "Point", "coordinates": [ -157.623762770907263, 60.753274266518545 ] } },
{ "type": "Feature", "properties": { "field_1": 456, "x": -198765.7233, "y": 1164958.183, "scaled_x": 0.54774155136890801, "scaled_y": 0.38711653521167699, "post_mean": 3.3248829059287801, "post_sd": 0.058383069768300599, "post_q10": 3.24998570071903, "post_q50": 3.32534054066929, "post_q90": 3.3995399121332999, "post_prob_exceed": 0.029333333333333302, "prosp_score_happy": 0.097529898573911006, "prosp_score_sad": 3.24998570071903, "domain_class": "Background" }, "geometry": { "type": "Point", "coordinates": [ -157.623762770372878, 60.422413326223378 ] } },
{ "type": "Feature", "properties": { "field_1": 457, "x": -200804.6045, "y": 1127629.625, "scaled_x": 0.54716421786984604, "scaled_y": 0.36764365264957, "post_mean": 3.3327014578704901, "post_sd": 0.061126523122028001, "post_q10": 3.25462606972674, "post_q50": 3.33429214879911, "post_q90": 3.41073627669719, "post_prob_exceed": 0.048833333333333298, "prosp_score_happy": 0.162746921192676, "prosp_score_sad": 3.25462606972674, "domain_class": "Background" }, "geometry": { "type": "Point", "coordinates": [ -157.62376277048142, 60.088151487164701 ] } },
{ "type": "Feature", "properties": { "field_1": 458, "x": -202864.2069, "y": 1089921.697, "scaled_x": 0.546581016916171, "scaled_y": 0.34797286725238502, "post_mean": 3.3278981060379298, "post_sd": 0.064680600689278001, "post_q10": 3.2449002018765798, "post_q50": 3.32785265809343, "post_q90": 3.4117056506860899, "post_prob_exceed": 0.0501666666666667, "prosp_score_happy": 0.16694955498623601, "prosp_score_sad": 3.2449002018765798, "domain_class": "Background" }, "geometry": { "type": "Point", "coordinates": [ -157.623762771618118, 59.750465268049254 ] } },
{ "type": "Feature", "properties": { "field_1": 459, "x": -204944.5967, "y": 1051833.185, "scaled_x": 0.54599192976256505, "scaled_y": 0.32810354572270201, "post_mean": 3.3092288433845498, "post_sd": 0.069568364807501101, "post_q10": 3.2202839672679699, "post_q50": 3.30850392813635, "post_q90": 3.3991787882486699, "post_prob_exceed": 0.035, "prosp_score_happy": 0.115823009518459, "prosp_score_sad": 3.2202839672679699, "domain_class": "Background" }, "geometry": { "type": "Point", "coordinates": [ -157.62376277183651, 59.409331441925623 ] } },
{ "type": "Feature", "properties": { "field_1": 460, "x": -207045.8365, "y": 1013362.944, "scaled_x": 0.54539693868309302, "scaled_y": 0.30803509075776703, "post_mean": 3.2771769202561698, "post_sd": 0.075927321487180593, "post_q10": 3.1803943898256501, "post_q50": 3.2759814348935699, "post_q90": 3.3756075170368001, "post_prob_exceed": 0.018833333333333299, "prosp_score_happy": 0.061720165331491203, "prosp_score_sad": 3.1803943898256501, "domain_class": "Background" }, "geometry": { "type": "Point", "coordinates": [ -157.623762772216452, 59.064727028500471 ] } },
{ "type": "Feature", "properties": { "field_1": 461, "x": -215660.4057, "y": 855644.3636, "scaled_x": 0.54295762079681698, "scaled_y": 0.22575933303920101, "post_mean": 3.1108133951919301, "post_sd": 0.105157091654065, "post_q10": 2.9741792828751699, "post_q50": 3.1114216218154298, "post_q90": 3.2444441287166401, "post_prob_exceed": 0.0005, "prosp_score_happy": 0.00155540669759597, "prosp_score_sad": 2.9741792828751699, "domain_class": "Background" }, "geometry": { "type": "Point", "coordinates": [ -157.623762771473167, 57.651153528577304 ] } },
{ "type": "Feature", "properties": { "field_1": 462, "x": -217866.6907, "y": 815250.9168, "scaled_x": 0.54233288491765996, "scaled_y": 0.20468761508494401, "post_mean": 3.10694032370469, "post_sd": 0.12533935272372901, "post_q10": 2.94764636927178, "post_q50": 3.1062733725972098, "post_q90": 3.2660454056521799, "post_prob_exceed": 0.005, "prosp_score_happy": 0.015534701618523499, "prosp_score_sad": 2.94764636927178, "domain_class": "Background" }, "geometry": { "type": "Point", "coordinates": [ -157.623762770815773, 57.288861364091332 ] } },
{ "type": "Feature", "properties": { "field_1": 463, "x": -220094.1131, "y": 774470.4797, "scaled_x": 0.54170216373190205, "scaled_y": 0.183414019076234, "post_mean": 3.1443075912698899, "post_sd": 0.172620057361485, "post_q10": 2.92964597846747, "post_q50": 3.1420152061459099, "post_q90": 3.3702664086975598, "post_prob_exceed": 0.047333333333333297, "prosp_score_happy": 0.148830559320108, "prosp_score_sad": 2.92964597846747, "domain_class": "Background" }, "geometry": { "type": "Point", "coordinates": [ -157.62376277079531, 56.922966918034923 ] } },
{ "type": "Feature", "properties": { "field_1": 464, "x": -109432.7549, "y": 2342099.428, "scaled_x": 0.57303724551137003, "scaled_y": 1.00118614976517, "post_mean": 2.64838883448824, "post_sd": 0.372195242002749, "post_q10": 2.1713567672629099, "post_q50": 2.64955286902675, "post_q90": 3.1182867150042002, "post_prob_exceed": 0.016666666666666701, "prosp_score_happy": 0.044139813908137301, "prosp_score_sad": 2.1713567672629099, "domain_class": "Background" }, "geometry": { "type": "Point", "coordinates": [ -156.95002630711079, 71.049999996830849 ] } },
{ "type": "Feature", "properties": { "field_1": 465, "x": -110498.6397, "y": 2318119.992, "scaled_x": 0.57273542753336204, "scaled_y": 0.98867699414405696, "post_mean": 2.7535452843660102, "post_sd": 0.32321671587809903, "post_q10": 2.3455950125765099, "post_q50": 2.7525413358980102, "post_q90": 3.1647943747168101, "post_prob_exceed": 0.017166666666666702, "prosp_score_happy": 0.047269194048283197, "prosp_score_sad": 2.3455950125765099, "domain_class": "Background" }, "geometry": { "type": "Point", "coordinates": [ -156.950026307815051, 70.829988219774336 ] } },
{ "type": "Feature", "properties": { "field_1": 466, "x": -111577.9046, "y": 2293839.541, "scaled_x": 0.57242982082065497, "scaled_y": 0.97601081049779903, "post_mean": 2.8482139291320698, "post_sd": 0.28125988097275301, "post_q10": 2.4894916675343501, "post_q50": 2.8485292515029998, "post_q90": 3.2088522401334201, "post_prob_exceed": 0.017, "prosp_score_happy": 0.048419636795245198, "prosp_score_sad": 2.4894916675343501, "domain_class": "Background" }, "geometry": { "type": "Point", "coordinates": [ -156.950026308446809, 70.607519186657314 ] } },
{ "type": "Feature", "properties": { "field_1": 467, "x": -112670.6548, "y": 2269255.706, "scaled_x": 0.57212039558461503, "scaled_y": 0.96318636300959903, "post_mean": 2.93205293254942, "post_sd": 0.24701124766296101, "post_q10": 2.6150684551969299, "post_q50": 2.9300413794217799, "post_q90": 3.2500731576901698, "post_prob_exceed": 0.020333333333333301, "prosp_score_happy": 0.059618409628504801, "prosp_score_sad": 2.6150684551969299, "domain_class": "Background" }, "geometry": { "type": "Point", "coordinates": [ -156.950026306342437, 70.382568846063421 ] } },
{ "type": "Feature", "properties": { "field_1": 468, "x": -113776.9956, "y": 2244366.123, "scaled_x": 0.57180712200829298, "scaled_y": 0.95020241847097497, "post_mean": 3.0048795681352498, "post_sd": 0.22097613287777601, "post_q10": 2.7269047593005298, "post_q50": 3.0036978964413201, "post_q90": 3.2862672991388302, "post_prob_exceed": 0.026333333333333299, "prosp_score_happy": 0.079128495294228204, "prosp_score_sad": 2.7269047593005298, "domain_class": "Background" }, "geometry": { "type": "Point", "coordinates": [ -156.95002630728635, 70.155113038780939 ] } },
{ "type": "Feature", "properties": { "field_1": 469, "x": -114897.0319, "y": 2219168.43, "scaled_x": 0.57148997038800498, "scaled_y": 0.93705774471676695, "post_mean": 3.0666920431317299, "post_sd": 0.203195123248926, "post_q10": 2.81045972236844, "post_q50": 3.0642976895627698, "post_q90": 3.3268744229058198, "post_prob_exceed": 0.038166666666666703, "prosp_score_happy": 0.117045412979528, "prosp_score_sad": 2.81045972236844, "domain_class": "Background" }, "geometry": { "type": "Point", "coordinates": [ -156.950026308862277, 69.92512746728589 ] } },
{ "type": "Feature", "properties": { "field_1": 470, "x": -116030.8682, "y": 2193660.274, "scaled_x": 0.57116891113333002, "scaled_y": 0.92375111427677303, "post_mean": 3.1176878753777202, "post_sd": 0.19296941953593, "post_q10": 2.8776710168523598, "post_q50": 3.1163488692035601, "post_q90": 3.3654362620342901, "post_prob_exceed": 0.052333333333333301, "prosp_score_happy": 0.163158998811434, "prosp_score_sad": 2.8776710168523598, "domain_class": "Background" }, "geometry": { "type": "Point", "coordinates": [ -156.950026308747425, 69.692587756075795 ] } },
{ "type": "Feature", "properties": { "field_1": 471, "x": -117178.609, "y": 2167839.306, "scaled_x": 0.57084391465384798, "scaled_y": 0.91028130176743505, "post_mean": 3.1582770377275802, "post_sd": 0.18883421365686201, "post_q10": 2.9210451748997799, "post_q50": 3.1557874021762902, "post_q90": 3.3985937950848801, "post_prob_exceed": 0.0736666666666667, "prosp_score_happy": 0.23265974177926499, "prosp_score_sad": 2.9210451748997799, "domain_class": "Background" }, "geometry": { "type": "Point", "coordinates": [ -156.950026309179862, 69.457469402323341 ] } },
{ "type": "Feature", "properties": { "field_1": 472, "x": -118340.3582, "y": 2141703.186, "scaled_x": 0.57051495152903797, "scaled_y": 0.89664708650015601, "post_mean": 3.18908773251135, "post_sd": 0.18887979882942299, "post_q10": 2.9494919167375402, "post_q50": 3.1898207592693901, "post_q90": 3.4275556424898102, "post_prob_exceed": 0.093666666666666704, "prosp_score_happy": 0.29871121761189601, "prosp_score_sad": 2.9494919167375402, "domain_class": "Background" }, "geometry": { "type": "Point", "coordinates": [ -156.950026307333218, 69.219747817903823 ] } },
{ "type": "Feature", "properties": { "field_1": 473, "x": -119516.2196, "y": 2115249.583, "scaled_x": 0.57018199236669198, "scaled_y": 0.88284725248129003, "post_mean": 3.2109626040821402, "post_sd": 0.19121055494845299, "post_q10": 2.96898826613808, "post_q50": 3.21398550190036, "post_q90": 3.4498767732324498, "post_prob_exceed": 0.116833333333333, "prosp_score_happy": 0.37514746424359702, "prosp_score_sad": 2.96898826613808, "domain_class": "Background" }, "geometry": { "type": "Point", "coordinates": [ -156.950026307888209, 68.97939832528148 ] } },
{ "type": "Feature", "properties": { "field_1": 474, "x": -120706.2964, "y": 2088476.174, "scaled_x": 0.56984500794450099, "scaled_y": 0.86888058789048905, "post_mean": 3.2249431282457799, "post_sd": 0.19426615887808699, "post_q10": 2.9789203727109501, "post_q50": 3.2287059172681798, "post_q90": 3.4689466453242801, "post_prob_exceed": 0.138833333333333, "prosp_score_happy": 0.44772960430478798, "prosp_score_sad": 2.9789203727109501, "domain_class": "Background" }, "geometry": { "type": "Point", "coordinates": [ -156.950026309377421, 68.736396144674785 ] } },
{ "type": "Feature", "properties": { "field_1": 475, "x": -121910.6912, "y": 2061380.647, "scaled_x": 0.56950396921005397, "scaled_y": 0.85474588664568296, "post_mean": 3.2322401790566202, "post_sd": 0.19692970092972001, "post_q10": 2.9816693706952599, "post_q50": 3.23562229332531, "post_q90": 3.4789765147720701, "post_prob_exceed": 0.14833333333333301, "prosp_score_happy": 0.47944895989339897, "prosp_score_sad": 2.9816693706952599, "domain_class": "Background" }, "geometry": { "type": "Point", "coordinates": [ -156.950026307706025, 68.490716417175193 ] } },
{ "type": "Feature", "properties": { "field_1": 476, "x": -123129.5065, "y": 2033960.702, "scaled_x": 0.56915884713925402, "scaled_y": 0.840441948924745, "post_mean": 3.2341893654871399, "post_sd": 0.19850187046878601, "post_q10": 2.9784550205215501, "post_q50": 3.2387097191671099, "post_q90": 3.4856712608854901, "post_prob_exceed": 0.15283333333333299, "prosp_score_happy": 0.49429194135861798, "prosp_score_sad": 2.9784550205215501, "domain_class": "Background" }, "geometry": { "type": "Point", "coordinates": [ -156.950026309310772, 68.242334209348883 ] } },
{ "type": "Feature", "properties": { "field_1": 477, "x": -124362.8438, "y": 2006214.051, "scaled_x": 0.56880961299116595, "scaled_y": 0.82596758116548696, "post_mean": 3.23219079494883, "post_sd": 0.198630560016227, "post_q10": 2.9734763415779701, "post_q50": 3.2355803735854698, "post_q90": 3.4833313972864, "post_prob_exceed": 0.1515, "prosp_score_happy": 0.48967690543474801, "prosp_score_sad": 2.9734763415779701, "domain_class": "Background" }, "geometry": { "type": "Point", "coordinates": [ -156.95002630932143, 67.991224509244901 ] } },
{ "type": "Feature", "properties": { "field_1": 478, "x": -125610.8042, "y": 1978138.421, "scaled_x": 0.56845623813812296, "scaled_y": 0.81132159763065104, "post_mean": 3.2276346084702099, "post_sd": 0.19724088523536601, "post_q10": 2.97101344292513, "post_q50": 3.2292578401388798, "post_q90": 3.4771132086984098, "post_prob_exceed": 0.1455, "prosp_score_happy": 0.46962083553241502, "prosp_score_sad": 2.97101344292513, "domain_class": "Background" }, "geometry": { "type": "Point", "coordinates": [ -156.950026309315632, 67.737362248777714 ] } },
{ "type": "Feature", "properties": { "field_1": 479, "x": -126873.4881, "y": 1949731.553, "scaled_x": 0.56809869415066705, "scaled_y": 0.79650281988624205, "post_mean": 3.2218159563904498, "post_sd": 0.19447575168425399, "post_q10": 2.97133670730156, "post_q50": 3.22346331197476, "post_q90": 3.4695898552647302, "post_prob_exceed": 0.138833333333333, "prosp_score_happy": 0.44729544861220699, "prosp_score_sad": 2.97133670730156, "domain_class": "Background" }, "geometry": { "type": "Point", "coordinates": [ -156.950026309004954, 67.480722290198784 ] } },
{ "type": "Feature", "properties": { "field_1": 480, "x": -128150.9951, "y": 1920991.205, "scaled_x": 0.567736952825872, "scaled_y": 0.78151007836651698, "post_mean": 3.2158459999122, "post_sd": 0.190640839224262, "post_q10": 2.9707198540838502, "post_q50": 3.2181410427490502, "post_q90": 3.4584886408989002, "post_prob_exceed": 0.12816666666666701, "prosp_score_happy": 0.41216426232207998, "prosp_score_sad": 2.9707198540838502, "domain_class": "Background" }, "geometry": { "type": "Point", "coordinates": [ -156.950026307092884, 67.221279448470767 ] } },
{ "type": "Feature", "properties": { "field_1": 481, "x": -129443.4243, "y": 1891915.152, "scaled_x": 0.567370986102393, "scaled_y": 0.76634221237398104, "post_mean": 3.21056868652976, "post_sd": 0.186143329377985, "post_q10": 2.9743265585602301, "post_q50": 3.2112749007203401, "post_q90": 3.44601807161107, "post_prob_exceed": 0.114333333333333, "prosp_score_happy": 0.36707501982656998, "prosp_score_sad": 2.9743265585602301, "domain_class": "Background" }, "geometry": { "type": "Point", "coordinates": [ -156.950026308153525, 66.95900848627177 ] } },
{ "type": "Feature", "properties": { "field_1": 482, "x": -130750.8735, "y": 1862501.189, "scaled_x": 0.56700076628699503, "scaled_y": 0.75099807164437704, "post_mean": 3.2064958307103399, "post_sd": 0.18141639352131, "post_q10": 2.97422286363879, "post_q50": 3.20691655470839, "post_q90": 3.4371474883411901, "post_prob_exceed": 0.103666666666667, "prosp_score_happy": 0.332406734450306, "prosp_score_sad": 2.97422286363879, "domain_class": "Background" }, "geometry": { "type": "Point", "coordinates": [ -156.95002630731824, 66.693884136331192 ] } },
{ "type": "Feature", "properties": { "field_1": 483, "x": -132073.44, "y": 1832747.131, "scaled_x": 0.566626265828024, "scaled_y": 0.73547651634668498, "post_mean": 3.2037744328003699, "post_sd": 0.17683045525446101, "post_q10": 2.9771245061782499, "post_q50": 3.20492262021481, "post_q90": 3.43182791804242, "post_prob_exceed": 0.097166666666666707, "prosp_score_happy": 0.31130008238710299, "prosp_score_sad": 2.9771245061782499, "domain_class": "Background" }, "geometry": { "type": "Point", "coordinates": [ -156.950026308588633, 66.42588109596565 ] } },
{ "type": "Feature", "properties": { "field_1": 484, "x": -133411.2198, "y": 1802650.814, "scaled_x": 0.56624745754193595, "scaled_y": 0.71977641760477895, "post_mean": 3.20219901088999, "post_sd": 0.17260592681448, "post_q10": 2.9827502056998298, "post_q50": 3.20156199768785, "post_q90": 3.4236003164621098, "post_prob_exceed": 0.0915, "prosp_score_happy": 0.29300120949643399, "prosp_score_sad": 2.9827502056998298, "domain_class": "Background" }, "geometry": { "type": "Point", "coordinates": [ -156.950026307712704, 66.154974031148569 ] } },
{ "type": "Feature", "properties": { "field_1": 485, "x": -134764.3082, "y": 1772210.097, "scaled_x": 0.56586431444340102, "scaled_y": 0.703896658540758, "post_mean": 3.2012769526048701, "post_sd": 0.168753799368174, "post_q10": 2.9876872967727999, "post_q50": 3.2010357400828702, "post_q90": 3.4180208043645699, "post_prob_exceed": 0.082666666666666694, "prosp_score_happy": 0.26463889474866897, "prosp_score_sad": 2.9876872967727999, "domain_class": "Background" }, "geometry": { "type": "Point", "coordinates": [ -156.950026307654525, 65.881137588873273 ] } },
{ "type": "Feature", "properties": { "field_1": 486, "x": -136132.7991, "y": 1741422.866, "scaled_x": 0.56547680994351501, "scaled_y": 0.68783613636158702, "post_mean": 3.2003462455090501, "post_sd": 0.16506945916159499, "post_q10": 2.9937144017069102, "post_q50": 3.2000017734769099, "post_q90": 3.4111952434480899, "post_prob_exceed": 0.075666666666666701, "prosp_score_happy": 0.24215953257685099, "prosp_score_sad": 2.9937144017069102, "domain_class": "Background" }, "geometry": { "type": "Point", "coordinates": [ -156.950026306935513, 65.604346427817205 ] } },
{ "type": "Feature", "properties": { "field_1": 487, "x": -137516.7855, "y": 1710287.032, "scaled_x": 0.565084917708221, "scaled_y": 0.67159376131577797, "post_mean": 3.1987334368512199, "post_sd": 0.16118671159276399, "post_q10": 2.9970887161120499, "post_q50": 3.19802433224134, "post_q90": 3.4053009526923601, "post_prob_exceed": 0.0695, "prosp_score_happy": 0.22231197386116, "prosp_score_sad": 2.9970887161120499, "domain_class": "Background" }, "geometry": { "type": "Point", "coordinates": [ -156.950026308661762, 65.324575194528236 ] } },
{ "type": "Feature", "properties": { "field_1": 488, "x": -138916.3588, "y": 1678800.534, "scaled_x": 0.56468861185651997, "scaled_y": 0.65516845825837, "post_mean": 3.1959279432346599, "post_sd": 0.15667348161196501, "post_q10": 2.9971758741663002, "post_q50": 3.1966184416474799, "post_q90": 3.3961677352777602, "post_prob_exceed": 0.062333333333333303, "prosp_score_happy": 0.19921284179496099, "prosp_score_sad": 2.9971758741663002, "domain_class": "Background" }, "geometry": { "type": "Point", "coordinates": [ -156.950026308277273, 65.041798544866666 ] } },
{ "type": "Feature", "properties": { "field_1": 489, "x": -140331.6094, "y": 1646961.341, "scaled_x": 0.56428786679057497, "scaled_y": 0.63855916769425902, "post_mean": 3.1917405586063499, "post_sd": 0.15113588918812601, "post_q10": 2.9994714155437601, "post_q50": 3.19223520877823, "post_q90": 3.38647636313843, "post_prob_exceed": 0.052666666666666702, "prosp_score_happy": 0.16809833608660099, "prosp_score_sad": 2.9994714155437601, "domain_class": "Background" }, "geometry": { "type": "Point", "coordinates": [ -156.950026308409747, 64.755991155797972 ] } },
{ "type": "Feature", "properties": { "field_1": 490, "x": -141762.6261, "y": 1614767.453, "scaled_x": 0.56388265736560805, "scaled_y": 0.62176484629985596, "post_mean": 3.1864127066463102, "post_sd": 0.14430138226366501, "post_q10": 3.0028005216552098, "post_q50": 3.1865173332030299, "post_q90": 3.37203168212557, "post_prob_exceed": 0.042333333333333299, "prosp_score_happy": 0.134891471248027, "prosp_score_sad": 3.0028005216552098, "domain_class": "Background" }, "geometry": { "type": "Point", "coordinates": [ -156.950026306967374, 64.467127728573104 ] } },
{ "type": "Feature", "properties": { "field_1": 491, "x": -143209.4964, "y": 1582216.905, "scaled_x": 0.56347295880495196, "scaled_y": 0.60478446900973304, "post_mean": 3.1806502281321398, "post_sd": 0.13606723088161499, "post_q10": 3.0080312240820302, "post_q50": 3.1808907123958399, "post_q90": 3.3547475145967298, "post_prob_exceed": 0.031, "prosp_score_happy": 0.098600157072096406, "prosp_score_sad": 3.0080312240820302, "domain_class": "Background" }, "geometry": { "type": "Point", "coordinates": [ -156.950026307203984, 64.175183018287797 ] } },
{ "type": "Feature", "properties": { "field_1": 492, "x": -144672.3061, "y": 1549307.765, "scaled_x": 0.56305874681331503, "scaled_y": 0.58761702797330395, "post_mean": 3.1755699533248398, "post_sd": 0.126516116718771, "post_q10": 3.01453787663027, "post_q50": 3.1763017641359901, "post_q90": 3.3356125458836599, "post_prob_exceed": 0.0195, "prosp_score_happy": 0.061923614089834503, "prosp_score_sad": 3.01453787663027, "domain_class": "Background" }, "geometry": { "type": "Point", "coordinates": [ -156.950026307494795, 63.880131809870022 ] } },
{ "type": "Feature", "properties": { "field_1": 493, "x": -146151.1394, "y": 1516038.138, "scaled_x": 0.56263999754846294, "scaled_y": 0.57026153464146601, "post_mean": 3.17256488204811, "post_sd": 0.115909063557927, "post_q10": 3.0240683293277399, "post_q50": 3.1720860810904101, "post_q90": 3.3210622825935001, "post_prob_exceed": 0.0105, "prosp_score_happy": 0.033311931261505202, "prosp_score_sad": 3.0240683293277399, "domain_class": "Background" }, "geometry": { "type": "Point", "coordinates": [ -156.950026307179741, 63.581948947482338 ] } },
{ "type": "Feature", "properties": { "field_1": 494, "x": -147646.0787, "y": 1482406.171, "scaled_x": 0.56221668767785604, "scaled_y": 0.55271702237491505, "post_mean": 3.1731093403713602, "post_sd": 0.104666734218193, "post_q10": 3.03925717888947, "post_q50": 3.1725493549915802, "post_q90": 3.30760390438398, "post_prob_exceed": 0.005, "prosp_score_happy": 0.0158655467018568, "prosp_score_sad": 3.03925717888947, "domain_class": "Background" }, "geometry": { "type": "Point", "coordinates": [ -156.950026306960382, 63.280609372821424 ] } },
{ "type": "Feature", "properties": { "field_1": 495, "x": -149157.2047, "y": 1448410.049, "scaled_x": 0.56178879435032703, "scaled_y": 0.53498254435749304, "post_mean": 3.17853493989253, "post_sd": 0.093344700061993399, "post_q10": 3.0580110545836101, "post_q50": 3.1777980773963499, "post_q90": 3.2970559039620899, "post_prob_exceed": 0.0028333333333333301, "prosp_score_happy": 0.0090058489963621598, "prosp_score_sad": 3.0580110545836101, "domain_class": "Background" }, "geometry": { "type": "Point", "coordinates": [ -156.950026307294848, 62.9760880826923 ] } },
{ "type": "Feature", "properties": { "field_1": 496, "x": -150684.5961, "y": 1414048.001, "scaled_x": 0.56135629528103403, "scaled_y": 0.51705717672616103, "post_mean": 3.18981008945851, "post_sd": 0.082597639878123102, "post_q10": 3.08351277357372, "post_q50": 3.1889757315258298, "post_q90": 3.2950293645695399, "post_prob_exceed": 0.00116666666666667, "prosp_score_happy": 0.00372144510436826, "prosp_score_sad": 3.08351277357372, "domain_class": "Background" }, "geometry": { "type": "Point", "coordinates": [ -156.950026307758407, 62.66836017608091 ] } },
{ "type": "Feature", "properties": { "field_1": 497, "x": -152228.3296, "y": 1379318.301, "scaled_x": 0.56091916875145698, "scaled_y": 0.498940019092662, "post_mean": 3.20735148218718, "post_sd": 0.073112248880778705, "post_q10": 3.11348317783122, "post_q50": 3.2066475297858301, "post_q90": 3.3006549579254698, "post_prob_exceed": 0.001, "prosp_score_happy": 0.0032073514821871802, "prosp_score_sad": 3.11348317783122, "domain_class": "Background" }, "geometry": { "type": "Point", "coordinates": [ -156.950026307948093, 62.35740085627107 ] } },
{ "type": "Feature", "properties": { "field_1": 498, "x": -153788.4798, "y": 1344219.27, "scaled_x": 0.56047739363771898, "scaled_y": 0.480630195586843, "post_mean": 3.2308883911294402, "post_sd": 0.0654780336046457, "post_q10": 3.1464496688793302, "post_q50": 3.23124497579458, "post_q90": 3.3146908926239802, "post_prob_exceed": 0.00116666666666667, "prosp_score_happy": 0.0037693697896510202, "prosp_score_sad": 3.1464496688793302, "domain_class": "Background" }, "geometry": { "type": "Point", "coordinates": [ -156.950026307269155, 62.043185441845345 ] } },
{ "type": "Feature", "properties": { "field_1": 499, "x": -155365.1192, "y": 1308749.281, "scaled_x": 0.56003094941057996, "scaled_y": 0.46212685746496202, "post_mean": 3.2593929208004599, "post_sd": 0.059994032523687499, "post_q10": 3.1824538221569298, "post_q50": 3.2595068787593799, "post_q90": 3.33671558169898, "post_prob_exceed": 0.002, "prosp_score_happy": 0.0065187858416009097, "prosp_score_sad": 3.1824538221569298, "domain_class": "Background" }, "geometry": { "type": "Point", "coordinates": [ -156.950026309159938, 61.725689404346646 ] } },
{ "type": "Feature", "properties": { "field_1": 500, "x": -156958.3177, "y": 1272906.755, "scaled_x": 0.55957981627702302, "scaled_y": 0.44342918102304701, "post_mean": 3.2910838268407998, "post_sd": 0.056513786936546101, "post_q10": 3.21881918694501, "post_q50": 3.29087635695939, "post_q90": 3.3629522663117601, "post_prob_exceed": 0.006, "prosp_score_happy": 0.019746502961044798, "prosp_score_sad": 3.21881918694501, "domain_class": "Background" }, "geometry": { "type": "Point", "coordinates": [ -156.950026308165235, 61.404888325642467 ] } },
{ "type": "Feature", "properties": { "field_1": 501, "x": -158568.1432, "y": 1236690.169, "scaled_x": 0.55912397501035405, "scaled_y": 0.424536371770183, "post_mean": 3.3235088403596, "post_sd": 0.0545123071883458, "post_q10": 3.25441414341718, "post_q50": 3.3230906092109702, "post_q90": 3.3936028640271201, "post_prob_exceed": 0.0215, "prosp_score_happy": 0.071455440067731496, "prosp_score_sad": 3.25441414341718, "domain_class": "Background" }, "geometry": { "type": "Point", "coordinates": [ -156.95002630813886, 61.080757961975756 ] } },
{ "type": "Feature", "properties": { "field_1": 502, "x": -160194.6607, "y": 1200098.059, "scaled_x": 0.55866340720504903, "scaled_y": 0.40544766599350401, "post_mean": 3.3537100898607402, "post_sd": 0.053418553052752997, "post_q10": 3.2855093698751801, "post_q50": 3.3533339279700898, "post_q90": 3.42248544960102, "post_prob_exceed": 0.065833333333333299, "prosp_score_happy": 0.22078591424916499, "prosp_score_sad": 3.2855093698751801, "domain_class": "Background" }, "geometry": { "type": "Point", "coordinates": [ -156.950026307677263, 60.753274263850741 ] } },
{ "type": "Feature", "properties": { "field_1": 503, "x": -161837.9329, "y": 1163129.016, "scaled_x": 0.55819809510685603, "scaled_y": 0.38616232867153999, "post_mean": 3.37847739273312, "post_sd": 0.0530153167812576, "post_q10": 3.31079078844764, "post_q50": 3.3791200557373799, "post_q90": 3.4466781557874899, "post_prob_exceed": 0.147166666666667, "prosp_score_happy": 0.497199256297224, "prosp_score_sad": 3.31079078844764, "domain_class": "Background" }, "geometry": { "type": "Point", "coordinates": [ -156.950026308068374, 60.42241333273671 ] } },
{ "type": "Feature", "properties": { "field_1": 504, "x": -163498.0196, "y": 1125781.694, "scaled_x": 0.55772802178269298, "scaled_y": 0.36667965764751598, "post_mean": 3.39469256275164, "post_sd": 0.053659368543721997, "post_q10": 3.3253685339331698, "post_q50": 3.3955454636343698, "post_q90": 3.4638829746072202, "post_prob_exceed": 0.23, "prosp_score_happy": 0.780779289432877, "prosp_score_sad": 3.3253685339331698, "domain_class": "Background" }, "geometry": { "type": "Point", "coordinates": [ -156.950026308752342, 60.088151485364968 ] } },
{ "type": "Feature", "properties": { "field_1": 505, "x": -165174.9776, "y": 1088054.812, "scaled_x": 0.557253171148963, "scaled_y": 0.34699898467267298, "post_mean": 3.3997619023340402, "post_sd": 0.056129656351389397, "post_q10": 3.3276272854621398, "post_q50": 3.3999324461547, "post_q90": 3.4721672693076702, "post_prob_exceed": 0.26933333333333298, "prosp_score_happy": 0.91566920569530197, "prosp_score_sad": 3.3276272854621398, "domain_class": "Background" }, "geometry": { "type": "Point", "coordinates": [ -156.950026307216064, 59.750465264180107 ] } },
{ "type": "Feature", "properties": { "field_1": 506, "x": -166868.8612, "y": 1049947.155, "scaled_x": 0.55677352782997303, "scaled_y": 0.32711967592793001, "post_mean": 3.3921214093840102, "post_sd": 0.061038391807095603, "post_q10": 3.3143751908097498, "post_q50": 3.3914793095518201, "post_q90": 3.4721138937504099, "post_prob_exceed": 0.24883333333333299, "prosp_score_happy": 0.84407287736838799, "prosp_score_sad": 3.3143751908097498, "domain_class": "Background" }, "geometry": { "type": "Point", "coordinates": [ -156.950026308705475, 59.40933143857346 ] } },
{ "type": "Feature", "properties": { "field_1": 507, "x": -168579.721, "y": 1011457.577, "scaled_x": 0.55628907749773304, "scaled_y": 0.30704113358886997, "post_mean": 3.37177920962964, "post_sd": 0.068201275804892506, "post_q10": 3.2840865941462898, "post_q50": 3.3705247631677602, "post_q90": 3.45934361679703, "post_prob_exceed": 0.184, "prosp_score_happy": 0.62040737457185402, "prosp_score_sad": 3.2840865941462898, "domain_class": "Background" }, "geometry": { "type": "Point", "coordinates": [ -156.950026307193184, 59.064727024616261 ] } },
{ "type": "Feature", "properties": { "field_1": 508, "x": -170307.605, "y": 972585.0045, "scaled_x": 0.55579980656046901, "scaled_y": 0.28676279765155599, "post_mean": 3.3408341876275398, "post_sd": 0.076659578054906599, "post_q10": 3.2418652621297301, "post_q50": 3.34027634713682, "post_q90": 3.43908027197309, "post_prob_exceed": 0.11183333333333299, "prosp_score_happy": 0.37361662331634699, "prosp_score_sad": 3.2418652621297301, "domain_class": "Background" }, "geometry": { "type": "Point", "coordinates": [ -156.950026307665297, 58.716629308321664 ] } },
{ "type": "Feature", "properties": { "field_1": 509, "x": -172052.5575, "y": 933328.4384, "scaled_x": 0.55530570247410804, "scaled_y": 0.26628414692369001, "post_mean": 3.3038846242439202, "post_sd": 0.085584608772624096, "post_q10": 3.19167960621705, "post_q50": 3.3045575510067602, "post_q90": 3.4127503592599999, "post_prob_exceed": 0.063833333333333298, "prosp_score_happy": 0.21089796851423701, "prosp_score_sad": 3.19167960621705, "domain_class": "Background" }, "geometry": { "type": "Point", "coordinates": [ -156.950026308179218, 58.365015855466851 ] } },
{ "type": "Feature", "properties": { "field_1": 510, "x": -173814.6194, "y": 893686.9573, "scaled_x": 0.55480675365733001, "scaled_y": 0.245604700746093, "post_mean": 3.2682257131931798, "post_sd": 0.096066951643580797, "post_q10": 3.1431383860817199, "post_q50": 3.2689866601829598, "post_q90": 3.3912394630709102, "post_prob_exceed": 0.042333333333333299, "prosp_score_happy": 0.13835488852517799, "prosp_score_sad": 3.1431383860817199, "domain_class": "Background" }, "geometry": { "type": "Point", "coordinates": [ -156.950026307781201, 58.009864533363768 ] } },
{ "type": "Feature", "properties": { "field_1": 511, "x": -175593.8282, "y": 853659.7203, "scaled_x": 0.554302949491562, "scaled_y": 0.22472402045336301, "post_mean": 3.2437418553747901, "post_sd": 0.113702391541762, "post_q10": 3.0962742858541001, "post_q50": 3.2441296238397399, "post_q90": 3.3905773981430398, "post_prob_exceed": 0.044833333333333301, "prosp_score_happy": 0.14542775984930301, "prosp_score_sad": 3.0962742858541001, "domain_class": "Background" }, "geometry": { "type": "Point", "coordinates": [ -156.950026308546342, 57.651153528287992 ] } },
{ "type": "Feature", "properties": { "field_1": 512, "x": -177390.2174, "y": 813245.9699, "scaled_x": 0.55379428049087898, "scaled_y": 0.20364171088669, "post_mean": 3.2424369484939199, "post_sd": 0.149427382764733, "post_q10": 3.0526429921344902, "post_q50": 3.2426002261500702, "post_q90": 3.4339084748095399, "post_prob_exceed": 0.1, "prosp_score_happy": 0.32424369484939197, "prosp_score_sad": 3.0526429921344902, "domain_class": "Background" }, "geometry": { "type": "Point", "coordinates": [ -156.950026307602087, 57.288861364060331 ] } },
{ "type": "Feature", "properties": { "field_1": 513, "x": -179203.817, "y": 772445.0347, "scaled_x": 0.553280738160425, "scaled_y": 0.18235742180234499, "post_mean": 3.2776121296038299, "post_sd": 0.21489693057919801, "post_q10": 3.0067635181633401, "post_q50": 3.2738255182724201, "post_q90": 3.5565407941790999, "post_prob_exceed": 0.2325, "prosp_score_happy": 0.76204482013289199, "prosp_score_sad": 3.0067635181633401, "domain_class": "Background" }, "geometry": { "type": "Point", "coordinates": [ -156.950026307569772, 56.922966918432941 ] } },
{ "type": "Feature", "properties": { "field_1": 514, "x": -84451.38931, "y": 2341115.948, "scaled_x": 0.58011101675779397, "scaled_y": 1.0006731058232501, "post_mean": 2.5058762621530599, "post_sd": 0.346146178207827, "post_q10": 2.06749205408846, "post_q50": 2.5044755670383099, "post_q90": 2.9464099770043299, "post_prob_exceed": 0.0046666666666666697, "prosp_score_happy": 0.0116940892233809, "prosp_score_sad": 2.06749205408846, "domain_class": "Background" }, "geometry": { "type": "Point", "coordinates": [ -156.276289844928669, 71.05000000028312 ] } },
{ "type": "Feature", "properties": { "field_1": 515, "x": -85273.95337, "y": 2317126.933, "scaled_x": 0.57987809794577005, "scaled_y": 0.98815895320381397, "post_mean": 2.6196499113123699, "post_sd": 0.29902014107776298, "post_q10": 2.24003682943991, "post_q50": 2.6188619274123099, "post_q90": 3.0020919167345599, "post_prob_exceed": 0.0048333333333333301, "prosp_score_happy": 0.012661641238009801, "prosp_score_sad": 2.24003682943991, "domain_class": "Background" }, "geometry": { "type": "Point", "coordinates": [ -156.276289845386799, 70.829988224935434 ] } },
{ "type": "Feature", "properties": { "field_1": 516, "x": -86106.8431, "y": 2292836.782, "scaled_x": 0.57964225529728497, "scaled_y": 0.975487709438147, "post_mean": 2.7232721827809301, "post_sd": 0.25927931712376701, "post_q10": 2.3954799587170101, "post_q50": 2.7214882729181502, "post_q90": 3.05575196025874, "post_prob_exceed": 0.0036666666666666701, "prosp_score_happy": 0.0099853313368634296, "prosp_score_sad": 2.3954799587170101, "domain_class": "Background" }, "geometry": { "type": "Point", "coordinates": [ -156.276289844742564, 70.607519186652127 ] } },
{ "type": "Feature", "properties": { "field_1": 517, "x": -86950.13977, "y": 2268243.127, "scaled_x": 0.57940346579977098, "scaled_y": 0.96265813923112198, "post_mean": 2.81637219065653, "post_sd": 0.227623321506915, "post_q10": 2.5292442902728798, "post_q50": 2.81355471698968, "post_q90": 3.1092877840813302, "post_prob_exceed": 0.0043333333333333297, "prosp_score_happy": 0.012204279492844999, "prosp_score_sad": 2.5292442902728798, "domain_class": "Background" }, "geometry": { "type": "Point", "coordinates": [ -156.276289844942255, 70.382568851770372 ] } },
{ "type": "Feature", "properties": { "field_1": 518, "x": -87803.92452, "y": 2243343.6, "scaled_x": 0.57916170647747001, "scaled_y": 0.94966900728761094, "post_mean": 2.8987350979774802, "post_sd": 0.204480005868307, "post_q10": 2.64405348754967, "post_q50": 2.8970098751779201, "post_q90": 3.1590766414633298, "post_prob_exceed": 0.0053333333333333297, "prosp_score_happy": 0.015459920522546499, "prosp_score_sad": 2.64405348754967, "domain_class": "Background" }, "geometry": { "type": "Point", "coordinates": [ -156.276289844489639, 70.155113033248384 ] } },
{ "type": "Feature", "properties": { "field_1": 519, "x": -88668.27831, "y": 2218135.842, "scaled_x": 0.57891695440559399, "scaled_y": 0.93651908300743902, "post_mean": 2.9703243835300301, "post_sd": 0.18966742084903401, "post_q10": 2.7336984307027001, "post_q50": 2.9678022758479701, "post_q90": 3.2131071009715799, "post_prob_exceed": 0.0075, "prosp_score_happy": 0.022277432876475201, "prosp_score_sad": 2.7336984307027001, "domain_class": "Background" }, "geometry": { "type": "Point", "coordinates": [ -156.27628984524523, 69.925127469523318 ] } },
{ "type": "Feature", "properties": { "field_1": 520, "x": -89543.28189, "y": 2192617.495, "scaled_x": 0.57866918671881895, "scaled_y": 0.92320713631209395, "post_mean": 3.0313007368945399, "post_sd": 0.18214794315462199, "post_q10": 2.8050295056213002, "post_q50": 3.0293395532087302, "post_q90": 3.2629014711002799, "post_prob_exceed": 0.014166666666666701, "prosp_score_happy": 0.042943427106006002, "prosp_score_sad": 2.8050295056213002, "domain_class": "Background" }, "geometry": { "type": "Point", "coordinates": [ -156.27628984453392, 69.692587748043849 ] } },
{ "type": "Feature", "properties": { "field_1": 521, "x": -90429.01581, "y": 2166786.213, "scaled_x": 0.57841838060845197, "scaled_y": 0.909731943383005, "post_mean": 3.0820355510364399, "post_sd": 0.18014552487331001, "post_q10": 2.8541151068259598, "post_q50": 3.0799589464927899, "post_q90": 3.3097858494082799, "post_prob_exceed": 0.026, "prosp_score_happy": 0.080132924326947297, "prosp_score_sad": 2.8541151068259598, "domain_class": "Background" }, "geometry": { "type": "Point", "coordinates": [ -156.276289845103577, 69.457469401873794 ] } },
{ "type": "Feature", "properties": { "field_1": 522, "x": -91325.56035, "y": 2140639.652, "scaled_x": 0.57816451334225605, "scaled_y": 0.89609228144492603, "post_mean": 3.1231169404760899, "post_sd": 0.18160943699231699, "post_q10": 2.89477262756873, "post_q50": 3.1226547597800098, "post_q90": 3.3504805238886601, "post_prob_exceed": 0.044666666666666702, "prosp_score_happy": 0.13949922334126499, "prosp_score_sad": 2.89477262756873, "domain_class": "Background" }, "geometry": { "type": "Point", "coordinates": [ -156.276289844578741, 69.219747814958808 ] } },
{ "type": "Feature", "properties": { "field_1": 523, "x": -92232.9955, "y": 2114175.482, "scaled_x": 0.57790756227010798, "scaled_y": 0.88228693502587496, "post_mean": 3.1553458415521098, "post_sd": 0.18469229958887201, "post_q10": 2.9207391540272098, "post_q50": 3.1564253872702199, "post_q90": 3.3871953138861799, "post_prob_exceed": 0.0615, "prosp_score_happy": 0.19405376925545501, "prosp_score_sad": 2.9207391540272098, "domain_class": "Background" }, "geometry": { "type": "Point", "coordinates": [ -156.276289845363152, 68.979398327371285 ] } },
{ "type": "Feature", "properties": { "field_1": 524, "x": -93151.40091, "y": 2087391.377, "scaled_x": 0.57764750483816296, "scaled_y": 0.86831469074051804, "post_mean": 3.1797199237050102, "post_sd": 0.18799616533058799, "post_q10": 2.9404525444910199, "post_q50": 3.1826557149253998, "post_q90": 3.4159204467356101, "post_prob_exceed": 0.0825, "prosp_score_happy": 0.26232689370566298, "prosp_score_sad": 2.9404525444910199, "domain_class": "Background" }, "geometry": { "type": "Point", "coordinates": [ -156.276289844813647, 68.736396140527177 ] } },
{ "type": "Feature", "properties": { "field_1": 525, "x": -94080.8559, "y": 2060285.026, "scaled_x": 0.57738431858601702, "scaled_y": 0.85417434302844597, "post_mean": 3.1974031419718298, "post_sd": 0.19060143169046001, "post_q10": 2.95440934246527, "post_q50": 3.2019958511162598, "post_q90": 3.4367669742697098, "post_prob_exceed": 0.101666666666667, "prosp_score_happy": 0.32506931943380202, "prosp_score_sad": 2.95440934246527, "domain_class": "Background" }, "geometry": { "type": "Point", "coordinates": [ -156.276289844847213, 68.490716412886115 ] } },
{ "type": "Feature", "properties": { "field_1": 526, "x": -95021.43937, "y": 2032854.127, "scaled_x": 0.57711798117219704, "scaled_y": 0.83986469102420702, "post_mean": 3.2096795065147501, "post_sd": 0.19199569481373499, "post_q10": 2.9619823321819001, "post_q50": 3.2134830125000602, "post_q90": 3.45437569652182, "post_prob_exceed": 0.117666666666667, "prosp_score_happy": 0.37767228859990198, "prosp_score_sad": 2.9619823321819001, "domain_class": "Background" }, "geometry": { "type": "Point", "coordinates": [ -156.276289844639308, 68.242334201327836 ] } },
{ "type": "Feature", "properties": { "field_1": 527, "x": -95973.22978, "y": 2005096.393, "scaled_x": 0.57684847037981701, "scaled_y": 0.82538454168727904, "post_mean": 3.21789071096382, "post_sd": 0.19198493012097601, "post_q10": 2.9704573472178799, "post_q50": 3.2219848524038599, "post_q90": 3.46350161897821, "post_prob_exceed": 0.12816666666666701, "prosp_score_happy": 0.41242632612186297, "prosp_score_sad": 2.9704573472178799, "domain_class": "Background" }, "geometry": { "type": "Point", "coordinates": [ -156.276289845159511, 67.991224511124557 ] } },
{ "type": "Feature", "properties": { "field_1": 528, "x": -96936.30514, "y": 1977009.547, "scaled_x": 0.57657576411941802, "scaled_y": 0.81073270719375301, "post_mean": 3.2233590901093301, "post_sd": 0.19061693124478801, "post_q10": 2.9781606808063401, "post_q50": 3.2248740848845001, "post_q90": 3.4656002467524898, "post_prob_exceed": 0.134333333333333, "prosp_score_happy": 0.43300457110468599, "prosp_score_sad": 2.9781606808063401, "domain_class": "Background" }, "geometry": { "type": "Point", "coordinates": [ -156.276289844825868, 67.737362246267026 ] } },
{ "type": "Feature", "properties": { "field_1": 529, "x": -97910.74292, "y": 1948591.331, "scaled_x": 0.57629984045444604, "scaled_y": 0.79590800963129704, "post_mean": 3.2272998239452999, "post_sd": 0.188117954109777, "post_q10": 2.9858171201547798, "post_q50": 3.22885341432734, "post_q90": 3.4678135306400901, "post_prob_exceed": 0.138, "prosp_score_happy": 0.44536737570445201, "prosp_score_sad": 2.9858171201547798, "domain_class": "Background" }, "geometry": { "type": "Point", "coordinates": [ -156.276289844708913, 67.480722286197448 ] } },
{ "type": "Feature", "properties": { "field_1": 530, "x": -98896.62002, "y": 1919839.502, "scaled_x": 0.57602067760975095, "scaled_y": 0.78090927891250494, "post_mean": 3.2307293954570802, "post_sd": 0.18483322698877999, "post_q10": 2.9941636163369298, "post_q50": 3.2313480440736599, "post_q90": 3.4652602939948598, "post_prob_exceed": 0.136333333333333, "prosp_score_happy": 0.44045610758064901, "prosp_score_sad": 2.9941636163369298, "domain_class": "Background" }, "geometry": { "type": "Point", "coordinates": [ -156.276289844556999, 67.221279444910522 ] } },
{ "type": "Feature", "properties": { "field_1": 531, "x": -99894.01277, "y": 1890751.835, "scaled_x": 0.57573825397158196, "scaled_y": 0.76573535433988504, "post_mean": 3.2343806265433401, "post_sd": 0.18116142759782, "post_q10": 3.0054325758671299, "post_q50": 3.2365267846507701, "post_q90": 3.46460440564756, "post_prob_exceed": 0.136, "prosp_score_happy": 0.43987576520989502, "prosp_score_sad": 3.0054325758671299, "domain_class": "Background" }, "geometry": { "type": "Point", "coordinates": [ -156.276289845203081, 66.959008493158976 ] } },
{ "type": "Feature", "properties": { "field_1": 532, "x": -100902.9968, "y": 1861326.122, "scaled_x": 0.57545254812440605, "scaled_y": 0.75038508408419302, "post_mean": 3.2386375340867399, "post_sd": 0.17747875786442699, "post_q10": 3.0115777928834699, "post_q50": 3.23939344647063, "post_q90": 3.4656884472546099, "post_prob_exceed": 0.135833333333333, "prosp_score_happy": 0.43991493171344898, "prosp_score_sad": 3.0115777928834699, "domain_class": "Background" }, "geometry": { "type": "Point", "coordinates": [ -156.276289844807707, 66.693884144504537 ] } },
{ "type": "Feature", "properties": { "field_1": 533, "x": -101923.6471, "y": 1831560.177, "scaled_x": 0.57516353883391003, "scaled_y": 0.73485732779274604, "post_mean": 3.2435046930803901, "post_sd": 0.174058653000257, "post_q10": 3.0208717767209099, "post_q50": 3.2444732028966801, "post_q90": 3.46604811729937, "post_prob_exceed": 0.137, "prosp_score_happy": 0.44436014295201398, "prosp_score_sad": 3.0208717767209099, "domain_class": "Background" }, "geometry": { "type": "Point", "coordinates": [ -156.276289844156594, 66.425881095198847 ] } },
{ "type": "Feature", "properties": { "field_1": 534, "x": -102956.0379, "y": 1801451.837, "scaled_x": 0.57487120508098499, "scaled_y": 0.71915095711108301, "post_mean": 3.24862454342176, "post_sd": 0.17100493963398899, "post_q10": 3.03151406616213, "post_q50": 3.2491615674973899, "post_q90": 3.4677254655730199, "post_prob_exceed": 0.1415, "prosp_score_happy": 0.45968037289417901, "prosp_score_sad": 3.03151406616213, "domain_class": "Background" }, "geometry": { "type": "Point", "coordinates": [ -156.27628984463766, 66.154974027911265 ] } },
{ "type": "Feature", "properties": { "field_1": 535, "x": -104000.2426, "y": 1770998.96, "scaled_x": 0.57457552608154705, "scaled_y": 0.70326485463963695, "post_mean": 3.2533510450149898, "post_sd": 0.16822166007050601, "post_q10": 3.03986744697331, "post_q50": 3.2525682391926098, "post_q90": 3.4687100356149001, "post_prob_exceed": 0.14633333333333301, "prosp_score_happy": 0.47607370292052698, "prosp_score_sad": 3.03986744697331, "domain_class": "Background" }, "geometry": { "type": "Point", "coordinates": [ -156.276289845179036, 65.881137588388711 ] } },
{ "type": "Feature", "properties": { "field_1": 536, "x": -105056.3337, "y": 1740199.43, "scaled_x": 0.574276481306358, "scaled_y": 0.68719791654205298, "post_mean": 3.25687897062652, "post_sd": 0.16543455667736101, "post_q10": 3.0478438041271301, "post_q50": 3.2585532780094302, "post_q90": 3.4697075764208698, "post_prob_exceed": 0.14583333333333301, "prosp_score_happy": 0.47496151654970098, "prosp_score_sad": 3.0478438041271301, "domain_class": "Background" }, "geometry": { "type": "Point", "coordinates": [ -156.276289844567657, 65.604346424908528 ] } },
{ "type": "Feature", "properties": { "field_1": 537, "x": -106124.3829, "y": 1709051.158, "scaled_x": 0.573974050452708, "scaled_y": 0.67094905306684005, "post_mean": 3.2584160138033602, "post_sd": 0.162259530945638, "post_q10": 3.05319252928278, "post_q50": 3.2575817878925601, "post_q90": 3.4656079945725402, "post_prob_exceed": 0.14383333333333301, "prosp_score_happy": 0.46866883665205, "prosp_score_sad": 3.05319252928278, "domain_class": "Background" }, "geometry": { "type": "Point", "coordinates": [ -156.276289844335622, 65.324575191556633 ] } },
{ "type": "Feature", "properties": { "field_1": 538, "x": -107204.4609, "y": 1677552.082, "scaled_x": 0.57366821350105002, "scaled_y": 0.65451718854737795, "post_mean": 3.2573724809351998, "post_sd": 0.15829497962783701, "post_q10": 3.0568084466679202, "post_q50": 3.2572313963864099, "post_q90": 3.4613886415796502, "post_prob_exceed": 0.13516666666666699, "prosp_score_happy": 0.44028818033974199, "prosp_score_sad": 3.0568084466679202, "domain_class": "Background" }, "geometry": { "type": "Point", "coordinates": [ -156.27628984437996, 65.041798542520709 ] } },
{ "type": "Feature", "properties": { "field_1": 539, "x": -108296.6374, "y": 1645700.17, "scaled_x": 0.57335895071499898, "scaled_y": 0.63790126296689897, "post_mean": 3.2535345003437901, "post_sd": 0.153209587018132, "post_q10": 3.0570279734935402, "post_q50": 3.2532897681016202, "post_q90": 3.45164939211688, "post_prob_exceed": 0.1205, "prosp_score_happy": 0.392050907291427, "prosp_score_sad": 3.0570279734935402, "domain_class": "Background" }, "geometry": { "type": "Point", "coordinates": [ -156.276289845203877, 64.755991153113868 ] } },
{ "type": "Feature", "properties": { "field_1": 540, "x": -109400.9809, "y": 1613493.422, "scaled_x": 0.573046242697964, "scaled_y": 0.62110023300181505, "post_mean": 3.2471850916763301, "post_sd": 0.146805410720004, "post_q10": 3.0584260565139001, "post_q50": 3.24875706665566, "post_q90": 3.4365664824048499, "post_prob_exceed": 0.103666666666667, "prosp_score_happy": 0.33662485450377899, "prosp_score_sad": 3.0584260565139001, "domain_class": "Background" }, "geometry": { "type": "Point", "coordinates": [ -156.276289845153912, 64.467127731737378 ] } },
{ "type": "Feature", "properties": { "field_1": 541, "x": -110517.5589, "y": 1580929.87, "scaled_x": 0.57273007033651602, "scaled_y": 0.60411307202171305, "post_mean": 3.2391448496496502, "post_sd": 0.139049622525762, "post_q10": 3.0628625762263901, "post_q50": 3.2409025650499999, "post_q90": 3.4177048775321799, "post_prob_exceed": 0.080166666666666705, "prosp_score_happy": 0.25967144544691401, "prosp_score_sad": 3.0628625762263901, "domain_class": "Background" }, "geometry": { "type": "Point", "coordinates": [ -156.276289844644481, 64.175183013680638 ] } },
{ "type": "Feature", "properties": { "field_1": 542, "x": -111646.4377, "y": 1548007.584, "scaled_x": 0.57241041485702004, "scaled_y": 0.58693877321932997, "post_mean": 3.2307191102390198, "post_sd": 0.13007891984759901, "post_q10": 3.0647902585176601, "post_q50": 3.2321520612055701, "post_q90": 3.3988399996471901, "post_prob_exceed": 0.059666666666666701, "prosp_score_happy": 0.19276624024426101, "prosp_score_sad": 3.0647902585176601, "domain_class": "Background" }, "geometry": { "type": "Point", "coordinates": [ -156.27628984617192, 63.880131808655449 ] } },
{ "type": "Feature", "properties": { "field_1": 543, "x": -112787.6821, "y": 1514724.667, "scaled_x": 0.57208725791058401, "scaled_y": 0.56957634700224002, "post_mean": 3.2235570750476699, "post_sd": 0.120184928652925, "post_q10": 3.0692779153818899, "post_q50": 3.2233834664177801, "post_q90": 3.3784379435091001, "post_prob_exceed": 0.038333333333333303, "prosp_score_happy": 0.123569687876827, "prosp_score_sad": 3.0692779153818899, "domain_class": "Background" }, "geometry": { "type": "Point", "coordinates": [ -156.276289844701466, 63.581948949741189 ] } },
{ "type": "Feature", "properties": { "field_1": 544, "x": -113941.3559, "y": 1481079.265, "scaled_x": 0.57176058143147801, "scaled_y": 0.55202482620947602, "post_mean": 3.2194450805281098, "post_sd": 0.109787101756844, "post_q10": 3.0790252619721898, "post_q50": 3.21854982320033, "post_q90": 3.3607392881967502, "post_prob_exceed": 0.025833333333333298, "prosp_score_happy": 0.083168997913642795, "prosp_score_sad": 3.0790252619721898, "domain_class": "Background" }, "geometry": { "type": "Point", "coordinates": [ -156.276289844871627, 63.280609376252251 ] } },
{ "type": "Feature", "properties": { "field_1": 545, "x": -115107.5213, "y": 1447069.562, "scaled_x": 0.57143036780703205, "scaled_y": 0.53428326350321997, "post_mean": 3.22006660496436, "post_sd": 0.099393384911288796, "post_q10": 3.0921637288514501, "post_q50": 3.2196706102198598, "post_q90": 3.34769276151451, "post_prob_exceed": 0.014833333333333301, "prosp_score_happy": 0.047764321306971398, "prosp_score_sad": 3.0921637288514501, "domain_class": "Background" }, "geometry": { "type": "Point", "coordinates": [ -156.276289845266064, 62.976088082564516 ] } },
{ "type": "Feature", "properties": { "field_1": 546, "x": -116286.239, "y": 1412693.787, "scaled_x": 0.57109659984931604, "scaled_y": 0.51635073502043105, "post_mean": 3.2267640107311601, "post_sd": 0.089541123629710798, "post_q10": 3.1113762271911098, "post_q50": 3.2255997266674599, "post_q90": 3.3406844174622199, "post_prob_exceed": 0.0118333333333333, "prosp_score_happy": 0.0381833741269854, "prosp_score_sad": 3.1113762271911098, "domain_class": "Background" }, "geometry": { "type": "Point", "coordinates": [ -156.27628984536608, 62.668360173999417 ] } },
{ "type": "Feature", "properties": { "field_1": 547, "x": -117477.5682, "y": 1377950.213, "scaled_x": 0.57075926079514705, "scaled_y": 0.49822633985119202, "post_mean": 3.2403325922747999, "post_sd": 0.080707102888893503, "post_q10": 3.13696384195267, "post_q50": 3.2406707990286101, "post_q90": 3.3429342670446802, "post_prob_exceed": 0.0091666666666666702, "prosp_score_happy": 0.029703048762518999, "prosp_score_sad": 3.13696384195267, "domain_class": "Background" }, "geometry": { "type": "Point", "coordinates": [ -156.276289844842807, 62.357400851057911 ] } },
{ "type": "Feature", "properties": { "field_1": 548, "x": -118681.5665, "y": 1342837.162, "scaled_x": 0.57041833433439804, "scaled_y": 0.47990920264700998, "post_mean": 3.2608692956161001, "post_sd": 0.073188125864624101, "post_q10": 3.1672612919235501, "post_q50": 3.2614565480826299, "post_q90": 3.35420405236956, "post_prob_exceed": 0.0081666666666666693, "prosp_score_happy": 0.0266304325808648, "prosp_score_sad": 3.1672612919235501, "domain_class": "Background" }, "geometry": { "type": "Point", "coordinates": [ -156.276289844917358, 62.043185447240894 ] } },
{ "type": "Feature", "properties": { "field_1": 549, "x": -119898.2898, "y": 1307353.003, "scaled_x": 0.57007380463831803, "scaled_y": 0.461398472577497, "post_mean": 3.2876898683073601, "post_sd": 0.066992702229021095, "post_q10": 3.20158706293839, "post_q50": 3.2875136506748999, "post_q90": 3.3739238352390899, "post_prob_exceed": 0.0135, "prosp_score_happy": 0.044383813222149397, "prosp_score_sad": 3.20158706293839, "domain_class": "Background" }, "geometry": { "type": "Point", "coordinates": [ -156.276289845084563, 61.725689404192309 ] } },
{ "type": "Feature", "properties": { "field_1": 550, "x": -121127.7922, "y": 1271496.158, "scaled_x": 0.569725656387847, "scaled_y": 0.44269332646034298, "post_mean": 3.3193216240582202, "post_sd": 0.061829251385721602, "post_q10": 3.2407117627825199, "post_q50": 3.3191351498690098, "post_q90": 3.3998175309709899, "post_prob_exceed": 0.032833333333333298, "prosp_score_happy": 0.108984393323245, "prosp_score_sad": 3.2407117627825199, "domain_class": "Background" }, "geometry": { "type": "Point", "coordinates": [ -156.276289845184749, 61.404888318263041 ] } },
{ "type": "Feature", "properties": { "field_1": 551, "x": -122370.1258, "y": 1235265.106, "scaled_x": 0.56937387483025004, "scaled_y": 0.42379297084795597, "post_mean": 3.3535754684446899, "post_sd": 0.057264477504148301, "post_q10": 3.2804628028750198, "post_q50": 3.3531556817997101, "post_q90": 3.4285409712067101, "post_prob_exceed": 0.082833333333333301, "prosp_score_happy": 0.27778783463616902, "prosp_score_sad": 3.2804628028750198, "domain_class": "Background" }, "geometry": { "type": "Point", "coordinates": [ -156.276289844218695, 61.080757969127234 ] } },
{ "type": "Feature", "properties": { "field_1": 552, "x": -123625.3411, "y": 1198658.378, "scaled_x": 0.56901844566585003, "scaled_y": 0.40469663941916101, "post_mean": 3.3876998255296198, "post_sd": 0.053041862619430002, "post_q10": 3.3200773166664699, "post_q50": 3.38708240572387, "post_q90": 3.4565638150611999, "post_prob_exceed": 0.191, "prosp_score_happy": 0.64705066667615696, "prosp_score_sad": 3.3200773166664699, "domain_class": "Background" }, "geometry": { "type": "Point", "coordinates": [ -156.276289844595311, 60.753274267720933 ] } },
{ "type": "Feature", "properties": { "field_1": 553, "x": -124893.4863, "y": 1161674.566, "scaled_x": 0.568659355246244, "scaled_y": 0.385403597674151, "post_mean": 3.4186190180958902, "post_sd": 0.049471696482094901, "post_q10": 3.3557933959823498, "post_q50": 3.41836381219056, "post_q90": 3.4822689752313698, "post_prob_exceed": 0.37583333333333302, "prosp_score_happy": 1.2848309809677001, "prosp_score_sad": 3.3557933959823498, "domain_class": "Background" }, "geometry": { "type": "Point", "coordinates": [ -156.276289844831922, 60.42241332954702 ] } },
{ "type": "Feature", "properties": { "field_1": 554, "x": -126174.6075, "y": 1124312.325, "scaled_x": 0.56829659051766701, "scaled_y": 0.365913143977811, "post_mean": 3.4432573694906101, "post_sd": 0.047702578022498499, "post_q10": 3.3819016569804101, "post_q50": 3.44390428831609, "post_q90": 3.5048948958840902, "post_prob_exceed": 0.5845, "prosp_score_happy": 2.0125839324672601, "prosp_score_sad": 3.3819016569804101, "domain_class": "tier 3" }, "geometry": { "type": "Point", "coordinates": [ -156.276289844590707, 60.088151485087351 ] } },
{ "type": "Feature", "properties": { "field_1": 555, "x": -127468.7487, "y": 1086570.372, "scaled_x": 0.56793013902099498, "scaled_y": 0.34622460903805802, "post_mean": 3.45894524766782, "post_sd": 0.049382045501015201, "post_q10": 3.3956697987859901, "post_q50": 3.4589865831244602, "post_q90": 3.5241296743239801, "post_prob_exceed": 0.69033333333333302, "prosp_score_happy": 2.3878252026400202, "prosp_score_sad": 3.3956697987859901, "domain_class": "tier 2" }, "geometry": { "type": "Point", "coordinates": [ -156.276289844010336, 59.750465263414178 ] } },
{ "type": "Feature", "properties": { "field_1": 556, "x": -128775.9517, "y": 1048447.492, "scaled_x": 0.56755998892005899, "scaled_y": 0.32633735903581301, "post_mean": 3.46389251422401, "post_sd": 0.055364657632346902, "post_q10": 3.39380088991842, "post_q50": 3.4626912299513402, "post_q90": 3.53645357179259, "post_prob_exceed": 0.70616666666666705, "prosp_score_happy": 2.4460854304611899, "prosp_score_sad": 3.39380088991842, "domain_class": "tier 2" }, "geometry": { "type": "Point", "coordinates": [ -156.276289845549769, 59.409331438335286 ] } },
{ "type": "Feature", "properties": { "field_1": 557, "x": -130096.2556, "y": 1009942.539, "scaled_x": 0.56718612914322997, "scaled_y": 0.30625079614665901, "post_mean": 3.45769759941868, "post_sd": 0.064839206373157002, "post_q10": 3.3747626350214599, "post_q50": 3.45735835480281, "post_q90": 3.54125641108023, "post_prob_exceed": 0.63683333333333303, "prosp_score_happy": 2.2019770878964602, "prosp_score_sad": 3.3747626350214599, "domain_class": "tier 2" }, "geometry": { "type": "Point", "coordinates": [ -156.276289845728002, 59.064727029944734 ] } },
{ "type": "Feature", "properties": { "field_1": 558, "x": -131429.6973, "y": 971054.4373, "scaled_x": 0.56680854924183299, "scaled_y": 0.28596435921900198, "post_mean": 3.4418382393877098, "post_sd": 0.076232955734286206, "post_q10": 3.3423764348205598, "post_q50": 3.44146548417983, "post_q90": 3.5405221899784101, "post_prob_exceed": 0.54083333333333306, "prosp_score_happy": 1.8614608478021899, "prosp_score_sad": 3.3423764348205598, "domain_class": "tier 3" }, "geometry": { "type": "Point", "coordinates": [ -156.276289844847554, 58.716629308510832 ] } },
{ "type": "Feature", "properties": { "field_1": 559, "x": -132776.3111, "y": 931782.1891, "scaled_x": 0.566427239503414, "scaled_y": 0.26547752773870398, "post_mean": 3.4200678435088201, "post_sd": 0.088938316573808102, "post_q10": 3.3034178241288799, "post_q50": 3.4204798714665499, "post_q90": 3.5340584196813598, "post_prob_exceed": 0.43933333333333302, "prosp_score_happy": 1.5025498059148701, "prosp_score_sad": 3.3034178241288799, "domain_class": "tier 3" }, "geometry": { "type": "Point", "coordinates": [ -156.27628984441796, 58.365015854948041 ] } },
{ "type": "Feature", "properties": { "field_1": 560, "x": -134136.1287, "y": 892124.8723, "scaled_x": 0.56604219095174002, "scaled_y": 0.24478982068142499, "post_mean": 3.3986278853668201, "post_sd": 0.1052733586371, "post_q10": 3.2622986100110798, "post_q50": 3.3995823388264901, "post_q90": 3.53426665077997, "post_prob_exceed": 0.36466666666666703, "prosp_score_happy": 1.2393663021971, "prosp_score_sad": 3.2622986100110798, "domain_class": "Background" }, "geometry": { "type": "Point", "coordinates": [ -156.276289845815, 58.009864533550953 ] } },
{ "type": "Feature", "properties": { "field_1": 561, "x": -135509.1787, "y": 852081.6454, "scaled_x": 0.56565339548838101, "scaled_y": 0.22390079906876301, "post_mean": 3.38619170758873, "post_sd": 0.13221839863518001, "post_q10": 3.2176732758309599, "post_q50": 3.3863086194216399, "post_q90": 3.55692795084583, "post_prob_exceed": 0.35916666666666702, "prosp_score_happy": 1.21620718830895, "prosp_score_sad": 3.2176732758309599, "domain_class": "Background" }, "geometry": { "type": "Point", "coordinates": [ -156.276289844713915, 57.651153528356893 ] } },
{ "type": "Feature", "properties": { "field_1": 562, "x": -59461.33205, "y": 2340385.948, "scaled_x": 0.58718724915411502, "scaled_y": 1.00029229271308, "post_mean": 2.3820800262479498, "post_sd": 0.32528928534047602, "post_q10": 1.97025951344149, "post_q50": 2.3825501433706102, "post_q90": 2.7963831812683599, "post_prob_exceed": 0.000333333333333333, "prosp_score_happy": 0.00079402667541598202, "prosp_score_sad": 1.97025951344149, "domain_class": "Background" }, "geometry": { "type": "Point", "coordinates": [ -155.602553381567759, 71.049999996132485 ] } },
{ "type": "Feature", "properties": { "field_1": 563, "x": -60040.49072, "y": 2316389.823, "scaled_x": 0.58702325347772899, "scaled_y": 0.987774431078278, "post_mean": 2.5045596758731699, "post_sd": 0.27957238728423101, "post_q10": 2.14838158311407, "post_q50": 2.5030648228453698, "post_q90": 2.8651561818414799, "post_prob_exceed": 0.000333333333333333, "prosp_score_happy": 0.00083485322529105695, "prosp_score_sad": 2.14838158311407, "domain_class": "Background" }, "geometry": { "type": "Point", "coordinates": [ -155.602553381937327, 70.829988223179797 ] } },
{ "type": "Feature", "properties": { "field_1": 564, "x": -60626.91959, "y": 2292092.473, "scaled_x": 0.58685719915761103, "scaled_y": 0.97509943186935, "post_mean": 2.6171435699946501, "post_sd": 0.24149844381227401, "post_q10": 2.3127909798670601, "post_q50": 2.6147984265133402, "post_q90": 2.9267903068663901, "post_prob_exceed": 0.0, "prosp_score_happy": 0.0, "prosp_score_sad": 2.3127909798670601, "domain_class": "Background" }, "geometry": { "type": "Point", "coordinates": [ -155.60255338181716, 70.60751918961536 ] } },
{ "type": "Feature", "properties": { "field_1": 565, "x": -61220.67588, "y": 2267491.528, "scaled_x": 0.58668906999123505, "scaled_y": 0.96226605874784199, "post_mean": 2.7194237739734501, "post_sd": 0.21175554930135701, "post_q10": 2.4509988361934001, "post_q50": 2.7170882832381, "post_q90": 2.99087290752535, "post_prob_exceed": 0.0, "prosp_score_happy": 0.0, "prosp_score_sad": 2.4509988361934001, "domain_class": "Background" }, "geometry": { "type": "Point", "coordinates": [ -155.602553381714586, 70.382568849923643 ] } },
{ "type": "Feature", "properties": { "field_1": 566, "x": -61821.81672, "y": 2242584.621, "scaled_x": 0.58651884980156099, "scaled_y": 0.94927307694028495, "post_mean": 2.8111455962051699, "post_sd": 0.19068019504307501, "post_q10": 2.5721180535313599, "post_q50": 2.8085155497339702, "post_q90": 3.0559033209323299, "post_prob_exceed": 0.0, "prosp_score_happy": 0.0, "prosp_score_sad": 2.5721180535313599, "domain_class": "Background" }, "geometry": { "type": "Point", "coordinates": [ -155.602553381661636, 70.155113032613698 ] } },
{ "type": "Feature", "properties": { "field_1": 567, "x": -62430.3991, "y": 2217369.391, "scaled_x": 0.58634652245119201, "scaled_y": 0.93611925480318303, "post_mean": 2.8922306408238998, "post_sd": 0.17788639816007801, "post_q10": 2.6667721652057401, "post_q50": 2.8899255682994598, "post_q90": 3.1192493733409301, "post_prob_exceed": 0.00116666666666667, "prosp_score_happy": 0.00337426908096122, "prosp_score_sad": 2.6667721652057401, "domain_class": "Background" }, "geometry": { "type": "Point", "coordinates": [ -155.602553381812527, 69.925127464264051 ] } },
{ "type": "Feature", "properties": { "field_1": 568, "x": -63046.47989, "y": 2191843.481, "scaled_x": 0.58617207183671005, "scaled_y": 0.922803362779684, "post_mean": 2.96279651194829, "post_sd": 0.172069610621401, "post_q10": 2.74471079797731, "post_q50": 2.9611533111722799, "post_q90": 3.1815608144967098, "post_prob_exceed": 0.0033333333333333301, "prosp_score_happy": 0.0098759883731609592, "prosp_score_sad": 2.74471079797731, "domain_class": "Background" }, "geometry": { "type": "Point", "coordinates": [ -155.602553381719417, 69.692587747782952 ] } },
{ "type": "Feature", "properties": { "field_1": 569, "x": -63670.11579, "y": 2166004.542, "scaled_x": 0.58599548190283401, "scaled_y": 0.90932417548623301, "post_mean": 3.0231711375850598, "post_sd": 0.171253264165076, "post_q10": 2.8056715270377799, "post_q50": 3.02201139880854, "post_q90": 3.24017753516351, "post_prob_exceed": 0.0091666666666666702, "prosp_score_happy": 0.027712402094529701, "prosp_score_sad": 2.8056715270377799, "domain_class": "Background" }, "geometry": { "type": "Point", "coordinates": [ -155.602553381532687, 69.45746939527443 ] } },
{ "type": "Feature", "properties": { "field_1": 570, "x": -64301.36334, "y": 2139850.232, "scaled_x": 0.585816736639591, "scaled_y": 0.89568047119090599, "post_mean": 3.0738994756084801, "post_sd": 0.17334226750967499, "post_q10": 2.85375807931044, "post_q50": 3.0734501533505898, "post_q90": 3.2925147418449301, "post_prob_exceed": 0.0205, "prosp_score_happy": 0.063014939249973798, "prosp_score_sad": 2.85375807931044, "domain_class": "Background" }, "geometry": { "type": "Point", "coordinates": [ -155.602553381619828, 69.219747815169328 ] } },
{ "type": "Feature", "properties": { "field_1": 571, "x": -64940.27885, "y": 2113378.218, "scaled_x": 0.585635820102132, "scaled_y": 0.88187103285673696, "post_mean": 3.1157401140855701, "post_sd": 0.17658229049417501, "post_q10": 2.89126436227557, "post_q50": 3.1171956923705002, "post_q90": 3.3366344453127001, "post_prob_exceed": 0.036, "prosp_score_happy": 0.11216664410708101, "prosp_score_sad": 2.89126436227557, "domain_class": "Background" }, "geometry": { "type": "Point", "coordinates": [ -155.602553382018783, 68.979398326570163 ] } },
{ "type": "Feature", "properties": { "field_1": 572, "x": -65586.91841, "y": 2086586.174, "scaled_x": 0.58545271640790697, "scaled_y": 0.86789464709839104, "post_mean": 3.1496492990923501, "post_sd": 0.17973532462220301, "post_q10": 2.9224911306135199, "post_q50": 3.1495926453370502, "post_q90": 3.3753238625336, "post_prob_exceed": 0.056, "prosp_score_happy": 0.17638036074917199, "prosp_score_sad": 2.9224911306135199, "domain_class": "Background" }, "geometry": { "type": "Point", "coordinates": [ -155.602553381518788, 68.736396137144965 ] } },
{ "type": "Feature", "properties": { "field_1": 573, "x": -66241.33786, "y": 2059471.789, "scaled_x": 0.58526740974515301, "scaled_y": 0.85375010835545995, "post_mean": 3.1767501384729, "post_sd": 0.18205235838154701, "post_q10": 2.9439774943649599, "post_q50": 3.1789919704382399, "post_q90": 3.4058416338131901, "post_prob_exceed": 0.0745, "prosp_score_happy": 0.23666788531623101, "prosp_score_sad": 2.9439774943649599, "domain_class": "Background" }, "geometry": { "type": "Point", "coordinates": [ -155.602553381666127, 68.490716411571753 ] } },
{ "type": "Feature", "properties": { "field_1": 574, "x": -66903.59276, "y": 2032032.76, "scaled_x": 0.58507988438139502, "scaled_y": 0.83943621524083001, "post_mean": 3.19828543213429, "post_sd": 0.18317421473387999, "post_q10": 2.9634645663570001, "post_q50": 3.2003685176964201, "post_q90": 3.43069561957252, "post_prob_exceed": 0.096833333333333299, "prosp_score_happy": 0.30970063934500403, "prosp_score_sad": 2.9634645663570001, "domain_class": "Background" }, "geometry": { "type": "Point", "coordinates": [ -155.602553381865278, 68.24233420383689 ] } },
{ "type": "Feature", "properties": { "field_1": 575, "x": -67573.73834, "y": 2004266.798, "scaled_x": 0.58489012467760204, "scaled_y": 0.82495177367065398, "post_mean": 3.2155536972719099, "post_sd": 0.18303146460856601, "post_q10": 2.98045338038798, "post_q50": 3.2168119088356, "post_q90": 3.447818321952, "post_prob_exceed": 0.114333333333333, "prosp_score_happy": 0.36764497272142199, "prosp_score_sad": 2.98045338038798, "domain_class": "Background" }, "geometry": { "type": "Point", "coordinates": [ -155.602553381731184, 67.991224507272662 ] } },
{ "type": "Feature", "properties": { "field_1": 576, "x": -68251.82954000001, "y": 1976171.628, "scaled_x": 0.58469811507685598, "scaled_y": 0.81029559686434904, "post_mean": 3.2298298715759199, "post_sd": 0.18176229589828499, "post_q10": 2.9969661095652902, "post_q50": 3.2328844236732102, "post_q90": 3.4629808524177101, "post_prob_exceed": 0.130833333333333, "prosp_score_happy": 0.42256940819784999, "prosp_score_sad": 2.9969661095652902, "domain_class": "Background" }, "geometry": { "type": "Point", "coordinates": [ -155.602553382018186, 67.737362250028639 ] } },
{ "type": "Feature", "properties": { "field_1": 577, "x": -68937.92089, "y": 1947744.989, "scaled_x": 0.58450384013834, "scaled_y": 0.79546650534459495, "post_mean": 3.2422747184604002, "post_sd": 0.179644236531597, "post_q10": 3.0128286527010602, "post_q50": 3.2440149274515999, "post_q90": 3.4710941815062899, "post_prob_exceed": 0.144166666666667, "prosp_score_happy": 0.46742793857803999, "prosp_score_sad": 3.0128286527010602, "domain_class": "Background" }, "geometry": { "type": "Point", "coordinates": [ -155.602553381775408, 67.480722290500481 ] } },
{ "type": "Feature", "properties": { "field_1": 578, "x": -69632.06656000001, "y": 1918984.638, "scaled_x": 0.58430728452317204, "scaled_y": 0.78046332902398896, "post_mean": 3.2538401703156299, "post_sd": 0.17702987664567199, "post_q10": 3.02708922218231, "post_q50": 3.2537463886337399, "post_q90": 3.4791632179130398, "post_prob_exceed": 0.1575, "prosp_score_happy": 0.51247982682471205, "prosp_score_sad": 3.02708922218231, "domain_class": "Background" }, "geometry": { "type": "Point", "coordinates": [ -155.602553381802096, 67.221279448684868 ] } },
{ "type": "Feature", "properties": { "field_1": 579, "x": -70334.32027, "y": 1889888.349, "scaled_x": 0.58410843301989501, "scaled_y": 0.76528490668337401, "post_mean": 3.2651813337241502, "post_sd": 0.17427914136617001, "post_q10": 3.04233462207065, "post_q50": 3.2674632755256501, "post_q90": 3.4898205838143301, "post_prob_exceed": 0.167333333333333, "prosp_score_happy": 0.54637367650984103, "prosp_score_sad": 3.04233462207065, "domain_class": "Background" }, "geometry": { "type": "Point", "coordinates": [ -155.602553381961741, 66.959008492281185 ] } },
{ "type": "Feature", "properties": { "field_1": 580, "x": -71044.73529, "y": 1860453.914, "scaled_x": 0.583907270544473, "scaled_y": 0.74993008649350901, "post_mean": 3.2765889400192099, "post_sd": 0.171687934150628, "post_q10": 3.05803417579419, "post_q50": 3.2793295277627901, "post_q90": 3.49639688983862, "post_prob_exceed": 0.18183333333333301, "prosp_score_happy": 0.59579308892682603, "prosp_score_sad": 3.05803417579419, "domain_class": "Background" }, "geometry": { "type": "Point", "coordinates": [ -155.602553381772395, 66.693884140732251 ] } },
{ "type": "Feature", "properties": { "field_1": 581, "x": -71763.36441, "y": 1830679.147, "scaled_x": 0.58370378214878904, "scaled_y": 0.734397728101709, "post_mean": 3.2879576195408902, "post_sd": 0.169422827280692, "post_q10": 3.07117644179118, "post_q50": 3.29004550838077, "post_q90": 3.5065397783708399, "post_prob_exceed": 0.1995, "prosp_score_happy": 0.65594754509840703, "prosp_score_sad": 3.07117644179118, "domain_class": "Background" }, "geometry": { "type": "Point", "coordinates": [ -155.602553381909189, 66.42588109611988 ] } },
{ "type": "Feature", "properties": { "field_1": 582, "x": -72490.25987, "y": 1800561.883, "scaled_x": 0.58349795304046503, "scaled_y": 0.71868670211018804, "post_mean": 3.2988042167805598, "post_sd": 0.16747907350295499, "post_q10": 3.0847880558250398, "post_q50": 3.29911915954803, "post_q90": 3.5118280381297402, "post_prob_exceed": 0.21516666666666701, "prosp_score_happy": 0.70979270731061705, "prosp_score_sad": 3.0847880558250398, "domain_class": "Background" }, "geometry": { "type": "Point", "coordinates": [ -155.602553382066901, 66.154974028900938 ] } },
{ "type": "Feature", "properties": { "field_1": 583, "x": -73225.47335, "y": 1770099.98, "scaled_x": 0.58328976858569304, "scaled_y": 0.70279589111938301, "post_mean": 3.30834531613317, "post_sd": 0.16567809026889199, "post_q10": 3.0961147326738798, "post_q50": 3.30905509700629, "post_q90": 3.52178448507442, "post_prob_exceed": 0.229, "prosp_score_happy": 0.75761107739449696, "prosp_score_sad": 3.0961147326738798, "domain_class": "Background" }, "geometry": { "type": "Point", "coordinates": [ -155.602553381845382, 65.881137590526251 ] } },
{ "type": "Feature", "properties": { "field_1": 584, "x": -73969.05596, "y": 1739291.321, "scaled_x": 0.58307921431206799, "scaled_y": 0.686724190771274, "post_mean": 3.3156338726782102, "post_sd": 0.16370857314138601, "post_q10": 3.1078869606862298, "post_q50": 3.3162665092141501, "post_q90": 3.5241245613998702, "post_prob_exceed": 0.241666666666667, "prosp_score_happy": 0.80127818589723399, "prosp_score_sad": 3.1078869606862298, "domain_class": "Background" }, "geometry": { "type": "Point", "coordinates": [ -155.602553381583704, 65.604346425902193 ] } },
{ "type": "Feature", "properties": { "field_1": 585, "x": -74721.05814, "y": 1708133.817, "scaled_x": 0.58286627593690399, "scaled_y": 0.67047051131437196, "post_mean": 3.3197423435773099, "post_sd": 0.16119905420479599, "post_q10": 3.1133921774333801, "post_q50": 3.31778875747368, "post_q90": 3.52403459824788, "post_prob_exceed": 0.245, "prosp_score_happy": 0.81333687417644196, "prosp_score_sad": 3.1133921774333801, "domain_class": "Background" }, "geometry": { "type": "Point", "coordinates": [ -155.602553381731781, 65.324575194693551 ] } },
{ "type": "Feature", "properties": { "field_1": 586, "x": -75481.52967, "y": 1676625.405, "scaled_x": 0.58265093936439905, "scaled_y": 0.65403377656039396, "post_mean": 3.3199666952629898, "post_sd": 0.15779955534825499, "post_q10": 3.1183351832797901, "post_q50": 3.3188113883312198, "post_q90": 3.5220273707347101, "post_prob_exceed": 0.237666666666667, "prosp_score_happy": 0.78904541790750304, "prosp_score_sad": 3.1183351832797901, "domain_class": "Background" }, "geometry": { "type": "Point", "coordinates": [ -155.60255338203217, 65.04179854759569 ] } },
{ "type": "Feature", "properties": { "field_1": 587, "x": -76250.51959, "y": 1644764.052, "scaled_x": 0.58243319070829402, "scaled_y": 0.63741292597091104, "post_mean": 3.31601603589767, "post_sd": 0.15325106706422301, "post_q10": 3.1192394105248198, "post_q50": 3.3145995036414102, "post_q90": 3.5148822978487702, "post_prob_exceed": 0.22366666666666701, "prosp_score_happy": 0.74168225336244498, "prosp_score_sad": 3.1192394105248198, "domain_class": "Background" }, "geometry": { "type": "Point", "coordinates": [ -155.60255338190268, 64.75599115636858 ] } },
{ "type": "Feature", "properties": { "field_1": 588, "x": -77028.07621, "y": 1612547.758, "scaled_x": 0.58221301628903699, "scaled_y": 0.62060691622233499, "post_mean": 3.3081502501507201, "post_sd": 0.14743053055507299, "post_q10": 3.1196537925676102, "post_q50": 3.3092262163447699, "post_q90": 3.4987638698715799, "post_prob_exceed": 0.19616666666666699, "prosp_score_happy": 0.64894880740456695, "prosp_score_sad": 3.1196537925676102, "domain_class": "Background" }, "geometry": { "type": "Point", "coordinates": [ -155.602553382167031, 64.467127734699943 ] } },
{ "type": "Feature", "properties": { "field_1": 589, "x": -77814.247, "y": 1579974.554, "scaled_x": 0.58199040266493196, "scaled_y": 0.60361472016258999, "post_mean": 3.2972349075341398, "post_sd": 0.140369066335952, "post_q10": 3.11852903596444, "post_q50": 3.2982350105779998, "post_q90": 3.4788045375860599, "post_prob_exceed": 0.1665, "prosp_score_happy": 0.54898961210443498, "prosp_score_sad": 3.11852903596444, "domain_class": "Background" }, "geometry": { "type": "Point", "coordinates": [ -155.602553381726068, 64.17518301416078 ] } },
{ "type": "Feature", "properties": { "field_1": 590, "x": -78609.07861, "y": 1547042.51, "scaled_x": 0.581765336626476, "scaled_y": 0.58643533098441303, "post_mean": 3.2846978467293702, "post_sd": 0.132247623313861, "post_q10": 3.1148236325283301, "post_q50": 3.2849681566410598, "post_q90": 3.4551499616806201, "post_prob_exceed": 0.129833333333333, "prosp_score_happy": 0.42646327043369597, "prosp_score_sad": 3.1148236325283301, "domain_class": "Background" }, "geometry": { "type": "Point", "coordinates": [ -155.602553381996415, 63.880131809611839 ] } },
{ "type": "Feature", "properties": { "field_1": 591, "x": -79412.61679, "y": 1513749.728, "scaled_x": 0.58153780521901099, "scaled_y": 0.56906775857371805, "post_mean": 3.2723911117984401, "post_sd": 0.123375507016771, "post_q10": 3.1141081921284601, "post_q50": 3.2732861872465699, "post_q90": 3.4314689125796698, "post_prob_exceed": 0.097166666666666707, "prosp_score_happy": 0.317967336363082, "prosp_score_sad": 3.1141081921284601, "domain_class": "Background" }, "geometry": { "type": "Point", "coordinates": [ -155.602553381762533, 63.581948950146575 ] } },
{ "type": "Feature", "properties": { "field_1": 592, "x": -80224.90634, "y": 1480094.353, "scaled_x": 0.58130779575688396, "scaled_y": 0.55151103524787504, "post_mean": 3.2623798239082902, "post_sd": 0.114154195999256, "post_q10": 3.11553430539835, "post_q50": 3.2616991957318699, "post_q90": 3.4088154215641602, "post_prob_exceed": 0.065, "prosp_score_happy": 0.212054688554039, "prosp_score_sad": 3.11553430539835, "domain_class": "Background" }, "geometry": { "type": "Point", "coordinates": [ -155.602553381611415, 63.28060937111119 ] } },
{ "type": "Feature", "properties": { "field_1": 593, "x": -81045.99108000001, "y": 1446074.57, "scaled_x": 0.58107529583193895, "scaled_y": 0.53376421419072695, "post_mean": 3.2566913199085801, "post_sd": 0.10502385800577201, "post_q10": 3.1214854549542701, "post_q50": 3.2558908547144498, "post_q90": 3.3915894110015201, "post_prob_exceed": 0.046666666666666697, "prosp_score_happy": 0.1519789282624, "prosp_score_sad": 3.1214854549542701, "domain_class": "Background" }, "geometry": { "type": "Point", "coordinates": [ -155.60255338181841, 62.976088080628756 ] } },
{ "type": "Feature", "properties": { "field_1": 594, "x": -81875.91377, "y": 1411688.606, "scaled_x": 0.58084029333617404, "scaled_y": 0.51582637049591196, "post_mean": 3.2570613982422998, "post_sd": 0.096387635692314302, "post_q10": 3.13304924526755, "post_q50": 3.2574198326684201, "post_q90": 3.3801394218628098, "post_prob_exceed": 0.032333333333333297, "prosp_score_happy": 0.105311651876501, "prosp_score_sad": 3.13304924526755, "domain_class": "Background" }, "geometry": { "type": "Point", "coordinates": [ -155.602553381741615, 62.668360170813926 ] } },
{ "type": "Feature", "properties": { "field_1": 595, "x": -82714.7161, "y": 1376934.735, "scaled_x": 0.58060277646456704, "scaled_y": 0.497696603775172, "post_mean": 3.2647105746232601, "post_sd": 0.088515932121280103, "post_q10": 3.15066963882101, "post_q50": 3.2656732679934999, "post_q90": 3.3773766353378498, "post_prob_exceed": 0.030333333333333299, "prosp_score_happy": 0.099029554096905698, "prosp_score_sad": 3.15066963882101, "domain_class": "Background" }, "geometry": { "type": "Point", "coordinates": [ -155.602553382011507, 62.357400855684446 ] } },
{ "type": "Feature", "properties": { "field_1": 596, "x": -83562.43861, "y": 1341811.276, "scaled_x": 0.58036273373773695, "scaled_y": 0.47937403711503002, "post_mean": 3.2801748481030399, "post_sd": 0.081454473512362097, "post_q10": 3.1762607088041102, "post_q50": 3.2799736184889299, "post_q90": 3.3838550140596699, "post_prob_exceed": 0.032, "prosp_score_happy": 0.104965595139297, "prosp_score_sad": 3.1762607088041102, "domain_class": "Background" }, "geometry": { "type": "Point", "coordinates": [ -155.60255338200821, 62.04318544637583 ] } },
{ "type": "Feature", "properties": { "field_1": 597, "x": -84419.12064, "y": 1306316.599, "scaled_x": 0.58012015401609096, "scaled_y": 0.46085782020676003, "post_mean": 3.30320608812946, "post_sd": 0.074986569264684499, "post_q10": 3.2070392874756402, "post_q50": 3.3030003161469201, "post_q90": 3.3985746395288801, "post_prob_exceed": 0.044166666666666701, "prosp_score_happy": 0.14589160222571801, "prosp_score_sad": 3.2070392874756402, "domain_class": "Background" }, "geometry": { "type": "Point", "coordinates": [ -155.602553381723283, 61.725689397798213 ] } },
{ "type": "Feature", "properties": { "field_1": 598, "x": -85284.80028, "y": 1270449.127, "scaled_x": 0.57987502651399403, "scaled_y": 0.44214713038971298, "post_mean": 3.3327494939611402, "post_sd": 0.068704272530633506, "post_q10": 3.24572751836783, "post_q50": 3.3322604394199198, "post_q90": 3.4214160147783601, "post_prob_exceed": 0.073833333333333306, "prosp_score_happy": 0.24606800430413101, "prosp_score_sad": 3.24572751836783, "domain_class": "Background" }, "geometry": { "type": "Point", "coordinates": [ -155.602553381696964, 61.40488831941996 ] } },
{ "type": "Feature", "properties": { "field_1": 599, "x": -86159.51431, "y": 1234207.336, "scaled_x": 0.57962734081675105, "scaled_y": 0.423241172651312, "post_mean": 3.36700089992069, "post_sd": 0.062212476130410303, "post_q10": 3.2882193342276902, "post_q50": 3.3668989402315401, "post_q90": 3.44823122249305, "post_prob_exceed": 0.138833333333333, "prosp_score_happy": 0.467451958272322, "prosp_score_sad": 3.2882193342276902, "domain_class": "Background" }, "geometry": { "type": "Point", "coordinates": [ -155.602553381874714, 61.080757968098823 ] } },
{ "type": "Feature", "properties": { "field_1": 600, "x": -87043.29815, "y": 1197589.758, "scaled_x": 0.57937708689476497, "scaled_y": 0.40413918119204401, "post_mean": 3.4035447554411999, "post_sd": 0.055462965588287901, "post_q10": 3.3334199301148399, "post_q50": 3.4032134393966, "post_q90": 3.4751967830167199, "post_prob_exceed": 0.286, "prosp_score_happy": 0.97341380005618205, "prosp_score_sad": 3.3334199301148399, "domain_class": "Background" }, "geometry": { "type": "Point", "coordinates": [ -155.60255338204928, 60.753274267650987 ] } },
{ "type": "Feature", "properties": { "field_1": 601, "x": -87936.18578, "y": 1160594.984, "scaled_x": 0.57912425512619703, "scaled_y": 0.38484042099043902, "post_mean": 3.4395730516536598, "post_sd": 0.049225113162547303, "post_q10": 3.3764839000936901, "post_q50": 3.4393959181292599, "post_q90": 3.5026788209516999, "post_prob_exceed": 0.54616666666666702, "prosp_score_happy": 1.8785801483781801, "prosp_score_sad": 3.3764839000936901, "domain_class": "tier 3" }, "geometry": { "type": "Point", "coordinates": [ -155.602553381730104, 60.422413328349826 ] } },
{ "type": "Feature", "properties": { "field_1": 602, "x": -88838.20971, "y": 1123221.669, "scaled_x": 0.57886883630545105, "scaled_y": 0.365344190411384, "post_mean": 3.4721842365466098, "post_sd": 0.045557519942685899, "post_q10": 3.4138677896041099, "post_q50": 3.4721971341295101, "post_q90": 3.5308290323175799, "post_prob_exceed": 0.79766666666666697, "prosp_score_happy": 2.7696456260186801, "prosp_score_sad": 3.4138677896041099, "domain_class": "tier 2" }, "geometry": { "type": "Point", "coordinates": [ -155.602553381793115, 60.088151484226351 ] } },
{ "type": "Feature", "properties": { "field_1": 603, "x": -89749.40089, "y": 1085468.53, "scaled_x": 0.57861082166866595, "scaled_y": 0.345649820162796, "post_mean": 3.4987570499670801, "post_sd": 0.047259594623949699, "post_q10": 3.4381122139546698, "post_q50": 3.4986656620585901, "post_q90": 3.5601062545741202, "post_prob_exceed": 0.914, "prosp_score_happy": 3.1978639436699101, "prosp_score_sad": 3.4381122139546698, "domain_class": "tier 1" }, "geometry": { "type": "Point", "coordinates": [ -155.602553381943665, 59.750465267760219 ] } },
{ "type": "Feature", "properties": { "field_1": 604, "x": -90669.78867, "y": 1047334.35, "scaled_x": 0.57835020290504202, "scaled_y": 0.32575667538226999, "post_mean": 3.5173853184418302, "post_sd": 0.055299933156353398, "post_q10": 3.44664436795038, "post_q50": 3.51674449112978, "post_q90": 3.5884933508105199, "post_prob_exceed": 0.93583333333333296, "prosp_score_happy": 3.29168642717514, "prosp_score_sad": 3.44664436795038, "domain_class": "tier 1" }, "geometry": { "type": "Point", "coordinates": [ -155.6025533817743, 59.409331438137919 ] } },
{ "type": "Feature", "properties": { "field_1": 605, "x": -91599.40072000001, "y": 1008817.984, "scaled_x": 0.57808697217948601, "scaled_y": 0.305664158767052, "post_mean": 3.52734541429309, "post_sd": 0.067829964396697404, "post_q10": 3.4421548734494301, "post_q50": 3.5265750380668699, "post_q90": 3.6146706015792098, "post_prob_exceed": 0.91983333333333295, "prosp_score_happy": 3.2445698902472602, "prosp_score_sad": 3.4421548734494301, "domain_class": "tier 1" }, "geometry": { "type": "Point", "coordinates": [ -155.60255338190413, 59.06472702736896 ] } },
{ "type": "Feature", "properties": { "field_1": 606, "x": -92538.26298, "y": 969918.3563, "scaled_x": 0.57782112214678005, "scaled_y": 0.28537170916554899, "post_mean": 3.52954952273832, "post_sd": 0.0826024172881928, "post_q10": 3.4225860407280599, "post_q50": 3.52921044259879, "post_q90": 3.6355441605991299, "post_prob_exceed": 0.87683333333333302, "prosp_score_happy": 3.0948266731877201, "prosp_score_sad": 3.4225860407280599, "domain_class": "tier 1" }, "geometry": { "type": "Point", "coordinates": [ -155.602553381933348, 58.716629308585077 ] } },
{ "type": "Feature", "properties": { "field_1": 607, "x": -93486.39956000001, "y": 930634.468, "scaled_x": 0.57755264597988998, "scaled_y": 0.26487880548979398, "post_mean": 3.5269192117834098, "post_sd": 0.0992043562938561, "post_q10": 3.39684226455373, "post_q50": 3.5272042842908098, "post_q90": 3.6534031294918101, "post_prob_exceed": 0.8245, "prosp_score_happy": 2.9079448901154201, "prosp_score_sad": 3.39684226455373, "domain_class": "tier 1" }, "geometry": { "type": "Point", "coordinates": [ -155.602553381882956, 58.365015855531048 ] } },
{ "type": "Feature", "properties": { "field_1": 608, "x": -94443.83273, "y": 890965.3968, "scaled_x": 0.57728153737279997, "scaled_y": 0.244184966611114, "post_mean": 3.5246020826967301, "post_sd": 0.12072981186985, "post_q10": 3.3699333657633099, "post_q50": 3.5242865891291801, "post_q90": 3.6818974363777799, "post_prob_exceed": 0.77133333333333298, "prosp_score_happy": 2.7186430731200799, "prosp_score_sad": 3.3699333657633099, "domain_class": "tier 2" }, "geometry": { "type": "Point", "coordinates": [ -155.602553381921865, 58.009864533179233 ] } },
{ "type": "Feature", "properties": { "field_1": 609, "x": -100384.6525, "y": 644821.008, "scaled_x": 0.57559932348750098, "scaled_y": 0.11578084297944199, "post_mean": 4.0260680117537504, "post_sd": 0.81461013325748599, "post_q10": 2.9784149593795601, "post_q50": 4.0066913962730499, "post_q90": 5.0831421958358796, "post_prob_exceed": 0.76983333333333304, "prosp_score_happy": 3.0994013577151001, "prosp_score_sad": 2.9784149593795601, "domain_class": "tier 2" }, "geometry": { "type": "Point", "coordinates": [ -155.602553382145061, 55.803464412436583 ] } },
{ "type": "Feature", "properties": { "field_1": 610, "x": -34465.15509, "y": 2339909.505, "scaled_x": 0.59426521441638902, "scaled_y": 1.0000437506026001, "post_mean": 2.2770507144648402, "post_sd": 0.309242546823846, "post_q10": 1.8822363153483599, "post_q50": 2.2761172969281498, "post_q90": 2.6713856682994699, "post_prob_exceed": 0.00016666666666666701, "prosp_score_happy": 0.00037950845241080698, "prosp_score_sad": 1.8822363153483599, "domain_class": "Background" }, "geometry": { "type": "Point", "coordinates": [ -154.928816918894739, 71.050000001509716 ] } },
{ "type": "Feature", "properties": { "field_1": 611, "x": -34800.84877, "y": 2315908.739, "scaled_x": 0.594170158752092, "scaled_y": 0.98752346793540702, "post_mean": 2.4083352926606301, "post_sd": 0.26450433821172997, "post_q10": 2.0706948332081501, "post_q50": 2.4059055366343598, "post_q90": 2.7461782021300301, "post_prob_exceed": 0.0, "prosp_score_happy": 0.0, "prosp_score_sad": 2.0706948332081501, "domain_class": "Background" }, "geometry": { "type": "Point", "coordinates": [ -154.928816918954254, 70.829988224914246 ] } },
{ "type": "Feature", "properties": { "field_1": 612, "x": -35140.75642, "y": 2291606.69, "scaled_x": 0.59407390985199304, "scaled_y": 0.97484601743770605, "post_mean": 2.5298932633256701, "post_sd": 0.22756780661630699, "post_q10": 2.24100213000001, "post_q50": 2.5277844683045601, "post_q90": 2.8193910872243801, "post_prob_exceed": 0.0, "prosp_score_happy": 0.0, "prosp_score_sad": 2.24100213000001, "domain_class": "Background" }, "geometry": { "type": "Point", "coordinates": [ -154.928816918692831, 70.607519190036427 ] } },
{ "type": "Feature", "properties": { "field_1": 613, "x": -35484.91122, "y": 2267000.987, "scaled_x": 0.59397645832077905, "scaled_y": 0.96201016224937896, "post_mean": 2.6412704023526099, "post_sd": 0.19908781369629799, "post_q10": 2.3880750047080301, "post_q50": 2.6411945563522301, "post_q90": 2.8979650646311601, "post_prob_exceed": 0.0, "prosp_score_happy": 0.0, "prosp_score_sad": 2.3880750047080301, "domain_class": "Background" }, "geometry": { "type": "Point", "coordinates": [ -154.928816918573091, 70.382568846404382 ] } },
{ "type": "Feature", "properties": { "field_1": 614, "x": -35833.34627, "y": 2242089.264, "scaled_x": 0.59387779478579095, "scaled_y": 0.94901466811861801, "post_mean": 2.7421631148244598, "post_sd": 0.179307410047019, "post_q10": 2.5141392969526701, "post_q50": 2.7427155735883701, "post_q90": 2.97305188064934, "post_prob_exceed": 0.0, "prosp_score_happy": 0.0, "prosp_score_sad": 2.5141392969526701, "domain_class": "Background" }, "geometry": { "type": "Point", "coordinates": [ -154.928816918779006, 70.155113035837687 ] } },
{ "type": "Feature", "properties": { "field_1": 615, "x": -36186.09461, "y": 2216869.158, "scaled_x": 0.59377790989136003, "scaled_y": 0.93585830235860401, "post_mean": 2.83244257722466, "post_sd": 0.167674737332797, "post_q10": 2.6213839468507598, "post_q50": 2.8339131769926, "post_q90": 3.0491610931811901, "post_prob_exceed": 0.0, "prosp_score_happy": 0.0, "prosp_score_sad": 2.6213839468507598, "domain_class": "Background" }, "geometry": { "type": "Point", "coordinates": [ -154.928816919024314, 69.925127470812185 ] } },
{ "type": "Feature", "properties": { "field_1": 616, "x": -36543.1892, "y": 2191338.311, "scaled_x": 0.59367679430446796, "scaled_y": 0.92253983489082503, "post_mean": 2.9121756309976301, "post_sd": 0.16269983929631801, "post_q10": 2.7065460762765499, "post_q50": 2.9126649379426102, "post_q90": 3.1177172435069198, "post_prob_exceed": 0.00016666666666666701, "prosp_score_happy": 0.000485362605166272, "prosp_score_sad": 2.7065460762765499, "domain_class": "Background" }, "geometry": { "type": "Point", "coordinates": [ -154.928816918777869, 69.69258774929439 ] } },
{ "type": "Feature", "properties": { "field_1": 617, "x": -36904.66291, "y": 2165494.375, "scaled_x": 0.59357443871758298, "scaled_y": 0.90905804085338504, "post_mean": 2.9816403830807201, "post_sd": 0.16229728359322501, "post_q10": 2.7748765316001198, "post_q50": 2.9818003232371302, "post_q90": 3.1882477390044199, "post_prob_exceed": 0.0028333333333333301, "prosp_score_happy": 0.0084479810853953802, "prosp_score_sad": 2.7748765316001198, "domain_class": "Background" }, "geometry": { "type": "Point", "coordinates": [ -154.928816918784179, 69.457469396637535 ] } },
{ "type": "Feature", "properties": { "field_1": 618, "x": -37270.5485, "y": 2139335.007, "scaled_x": 0.59347083385432198, "scaled_y": 0.89541169799270104, "post_mean": 3.0413341814603401, "post_sd": 0.164386010990274, "post_q10": 2.8301524619270499, "post_q50": 3.0415112955633199, "post_q90": 3.2503588617692998, "post_prob_exceed": 0.0103333333333333, "prosp_score_happy": 0.031427119875090198, "prosp_score_sad": 2.8301524619270499, "domain_class": "Background" }, "geometry": { "type": "Point", "coordinates": [ -154.928816918760674, 69.219747816291587 ] } },
{ "type": "Feature", "properties": { "field_1": 619, "x": -37640.87862, "y": 2112857.873, "scaled_x": 0.59336597046944795, "scaled_y": 0.88159958875014299, "post_mean": 3.0919713248856602, "post_sd": 0.16731751606593701, "post_q10": 2.8777202015233998, "post_q50": 3.0909883452022999, "post_q90": 3.3042044471004202, "post_prob_exceed": 0.022, "prosp_score_happy": 0.068023369147484497, "prosp_score_sad": 2.8777202015233998, "domain_class": "Background" }, "geometry": { "type": "Point", "coordinates": [ -154.928816918827408, 68.979398322379765 ] } },
{ "type": "Feature", "properties": { "field_1": 620, "x": -38015.68577, "y": 2086060.649, "scaled_x": 0.59325983936019899, "scaled_y": 0.86762050078369901, "post_mean": 3.1344679250734901, "post_sd": 0.16999694036756, "post_q10": 2.9168511688818501, "post_q50": 3.1361084965978301, "post_q90": 3.3477983112257399, "post_prob_exceed": 0.040166666666666698, "prosp_score_happy": 0.125901128323785, "prosp_score_sad": 2.9168511688818501, "domain_class": "Background" }, "geometry": { "type": "Point", "coordinates": [ -154.928816918852192, 68.736396144779775 ] } },
{ "type": "Feature", "properties": { "field_1": 621, "x": -38395.00233, "y": 2058941.02, "scaled_x": 0.59315243135779205, "scaled_y": 0.85347322644631696, "post_mean": 3.1699115258474402, "post_sd": 0.17181843862517099, "post_q10": 2.94964630984851, "post_q50": 3.1734781001351902, "post_q90": 3.3873801005959301, "post_prob_exceed": 0.061166666666666702, "prosp_score_happy": 0.193892921664335, "prosp_score_sad": 2.94964630984851, "domain_class": "Background" }, "geometry": { "type": "Point", "coordinates": [ -154.928816918850288, 68.490716415960051 ] } },
{ "type": "Feature", "properties": { "field_1": 622, "x": -38778.86049, "y": 2031496.684, "scaled_x": 0.59304373734724503, "scaled_y": 0.83915656487254198, "post_mean": 3.1995137285453601, "post_sd": 0.17254804656982201, "post_q10": 2.9775070024605799, "post_q50": 3.2015274147537198, "post_q90": 3.4176772444800698, "post_prob_exceed": 0.083666666666666695, "prosp_score_happy": 0.267692648621628, "prosp_score_sad": 2.9775070024605799, "domain_class": "Background" }, "geometry": { "type": "Point", "coordinates": [ -154.928816918640734, 68.242334203021983 ] } },
{ "type": "Feature", "properties": { "field_1": 623, "x": -39167.29228, "y": 2003725.352, "scaled_x": 0.59293374825888301, "scaled_y": 0.82466932197852805, "post_mean": 3.22454529887121, "post_sd": 0.172214931256609, "post_q10": 3.0024591231976498, "post_q50": 3.2268016588189501, "post_q90": 3.4446977421381799, "post_prob_exceed": 0.11033333333333301, "prosp_score_happy": 0.35577483130879101, "prosp_score_sad": 3.0024591231976498, "domain_class": "Background" }, "geometry": { "type": "Point", "coordinates": [ -154.928816918567264, 67.991224503298156 ] } },
{ "type": "Feature", "properties": { "field_1": 624, "x": -39560.32953, "y": 1975624.749, "scaled_x": 0.59282245507966103, "scaled_y": 0.81001031098369203, "post_mean": 3.2462550929687501, "post_sd": 0.171022992997097, "post_q10": 3.02646284791272, "post_q50": 3.2469399798927601, "post_q90": 3.46595116126977, "post_prob_exceed": 0.1355, "prosp_score_happy": 0.43986756509726499, "prosp_score_sad": 3.02646284791272, "domain_class": "Background" }, "geometry": { "type": "Point", "coordinates": [ -154.928816918861912, 67.737362248910713 ] } },
{ "type": "Feature", "properties": { "field_1": 625, "x": -39958.00385, "y": 1947192.613, "scaled_x": 0.59270984885883105, "scaled_y": 0.79517835188905295, "post_mean": 3.2657767895710399, "post_sd": 0.16927668633789, "post_q10": 3.0474480976595801, "post_q50": 3.2654089654782301, "post_q90": 3.4828238551820898, "post_prob_exceed": 0.1595, "prosp_score_happy": 0.52089139793658101, "prosp_score_sad": 3.0474480976595801, "domain_class": "Background" }, "geometry": { "type": "Point", "coordinates": [ -154.928816918860178, 67.480722293157612 ] } },
{ "type": "Feature", "properties": { "field_1": 626, "x": -40360.34664, "y": 1918426.7, "scaled_x": 0.59259592070510902, "scaled_y": 0.78017227408554402, "post_mean": 3.2840307023842601, "post_sd": 0.167312561820983, "post_q10": 3.0674399429661401, "post_q50": 3.2848013095069399, "post_q90": 3.4989561801945999, "post_prob_exceed": 0.188, "prosp_score_happy": 0.61739777204824098, "prosp_score_sad": 3.0674399429661401, "domain_class": "Background" }, "geometry": { "type": "Point", "coordinates": [ -154.928816918884678, 67.221279450934034 ] } },
{ "type": "Feature", "properties": { "field_1": 627, "x": -40767.38903, "y": 1889324.784, "scaled_x": 0.59248066180366599, "scaled_y": 0.76499091635400995, "post_mean": 3.3016315758603101, "post_sd": 0.16543248467692501, "post_q10": 3.09128660919938, "post_q50": 3.3027003042722201, "post_q90": 3.5128992475918701, "post_prob_exceed": 0.21333333333333299, "prosp_score_happy": 0.70434806951686701, "prosp_score_sad": 3.09128660919938, "domain_class": "Background" }, "geometry": { "type": "Point", "coordinates": [ -154.928816918829966, 66.959008493827071 ] } },
{ "type": "Feature", "properties": { "field_1": 628, "x": -41179.16191, "y": 1859884.657, "scaled_x": 0.59236406340762904, "scaled_y": 0.749633126865209, "post_mean": 3.3188164995754499, "post_sd": 0.16384205497736501, "post_q10": 3.1093555659873102, "post_q50": 3.3208328747651499, "post_q90": 3.5280665348255198, "post_prob_exceed": 0.245166666666667, "prosp_score_happy": 0.81366317847924796, "prosp_score_sad": 3.1093555659873102, "domain_class": "Background" }, "geometry": { "type": "Point", "coordinates": [ -154.928816918860122, 66.693884145118631 ] } },
{ "type": "Feature", "properties": { "field_1": 629, "x": -41595.69587, "y": 1830104.131, "scaled_x": 0.592246116855076, "scaled_y": 0.734097764223132, "post_mean": 3.33540889917554, "post_sd": 0.16260504039944901, "post_q10": 3.1268238899493599, "post_q50": 3.3356708478702601, "post_q90": 3.5433947900287701, "post_prob_exceed": 0.27933333333333299, "prosp_score_happy": 0.93169088583636706, "prosp_score_sad": 3.1268238899493599, "domain_class": "Background" }, "geometry": { "type": "Point", "coordinates": [ -154.928816918680127, 66.4258810927019 ] } },
{ "type": "Feature", "properties": { "field_1": 630, "x": -42017.02119, "y": 1799981.043, "scaled_x": 0.59212681357186403, "scaled_y": 0.71838370007331898, "post_mean": 3.3508336598005801, "post_sd": 0.16162692599298101, "post_q10": 3.1426349348002098, "post_q50": 3.3501838696017798, "post_q90": 3.5576925968150199, "post_prob_exceed": 0.30766666666666698, "prosp_score_happy": 1.0309398226653099, "prosp_score_sad": 3.1426349348002098, "domain_class": "Background" }, "geometry": { "type": "Point", "coordinates": [ -154.928816918883683, 66.154974028793632 ] } },
{ "type": "Feature", "properties": { "field_1": 631, "x": -42443.16783, "y": 1769513.249, "scaled_x": 0.59200614507446203, "scaled_y": 0.70248981597288196, "post_mean": 3.36419365658967, "post_sd": 0.160674779057422, "post_q10": 3.1568440279073098, "post_q50": 3.3640390659280102, "post_q90": 3.5683159636104298, "post_prob_exceed": 0.33533333333333298, "prosp_score_happy": 1.1281262728430701, "prosp_score_sad": 3.1568440279073098, "domain_class": "Background" }, "geometry": { "type": "Point", "coordinates": [ -154.928816918853641, 65.881137590574909 ] } },
{ "type": "Feature", "properties": { "field_1": 632, "x": -42874.1654, "y": 1738698.632, "scaled_x": 0.59188410297844596, "scaled_y": 0.68641500756379903, "post_mean": 3.3744088096985498, "post_sd": 0.15942887820722801, "post_q10": 3.1712045488869598, "post_q50": 3.3744954656806798, "post_q90": 3.5774668941117298, "post_prob_exceed": 0.35816666666666702, "prosp_score_happy": 1.2086007553403599, "prosp_score_sad": 3.1712045488869598, "domain_class": "Background" }, "geometry": { "type": "Point", "coordinates": [ -154.928816918596226, 65.604346426637491 ] } },
{ "type": "Feature", "properties": { "field_1": 633, "x": -43310.04316, "y": 1707535.102, "scaled_x": 0.59176067899849905, "scaled_y": 0.67015818457292198, "post_mean": 3.3804062090274001, "post_sd": 0.15755114576947701, "post_q10": 3.17765685062697, "post_q50": 3.37842184762563, "post_q90": 3.5827705051351799, "post_prob_exceed": 0.3685, "prosp_score_happy": 1.2456796880265999, "prosp_score_sad": 3.17765685062697, "domain_class": "Background" }, "geometry": { "type": "Point", "coordinates": [ -154.928816918710339, 65.324575191297441 ] } },
{ "type": "Feature", "properties": { "field_1": 634, "x": -43750.82994, "y": 1676020.597, "scaled_x": 0.59163586497106202, "scaled_y": 0.65371827133362903, "post_mean": 3.3813363268108798, "post_sd": 0.15475226694230701, "post_q10": 3.1828475971905101, "post_q50": 3.3787694631225702, "post_q90": 3.5813545706480601, "post_prob_exceed": 0.36666666666666697, "prosp_score_happy": 1.2398233198306601, "prosp_score_sad": 3.1828475971905101, "domain_class": "Background" }, "geometry": { "type": "Point", "coordinates": [ -154.928816918956414, 65.041798547805485 ] } },
{ "type": "Feature", "properties": { "field_1": 635, "x": -44196.55417, "y": 1644153.082, "scaled_x": 0.591509652845842, "scaled_y": 0.63709420626416602, "post_mean": 3.3767797927213099, "post_sd": 0.150843584626319, "post_q10": 3.1820683735291402, "post_q50": 3.3753268261171301, "post_q90": 3.5731428262935401, "post_prob_exceed": 0.349833333333333, "prosp_score_happy": 1.18131013082034, "prosp_score_sad": 3.1820683735291402, "domain_class": "Background" }, "geometry": { "type": "Point", "coordinates": [ -154.92881691863451, 64.755991153501171 ] } },
{ "type": "Feature", "properties": { "field_1": 636, "x": -44647.24386, "y": 1611930.558, "scaled_x": 0.59138203469147399, "scaled_y": 0.62028494656260802, "post_mean": 3.3669055978696401, "post_sd": 0.14576728179194201, "post_q10": 3.1783736927466699, "post_q50": 3.3669029099644501, "post_q90": 3.5548114914550801, "post_prob_exceed": 0.32016666666666699, "prosp_score_happy": 1.07797094225126, "prosp_score_sad": 3.1783736927466699, "domain_class": "Background" }, "geometry": { "type": "Point", "coordinates": [ -154.928816918810213, 64.467127734512502 ] } },
{ "type": "Feature", "properties": { "field_1": 637, "x": -45102.92653, "y": 1579351.055, "scaled_x": 0.59125300271534298, "scaled_y": 0.60328946455521804, "post_mean": 3.3525472924114301, "post_sd": 0.13960470129045999, "post_q10": 3.1736822823682802, "post_q50": 3.3536652595771699, "post_q90": 3.5322359717139999, "post_prob_exceed": 0.27283333333333298, "prosp_score_happy": 0.91468665294625295, "prosp_score_sad": 3.1736822823682802, "domain_class": "Background" }, "geometry": { "type": "Point", "coordinates": [ -154.928816918768973, 64.175183016848436 ] } },
{ "type": "Feature", "properties": { "field_1": 638, "x": -45563.62921, "y": 1546412.642, "scaled_x": 0.59112254926358099, "scaled_y": 0.58610675291307102, "post_mean": 3.3351781711588102, "post_sd": 0.13256564356912301, "post_q10": 3.1643240161034498, "post_q50": 3.3355202432081499, "post_q90": 3.5072612297702901, "post_prob_exceed": 0.22183333333333299, "prosp_score_happy": 0.73985369096872899, "prosp_score_sad": 3.1643240161034498, "domain_class": "Background" }, "geometry": { "type": "Point", "coordinates": [ -154.928816918955704, 63.880131809768706 ] } },
{ "type": "Feature", "properties": { "field_1": 639, "x": -46029.37841, "y": 1513113.422, "scaled_x": 0.59099066682956702, "scaled_y": 0.56873582204374096, "post_mean": 3.3167858625422202, "post_sd": 0.12496081129615, "post_q10": 3.15481879178872, "post_q50": 3.3165931229331198, "post_q90": 3.47714903208395, "post_prob_exceed": 0.1735, "prosp_score_happy": 0.57546234715107503, "prosp_score_sad": 3.15481879178872, "domain_class": "Background" }, "geometry": { "type": "Point", "coordinates": [ -154.928816918900623, 63.581948954601934 ] } },
{ "type": "Feature", "properties": { "field_1": 640, "x": -46500.20011, "y": 1479451.538, "scaled_x": 0.59085734805675405, "scaled_y": 0.55117570322127596, "post_mean": 3.29966570210077, "post_sd": 0.117156658994199, "post_q10": 3.1488821036775199, "post_q50": 3.2993057545211499, "post_q90": 3.4510591297600999, "post_prob_exceed": 0.128, "prosp_score_happy": 0.42235720986889902, "prosp_score_sad": 3.1488821036775199, "domain_class": "Background" }, "geometry": { "type": "Point", "coordinates": [ -154.928816918741461, 63.280609372003042 ] } },
{ "type": "Feature", "properties": { "field_1": 641, "x": -46976.1197, "y": 1445425.176, "scaled_x": 0.59072258575566094, "scaled_y": 0.53342545015118004, "post_mean": 3.28616567011293, "post_sd": 0.10950999669667399, "post_q10": 3.1448539159837501, "post_q50": 3.2860150568729898, "post_q90": 3.4273775638913899, "post_prob_exceed": 0.0891666666666667, "prosp_score_happy": 0.29301643891840301, "prosp_score_sad": 3.1448539159837501, "domain_class": "Background" }, "geometry": { "type": "Point", "coordinates": [ -154.928816918836503, 62.976088082191694 ] } },
{ "type": "Feature", "properties": { "field_1": 642, "x": -47457.16197, "y": 1411032.562, "scaled_x": 0.59058637290670402, "scaled_y": 0.51548413740542998, "post_mean": 3.27842084320128, "post_sd": 0.10228385419339001, "post_q10": 3.1461238233334301, "post_q50": 3.2788181209526099, "post_q90": 3.4100745163189199, "post_prob_exceed": 0.0645, "prosp_score_happy": 0.211458144386482, "prosp_score_sad": 3.1461238233334301, "domain_class": "Background" }, "geometry": { "type": "Point", "coordinates": [ -154.928816918736487, 62.668360171396301 ] } },
{ "type": "Feature", "properties": { "field_1": 643, "x": -47943.35108, "y": 1376271.97, "scaled_x": 0.59044870266869198, "scaled_y": 0.49735086459576699, "post_mean": 3.2781125499775299, "post_sd": 0.095560198235243504, "post_q10": 3.1551633821073999, "post_q50": 3.2787464480948199, "post_q90": 3.3992015690807702, "post_prob_exceed": 0.052, "prosp_score_happy": 0.17046185259883201, "prosp_score_sad": 3.1551633821073999, "domain_class": "Background" }, "geometry": { "type": "Point", "coordinates": [ -154.928816918811435, 62.357400856625944 ] } },
{ "type": "Feature", "properties": { "field_1": 644, "x": -48434.71054, "y": 1341141.718, "scaled_x": 0.590309568384488, "scaled_y": 0.47902475428705299, "post_mean": 3.2862793355231599, "post_sd": 0.089184528009781799, "post_q10": 3.1727187224277298, "post_q50": 3.2872572383743401, "post_q90": 3.3997378056954699, "post_prob_exceed": 0.0495, "prosp_score_happy": 0.162670827108396, "prosp_score_sad": 3.1727187224277298, "domain_class": "Background" }, "geometry": { "type": "Point", "coordinates": [ -154.928816918753569, 62.043185442974305 ] } },
{ "type": "Feature", "properties": { "field_1": 645, "x": -48931.26314, "y": 1305640.177, "scaled_x": 0.59016896360083204, "scaled_y": 0.46050495669222402, "post_mean": 3.3031969738754201, "post_sd": 0.082785570153835697, "post_q10": 3.19705331124125, "post_q50": 3.3027378004485901, "post_q90": 3.40875659546154, "post_prob_exceed": 0.056166666666666698, "prosp_score_happy": 0.18552956336600299, "prosp_score_sad": 3.19705331124125, "domain_class": "Background" }, "geometry": { "type": "Point", "coordinates": [ -154.928816918671572, 61.725689397113868 ] } },
{ "type": "Feature", "properties": { "field_1": 646, "x": -49433.03096, "y": 1269765.769, "scaled_x": 0.59002688206550902, "scaled_y": 0.441790648628969, "post_mean": 3.32833603288088, "post_sd": 0.075897698249979398, "post_q10": 3.2311363366266801, "post_q50": 3.32705886639501, "post_q90": 3.4256575872737902, "post_prob_exceed": 0.083666666666666695, "prosp_score_happy": 0.27847078141770099, "prosp_score_sad": 3.2311363366266801, "domain_class": "Background" }, "geometry": { "type": "Point", "coordinates": [ -154.928816918732394, 61.404888322301254 ] } },
{ "type": "Feature", "properties": { "field_1": 647, "x": -49940.03533, "y": 1233516.969, "scaled_x": 0.58988331773867497, "scaled_y": 0.42288103456304899, "post_mean": 3.3603995198524901, "post_sd": 0.068192543396884506, "post_q10": 3.27300033748815, "post_q50": 3.3597366507003801, "post_q90": 3.4482794690498602, "post_prob_exceed": 0.13816666666666699, "prosp_score_happy": 0.46429520032628602, "prosp_score_sad": 3.27300033748815, "domain_class": "Background" }, "geometry": { "type": "Point", "coordinates": [ -154.928816918934416, 61.080757969087237 ] } },
{ "type": "Feature", "properties": { "field_1": 648, "x": -50452.29676, "y": 1196892.309, "scaled_x": 0.58973826481267999, "scaled_y": 0.40377534869495002, "post_mean": 3.3974400116196, "post_sd": 0.059842061117624898, "post_q10": 3.32166263365152, "post_q50": 3.3970205961809898, "post_q90": 3.4743841649613101, "post_prob_exceed": 0.27083333333333298, "prosp_score_happy": 0.92014000314697397, "prosp_score_sad": 3.32166263365152, "domain_class": "Background" }, "geometry": { "type": "Point", "coordinates": [ -154.928816918857137, 60.75327426382745 ] } },
{ "type": "Feature", "properties": { "field_1": 649, "x": -50969.83495, "y": 1159890.381, "scaled_x": 0.58959171770923302, "scaled_y": 0.38447285652486601, "post_mean": 3.4370543437780001, "post_sd": 0.052090537171153202, "post_q10": 3.3707072980828299, "post_q50": 3.4366589411483401, "post_q90": 3.50405998944666, "post_prob_exceed": 0.51783333333333303, "prosp_score_happy": 1.77982130768637, "prosp_score_sad": 3.3707072980828299, "domain_class": "tier 3" }, "geometry": { "type": "Point", "coordinates": [ -154.928816918629281, 60.422413328166726 ] } },
{ "type": "Feature", "properties": { "field_1": 650, "x": -51492.66876, "y": 1122509.839, "scaled_x": 0.58944367108790197, "scaled_y": 0.36497285589602002, "post_mean": 3.4766525902530998, "post_sd": 0.047889915671527401, "post_q10": 3.4140647245175701, "post_q50": 3.4770507805298898, "post_q90": 3.5388207683349, "post_prob_exceed": 0.81266666666666698, "prosp_score_happy": 2.8253596716790201, "prosp_score_sad": 3.4140647245175701, "domain_class": "tier 1" }, "geometry": { "type": "Point", "coordinates": [ -154.928816918864698, 60.088151489526823 ] } },
{ "type": "Feature", "properties": { "field_1": 651, "x": -52020.81612, "y": 1084749.398, "scaled_x": 0.58929411987159297, "scaled_y": 0.34527467647300603, "post_mean": 3.51379470985334, "post_sd": 0.050915515313445098, "post_q10": 3.4488342207604501, "post_q50": 3.5135725956665, "post_q90": 3.5784678010679198, "post_prob_exceed": 0.9425, "prosp_score_happy": 3.3117515140367701, "prosp_score_sad": 3.4488342207604501, "domain_class": "tier 1" }, "geometry": { "type": "Point", "coordinates": [ -154.928816918781223, 59.750465264722649 ] } },
{ "type": "Feature", "properties": { "field_1": 652, "x": -52554.29403, "y": 1046607.844, "scaled_x": 0.58914305924655397, "scaled_y": 0.32537768495840602, "post_mean": 3.5465811762690702, "post_sd": 0.061758795334000298, "post_q10": 3.4681118308546299, "post_q50": 3.5458778440872898, "post_q90": 3.6259579221981402, "post_prob_exceed": 0.9665, "prosp_score_happy": 3.4277707068640599, "prosp_score_sad": 3.4681118308546299, "domain_class": "tier 1" }, "geometry": { "type": "Point", "coordinates": [ -154.928816918742598, 59.409331441866783 ] } },
{ "type": "Feature", "properties": { "field_1": 653, "x": -53093.11855, "y": 1008084.029, "scaled_x": 0.58899048466520398, "scaled_y": 0.305281282484478, "post_mean": 3.5740724991067099, "post_sd": 0.077600686394001306, "post_q10": 3.4755805240024, "post_q50": 3.5741843333786898, "post_q90": 3.6732780280105, "post_prob_exceed": 0.9665, "prosp_score_happy": 3.45434107038664, "prosp_score_sad": 3.4755805240024, "domain_class": "tier 1" }, "geometry": { "type": "Point", "coordinates": [ -154.928816918802795, 59.06472702812556 ] } },
{ "type": "Feature", "properties": { "field_1": 654, "x": -53637.3047, "y": 969176.8784, "scaled_x": 0.58883639187445203, "scaled_y": 0.28498490847345898, "post_mean": 3.59669760885197, "post_sd": 0.095849542086310302, "post_q10": 3.4726276161929301, "post_q50": 3.5967476691213398, "post_q90": 3.7181759022422698, "post_prob_exceed": 0.95833333333333304, "prosp_score_happy": 3.4468352084831402, "prosp_score_sad": 3.4726276161929301, "domain_class": "tier 1" }, "geometry": { "type": "Point", "coordinates": [ -154.928816918782189, 58.716629308326155 ] } },
{ "type": "Feature", "properties": { "field_1": 655, "x": -54186.86646, "y": 929885.393, "scaled_x": 0.58868077691569298, "scaled_y": 0.26448804168088302, "post_mean": 3.61659609231527, "post_sd": 0.116269565005967, "post_q10": 3.46854649963768, "post_q50": 3.61768406562055, "post_q90": 3.76475255707778, "post_prob_exceed": 0.9435, "prosp_score_happy": 3.41225841309946, "prosp_score_sad": 3.46854649963768, "domain_class": "tier 1" }, "geometry": { "type": "Point", "coordinates": [ -154.928816918758571, 58.365015855257802 ] } },
{ "type": "Feature", "properties": { "field_1": 656, "x": -9650.976604, "y": 2291379.483, "scaled_x": 0.60129164464277196, "scaled_y": 0.97472749222630395, "post_mean": 2.4611627422147402, "post_sd": 0.21687587126586999, "post_q10": 2.1831479397475202, "post_q50": 2.4596832498274002, "post_q90": 2.7397583320400498, "post_prob_exceed": 0.0, "prosp_score_happy": 0.0, "prosp_score_sad": 2.1831479397475202, "domain_class": "Background" }, "geometry": { "type": "Point", "coordinates": [ -154.255080455676904, 70.607519187948242 ] } },
{ "type": "Feature", "properties": { "field_1": 657, "x": -9745.494486, "y": 2266771.556, "scaled_x": 0.60126488077858098, "scaled_y": 0.96189047686214502, "post_mean": 2.5815323366796799, "post_sd": 0.18904383020291399, "post_q10": 2.3394456120057798, "post_q50": 2.5804132725201501, "post_q90": 2.8238851511536098, "post_prob_exceed": 0.0, "prosp_score_happy": 0.0, "prosp_score_sad": 2.3394456120057798, "domain_class": "Background" }, "geometry": { "type": "Point", "coordinates": [ -154.255080455721867, 70.38256885504444 ] } },
{ "type": "Feature", "properties": { "field_1": 658, "x": -9841.187887, "y": 2241857.579, "scaled_x": 0.60123778405218198, "scaled_y": 0.94889380690569902, "post_mean": 2.6913793769882002, "post_sd": 0.16985745369944799, "post_q10": 2.4734205085032799, "post_q50": 2.6922228520029701, "post_q90": 2.91212785493703, "post_prob_exceed": 0.0, "prosp_score_happy": 0.0, "prosp_score_sad": 2.4734205085032799, "domain_class": "Background" }, "geometry": { "type": "Point", "coordinates": [ -154.255080455648482, 70.155113033962024 ] } },
{ "type": "Feature", "properties": { "field_1": 659, "x": -9938.06588, "y": 2216635.192, "scaled_x": 0.60121035189444705, "scaled_y": 0.93573625123513104, "post_mean": 2.79051501691489, "post_sd": 0.15864875642026399, "post_q10": 2.5908503696815299, "post_q50": 2.79188157054661, "post_q90": 2.9943150372632301, "post_prob_exceed": 0.0, "prosp_score_happy": 0.0, "prosp_score_sad": 2.5908503696815299, "domain_class": "Background" }, "geometry": { "type": "Point", "coordinates": [ -154.255080455674573, 69.92512746653972 ] } },
{ "type": "Feature", "properties": { "field_1": 660, "x": -10036.13752, "y": 2191102.037, "scaled_x": 0.60118258174134498, "scaled_y": 0.92241657977192903, "post_mean": 2.8789466389059499, "post_sd": 0.15381832985252, "post_q10": 2.6824924746325398, "post_q50": 2.8791974573829999, "post_q90": 3.0741146455258899, "post_prob_exceed": 0.00016666666666666701, "prosp_score_happy": 0.00047982443981765902, "prosp_score_sad": 2.6824924746325398, "domain_class": "Background" }, "geometry": { "type": "Point", "coordinates": [ -154.255080455747276, 69.692587752652457 ] } },
{ "type": "Feature", "properties": { "field_1": 661, "x": -10135.41183, "y": 2165255.764, "scaled_x": 0.60115447103790698, "scaled_y": 0.90893356661087599, "post_mean": 2.9568952211345598, "post_sd": 0.153235826372383, "post_q10": 2.7622495815246499, "post_q50": 2.9587941707795, "post_q90": 3.1513197122742298, "post_prob_exceed": 0.001, "prosp_score_happy": 0.0029568952211345601, "prosp_score_sad": 2.7622495815246499, "domain_class": "Background" }, "geometry": { "type": "Point", "coordinates": [ -154.255080455783713, 69.457469401370005 ] } },
{ "type": "Feature", "properties": { "field_1": 662, "x": -10235.89781, "y": 2139094.03, "scaled_x": 0.60112601723567405, "scaled_y": 0.895285989498385, "post_mean": 3.0248051546362902, "post_sd": 0.15485937671698899, "post_q10": 2.82607282497507, "post_q50": 3.0263651933752702, "post_q90": 3.2212338105010399, "post_prob_exceed": 0.005, "prosp_score_happy": 0.015124025773181501, "prosp_score_sad": 2.82607282497507, "domain_class": "Background" }, "geometry": { "type": "Point", "coordinates": [ -154.255080455801078, 69.219747818086532 ] } },
{ "type": "Feature", "properties": { "field_1": 663, "x": -10337.60442, "y": 2112614.502, "scaled_x": 0.60109721779751701, "scaled_y": 0.88147263139748999, "post_mean": 3.0833437673945698, "post_sd": 0.157137544286511, "post_q10": 2.8820989523427198, "post_q50": 3.08408164371694, "post_q90": 3.2826711263986401, "post_prob_exceed": 0.014, "prosp_score_happy": 0.043166812743523998, "prosp_score_sad": 2.8820989523427198, "domain_class": "Background" }, "geometry": { "type": "Point", "coordinates": [ -154.255080455776636, 68.979398327926702 ] } },
{ "type": "Feature", "properties": { "field_1": 664, "x": -10440.54059, "y": 2085814.854, "scaled_x": 0.60106807019480002, "scaled_y": 0.86749227892285596, "post_mean": 3.1333878092983598, "post_sd": 0.15909465149582599, "post_q10": 2.9279661787189601, "post_q50": 3.1345310655241501, "post_q90": 3.3343547742605, "post_prob_exceed": 0.029833333333333299, "prosp_score_happy": 0.093479402977400997, "prosp_score_sad": 2.9279661787189601, "domain_class": "Background" }, "geometry": { "type": "Point", "coordinates": [ -154.255080455612614, 68.736396144526083 ] } },
{ "type": "Feature", "properties": { "field_1": 665, "x": -10544.71522, "y": 2058692.772, "scaled_x": 0.60103857190737997, "scaled_y": 0.85334372494909105, "post_mean": 3.1759942968961301, "post_sd": 0.16024238303947699, "post_q10": 2.9687456054123098, "post_q50": 3.1769158989926001, "post_q90": 3.3786958985278499, "post_prob_exceed": 0.0525, "prosp_score_happy": 0.16673970058704701, "prosp_score_sad": 2.9687456054123098, "domain_class": "Background" }, "geometry": { "type": "Point", "coordinates": [ -154.255080455604201, 68.49071641133061 ] } },
{ "type": "Feature", "properties": { "field_1": 666, "x": -10650.13715, "y": 2031245.955, "scaled_x": 0.60100872043210796, "scaled_y": 0.83902576913240401, "post_mean": 3.2123538023806901, "post_sd": 0.16044972618124201, "post_q10": 3.0070393008108498, "post_q50": 3.2137320627962702, "post_q90": 3.4193965734293599, "post_prob_exceed": 0.085, "prosp_score_happy": 0.27305007320235802, "prosp_score_sad": 3.0070393008108498, "domain_class": "Background" }, "geometry": { "type": "Point", "coordinates": [ -154.25508045579403, 68.242334206364461 ] } },
{ "type": "Feature", "properties": { "field_1": 667, "x": -10756.81516, "y": 2003472.112, "scaled_x": 0.60097851328282104, "scaled_y": 0.82453721634562305, "post_mean": 3.24372541578445, "post_sd": 0.15982561571637199, "post_q10": 3.0390909329382798, "post_q50": 3.2447747651848799, "post_q90": 3.4488641953542598, "post_prob_exceed": 0.118166666666667, "prosp_score_happy": 0.38330021996519598, "prosp_score_sad": 3.0390909329382798, "domain_class": "Background" }, "geometry": { "type": "Point", "coordinates": [ -154.255080455710896, 67.991224510724905 ] } },
{ "type": "Feature", "properties": { "field_1": 668, "x": -10864.75801, "y": 1975368.967, "scaled_x": 0.60094794797902196, "scaled_y": 0.80987687928650398, "post_mean": 3.2713544878644498, "post_sd": 0.15862273894762799, "post_q10": 3.0670420350845702, "post_q50": 3.2703138847729001, "post_q90": 3.47391499556492, "post_prob_exceed": 0.15333333333333299, "prosp_score_happy": 0.50160768813921497, "prosp_score_sad": 3.0670420350845702, "domain_class": "Background" }, "geometry": { "type": "Point", "coordinates": [ -154.255080455785276, 67.737362249374144 ] } },
{ "type": "Feature", "properties": { "field_1": 669, "x": -10973.97437, "y": 1946934.259, "scaled_x": 0.60091702206569597, "scaled_y": 0.795043578477729, "post_mean": 3.2963769490426702, "post_sd": 0.15715648102306301, "post_q10": 3.0919959504074299, "post_q50": 3.2958702472177799, "post_q90": 3.49794847887381, "post_prob_exceed": 0.19083333333333299, "prosp_score_happy": 0.62905860110897704, "prosp_score_sad": 3.0919959504074299, "domain_class": "Background" }, "geometry": { "type": "Point", "coordinates": [ -154.255080455677927, 67.480722286502157 ] } },
{ "type": "Feature", "properties": { "field_1": 670, "x": -11084.47287, "y": 1918165.745, "scaled_x": 0.60088573309915505, "scaled_y": 0.78003614383189201, "post_mean": 3.3197173166610101, "post_sd": 0.15573320365638799, "post_q10": 3.1177814701466802, "post_q50": 3.31964429296367, "post_q90": 3.5186979475807401, "post_prob_exceed": 0.23583333333333301, "prosp_score_happy": 0.78290000051255404, "prosp_score_sad": 3.1177814701466802, "domain_class": "Background" }, "geometry": { "type": "Point", "coordinates": [ -154.25508045573352, 67.221279447849469 ] } },
{ "type": "Feature", "properties": { "field_1": 671, "x": -11196.26206, "y": 1889061.197, "scaled_x": 0.60085407865836704, "scaled_y": 0.764853413086515, "post_mean": 3.3419912435686698, "post_sd": 0.154587621969935, "post_q10": 3.14109616568456, "post_q50": 3.3437127487411802, "post_q90": 3.5384789959191099, "post_prob_exceed": 0.2795, "prosp_score_happy": 0.934086552577442, "prosp_score_sad": 3.14109616568456, "domain_class": "Background" }, "geometry": { "type": "Point", "coordinates": [ -154.255080455773111, 66.959008488774984 ] } },
{ "type": "Feature", "properties": { "field_1": 672, "x": -11309.35041, "y": 1859618.408, "scaled_x": 0.60082205634494901, "scaled_y": 0.74949423493401501, "post_mean": 3.36342687227951, "post_sd": 0.15383530460799899, "post_q10": 3.1659671184282598, "post_q50": 3.3652833778661, "post_q90": 3.5606102856145698, "post_prob_exceed": 0.327, "prosp_score_happy": 1.0998405872354, "prosp_score_sad": 3.1659671184282598, "domain_class": "Background" }, "geometry": { "type": "Point", "coordinates": [ -154.255080455639671, 66.693884143373154 ] } },
{ "type": "Feature", "properties": { "field_1": 673, "x": -11423.74634, "y": 1829835.189, "scaled_x": 0.60078966377467802, "scaled_y": 0.73395746745672596, "post_mean": 3.3838214004151101, "post_sd": 0.15344938766135999, "post_q10": 3.1858125702153801, "post_q50": 3.3852825378862001, "post_q90": 3.57800092440162, "post_prob_exceed": 0.375, "prosp_score_happy": 1.2689330251556701, "prosp_score_sad": 3.1858125702153801, "domain_class": "Background" }, "geometry": { "type": "Point", "coordinates": [ -154.2550804556098, 66.425881092308529 ] } },
{ "type": "Feature", "properties": { "field_1": 674, "x": -11539.45816, "y": 1799709.377, "scaled_x": 0.60075689859447801, "scaled_y": 0.71824198230018399, "post_mean": 3.4025487460222101, "post_sd": 0.15326768928196699, "post_q10": 3.2047387788286201, "post_q50": 3.40258045360296, "post_q90": 3.5974838207597402, "post_prob_exceed": 0.4185, "prosp_score_happy": 1.4239666502102899, "prosp_score_sad": 3.2047387788286201, "domain_class": "tier 3" }, "geometry": { "type": "Point", "coordinates": [ -154.255080455725079, 66.154974029563732 ] } },
{ "type": "Feature", "properties": { "field_1": 675, "x": -11656.49409, "y": 1769238.827, "scaled_x": 0.60072375847675896, "scaled_y": 0.70234666049983996, "post_mean": 3.4186299411202001, "post_sd": 0.15302841746503801, "post_q10": 3.22220574532014, "post_q50": 3.41788641440341, "post_q90": 3.61406563189585, "post_prob_exceed": 0.462, "prosp_score_happy": 1.57940703279753, "prosp_score_sad": 3.22220574532014, "domain_class": "tier 3" }, "geometry": { "type": "Point", "coordinates": [ -154.255080455568788, 65.88113758507518 ] } },
{ "type": "Feature", "properties": { "field_1": 676, "x": -11774.86228, "y": 1738421.424, "scaled_x": 0.60069024111375102, "scaled_y": 0.68627039874099705, "post_mean": 3.43086916115998, "post_sd": 0.152424359988485, "post_q10": 3.2360166054687798, "post_q50": 3.4296602413245001, "post_q90": 3.6253490535370401, "post_prob_exceed": 0.48766666666666703, "prosp_score_happy": 1.67312052759235, "prosp_score_sad": 3.2360166054687798, "domain_class": "tier 3" }, "geometry": { "type": "Point", "coordinates": [ -154.255080455720645, 65.6043464271239 ] } },
{ "type": "Feature", "properties": { "field_1": 677, "x": -11894.57074, "y": 1707255.076, "scaled_x": 0.60065634423732694, "scaled_y": 0.67001210570718195, "post_mean": 3.4380459563927799, "post_sd": 0.15116165662926501, "post_q10": 3.2431505680613002, "post_q50": 3.4365385676922, "post_q90": 3.6333997653738899, "post_prob_exceed": 0.5065, "prosp_score_happy": 1.74137027691294, "prosp_score_sad": 3.2431505680613002, "domain_class": "tier 3" }, "geometry": { "type": "Point", "coordinates": [ -154.255080455629439, 65.324575193757482 ] } },
{ "type": "Feature", "properties": { "field_1": 678, "x": -12015.62741, "y": 1675737.72, "scaled_x": 0.60062206559918196, "scaled_y": 0.65357070521011196, "post_mean": 3.4391404114072501, "post_sd": 0.14901103585384901, "post_q10": 3.2470669041737499, "post_q50": 3.4381371352099199, "post_q90": 3.6319187899037702, "post_prob_exceed": 0.51183333333333303, "prosp_score_happy": 1.7602667005719499, "prosp_score_sad": 3.2470669041737499, "domain_class": "tier 3" }, "geometry": { "type": "Point", "coordinates": [ -154.255080455644617, 65.041798540934082 ] } },
{ "type": "Feature", "properties": { "field_1": 679, "x": -12138.04009, "y": 1643867.324, "scaled_x": 0.60058740299065305, "scaled_y": 0.63694513723301904, "post_mean": 3.4335564845183399, "post_sd": 0.145844263096369, "post_q10": 3.2464283743698199, "post_q50": 3.4335162488739601, "post_q90": 3.6230190464792802, "post_prob_exceed": 0.499, "prosp_score_happy": 1.7133446857746499, "prosp_score_sad": 3.2464283743698199, "domain_class": "tier 3" }, "geometry": { "type": "Point", "coordinates": [ -154.255080455661727, 64.755991154552447 ] } },
{ "type": "Feature", "properties": { "field_1": 680, "x": -12261.81647, "y": 1611641.885, "scaled_x": 0.60055235423422304, "scaled_y": 0.62013435688732899, "post_mean": 3.4213035778745602, "post_sd": 0.14165331972850101, "post_q10": 3.2390425576473301, "post_q50": 3.4210425922323302, "post_q90": 3.6033296690665901, "post_prob_exceed": 0.463666666666667, "prosp_score_happy": 1.5863444256078401, "prosp_score_sad": 3.2390425576473301, "domain_class": "tier 3" }, "geometry": { "type": "Point", "coordinates": [ -154.255080455609374, 64.467127726496244 ] } },
{ "type": "Feature", "properties": { "field_1": 681, "x": -12386.96411, "y": 1579059.437, "scaled_x": 0.60051691718919098, "scaled_y": 0.60313733858595397, "post_mean": 3.40310028017038, "post_sd": 0.13655256174966501, "post_q10": 3.2264811149891699, "post_q50": 3.4038938120544899, "post_q90": 3.5774707459821502, "post_prob_exceed": 0.409, "prosp_score_happy": 1.39186801458969, "prosp_score_sad": 3.2264811149891699, "domain_class": "tier 3" }, "geometry": { "type": "Point", "coordinates": [ -154.255080455668605, 64.175183020220445 ] } },
{ "type": "Feature", "properties": { "field_1": 682, "x": -12513.49044, "y": 1546118.044, "scaled_x": 0.60048108975166203, "scaled_y": 0.58595307239165795, "post_mean": 3.3803771751967102, "post_sd": 0.13076424657791899, "post_q10": 3.21174896708105, "post_q50": 3.3813890143413401, "post_q90": 3.5495401286165702, "post_prob_exceed": 0.3405, "prosp_score_happy": 1.15101842815448, "prosp_score_sad": 3.21174896708105, "domain_class": "Background" }, "geometry": { "type": "Point", "coordinates": [ -154.255080455712033, 63.880131801752384 ] } },
{ "type": "Feature", "properties": { "field_1": 683, "x": -12641.40273, "y": 1512815.813, "scaled_x": 0.60044486986304901, "scaled_y": 0.56858057079866398, "post_mean": 3.3551745579463299, "post_sd": 0.124586047670565, "post_q10": 3.1935188277959901, "post_q50": 3.3546673742201598, "post_q90": 3.5143302085992301, "post_prob_exceed": 0.25933333333333303, "prosp_score_happy": 0.87010860202741602, "prosp_score_sad": 3.1935188277959901, "domain_class": "Background" }, "geometry": { "type": "Point", "coordinates": [ -154.255080455721469, 63.581948949786408 ] } },
{ "type": "Feature", "properties": { "field_1": 684, "x": -12770.70812, "y": 1479150.886, "scaled_x": 0.60040825550157595, "scaled_y": 0.551018864559358, "post_mean": 3.3299505366788802, "post_sd": 0.118337605173892, "post_q10": 3.1779127658052801, "post_q50": 3.3297572635691699, "post_q90": 3.48151931379893, "post_prob_exceed": 0.189, "prosp_score_happy": 0.62936065143230902, "prosp_score_sad": 3.1779127658052801, "domain_class": "Background" }, "geometry": { "type": "Point", "coordinates": [ -154.255080455768024, 63.280609377517514 ] } },
{ "type": "Feature", "properties": { "field_1": 685, "x": -12901.41358, "y": 1445121.446, "scaled_x": 0.60037124469360603, "scaled_y": 0.53326700581425801, "post_mean": 3.3073302040074801, "post_sd": 0.112285648358132, "post_q10": 3.1622316144215001, "post_q50": 3.3071907102871898, "post_q90": 3.45254606964258, "post_prob_exceed": 0.1285, "prosp_score_happy": 0.42499193121496098, "prosp_score_sad": 3.1622316144215001, "domain_class": "Background" }, "geometry": { "type": "Point", "coordinates": [ -154.255080455672442, 62.976088079787893 ] } },
{ "type": "Feature", "properties": { "field_1": 686, "x": -13033.52592, "y": 1410725.722, "scaled_x": 0.60033383551080399, "scaled_y": 0.51532407070032604, "post_mean": 3.2898338526341599, "post_sd": 0.106557520102717, "post_q10": 3.1525130425165102, "post_q50": 3.2896934743942299, "post_q90": 3.4267428245869702, "post_prob_exceed": 0.088166666666666699, "prosp_score_happy": 0.29005368467391202, "prosp_score_sad": 3.1525130425165102, "domain_class": "Background" }, "geometry": { "type": "Point", "coordinates": [ -154.255080455589194, 62.668360171107999 ] } },
{ "type": "Feature", "properties": { "field_1": 687, "x": -13167.05179, "y": 1375961.986, "scaled_x": 0.60029602607014498, "scaled_y": 0.49718915778598, "post_mean": 3.27962128393176, "post_sd": 0.10106957821656801, "post_q10": 3.151505606777, "post_q50": 3.2798368718915598, "post_q90": 3.4094842934236702, "post_prob_exceed": 0.0635, "prosp_score_happy": 0.208255951529667, "prosp_score_sad": 3.151505606777, "domain_class": "Background" }, "geometry": { "type": "Point", "coordinates": [ -154.255080455766574, 62.35740085199032 ] } },
{ "type": "Feature", "properties": { "field_1": 688, "x": -13301.99762, "y": 1340828.558, "scaled_x": 0.600257814550897, "scaled_y": 0.47886139067940597, "post_mean": 3.27828218554547, "post_sd": 0.095508511648355096, "post_q10": 3.1574059681353801, "post_q50": 3.2778206619280499, "post_q90": 3.39922573295381, "post_prob_exceed": 0.053333333333333302, "prosp_score_happy": 0.174841716562425, "prosp_score_sad": 3.1574059681353801, "domain_class": "Background" }, "geometry": { "type": "Point", "coordinates": [ -154.255080455759412, 62.043185446776569 ] } },
{ "type": "Feature", "properties": { "field_1": 689, "x": -13438.36968, "y": 1305323.806, "scaled_x": 0.600219199177635, "scaled_y": 0.46033991802855401, "post_mean": 3.2866926163662602, "post_sd": 0.089396608717643003, "post_q10": 3.17258553873079, "post_q50": 3.28559241381683, "post_q90": 3.40037964879384, "post_prob_exceed": 0.051833333333333301, "prosp_score_happy": 0.17036023394831801, "prosp_score_sad": 3.17258553873079, "domain_class": "Background" }, "geometry": { "type": "Point", "coordinates": [ -154.255080455603007, 61.725689396626677 ] } },
{ "type": "Feature", "properties": { "field_1": 690, "x": -13576.17404, "y": 1269446.154, "scaled_x": 0.600180178231567, "scaled_y": 0.44162391769443599, "post_mean": 3.3049480272179501, "post_sd": 0.082251791853106104, "post_q10": 3.1991825412433399, "post_q50": 3.3046160597713801, "post_q90": 3.4089069256076798, "post_prob_exceed": 0.061166666666666702, "prosp_score_happy": 0.20215265433149801, "prosp_score_sad": 3.1991825412433399, "domain_class": "Background" }, "geometry": { "type": "Point", "coordinates": [ -154.255080455614916, 61.404888323959838 ] } },
{ "type": "Feature", "properties": { "field_1": 691, "x": -13715.41656, "y": 1233194.075, "scaled_x": 0.60014075005336298, "scaled_y": 0.422712593099491, "post_mean": 3.33237592056145, "post_sd": 0.073850406063721105, "post_q10": 3.2385321824567499, "post_q50": 3.3315829825834098, "post_q90": 3.4262789401959499, "post_prob_exceed": 0.084333333333333302, "prosp_score_happy": 0.28103036930068198, "prosp_score_sad": 3.2385321824567499, "domain_class": "Background" }, "geometry": { "type": "Point", "coordinates": [ -154.255080455694554, 61.080757962677325 ] } },
{ "type": "Feature", "properties": { "field_1": 692, "x": -13856.10286, "y": 1196566.104, "scaled_x": 0.60010091305165403, "scaled_y": 0.40360518000918999, "post_mean": 3.3676267332465102, "post_sd": 0.064648550859935497, "post_q10": 3.28451167675088, "post_q50": 3.3665692552325002, "post_q90": 3.4503756486336998, "post_prob_exceed": 0.15366666666666701, "prosp_score_happy": 0.51749197467554697, "prosp_score_sad": 3.28451167675088, "domain_class": "Background" }, "geometry": { "type": "Point", "coordinates": [ -154.255080455711095, 60.753274267141869 ] } },
{ "type": "Feature", "properties": { "field_1": 693, "x": -13998.23836, "y": 1159560.83, "scaled_x": 0.60006066569170202, "scaled_y": 0.38430094235874102, "post_mean": 3.4088391976070498, "post_sd": 0.056484739666241499, "post_q10": 3.3368556979592898, "post_q50": 3.4083230165176701, "post_q90": 3.4815342032963699, "post_prob_exceed": 0.32783333333333298, "prosp_score_happy": 1.11753111694884, "prosp_score_sad": 3.3368556979592898, "domain_class": "Background" }, "geometry": { "type": "Point", "coordinates": [ -154.255080455674005, 60.422413333315042 ] } },
{ "type": "Feature", "properties": { "field_1": 694, "x": -14141.82824, "y": 1122176.907, "scaled_x": 0.60002000650672804, "scaled_y": 0.36479917799136602, "post_mean": 3.4538746880366902, "post_sd": 0.053240752567875298, "post_q10": 3.3846566605161801, "post_q50": 3.45474463657155, "post_q90": 3.5219256241283698, "post_prob_exceed": 0.64733333333333298, "prosp_score_happy": 2.2358082147224199, "prosp_score_sad": 3.3846566605161801, "domain_class": "tier 2" }, "geometry": { "type": "Point", "coordinates": [ -154.255080455766688, 60.088151489710377 ] } },
{ "type": "Feature", "properties": { "field_1": 695, "x": -14286.87741, "y": 1084413.051, "scaled_x": 0.59997893410640801, "scaled_y": 0.34509921709332397, "post_mean": 3.5006123312434001, "post_sd": 0.058992863730633401, "post_q10": 3.4245097551771901, "post_q50": 3.5004913106320901, "post_q90": 3.5757887859599302, "post_prob_exceed": 0.867, "prosp_score_happy": 3.0350308911880202, "prosp_score_sad": 3.4245097551771901, "domain_class": "tier 1" }, "geometry": { "type": "Point", "coordinates": [ -154.255080455596243, 59.750465263118208 ] } },
{ "type": "Feature", "properties": { "field_1": 696, "x": -14433.39056, "y": 1046268.048, "scaled_x": 0.59993744716271102, "scaled_y": 0.32520042636719299, "post_mean": 3.54729123372997, "post_sd": 0.073538747947551206, "post_q10": 3.4534315905582802, "post_q50": 3.5469900038454698, "post_q90": 3.6401986966197799, "post_prob_exceed": 0.94083333333333297, "prosp_score_happy": 3.3374098357342801, "prosp_score_sad": 3.4534315905582802, "domain_class": "tier 1" }, "geometry": { "type": "Point", "coordinates": [ -154.255080455649363, 59.409331442635235 ] } },
{ "type": "Feature", "properties": { "field_1": 697, "x": -14581.37209, "y": 1007740.749, "scaled_x": 0.59989554442972604, "scaled_y": 0.305102206423573, "post_mean": 3.5928775618453299, "post_sd": 0.093454353809676094, "post_q10": 3.4746070911092, "post_q50": 3.5927132401719102, "post_q90": 3.7111866401489899, "post_prob_exceed": 0.95783333333333298, "prosp_score_happy": 3.4413778913208501, "prosp_score_sad": 3.4746070911092, "domain_class": "tier 1" }, "geometry": { "type": "Point", "coordinates": [ -154.25508045568742, 59.064727027413866 ] } },
{ "type": "Feature", "properties": { "field_1": 698, "x": -14730.82612, "y": 968830.08, "scaled_x": 0.59985322474082603, "scaled_y": 0.28480399699769499, "post_mean": 3.6374228459695499, "post_sd": 0.116120140223105, "post_q10": 3.49121080130814, "post_q50": 3.63831450592158, "post_q90": 3.7855657869947601, "post_prob_exceed": 0.96116666666666695, "prosp_score_happy": 3.49616959211773, "prosp_score_sad": 3.49121080130814, "domain_class": "tier 1" }, "geometry": { "type": "Point", "coordinates": [ -154.255080455621055, 58.716629308515934 ] } },
{ "type": "Feature", "properties": { "field_1": 699, "x": -14881.7565, "y": 929535.0413, "scaled_x": 0.59981048700583695, "scaled_y": 0.264305276584264, "post_mean": 3.68236849169327, "post_sd": 0.14141300856133501, "post_q10": 3.5001857579178299, "post_q50": 3.68368762459184, "post_q90": 3.8644587676822502, "post_prob_exceed": 0.96233333333333304, "prosp_score_happy": 3.5436659451728199, "prosp_score_sad": 3.5001857579178299, "domain_class": "tier 1" }, "geometry": { "type": "Point", "coordinates": [ -154.255080455628303, 58.365015855066339 ] } },
{ "type": "Feature", "properties": { "field_1": 700, "x": -15188.06016, "y": 849788.2457, "scaled_x": 0.59972375347579898, "scaled_y": 0.222704420065157, "post_mean": 3.7872090346652798, "post_sd": 0.21778821014654401, "post_q10": 3.5033475401182601, "post_q50": 3.78937790388028, "post_q90": 4.0634512870779398, "post_prob_exceed": 0.94366666666666699, "prosp_score_happy": 3.5738629257124699, "prosp_score_sad": 3.5033475401182601, "domain_class": "tier 1" }, "geometry": { "type": "Point", "coordinates": [ -154.255080455646805, 57.651153528531061 ] } },
{ "type": "Feature", "properties": { "field_1": 701, "x": -15343.43959, "y": 809334.8887, "scaled_x": 0.599679755939305, "scaled_y": 0.201601449248444, "post_mean": 3.8579020396775801, "post_sd": 0.286729581021479, "post_q10": 3.4900265911333599, "post_q50": 3.86170122436355, "post_q90": 4.2229796488486402, "post_prob_exceed": 0.92783333333333295, "prosp_score_happy": 3.57949010914751, "prosp_score_sad": 3.4900265911333599, "domain_class": "tier 1" }, "geometry": { "type": "Point", "coordinates": [ -154.255080455726045, 57.288861364327197 ] } },
{ "type": "Feature", "properties": { "field_1": 702, "x": -15500.30763, "y": 768493.9674, "scaled_x": 0.59963533688515702, "scaled_y": 0.18029630094340701, "post_mean": 3.9500918487784702, "post_sd": 0.38916579848875499, "post_q10": 3.44995011452751, "post_q50": 3.9520264592819201, "post_q90": 4.44661163062763, "post_prob_exceed": 0.907, "prosp_score_happy": 3.5827333068420701, "prosp_score_sad": 3.44995011452751, "domain_class": "tier 1" }, "geometry": { "type": "Point", "coordinates": [ -154.255080455703393, 56.92296691831482 ] } },
{ "type": "Feature", "properties": { "field_1": 703, "x": -15658.66652, "y": 727264.8991, "scaled_x": 0.59959049567907197, "scaled_y": 0.15878867117772, "post_mean": 4.0716595473182799, "post_sd": 0.53191055768577999, "post_q10": 3.3874668542019499, "post_q50": 4.0766928790963597, "post_q90": 4.75140024891728, "post_prob_exceed": 0.88416666666666699, "prosp_score_happy": 3.6000256497539098, "prosp_score_sad": 3.3874668542019499, "domain_class": "tier 1" }, "geometry": { "type": "Point", "coordinates": [ -154.255080455612557, 56.553449443265919 ] } },
{ "type": "Feature", "properties": { "field_1": 704, "x": 15686.58214, "y": 2315714.819, "scaled_x": 0.60846627622374705, "scaled_y": 0.987422307280167, "post_mean": 2.2707378237566598, "post_sd": 0.244879246492446, "post_q10": 1.9540757905000701, "post_q50": 2.2677114190465102, "post_q90": 2.5840931533876099, "post_prob_exceed": 0.0, "prosp_score_happy": 0.0, "prosp_score_sad": 1.9540757905000701, "domain_class": "Background" }, "geometry": { "type": "Point", "coordinates": [ -153.581343992496642, 70.829988223331355 ] } },
{ "type": "Feature", "properties": { "field_1": 705, "x": 15839.79649, "y": 2291410.876, "scaled_x": 0.60850966069204804, "scaled_y": 0.97474386875502705, "post_mean": 2.4102051154714901, "post_sd": 0.20866357016001599, "post_q10": 2.1412262886731899, "post_q50": 2.4078678834750402, "post_q90": 2.67856806481401, "post_prob_exceed": 0.0, "prosp_score_happy": 0.0, "prosp_score_sad": 2.1412262886731899, "domain_class": "Background" }, "geometry": { "type": "Point", "coordinates": [ -153.581343992489053, 70.607519188987169 ] } },
{ "type": "Feature", "properties": { "field_1": 706, "x": 15994.92525, "y": 2266803.256, "scaled_x": 0.60855358724834596, "scaled_y": 0.96190701354103902, "post_mean": 2.5394256860537401, "post_sd": 0.18089568235579601, "post_q10": 2.30828380449229, "post_q50": 2.5397671068603298, "post_q90": 2.7713051808550002, "post_prob_exceed": 0.0, "prosp_score_happy": 0.0, "prosp_score_sad": 2.30828380449229, "domain_class": "Background" }, "geometry": { "type": "Point", "coordinates": [ -153.581343992441305, 70.382568851974497 ] } },
{ "type": "Feature", "properties": { "field_1": 707, "x": 16151.98334, "y": 2241889.591, "scaled_x": 0.60859806011741502, "scaled_y": 0.94891050634307295, "post_mean": 2.6579674073541102, "post_sd": 0.16167849891203401, "post_q10": 2.4502530817108901, "post_q50": 2.6579447784213102, "post_q90": 2.8664985941207402, "post_prob_exceed": 0.0, "prosp_score_happy": 0.0, "prosp_score_sad": 2.4502530817108901, "domain_class": "Background" }, "geometry": { "type": "Point", "coordinates": [ -153.581343992564371, 70.155113037525837 ] } },
{ "type": "Feature", "properties": { "field_1": 708, "x": 16310.98566, "y": 2216667.519, "scaled_x": 0.60864308351836904, "scaled_y": 0.93575311499597102, "post_mean": 2.7655712707968201, "post_sd": 0.150282892288572, "post_q10": 2.5747519529248999, "post_q50": 2.7655243327959198, "post_q90": 2.9571343603374598, "post_prob_exceed": 0.0, "prosp_score_happy": 0.0, "prosp_score_sad": 2.5747519529248999, "domain_class": "Background" }, "geometry": { "type": "Point", "coordinates": [ -153.581343992603593, 69.925127468945206 ] } },
{ "type": "Feature", "properties": { "field_1": 709, "x": 16471.94707, "y": 2191134.683, "scaled_x": 0.60868866165899305, "scaled_y": 0.92243360994288104, "post_mean": 2.8621759644876099, "post_sd": 0.14506241005229001, "post_q10": 2.67834261349824, "post_q50": 2.8636009585225, "post_q90": 3.0465717697189101, "post_prob_exceed": 0.0, "prosp_score_happy": 0.0, "prosp_score_sad": 2.67834261349824, "domain_class": "Background" }, "geometry": { "type": "Point", "coordinates": [ -153.581343992529611, 69.692587754969892 ] } },
{ "type": "Feature", "properties": { "field_1": 710, "x": 16634.88238, "y": 2165288.732, "scaled_x": 0.60873479873291603, "scaled_y": 0.90895076475692504, "post_mean": 2.9479375719382799, "post_sd": 0.14387712989854501, "post_q10": 2.7638748803576298, "post_q50": 2.9512509766061101, "post_q90": 3.13155693272487, "post_prob_exceed": 0.000333333333333333, "prosp_score_happy": 0.00098264585731276102, "prosp_score_sad": 2.7638748803576298, "domain_class": "Background" }, "geometry": { "type": "Point", "coordinates": [ -153.581343992620674, 69.457469395307712 ] } },
{ "type": "Feature", "properties": { "field_1": 711, "x": 16799.80636, "y": 2139127.326, "scaled_x": 0.60878149892243705, "scaled_y": 0.89530335874950295, "post_mean": 3.0232418571033701, "post_sd": 0.14472246572321101, "post_q10": 2.8366097616302302, "post_q50": 3.0255946886626801, "post_q90": 3.2087901057671999, "post_prob_exceed": 0.0023333333333333301, "prosp_score_happy": 0.0070542309999078699, "prosp_score_sad": 2.8366097616302302, "domain_class": "Background" }, "geometry": { "type": "Point", "coordinates": [ -153.581343992412968, 69.219747822358556 ] } },
{ "type": "Feature", "properties": { "field_1": 712, "x": 16966.73372, "y": 2112648.128, "scaled_x": 0.60882876639287098, "scaled_y": 0.88149017279700104, "post_mean": 3.0887063652940201, "post_sd": 0.146120182623978, "post_q10": 2.90097992659061, "post_q50": 3.0904076512498899, "post_q90": 3.2750676667561902, "post_prob_exceed": 0.0088333333333333302, "prosp_score_happy": 0.027283572893430499, "prosp_score_sad": 2.90097992659061, "domain_class": "Background" }, "geometry": { "type": "Point", "coordinates": [ -153.581343992474615, 68.979398324634715 ] } },
{ "type": "Feature", "properties": { "field_1": 713, "x": 17135.67911, "y": 2085848.815, "scaled_x": 0.60887660529253795, "scaled_y": 0.86750999507906801, "post_mean": 3.14516930711217, "post_sd": 0.14718570835181399, "post_q10": 2.9546033301577501, "post_q50": 3.14656305206316, "post_q90": 3.3317407872351099, "post_prob_exceed": 0.024666666666666701, "prosp_score_happy": 0.077580842908766906, "prosp_score_sad": 2.9546033301577501, "domain_class": "Background" }, "geometry": { "type": "Point", "coordinates": [ -153.581343992661203, 68.736396142752895 ] } },
{ "type": "Feature", "properties": { "field_1": 714, "x": 17306.65714, "y": 2058727.072, "scaled_x": 0.60892501975843305, "scaled_y": 0.85336161794865095, "post_mean": 3.19366255797111, "post_sd": 0.14752490277845701, "post_q10": 3.0027521659477201, "post_q50": 3.1947864681115101, "post_q90": 3.37989357188785, "post_prob_exceed": 0.051833333333333301, "prosp_score_happy": 0.16553817592150299, "prosp_score_sad": 3.0027521659477201, "domain_class": "Background" }, "geometry": { "type": "Point", "coordinates": [ -153.581343992581395, 68.490716410814926 ] } },
{ "type": "Feature", "properties": { "field_1": 715, "x": 17479.6823, "y": 2031280.598, "scaled_x": 0.60897401389357397, "scaled_y": 0.83904384106195995, "post_mean": 3.2353664940787201, "post_sd": 0.14709283602067699, "post_q10": 3.0448720275366599, "post_q50": 3.235901431816, "post_q90": 3.4250851113731602, "post_prob_exceed": 0.092, "prosp_score_happy": 0.297653717455242, "prosp_score_sad": 3.0448720275366599, "domain_class": "Background" }, "geometry": { "type": "Point", "coordinates": [ -153.581343992619594, 68.242334206586804 ] } },
{ "type": "Feature", "properties": { "field_1": 716, "x": 17654.76904, "y": 2003507.102, "scaled_x": 0.60902359178964904, "scaled_y": 0.824555469291822, "post_mean": 3.2715456557584202, "post_sd": 0.146066360774467, "post_q10": 3.0833578776390298, "post_q50": 3.2718085103149801, "post_q90": 3.46054725002644, "post_prob_exceed": 0.1325, "prosp_score_happy": 0.43347979938798997, "prosp_score_sad": 3.0833578776390298, "domain_class": "Background" }, "geometry": { "type": "Point", "coordinates": [ -153.581343992598761, 67.9912245109076 ] } },
{ "type": "Feature", "properties": { "field_1": 717, "x": 17831.93171, "y": 1975404.308, "scaled_x": 0.60907375751003301, "scaled_y": 0.80989531533599302, "post_mean": 3.30346598891578, "post_sd": 0.144737904281135, "post_q10": 3.1161225030351298, "post_q50": 3.3027050560747901, "post_q90": 3.4891298248140599, "post_prob_exceed": 0.18333333333333299, "prosp_score_happy": 0.60563543130122599, "prosp_score_sad": 3.1161225030351298, "domain_class": "Background" }, "geometry": { "type": "Point", "coordinates": [ -153.581343992476434, 67.737362248485454 ] } },
{ "type": "Feature", "properties": { "field_1": 718, "x": 18011.18454, "y": 1946969.956, "scaled_x": 0.60912451508411802, "scaled_y": 0.79506220023881702, "post_mean": 3.3322971059208202, "post_sd": 0.143426080637852, "post_q10": 3.1469810019412701, "post_q50": 3.3324218992705901, "post_q90": 3.5147734069070098, "post_prob_exceed": 0.241, "prosp_score_happy": 0.80308360252691702, "prosp_score_sad": 3.1469810019412701, "domain_class": "Background" }, "geometry": { "type": "Point", "coordinates": [ -153.581343992656713, 67.480722292280589 ] } },
{ "type": "Feature", "properties": { "field_1": 719, "x": 18192.54171, "y": 1918201.801, "scaled_x": 0.60917586852714201, "scaled_y": 0.78005495286956394, "post_mean": 3.3590063353738402, "post_sd": 0.142401099596493, "post_q10": 3.1753987796051799, "post_q50": 3.35912816311486, "post_q90": 3.5400090504264399, "post_prob_exceed": 0.29766666666666702, "prosp_score_happy": 0.99986421916294799, "prosp_score_sad": 3.1753987796051799, "domain_class": "Background" }, "geometry": { "type": "Point", "coordinates": [ -153.581343992502184, 67.221279449731384 ] } },
{ "type": "Feature", "properties": { "field_1": 720, "x": 18376.01723, "y": 1889097.617, "scaled_x": 0.60922782180620205, "scaled_y": 0.76487241200907996, "post_mean": 3.3842551271665302, "post_sd": 0.14182878758252701, "post_q10": 3.2019622079453698, "post_q50": 3.3853678160633298, "post_q90": 3.5645982659452602, "post_prob_exceed": 0.36366666666666703, "prosp_score_happy": 1.2307407812462301, "prosp_score_sad": 3.2019622079453698, "domain_class": "Background" }, "geometry": { "type": "Point", "coordinates": [ -153.581343992544788, 66.959008493988051 ] } },
{ "type": "Feature", "properties": { "field_1": 721, "x": 18561.62503, "y": 1859655.195, "scaled_x": 0.60928037886574404, "scaled_y": 0.74951342530645904, "post_mean": 3.4083120144634602, "post_sd": 0.141740330019936, "post_q10": 3.2268885338811799, "post_q50": 3.40906915552682, "post_q90": 3.5882051895286602, "post_prob_exceed": 0.43233333333333301, "prosp_score_happy": 1.47352689425303, "prosp_score_sad": 3.2268885338811799, "domain_class": "tier 3" }, "geometry": { "type": "Point", "coordinates": [ -153.581343992682719, 66.693884140876975 ] } },
{ "type": "Feature", "properties": { "field_1": 722, "x": 18749.37891, "y": 1829872.349, "scaled_x": 0.60933354361340197, "scaled_y": 0.733976852409019, "post_mean": 3.4309987680483598, "post_sd": 0.14203237732788901, "post_q10": 3.2483774530954102, "post_q50": 3.4313457117963302, "post_q90": 3.6121564137298101, "post_prob_exceed": 0.49266666666666697, "prosp_score_happy": 1.6903387263918299, "prosp_score_sad": 3.2483774530954102, "domain_class": "tier 3" }, "geometry": { "type": "Point", "coordinates": [ -153.581343992483284, 66.425881097825524 ] } },
{ "type": "Feature", "properties": { "field_1": 723, "x": 18939.2925, "y": 1799746.913, "scaled_x": 0.60938731990867401, "scaled_y": 0.71826156339731195, "post_mean": 3.4516864557066298, "post_sd": 0.14249485349729701, "post_q10": 3.2696502077650802, "post_q50": 3.4507294487680999, "post_q90": 3.63314648807359, "post_prob_exceed": 0.54866666666666697, "prosp_score_happy": 1.89382530203104, "prosp_score_sad": 3.2696502077650802, "domain_class": "tier 3" }, "geometry": { "type": "Point", "coordinates": [ -153.581343992501871, 66.154974031574412 ] } },
{ "type": "Feature", "properties": { "field_1": 724, "x": 19131.37932, "y": 1769276.744, "scaled_x": 0.60944171157990701, "scaled_y": 0.70236644035011198, "post_mean": 3.4693545024630601, "post_sd": 0.14285650528673999, "post_q10": 3.2863352647613802, "post_q50": 3.4681617366409001, "post_q90": 3.6496398196741602, "post_prob_exceed": 0.59716666666666696, "prosp_score_happy": 2.07178286372086, "prosp_score_sad": 3.2863352647613802, "domain_class": "tier 3" }, "geometry": { "type": "Point", "coordinates": [ -153.581343992506021, 65.881137589808461 ] } },
{ "type": "Feature", "properties": { "field_1": 725, "x": 19325.65271, "y": 1738459.726, "scaled_x": 0.60949672240448205, "scaled_y": 0.68629037943105997, "post_mean": 3.4827179310984402, "post_sd": 0.14283556369191, "post_q10": 3.2983091342029001, "post_q50": 3.48141868807028, "post_q90": 3.6637381447303699, "post_prob_exceed": 0.632, "prosp_score_happy": 2.2010777324542201, "prosp_score_sad": 3.2983091342029001, "domain_class": "tier 2" }, "geometry": { "type": "Point", "coordinates": [ -153.581343992484506, 65.604346431582229 ] } },
{ "type": "Feature", "properties": { "field_1": 726, "x": 19522.12585, "y": 1707293.767, "scaled_x": 0.609552356114474, "scaled_y": 0.67003228932368397, "post_mean": 3.49041610057736, "post_sd": 0.142185419877109, "post_q10": 3.3090553111624899, "post_q50": 3.4899716255181601, "post_q90": 3.67268435463426, "post_prob_exceed": 0.65216666666666701, "prosp_score_happy": 2.2763330335931999, "prosp_score_sad": 3.3090553111624899, "domain_class": "tier 2" }, "geometry": { "type": "Point", "coordinates": [ -153.581343992613256, 65.324575194713034 ] } },
{ "type": "Feature", "properties": { "field_1": 727, "x": 19720.81175, "y": 1675776.805, "scaled_x": 0.60960861639381803, "scaled_y": 0.65359109436135998, "post_mean": 3.4912424271273399, "post_sd": 0.140730016632654, "post_q10": 3.3111752841278999, "post_q50": 3.4905772393835499, "post_q90": 3.67321300843625, "post_prob_exceed": 0.65683333333333305, "prosp_score_happy": 2.2931644008848102, "prosp_score_sad": 3.3111752841278999, "domain_class": "tier 2" }, "geometry": { "type": "Point", "coordinates": [ -153.581343992655121, 65.041798543902971 ] } },
{ "type": "Feature", "properties": { "field_1": 728, "x": 19921.72323, "y": 1643906.807, "scaled_x": 0.60966550687264998, "scaled_y": 0.63696573400566203, "post_mean": 3.4843822147694401, "post_sd": 0.13838755710296599, "post_q10": 3.3061923802595499, "post_q50": 3.48542791967275, "post_q90": 3.6633811696772298, "post_prob_exceed": 0.6435, "prosp_score_happy": 2.2421999552041298, "prosp_score_sad": 3.3061923802595499, "domain_class": "tier 2" }, "geometry": { "type": "Point", "coordinates": [ -153.581343992533306, 64.755991155848704 ] } },
{ "type": "Feature", "properties": { "field_1": 729, "x": 20124.87289, "y": 1611681.771, "scaled_x": 0.60972303111881099, "scaled_y": 0.62015516388967495, "post_mean": 3.4696187631452999, "post_sd": 0.135182654908127, "post_q10": 3.2959715399238299, "post_q50": 3.4702406159054302, "post_q90": 3.6421677981176699, "post_prob_exceed": 0.6105, "prosp_score_happy": 2.11820225490021, "prosp_score_sad": 3.2959715399238299, "domain_class": "tier 2" }, "geometry": { "type": "Point", "coordinates": [ -153.58134399268539, 64.467127731177783 ] } },
{ "type": "Feature", "properties": { "field_1": 730, "x": 20330.27316, "y": 1579099.729, "scaled_x": 0.60978119265200303, "scaled_y": 0.60315835738298795, "post_mean": 3.4474694900418101, "post_sd": 0.13124620591726399, "post_q10": 3.2777324428397101, "post_q50": 3.4482972953730999, "post_q90": 3.61312707409293, "post_prob_exceed": 0.54683333333333295, "prosp_score_happy": 1.8851912328045299, "prosp_score_sad": 3.2777324428397101, "domain_class": "tier 3" }, "geometry": { "type": "Point", "coordinates": [ -153.581343992618315, 64.175183015200602 ] } },
{ "type": "Feature", "properties": { "field_1": 731, "x": 20537.93621, "y": 1546158.749, "scaled_x": 0.60983999491830598, "scaled_y": 0.58597430663501404, "post_mean": 3.41922457570376, "post_sd": 0.126799875736615, "post_q10": 3.25599088321527, "post_q50": 3.4198940176475499, "post_q90": 3.5821073843889, "post_prob_exceed": 0.45533333333333298, "prosp_score_happy": 1.5568869234704501, "prosp_score_sad": 3.25599088321527, "domain_class": "tier 3" }, "geometry": { "type": "Point", "coordinates": [ -153.581343992532538, 63.880131809564411 ] } },
{ "type": "Feature", "properties": { "field_1": 732, "x": 20747.87399, "y": 1512856.933, "scaled_x": 0.60989944130150497, "scaled_y": 0.56860202153166495, "post_mean": 3.3868782930732699, "post_sd": 0.12211983222792901, "post_q10": 3.2306088152256001, "post_q50": 3.3858094835877099, "post_q90": 3.5418537289097598, "post_prob_exceed": 0.34816666666666701, "prosp_score_happy": 1.1791981257050099, "prosp_score_sad": 3.2306088152256001, "domain_class": "Background" }, "geometry": { "type": "Point", "coordinates": [ -153.581343992734816, 63.581948947967042 ] } },
{ "type": "Feature", "properties": { "field_1": 733, "x": 20960.09822, "y": 1479192.426, "scaled_x": 0.60995953512025802, "scaled_y": 0.55104053439031198, "post_mean": 3.3529630647898498, "post_sd": 0.11747521462416, "post_q10": 3.2018766885930101, "post_q50": 3.35236854022589, "post_q90": 3.50298707386913, "post_prob_exceed": 0.24616666666666701, "prosp_score_happy": 0.82538774111576796, "prosp_score_sad": 3.2018766885930101, "domain_class": "Background" }, "geometry": { "type": "Point", "coordinates": [ -153.581343992698919, 63.280609370265125 ] } },
{ "type": "Feature", "properties": { "field_1": 734, "x": 21174.62034, "y": 1445163.412, "scaled_x": 0.61002027961393701, "scaled_y": 0.53328889787313705, "post_mean": 3.3203130171036599, "post_sd": 0.11304462803877199, "post_q10": 3.1760092802416402, "post_q50": 3.3205769458028298, "post_q90": 3.4652989343479801, "post_prob_exceed": 0.15483333333333299, "prosp_score_happy": 0.514095132148217, "prosp_score_sad": 3.1760092802416402, "domain_class": "Background" }, "geometry": { "type": "Point", "coordinates": [ -153.581343992594952, 62.976088080041244 ] } },
{ "type": "Feature", "properties": { "field_1": 735, "x": 21391.45152, "y": 1410768.118, "scaled_x": 0.61008167794546098, "scaled_y": 0.515346187073776, "post_mean": 3.2917936190655999, "post_sd": 0.10882967073920199, "post_q10": 3.15337806784459, "post_q50": 3.2915084151859801, "post_q90": 3.4304979474374799, "post_prob_exceed": 0.096, "prosp_score_happy": 0.31601218743029802, "prosp_score_sad": 3.15337806784459, "domain_class": "Background" }, "geometry": { "type": "Point", "coordinates": [ -153.581343992564996, 62.668360173708145 ] } },
{ "type": "Feature", "properties": { "field_1": 736, "x": 21610.60265, "y": 1376004.816, "scaled_x": 0.61014373319846205, "scaled_y": 0.49721150056065, "post_mean": 3.2700354861365399, "post_sd": 0.104600496072408, "post_q10": 3.1373289128512201, "post_q50": 3.2696055711269598, "post_q90": 3.4041225382944602, "post_prob_exceed": 0.060666666666666702, "prosp_score_happy": 0.198382152825617, "prosp_score_sad": 3.1373289128512201, "domain_class": "Background" }, "geometry": { "type": "Point", "coordinates": [ -153.581343992674221, 62.357400851589411 ] } },
{ "type": "Feature", "properties": { "field_1": 737, "x": 21832.08433, "y": 1340871.827, "scaled_x": 0.61020644837445803, "scaled_y": 0.47888396246360398, "post_mean": 3.2572050462732798, "post_sd": 0.099910137363139903, "post_q10": 3.1290460275498702, "post_q50": 3.25595281433033, "post_q90": 3.3842900860289, "post_prob_exceed": 0.041666666666666699, "prosp_score_happy": 0.13571687692805301, "prosp_score_sad": 3.1290460275498702, "domain_class": "Background" }, "geometry": { "type": "Point", "coordinates": [ -153.581343992622607, 62.043185446782978 ] } },
{ "type": "Feature", "properties": { "field_1": 738, "x": 22055.90684, "y": 1305367.519, "scaled_x": 0.61026982638435301, "scaled_y": 0.46036272143058898, "post_mean": 3.2548354045806298, "post_sd": 0.094197070335298602, "post_q10": 3.1339819903156898, "post_q50": 3.25476290488308, "post_q90": 3.37493583789088, "post_prob_exceed": 0.030833333333333299, "prosp_score_happy": 0.100357424974569, "prosp_score_sad": 3.1339819903156898, "domain_class": "Background" }, "geometry": { "type": "Point", "coordinates": [ -153.581343992572187, 61.725689400265345 ] } },
{ "type": "Feature", "properties": { "field_1": 739, "x": 22282.08012, "y": 1269490.315, "scaled_x": 0.61033387004277495, "scaled_y": 0.44164695480095501, "post_mean": 3.2637306127316101, "post_sd": 0.086979262010692504, "post_q10": 3.15206435301983, "post_q50": 3.26369881483935, "post_q90": 3.3752128408620901, "post_prob_exceed": 0.0265, "prosp_score_happy": 0.086488861237387707, "prosp_score_sad": 3.15206435301983, "domain_class": "Background" }, "geometry": { "type": "Point", "coordinates": [ -153.581343992552206, 61.404888325338405 ] } },
{ "type": "Feature", "properties": { "field_1": 740, "x": 22510.61379, "y": 1233238.689, "scaled_x": 0.61039858207374298, "scaled_y": 0.42273586651880302, "post_mean": 3.2839479593849901, "post_sd": 0.078161778854760097, "post_q10": 3.1838241112605501, "post_q50": 3.2834056636107398, "post_q90": 3.3834251538733202, "post_prob_exceed": 0.029333333333333302, "prosp_score_happy": 0.096329140141959799, "prosp_score_sad": 3.1838241112605501, "domain_class": "Background" }, "geometry": { "type": "Point", "coordinates": [ -153.581343992562665, 61.08075796467481 ] } },
{ "type": "Feature", "properties": { "field_1": 741, "x": 22741.51709, "y": 1196611.175, "scaled_x": 0.61046396509367296, "scaled_y": 0.40362869182794198, "post_mean": 3.31485691973166, "post_sd": 0.068559023502761093, "post_q10": 3.2262651120471699, "post_q50": 3.31414683560982, "post_q90": 3.40250543479263, "post_prob_exceed": 0.0433333333333333, "prosp_score_happy": 0.143643799855039, "prosp_score_sad": 3.2262651120471699, "domain_class": "Background" }, "geometry": { "type": "Point", "coordinates": [ -153.581343992635766, 60.753274263532319 ] } },
{ "type": "Feature", "properties": { "field_1": 742, "x": 22974.79892, "y": 1159606.363, "scaled_x": 0.61053002162270598, "scaled_y": 0.38432469518524098, "post_mean": 3.3552698009849702, "post_sd": 0.060786771702597303, "post_q10": 3.2773860295856099, "post_q50": 3.3549166884075099, "post_q90": 3.4326752852221798, "post_prob_exceed": 0.0973333333333333, "prosp_score_happy": 0.326579593962537, "prosp_score_sad": 3.2773860295856099, "domain_class": "Background" }, "geometry": { "type": "Point", "coordinates": [ -153.581343992565053, 60.422413326654713 ] } },
{ "type": "Feature", "properties": { "field_1": 743, "x": 23210.46775, "y": 1122222.907, "scaled_x": 0.61059675405922198, "scaled_y": 0.36482317443392498, "post_mean": 3.4036367891778498, "post_sd": 0.0597989706279334, "post_q10": 3.3266871899488102, "post_q50": 3.40412400525772, "post_q90": 3.4794770784844, "post_prob_exceed": 0.30116666666666703, "prosp_score_happy": 1.02506194634073, "prosp_score_sad": 3.3266871899488102, "domain_class": "Background" }, "geometry": { "type": "Point", "coordinates": [ -153.581343992631076, 60.08815148240658 ] } },
{ "type": "Feature", "properties": { "field_1": 744, "x": 23448.53168, "y": 1084459.524, "scaled_x": 0.61066416469683404, "scaled_y": 0.34512346028191199, "post_mean": 3.45829565842467, "post_sd": 0.069721120798791003, "post_q10": 3.3680137235901202, "post_q50": 3.4582967595039098, "post_q90": 3.54600582152149, "post_prob_exceed": 0.64133333333333298, "prosp_score_happy": 2.2179202822696902, "prosp_score_sad": 3.3680137235901202, "domain_class": "tier 2" }, "geometry": { "type": "Point", "coordinates": [ -153.581343992618116, 59.750465266376089 ] } },
{ "type": "Feature", "properties": { "field_1": 745, "x": 24177.16853, "y": 968877.9967, "scaled_x": 0.61087048690048096, "scaled_y": 0.28482899330941602, "post_mean": 3.6479387513339798, "post_sd": 0.14392026633576899, "post_q10": 3.4631790344591198, "post_q50": 3.6488695338784001, "post_q90": 3.8336190002660602, "post_prob_exceed": 0.932, "prosp_score_happy": 3.3998789162432699, "prosp_score_sad": 3.4631790344591198, "domain_class": "tier 1" }, "geometry": { "type": "Point", "coordinates": [ -153.5813439926672, 58.716629308330212 ] } },
{ "type": "Feature", "properties": { "field_1": 746, "x": 24927.61011, "y": 849837.6497, "scaled_x": 0.61108298337316502, "scaled_y": 0.222730192244465, "post_mean": 3.88513775067522, "post_sd": 0.267648000390317, "post_q10": 3.53874891290058, "post_q50": 3.88549163831942, "post_q90": 4.2290840534648604, "post_prob_exceed": 0.9515, "prosp_score_happy": 3.6967085697674702, "prosp_score_sad": 3.53874891290058, "domain_class": "tier 1" }, "geometry": { "type": "Point", "coordinates": [ -153.581343992641393, 57.651153528346406 ] } },
{ "type": "Feature", "properties": { "field_1": 747, "x": 25182.62871, "y": 809384.7981, "scaled_x": 0.61115519492755299, "scaled_y": 0.201627485075623, "post_mean": 3.9875699615763098, "post_sd": 0.34294046076913598, "post_q10": 3.5504017995578101, "post_q50": 3.9935339758635799, "post_q90": 4.4289282974997697, "post_prob_exceed": 0.94316666666666704, "prosp_score_happy": 3.76094306876006, "prosp_score_sad": 3.5504017995578101, "domain_class": "tier 1" }, "geometry": { "type": "Point", "coordinates": [ -153.581343992526115, 57.288861363951895 ] } },
{ "type": "Feature", "properties": { "field_1": 748, "x": 25440.09051, "y": 768544.3871000001, "scaled_x": 0.61122809830312397, "scaled_y": 0.18032260297460101, "post_mean": 4.1100710015386399, "post_sd": 0.45090185793992799, "post_q10": 3.5356104074364598, "post_q50": 4.1150948085676502, "post_q90": 4.6806087391873001, "post_prob_exceed": 0.93066666666666698, "prosp_score_happy": 3.8251060787652902, "prosp_score_sad": 3.5356104074364598, "domain_class": "tier 1" }, "geometry": { "type": "Point", "coordinates": [ -153.581343992594554, 56.922966918267129 ] } },
{ "type": "Feature", "properties": { "field_1": 749, "x": 40929.17497, "y": 2316002.003, "scaled_x": 0.61561401707493302, "scaled_y": 0.98757212020103402, "post_mean": 2.22760885546225, "post_sd": 0.238848482904676, "post_q10": 1.9232726073402999, "post_q50": 2.2234592383378802, "post_q90": 2.5347710147101998, "post_prob_exceed": 0.0, "prosp_score_happy": 0.0, "prosp_score_sad": 1.9232726073402999, "domain_class": "Background" }, "geometry": { "type": "Point", "coordinates": [ -152.907607529656445, 70.829988220398519 ] } },
{ "type": "Feature", "properties": { "field_1": 750, "x": 41328.93936, "y": 2291700.865, "scaled_x": 0.61572721512397999, "scaled_y": 0.97489514493722795, "post_mean": 2.3759353050513399, "post_sd": 0.202208785337261, "post_q10": 2.1210501276668601, "post_q50": 2.3743499495914602, "post_q90": 2.6368578222186199, "post_prob_exceed": 0.0, "prosp_score_happy": 0.0, "prosp_score_sad": 2.1210501276668601, "domain_class": "Background" }, "geometry": { "type": "Point", "coordinates": [ -152.907607529630212, 70.607519186118665 ] } },
{ "type": "Feature", "properties": { "field_1": 751, "x": 41733.69879, "y": 2267096.085, "scaled_x": 0.61584182757810502, "scaled_y": 0.96205977124273701, "post_mean": 2.5138167061117902, "post_sd": 0.17394413831920899, "post_q10": 2.29205782853378, "post_q50": 2.51206489825142, "post_q90": 2.7375257116001102, "post_prob_exceed": 0.0, "prosp_score_happy": 0.0, "prosp_score_sad": 2.29205782853378, "domain_class": "Background" }, "geometry": { "type": "Point", "coordinates": [ -152.907607529714625, 70.382568848729633 ] } },
{ "type": "Feature", "properties": { "field_1": 752, "x": 42143.49222, "y": 2242185.296, "scaled_x": 0.61595786546929499, "scaled_y": 0.94906476434409304, "post_mean": 2.6407404509193002, "post_sd": 0.154135529447196, "post_q10": 2.4442863218320201, "post_q50": 2.6404700824437, "post_q90": 2.8383275123345699, "post_prob_exceed": 0.0, "prosp_score_happy": 0.0, "prosp_score_sad": 2.4442863218320201, "domain_class": "Background" }, "geometry": { "type": "Point", "coordinates": [ -152.907607529341163, 70.155113040092843 ] } },
{ "type": "Feature", "properties": { "field_1": 753, "x": 42558.35849, "y": 2216966.134, "scaled_x": 0.61607533979555795, "scaled_y": 0.93590889103281305, "post_mean": 2.7563670681739798, "post_sd": 0.142050747966079, "post_q10": 2.5749186912423299, "post_q50": 2.7571241907586801, "post_q90": 2.9379032005907701, "post_prob_exceed": 0.0, "prosp_score_happy": 0.0, "prosp_score_sad": 2.5749186912423299, "domain_class": "Background" }, "geometry": { "type": "Point", "coordinates": [ -152.907607529776584, 69.925127462785071 ] } },
{ "type": "Feature", "properties": { "field_1": 754, "x": 42978.33638, "y": 2191436.245, "scaled_x": 0.61619426153791501, "scaled_y": 0.92259092331703296, "post_mean": 2.86055727472238, "post_sd": 0.13604667088867001, "post_q10": 2.6845506029328199, "post_q50": 2.86129407356351, "post_q90": 3.0317014884975801, "post_prob_exceed": 0.0, "prosp_score_happy": 0.0, "prosp_score_sad": 2.6845506029328199, "domain_class": "Background" }, "geometry": { "type": "Point", "coordinates": [ -152.907607529582634, 69.692587750420884 ] } },
{ "type": "Feature", "properties": { "field_1": 755, "x": 43403.46454, "y": 2165593.278, "scaled_x": 0.61631464164057304, "scaled_y": 0.90910963476987205, "post_mean": 2.9533945832048798, "post_sd": 0.13398655374853499, "post_q10": 2.7798236304585502, "post_q50": 2.9540576939290699, "post_q90": 3.12701009993707, "post_prob_exceed": 0.00016666666666666701, "prosp_score_happy": 0.00049223243053414696, "prosp_score_sad": 2.7798236304585502, "domain_class": "Background" }, "geometry": { "type": "Point", "coordinates": [ -152.907607529406334, 69.457469400207373 ] } },
{ "type": "Feature", "properties": { "field_1": 756, "x": 43833.7815, "y": 2139434.89, "scaled_x": 0.61643649101375997, "scaled_y": 0.89546380313774698, "post_mean": 3.0352007270409298, "post_sd": 0.133880357740529, "post_q10": 2.86225488723611, "post_q50": 3.0359533200854698, "post_q90": 3.2081034326486702, "post_prob_exceed": 0.00133333333333333, "prosp_score_happy": 0.0040469343027212399, "prosp_score_sad": 2.86225488723611, "domain_class": "Background" }, "geometry": { "type": "Point", "coordinates": [ -152.907607529580588, 69.21974781482065 ] } },
{ "type": "Feature", "properties": { "field_1": 757, "x": 44269.32565, "y": 2112958.749, "scaled_x": 0.61655982052806202, "scaled_y": 0.88165221190535104, "post_mean": 3.10654103396485, "post_sd": 0.13428708898833699, "post_q10": 2.9332003805621798, "post_q50": 3.1074909290309001, "post_q90": 3.2783193743826202, "post_prob_exceed": 0.0076666666666666697, "prosp_score_happy": 0.023816814593730501, "prosp_score_sad": 2.9332003805621798, "domain_class": "Background" }, "geometry": { "type": "Point", "coordinates": [ -152.907607529414719, 68.979398325756961 ] } },
{ "type": "Feature", "properties": { "field_1": 758, "x": 44710.13523, "y": 2086162.529, "scaled_x": 0.61668464101159104, "scaled_y": 0.86767364768735, "post_mean": 3.16821664215077, "post_sd": 0.13438111134113301, "post_q10": 2.9931226593210498, "post_q50": 3.16834452313195, "post_q90": 3.34036357680082, "post_prob_exceed": 0.0231666666666667, "prosp_score_happy": 0.0733970188764929, "prosp_score_sad": 2.9931226593210498, "domain_class": "Background" }, "geometry": { "type": "Point", "coordinates": [ -152.907607529498222, 68.736396143948795 ] } },
{ "type": "Feature", "properties": { "field_1": 759, "x": 45156.24831, "y": 2059043.916, "scaled_x": 0.61681096324432005, "scaled_y": 0.85352690335835002, "post_mean": 3.2212404972308302, "post_sd": 0.133840035156713, "post_q10": 3.0484917576039998, "post_q50": 3.2219278468913899, "post_q90": 3.3948854832228701, "post_prob_exceed": 0.0565, "prosp_score_happy": 0.18200008809354201, "prosp_score_sad": 3.0484917576039998, "domain_class": "Background" }, "geometry": { "type": "Point", "coordinates": [ -152.907607529734634, 68.490716410160488 ] } },
{ "type": "Feature", "properties": { "field_1": 760, "x": 45607.70276, "y": 2031600.61, "scaled_x": 0.61693879794959205, "scaled_y": 0.83921077909622399, "post_mean": 3.2667946825894498, "post_sd": 0.132692074859772, "post_q10": 3.0949232200830799, "post_q50": 3.26761686649595, "post_q90": 3.43962320095959, "post_prob_exceed": 0.1055, "prosp_score_happy": 0.34464683901318699, "prosp_score_sad": 3.0949232200830799, "domain_class": "Background" }, "geometry": { "type": "Point", "coordinates": [ -152.907607529305466, 68.242334208801395 ] } },
{ "type": "Feature", "properties": { "field_1": 761, "x": 46064.53623, "y": 2003830.319, "scaled_x": 0.61706815578845198, "scaled_y": 0.82472407925213898, "post_mean": 3.3061676498076502, "post_sd": 0.13117604154245199, "post_q10": 3.1372388402321301, "post_q50": 3.3073704542421698, "post_q90": 3.4753051113328599, "post_prob_exceed": 0.16766666666666699, "prosp_score_happy": 0.55433410928441595, "prosp_score_sad": 3.1372388402321301, "domain_class": "Background" }, "geometry": { "type": "Point", "coordinates": [ -152.907607529520362, 67.991224509278197 ] } },
{ "type": "Feature", "properties": { "field_1": 762, "x": 46526.78617, "y": 1975730.768, "scaled_x": 0.61719904736531295, "scaled_y": 0.81006561704550994, "post_mean": 3.3406716622519599, "post_sd": 0.129622038358886, "post_q10": 3.1735645451069399, "post_q50": 3.3404766027136201, "post_q90": 3.5069657323422101, "post_prob_exceed": 0.238666666666667, "prosp_score_happy": 0.79730697005746798, "prosp_score_sad": 3.1735645451069399, "domain_class": "Background" }, "geometry": { "type": "Point", "coordinates": [ -152.907607529767517, 67.737362242971415 ] } },
{ "type": "Feature", "properties": { "field_1": 763, "x": 46994.48976, "y": 1947299.698, "scaled_x": 0.61733148320813702, "scaled_y": 0.79523421404234496, "post_mean": 3.37154341816183, "post_sd": 0.128351142216303, "post_q10": 3.2063992864828199, "post_q50": 3.37226640142099, "post_q90": 3.5341757589090799, "post_prob_exceed": 0.31333333333333302, "prosp_score_happy": 1.05641693769071, "prosp_score_sad": 3.2063992864828199, "domain_class": "Background" }, "geometry": { "type": "Point", "coordinates": [ -152.907607529616911, 67.480722289506659 ] } },
{ "type": "Feature", "properties": { "field_1": 764, "x": 47467.68392, "y": 1918534.863, "scaled_x": 0.61746547377126004, "scaled_y": 0.78022869859025101, "post_mean": 3.3998340879440998, "post_sd": 0.12759707794042799, "post_q10": 3.2353500476258299, "post_q50": 3.4002773375927302, "post_q90": 3.5601832451081101, "post_prob_exceed": 0.392666666666667, "prosp_score_happy": 1.33500151853272, "prosp_score_sad": 3.2353500476258299, "domain_class": "Background" }, "geometry": { "type": "Point", "coordinates": [ -152.907607529717382, 67.221279444960032 ] } },
{ "type": "Feature", "properties": { "field_1": 765, "x": 47946.40528, "y": 1889434.038, "scaled_x": 0.61760102942690298, "scaled_y": 0.765047909991735, "post_mean": 3.4262988530195599, "post_sd": 0.12745839518690699, "post_q10": 3.2630304184592398, "post_q50": 3.4264120360674801, "post_q90": 3.5875644529833002, "post_prob_exceed": 0.47466666666666701, "prosp_score_happy": 1.62634985556662, "prosp_score_sad": 3.2630304184592398, "domain_class": "tier 3" }, "geometry": { "type": "Point", "coordinates": [ -152.907607529428844, 66.959008489181755 ] } },
{ "type": "Feature", "properties": { "field_1": 766, "x": 48430.69014, "y": 1859995.015, "scaled_x": 0.617738160453844, "scaled_y": 0.74969069641755504, "post_mean": 3.45129985925497, "post_sd": 0.12788809885378299, "post_q10": 3.2879816051430102, "post_q50": 3.4510460416040698, "post_q90": 3.6143786741308501, "post_prob_exceed": 0.553, "prosp_score_happy": 1.9085688221679999, "prosp_score_sad": 3.2879816051430102, "domain_class": "tier 3" }, "geometry": { "type": "Point", "coordinates": [ -152.9076075292719, 66.693884144705009 ] } },
{ "type": "Feature", "properties": { "field_1": 767, "x": 48920.57449, "y": 1830215.606, "scaled_x": 0.61787687704308003, "scaled_y": 0.73415591647170297, "post_mean": 3.4747392833118398, "post_sd": 0.128718171275122, "post_q10": 3.3090161515468099, "post_q50": 3.47560040501358, "post_q90": 3.6388299586969901, "post_prob_exceed": 0.621, "prosp_score_happy": 2.1578130949366501, "prosp_score_sad": 3.3090161515468099, "domain_class": "tier 2" }, "geometry": { "type": "Point", "coordinates": [ -152.907607529322121, 66.425881098677948 ] } },
{ "type": "Feature", "properties": { "field_1": 768, "x": 49416.09394, "y": 1800093.646, "scaled_x": 0.61801718927800697, "scaled_y": 0.71844244075639496, "post_mean": 3.4960399077738602, "post_sd": 0.12970568308663399, "post_q10": 3.33055742501679, "post_q50": 3.49610811149789, "post_q90": 3.6604571263840402, "post_prob_exceed": 0.67933333333333301, "prosp_score_happy": 2.3749764440143801, "prosp_score_sad": 3.33055742501679, "domain_class": "tier 2" }, "geometry": { "type": "Point", "coordinates": [ -152.907607529688335, 66.15497402460737 ] } },
{ "type": "Feature", "properties": { "field_1": 769, "x": 49917.28374, "y": 1769626.994, "scaled_x": 0.61815910714008104, "scaled_y": 0.70254915239372695, "post_mean": 3.5141878690991901, "post_sd": 0.13058333799011601, "post_q10": 3.3467577948135001, "post_q50": 3.5139264326941801, "post_q90": 3.6812144708228902, "post_prob_exceed": 0.73133333333333295, "prosp_score_happy": 2.5700427282678699, "prosp_score_sad": 3.3467577948135001, "domain_class": "tier 2" }, "geometry": { "type": "Point", "coordinates": [ -152.907607529713118, 65.88113758593137 ] } },
{ "type": "Feature", "properties": { "field_1": 770, "x": 50424.17871, "y": 1738813.533, "scaled_x": 0.61830264048900196, "scaled_y": 0.68647494702567902, "post_mean": 3.5278452899207902, "post_sd": 0.13110198622066499, "post_q10": 3.3583285972319299, "post_q50": 3.52618759595437, "post_q90": 3.6950731384173801, "post_prob_exceed": 0.77083333333333304, "prosp_score_happy": 2.7193807443139399, "prosp_score_sad": 3.3583285972319299, "domain_class": "tier 2" }, "geometry": { "type": "Point", "coordinates": [ -152.907607529527496, 65.604346430512095 ] } },
{ "type": "Feature", "properties": { "field_1": 771, "x": 50936.81325, "y": 1707651.171, "scaled_x": 0.61844779906553804, "scaled_y": 0.67021873333577797, "post_mean": 3.5355294765577598, "post_sd": 0.13106093291558399, "post_q10": 3.3678114123748299, "post_q50": 3.53374978982185, "post_q90": 3.7038435358488901, "post_prob_exceed": 0.786, "prosp_score_happy": 2.7789261685744, "prosp_score_sad": 3.3678114123748299, "domain_class": "tier 2" }, "geometry": { "type": "Point", "coordinates": [ -152.907607529444846, 65.324575194002591 ] } },
{ "type": "Feature", "properties": { "field_1": 772, "x": 51455.22127, "y": 1676137.847, "scaled_x": 0.618594592471711, "scaled_y": 0.65377943617906398, "post_mean": 3.5358418211132099, "post_sd": 0.13032811595275401, "post_q10": 3.3697245896744601, "post_q50": 3.5346941326619401, "post_q90": 3.7038278310938302, "post_prob_exceed": 0.78683333333333305, "prosp_score_happy": 2.7821182062459102, "prosp_score_sad": 3.3697245896744601, "domain_class": "tier 2" }, "geometry": { "type": "Point", "coordinates": [ -152.907607529342272, 65.041798547944552 ] } },
{ "type": "Feature", "properties": { "field_1": 773, "x": 51979.43622, "y": 1644271.527, "scaled_x": 0.618743030179285, "scaled_y": 0.63715599449544702, "post_mean": 3.5277165100147001, "post_sd": 0.12885399856994001, "post_q10": 3.3595932527153201, "post_q50": 3.5277010069693699, "post_q90": 3.6935795845789099, "post_prob_exceed": 0.774, "prosp_score_happy": 2.7304525787513798, "prosp_score_sad": 3.3595932527153201, "domain_class": "tier 2" }, "geometry": { "type": "Point", "coordinates": [ -152.907607529434586, 64.755991157959528 ] } },
{ "type": "Feature", "properties": { "field_1": 774, "x": 52509.49103, "y": 1612050.21, "scaled_x": 0.61889312151278297, "scaled_y": 0.62034736443967498, "post_mean": 3.510650409053, "post_sd": 0.12668076795809799, "post_q10": 3.3465101934550101, "post_q50": 3.5109720845209802, "post_q90": 3.6715921373147, "post_prob_exceed": 0.736, "prosp_score_happy": 2.5838387010630099, "prosp_score_sad": 3.3465101934550101, "domain_class": "tier 2" }, "geometry": { "type": "Point", "coordinates": [ -152.907607529452349, 64.467127731573129 ] } },
{ "type": "Feature", "properties": { "field_1": 775, "x": 53045.41806, "y": 1579471.929, "scaled_x": 0.61904487563532495, "scaled_y": 0.60335251990299799, "post_mean": 3.4848744248035501, "post_sd": 0.12394382078287999, "post_q10": 3.32379141793154, "post_q50": 3.4852372894388601, "post_q90": 3.6413137063453598, "post_prob_exceed": 0.6615, "prosp_score_happy": 2.3052444320075498, "prosp_score_sad": 3.32379141793154, "domain_class": "tier 2" }, "geometry": { "type": "Point", "coordinates": [ -152.907607529356909, 64.17518302102107 ] } },
{ "type": "Feature", "properties": { "field_1": 776, "x": 53587.24911, "y": 1546534.75, "scaled_x": 0.61919830155145805, "scaled_y": 0.58617045199150497, "post_mean": 3.4514345988650401, "post_sd": 0.12085767352882899, "post_q10": 3.2950214728648599, "post_q50": 3.45193511068197, "post_q90": 3.60487194779714, "post_prob_exceed": 0.561, "prosp_score_happy": 1.9362548099632899, "prosp_score_sad": 3.2950214728648599, "domain_class": "tier 3" }, "geometry": { "type": "Point", "coordinates": [ -152.907607529460421, 63.880131808034271 ] } },
{ "type": "Feature", "properties": { "field_1": 777, "x": 54135.01537, "y": 1513236.778, "scaled_x": 0.61935340809300399, "scaled_y": 0.56880017215609502, "post_mean": 3.41216681747182, "post_sd": 0.117676242751034, "post_q10": 3.2600720420519198, "post_q50": 3.4102115740555901, "post_q90": 3.5618160109049799, "post_prob_exceed": 0.4245, "prosp_score_happy": 1.4484648140167899, "prosp_score_sad": 3.2600720420519198, "domain_class": "tier 3" }, "geometry": { "type": "Point", "coordinates": [ -152.907607529425661, 63.581948951219893 ] } },
{ "type": "Feature", "properties": { "field_1": 778, "x": 54688.74737, "y": 1479576.156, "scaled_x": 0.61951020390489397, "scaled_y": 0.55124071167081601, "post_mean": 3.3695683190793502, "post_sd": 0.11462185719932701, "post_q10": 3.2216939290574, "post_q50": 3.3691761073867998, "post_q90": 3.5160391177433898, "post_prob_exceed": 0.2865, "prosp_score_happy": 0.96538132341623295, "prosp_score_sad": 3.2216939290574, "domain_class": "Background" }, "geometry": { "type": "Point", "coordinates": [ -152.907607529625579, 63.280609370608957 ] } },
{ "type": "Feature", "properties": { "field_1": 779, "x": 55248.47498, "y": 1445551.07, "scaled_x": 0.61966869744517705, "scaled_y": 0.53349112424116996, "post_mean": 3.3265871630417601, "post_sd": 0.111791597002306, "post_q10": 3.1838628599543801, "post_q50": 3.32716404725576, "post_q90": 3.4693756575589001, "post_prob_exceed": 0.164333333333333, "prosp_score_happy": 0.54666915712652897, "prosp_score_sad": 3.1838628599543801, "domain_class": "Background" }, "geometry": { "type": "Point", "coordinates": [ -152.907607529481652, 62.976088085807703 ] } },
{ "type": "Feature", "properties": { "field_1": 780, "x": 55814.22737, "y": 1411159.745, "scaled_x": 0.61982889697368404, "scaled_y": 0.51555048391747305, "post_mean": 3.2863630580362102, "post_sd": 0.109070259342885, "post_q10": 3.1479213455837902, "post_q50": 3.2869722557173602, "post_q90": 3.4259804733811801, "post_prob_exceed": 0.0875, "prosp_score_happy": 0.287556767578168, "prosp_score_sad": 3.1479213455837902, "domain_class": "Background" }, "geometry": { "type": "Point", "coordinates": [ -152.907607529582094, 62.668360173502542 ] } },
{ "type": "Feature", "properties": { "field_1": 781, "x": 56386.03295, "y": 1376400.455, "scaled_x": 0.61999081053504501, "scaled_y": 0.49741789031146699, "post_mean": 3.2519574179889599, "post_sd": 0.106092315338885, "post_q10": 3.1161610904925299, "post_q50": 3.2516164409850998, "post_q90": 3.3868456018720701, "post_prob_exceed": 0.046666666666666697, "prosp_score_happy": 0.15175801283948501, "prosp_score_sad": 3.1161610904925299, "domain_class": "Background" }, "geometry": { "type": "Point", "coordinates": [ -152.907607529599147, 62.357400850127767 ] } },
{ "type": "Feature", "properties": { "field_1": 782, "x": 56963.91935, "y": 1341271.521, "scaled_x": 0.62015444595302505, "scaled_y": 0.479092467552999, "post_mean": 3.2261074583113398, "post_sd": 0.102286206661179, "post_q10": 3.094939461679, "post_q50": 3.2256746557970999, "post_q90": 3.3569405688760701, "post_prob_exceed": 0.0233333333333333, "prosp_score_happy": 0.075275840693931201, "prosp_score_sad": 3.094939461679, "domain_class": "Background" }, "geometry": { "type": "Point", "coordinates": [ -152.907607529349036, 62.043185447044792 ] } },
{ "type": "Feature", "properties": { "field_1": 783, "x": 57547.91339, "y": 1305771.311, "scaled_x": 0.62031981082202503, "scaled_y": 0.46057336429001899, "post_mean": 3.21103113077623, "post_sd": 0.097010527564378904, "post_q10": 3.08806903277228, "post_q50": 3.2106730012107301, "post_q90": 3.3345282558860898, "post_prob_exceed": 0.0125, "prosp_score_happy": 0.040137889134702898, "prosp_score_sad": 3.08806903277228, "domain_class": "Background" }, "geometry": { "type": "Point", "coordinates": [ -152.907607529354522, 61.725689403548287 ] } },
{ "type": "Feature", "properties": { "field_1": 784, "x": 58138.04104, "y": 1269898.247, "scaled_x": 0.62048691249576005, "scaled_y": 0.44185975734021499, "post_mean": 3.2082995667989702, "post_sd": 0.0897849201408287, "post_q10": 3.0923672181793398, "post_q50": 3.2081537211670401, "post_q90": 3.3242173740633199, "post_prob_exceed": 0.0078333333333333293, "prosp_score_happy": 0.025131679939925301, "prosp_score_sad": 3.0923672181793398, "domain_class": "Background" }, "geometry": { "type": "Point", "coordinates": [ -152.907607529397438, 61.404888322368315 ] } },
{ "type": "Feature", "properties": { "field_1": 785, "x": 58734.32736, "y": 1233650.805, "scaled_x": 0.62065575807026896, "scaled_y": 0.42295085169101199, "post_mean": 3.2187841599690801, "post_sd": 0.080664142386838097, "post_q10": 3.1158418704676301, "post_q50": 3.21830652961797, "post_q90": 3.3222784069447, "post_prob_exceed": 0.0058333333333333301, "prosp_score_happy": 0.018776240933152999, "prosp_score_sad": 3.1158418704676301, "domain_class": "Background" }, "geometry": { "type": "Point", "coordinates": [ -152.907607529671253, 61.080757962489571 ] } },
{ "type": "Feature", "properties": { "field_1": 786, "x": 59336.79651, "y": 1197027.519, "scaled_x": 0.62082635438674205, "scaled_y": 0.40384588258622001, "post_mean": 3.2426780137081601, "post_sd": 0.070924420135424604, "post_q10": 3.1517120524441502, "post_q50": 3.2424367549923101, "post_q90": 3.3330146723389702, "post_prob_exceed": 0.0048333333333333301, "prosp_score_happy": 0.015672943732922801, "prosp_score_sad": 3.1517120524441502, "domain_class": "Background" }, "geometry": { "type": "Point", "coordinates": [ -152.907607529365322, 60.753274267649488 ] } },
{ "type": "Feature", "properties": { "field_1": 787, "x": 59945.47165, "y": 1160026.978, "scaled_x": 0.62099870800321, "scaled_y": 0.38454411396104399, "post_mean": 3.2795864821547198, "post_sd": 0.064238012804812006, "post_q10": 3.19777540242979, "post_q50": 3.2794603133610498, "post_q90": 3.35961166794758, "post_prob_exceed": 0.0085, "prosp_score_happy": 0.027876485098315099, "prosp_score_sad": 3.19777540242979, "domain_class": "Background" }, "geometry": { "type": "Point", "coordinates": [ -152.907607529436859, 60.422413332203512 ] } },
{ "type": "Feature", "properties": { "field_1": 788, "x": 60560.37494, "y": 1122647.836, "scaled_x": 0.62117282519454098, "scaled_y": 0.36504484365871098, "post_mean": 3.3286783354332798, "post_sd": 0.066835275335449598, "post_q10": 3.2432508440721599, "post_q50": 3.3284189124447199, "post_q90": 3.4131827417076299, "post_prob_exceed": 0.053833333333333303, "prosp_score_happy": 0.179193850390825, "prosp_score_sad": 3.2432508440721599, "domain_class": "Background" }, "geometry": { "type": "Point", "coordinates": [ -152.907607529555122, 60.088151483122914 ] } },
{ "type": "Feature", "properties": { "field_1": 789, "x": 63729.01286, "y": 930030.611, "scaled_x": 0.62207006276660504, "scaled_y": 0.264563796363395, "post_mean": 3.7248765973911402, "post_sd": 0.22205355438118099, "post_q10": 3.4403040727040599, "post_q50": 3.72382917470564, "post_q90": 4.0063366650065104, "post_prob_exceed": 0.906, "prosp_score_happy": 3.3747381972363701, "prosp_score_sad": 3.4403040727040599, "domain_class": "tier 1" }, "geometry": { "type": "Point", "coordinates": [ -152.90760752948853, 58.365015855005723 ] } },
{ "type": "Feature", "properties": { "field_1": 790, "x": 64381.68823, "y": 890355.3555, "scaled_x": 0.62225487557233095, "scaled_y": 0.243866731371678, "post_mean": 3.8333270116470501, "post_sd": 0.27165387393291801, "post_q10": 3.4825526947808298, "post_q50": 3.8350676399418102, "post_q90": 4.1815298824351697, "post_prob_exceed": 0.92933333333333301, "prosp_score_happy": 3.5624385694906602, "prosp_score_sad": 3.4825526947808298, "domain_class": "tier 1" }, "geometry": { "type": "Point", "coordinates": [ -152.90760752951681, 58.009864533106921 ] } },
{ "type": "Feature", "properties": { "field_1": 791, "x": 65040.71486, "y": 850294.0155, "scaled_x": 0.62244148681298295, "scaled_y": 0.222968260846761, "post_mean": 3.95467245100133, "post_sd": 0.33434321316384902, "post_q10": 3.5259163662368, "post_q50": 3.9592382628231202, "post_q90": 4.3842909862440003, "post_prob_exceed": 0.93966666666666698, "prosp_score_happy": 3.7160738797909101, "prosp_score_sad": 3.5259163662368, "domain_class": "tier 1" }, "geometry": { "type": "Point", "coordinates": [ -152.907607529536619, 57.651153528825809 ] } },
{ "type": "Feature", "properties": { "field_1": 792, "x": 65706.10523, "y": 809845.8327, "scaled_x": 0.62262990002242102, "scaled_y": 0.20186798921250601, "post_mean": 4.0920414402932304, "post_sd": 0.41858465012834201, "post_q10": 3.5538921809182802, "post_q50": 4.0922666800801197, "post_q90": 4.6376596960593899, "post_prob_exceed": 0.94083333333333297, "prosp_score_happy": 3.8499289884092098, "prosp_score_sad": 3.5538921809182802, "domain_class": "tier 1" }, "geometry": { "type": "Point", "coordinates": [ -152.907607529454566, 57.288861364530192 ] } },
{ "type": "Feature", "properties": { "field_1": 793, "x": 67468.17715, "y": 2267650.013, "scaled_x": 0.62312885167648202, "scaled_y": 0.96234873431738499, "post_mean": 2.5032883948582199, "post_sd": 0.167712886149808, "post_q10": 2.2929519169995198, "post_q50": 2.5013394098503001, "post_q90": 2.7218581524678198, "post_prob_exceed": 0.0, "prosp_score_happy": 0.0, "prosp_score_sad": 2.2929519169995198, "domain_class": "Background" }, "geometry": { "type": "Point", "coordinates": [ -152.233871066800191, 70.382568846566429 ] } },
{ "type": "Feature", "properties": { "field_1": 794, "x": 68130.66373, "y": 2242744.663, "scaled_x": 0.62331644264319097, "scaled_y": 0.94935656473724295, "post_mean": 2.63822383273919, "post_sd": 0.14679668084275199, "post_q10": 2.4502813466027802, "post_q50": 2.6380427165313001, "post_q90": 2.8241651130867802, "post_prob_exceed": 0.0, "prosp_score_happy": 0.0, "prosp_score_sad": 2.4502813466027802, "domain_class": "Background" }, "geometry": { "type": "Point", "coordinates": [ -152.233871066519299, 70.155113036497994 ] } },
{ "type": "Feature", "properties": { "field_1": 795, "x": 68801.35126, "y": 2217531.008, "scaled_x": 0.62350635580658298, "scaled_y": 0.93620356421746698, "post_mean": 2.7613680473349498, "post_sd": 0.133596824781583, "post_q10": 2.5890769268379299, "post_q50": 2.7627279593976599, "post_q90": 2.9320107020638599, "post_prob_exceed": 0.0, "prosp_score_happy": 0.0, "prosp_score_sad": 2.5890769268379299, "domain_class": "Background" }, "geometry": { "type": "Point", "coordinates": [ -152.233871066647367, 69.925127463852078 ] } },
{ "type": "Feature", "properties": { "field_1": 796, "x": 69480.3024, "y": 2192006.693, "scaled_x": 0.62369860890958295, "scaled_y": 0.92288850424453095, "post_mean": 2.8724949693492801, "post_sd": 0.12652168011170301, "post_q10": 2.7083749706536202, "post_q50": 2.8725722148478599, "post_q90": 3.03321970942359, "post_prob_exceed": 0.0, "prosp_score_happy": 0.0, "prosp_score_sad": 2.7083749706536202, "domain_class": "Background" }, "geometry": { "type": "Point", "coordinates": [ -152.233871066750794, 69.692587748440687 ] } },
{ "type": "Feature", "properties": { "field_1": 797, "x": 70167.57966, "y": 2166169.369, "scaled_x": 0.62389321965264299, "scaled_y": 0.90941015943487802, "post_mean": 2.9716084358138999, "post_sd": 0.123439336573523, "post_q10": 2.8132789100792999, "post_q50": 2.9713495450938301, "post_q90": 3.1293347751307499, "post_prob_exceed": 0.0, "prosp_score_happy": 0.0, "prosp_score_sad": 2.8132789100792999, "domain_class": "Background" }, "geometry": { "type": "Point", "coordinates": [ -152.233871066171133, 69.457469401008723 ] } },
{ "type": "Feature", "properties": { "field_1": 798, "x": 70863.24531, "y": 2140016.693, "scaled_x": 0.62409020566825402, "scaled_y": 0.89576730753492395, "post_mean": 3.0589614563848802, "post_sd": 0.122336888956297, "post_q10": 2.9021250935874798, "post_q50": 3.0596383304683599, "post_q90": 3.2149255644805499, "post_prob_exceed": 0.00083333333333333295, "prosp_score_happy": 0.0025491345469874, "prosp_score_sad": 2.9021250935874798, "domain_class": "Background" }, "geometry": { "type": "Point", "coordinates": [ -152.233871066278709, 69.219747819576057 ] } },
{ "type": "Feature", "properties": { "field_1": 799, "x": 71567.36143, "y": 2113546.332, "scaled_x": 0.62428958453510797, "scaled_y": 0.88195873150770199, "post_mean": 3.1350656462958701, "post_sd": 0.121763046598828, "post_q10": 2.97861391814829, "post_q50": 3.1351439134273802, "post_q90": 3.2908080921083802, "post_prob_exceed": 0.006, "prosp_score_happy": 0.018810393877775201, "prosp_score_sad": 2.97861391814829, "domain_class": "Background" }, "geometry": { "type": "Point", "coordinates": [ -152.233871066515661, 68.979398321938575 ] } },
{ "type": "Feature", "properties": { "field_1": 800, "x": 72279.98983000001, "y": 2086755.963, "scaled_x": 0.62449137375544195, "scaled_y": 0.86798321953286195, "post_mean": 3.2006875565570998, "post_sd": 0.12091250334456501, "post_q10": 3.0440628321784602, "post_q50": 3.2002778571745698, "post_q90": 3.35555350128779, "post_prob_exceed": 0.025, "prosp_score_happy": 0.080017188913927603, "prosp_score_sad": 3.0440628321784602, "domain_class": "Background" }, "geometry": { "type": "Point", "coordinates": [ -152.233871066443356, 68.736396141652875 ] } },
{ "type": "Feature", "properties": { "field_1": 801, "x": 73001.19205, "y": 2059643.272, "scaled_x": 0.624695590755042, "scaled_y": 0.85383956448501097, "post_mean": 3.2568286159615898, "post_sd": 0.119509907055051, "post_q10": 3.1034242204024598, "post_q50": 3.2573302795521601, "post_q90": 3.4108983980938001, "post_prob_exceed": 0.0741666666666667, "prosp_score_happy": 0.24154812235048501, "prosp_score_sad": 3.1034242204024598, "domain_class": "Background" }, "geometry": { "type": "Point", "coordinates": [ -152.23387106638026, 68.490716414880268 ] } },
{ "type": "Feature", "properties": { "field_1": 802, "x": 73731.02931, "y": 2032205.957, "scaled_x": 0.62490225286907897, "scaled_y": 0.83952656549869697, "post_mean": 3.3046858372354802, "post_sd": 0.11764436070600399, "post_q10": 3.15359512077683, "post_q50": 3.3050996444220599, "post_q90": 3.4567659997151998, "post_prob_exceed": 0.135833333333333, "prosp_score_happy": 0.44888649289115301, "prosp_score_sad": 3.15359512077683, "domain_class": "Background" }, "geometry": { "type": "Point", "coordinates": [ -152.233871066651659, 68.242334203382242 ] } },
{ "type": "Feature", "properties": { "field_1": 803, "x": 74469.56251, "y": 2004441.73, "scaled_x": 0.62511137734211297, "scaled_y": 0.82504302901173499, "post_mean": 3.3455914449787798, "post_sd": 0.115613558268424, "post_q10": 3.1973425386470402, "post_q50": 3.3465427129707401, "post_q90": 3.4939723915335201, "post_prob_exceed": 0.224, "prosp_score_happy": 0.74941248367524604, "prosp_score_sad": 3.1973425386470402, "domain_class": "Background" }, "geometry": { "type": "Point", "coordinates": [ -152.233871066327595, 67.991224508232008 ] } },
{ "type": "Feature", "properties": { "field_1": 804, "x": 75216.85215000001, "y": 1976348.315, "scaled_x": 0.62532298130544095, "scaled_y": 0.81038776772187904, "post_mean": 3.3809312481418798, "post_sd": 0.113787319307628, "post_q10": 3.2334638868113599, "post_q50": 3.3814851176592402, "post_q90": 3.5262564297538801, "post_prob_exceed": 0.32283333333333297, "prosp_score_happy": 1.09147730460847, "prosp_score_sad": 3.2334638868113599, "domain_class": "Background" }, "geometry": { "type": "Point", "coordinates": [ -152.23387106641124, 67.737362247265963 ] } },
{ "type": "Feature", "properties": { "field_1": 805, "x": 75972.95836, "y": 1947923.452, "scaled_x": 0.62553708178558798, "scaled_y": 0.79555960267347403, "post_mean": 3.4120440506462, "post_sd": 0.112492196011101, "post_q10": 3.2663286664088802, "post_q50": 3.4124388972558601, "post_q90": 3.5535466717320601, "post_prob_exceed": 0.42716666666666703, "prosp_score_happy": 1.4575114836343701, "prosp_score_sad": 3.2663286664088802, "domain_class": "tier 3" }, "geometry": { "type": "Point", "coordinates": [ -152.233871066574181, 67.480722286630851 ] } },
{ "type": "Feature", "properties": { "field_1": 806, "x": 76737.94081, "y": 1919164.898, "scaled_x": 0.62575369567882499, "scaled_y": 0.780557363779113, "post_mean": 3.4401077007716201, "post_sd": 0.111927007520678, "post_q10": 3.2956108532124899, "post_q50": 3.4414971220104098, "post_q90": 3.5811664748548599, "post_prob_exceed": 0.52366666666666695, "prosp_score_happy": 1.8014697326374001, "prosp_score_sad": 3.2956108532124899, "domain_class": "tier 3" }, "geometry": { "type": "Point", "coordinates": [ -152.233871066680223, 67.22127944505867 ] } },
{ "type": "Feature", "properties": { "field_1": 807, "x": 77511.85872, "y": 1890070.427, "scaled_x": 0.62597283975400098, "scaled_y": 0.765379889819641, "post_mean": 3.4660212210388801, "post_sd": 0.11212412175712901, "post_q10": 3.3222314128777599, "post_q50": 3.4661633604828701, "post_q90": 3.6072467823393501, "post_prob_exceed": 0.6115, "prosp_score_happy": 2.1194719766652801, "prosp_score_sad": 3.3222314128777599, "domain_class": "tier 2" }, "geometry": { "type": "Point", "coordinates": [ -152.233871066548346, 66.959008488989369 ] } },
{ "type": "Feature", "properties": { "field_1": 808, "x": 78294.7708, "y": 1860637.831, "scaled_x": 0.62619453063555097, "scaled_y": 0.75002602896581605, "post_mean": 3.4902964130292302, "post_sd": 0.11296221050887, "post_q10": 3.3466826672033099, "post_q50": 3.4899855926290702, "post_q90": 3.6342014939619101, "post_prob_exceed": 0.6875, "prosp_score_happy": 2.3995787839576002, "prosp_score_sad": 3.3466826672033099, "domain_class": "tier 2" }, "geometry": { "type": "Point", "coordinates": [ -152.233871066708303, 66.693884136624376 ] } },
{ "type": "Feature", "properties": { "field_1": 809, "x": 79086.73521, "y": 1830864.925, "scaled_x": 0.62641878479217294, "scaled_y": 0.73449464138661602, "post_mean": 3.5129755371578599, "post_sd": 0.11421720674779801, "post_q10": 3.3667406276248402, "post_q50": 3.5136877857691302, "post_q90": 3.6594925211164502, "post_prob_exceed": 0.75316666666666698, "prosp_score_happy": 2.6458560754027198, "prosp_score_sad": 3.3667406276248402, "domain_class": "tier 2" }, "geometry": { "type": "Point", "coordinates": [ -152.23387106628914, 66.425881097814326 ] } },
{ "type": "Feature", "properties": { "field_1": 810, "x": 79887.80953, "y": 1800749.542, "scaled_x": 0.62664561852833001, "scaled_y": 0.71878459664093097, "post_mean": 3.53359301298154, "post_sd": 0.11562513394099801, "post_q10": 3.3855620462840599, "post_q50": 3.5332454630679999, "post_q90": 3.6821914245958398, "post_prob_exceed": 0.80583333333333296, "prosp_score_happy": 2.8474870362942899, "prosp_score_sad": 3.3855620462840599, "domain_class": "tier 1" }, "geometry": { "type": "Point", "coordinates": [ -152.233871066690853, 66.154974023813651 ] } },
{ "type": "Feature", "properties": { "field_1": 811, "x": 80698.05073, "y": 1770289.543, "scaled_x": 0.626875047975754, "scaled_y": 0.70289477889418395, "post_mean": 3.55119729661513, "post_sd": 0.116933425835288, "post_q10": 3.3996094261640502, "post_q50": 3.5516357620955001, "post_q90": 3.70098655239256, "post_prob_exceed": 0.8415, "prosp_score_happy": 2.9883325251016402, "prosp_score_sad": 3.3996094261640502, "domain_class": "tier 1" }, "geometry": { "type": "Point", "coordinates": [ -152.233871066308751, 65.881137591834346 ] } },
{ "type": "Feature", "properties": { "field_1": 812, "x": 81517.51511, "y": 1739482.809, "scaled_x": 0.62710708907646295, "scaled_y": 0.68682408274502904, "post_mean": 3.56444334579023, "post_sd": 0.117931195517766, "post_q10": 3.4121329864864198, "post_q50": 3.5644440596841198, "post_q90": 3.7159503378713001, "post_prob_exceed": 0.86566666666666703, "prosp_score_happy": 3.08561978967241, "prosp_score_sad": 3.4121329864864198, "domain_class": "tier 1" }, "geometry": { "type": "Point", "coordinates": [ -152.23387106659041, 65.60434642762614 ] } },
{ "type": "Feature", "properties": { "field_1": 813, "x": 82346.25827000001, "y": 1708327.252, "scaled_x": 0.62734175757425803, "scaled_y": 0.67057141896364203, "post_mean": 3.5717560929374401, "post_sd": 0.118462261775484, "post_q10": 3.4203898287921599, "post_q50": 3.5709799900580701, "post_q90": 3.7243907597031201, "post_prob_exceed": 0.87766666666666704, "prosp_score_happy": 3.1348112642347599, "prosp_score_sad": 3.4203898287921599, "domain_class": "tier 1" }, "geometry": { "type": "Point", "coordinates": [ -152.233871066254494, 65.32457519866017 ] } },
{ "type": "Feature", "properties": { "field_1": 814, "x": 83184.33506, "y": 1676820.808, "scaled_x": 0.62757906900057103, "scaled_y": 0.65413571084007605, "post_mean": 3.5715524313456699, "post_sd": 0.118430951466116, "post_q10": 3.4197672787176701, "post_q50": 3.5709108751826899, "post_q90": 3.7248517987748402, "post_prob_exceed": 0.87783333333333302, "prosp_score_happy": 3.1352277759829401, "prosp_score_sad": 3.4197672787176701, "domain_class": "tier 1" }, "geometry": { "type": "Point", "coordinates": [ -152.233871066439065, 65.041798545509522 ] } },
{ "type": "Feature", "properties": { "field_1": 815, "x": 84031.79954000001, "y": 1644961.446, "scaled_x": 0.62781903866313404, "scaled_y": 0.637515898879226, "post_mean": 3.56249576972857, "post_sd": 0.117809254926968, "post_q10": 3.4100845290513999, "post_q50": 3.5614985083752799, "post_q90": 3.7127504187471101, "post_prob_exceed": 0.86033333333333295, "prosp_score_happy": 3.0649338605564802, "prosp_score_sad": 3.4100845290513999, "domain_class": "tier 1" }, "geometry": { "type": "Point", "coordinates": [ -152.23387106639214, 64.75599115673019 ] } },
{ "type": "Feature", "properties": { "field_1": 816, "x": 84888.70494, "y": 1612747.164, "scaled_x": 0.62806168163465503, "scaled_y": 0.62071093871418104, "post_mean": 3.5437468863987198, "post_sd": 0.11664721627777699, "post_q10": 3.3903664619849501, "post_q50": 3.5433647629195799, "post_q90": 3.6915162137064699, "post_prob_exceed": 0.82983333333333298, "prosp_score_happy": 2.9407192912298701, "prosp_score_sad": 3.3903664619849501, "domain_class": "tier 1" }, "geometry": { "type": "Point", "coordinates": [ -152.23387106661022, 64.467127726962119 ] } },
{ "type": "Feature", "properties": { "field_1": 817, "x": 85755.10358, "y": 1580175.996, "scaled_x": 0.62830701273016698, "scaled_y": 0.60371980475785003, "post_mean": 3.5151709836214202, "post_sd": 0.115079646943875, "post_q10": 3.3654452929148202, "post_q50": 3.5161361488862499, "post_q90": 3.6596051763025899, "post_prob_exceed": 0.76416666666666699, "prosp_score_happy": 2.6861764933173702, "prosp_score_sad": 3.3654452929148202, "domain_class": "tier 2" }, "geometry": { "type": "Point", "coordinates": [ -152.233871066589927, 64.175183013553706 ] } },
{ "type": "Feature", "properties": { "field_1": 818, "x": 86631.04687000001, "y": 1547246.009, "scaled_x": 0.62855504650702299, "scaled_y": 0.58654148863798505, "post_mean": 3.4774655602939002, "post_sd": 0.11331496547768399, "post_q10": 3.3310714641492098, "post_q50": 3.4775447978219498, "post_q90": 3.6196512666417702, "post_prob_exceed": 0.64983333333333304, "prosp_score_happy": 2.2597730365976498, "prosp_score_sad": 3.3310714641492098, "domain_class": "tier 2" }, "geometry": { "type": "Point", "coordinates": [ -152.233871066504122, 63.880131803409974 ] } },
{ "type": "Feature", "properties": { "field_1": 819, "x": 87516.58522, "y": 1513955.308, "scaled_x": 0.62880579723941399, "scaled_y": 0.56917500180548497, "post_mean": 3.43218657707363, "post_sd": 0.111590608564994, "post_q10": 3.2886544986237398, "post_q50": 3.4307675961649902, "post_q90": 3.5736540684292799, "post_prob_exceed": 0.4885, "prosp_score_happy": 1.6766231429004701, "prosp_score_sad": 3.2886544986237398, "domain_class": "tier 3" }, "geometry": { "type": "Point", "coordinates": [ -152.233871066300793, 63.581948951428856 ] } },
{ "type": "Feature", "properties": { "field_1": 820, "x": 88411.768, "y": 1480302.036, "scaled_x": 0.62905927890704505, "scaled_y": 0.55161937553439599, "post_mean": 3.3816683334605102, "post_sd": 0.110089043834686, "post_q10": 3.2413162800340198, "post_q50": 3.3819721986857201, "post_q90": 3.5214561241714901, "post_prob_exceed": 0.31783333333333302, "prosp_score_happy": 1.0748069186515301, "prosp_score_sad": 3.2413162800340198, "domain_class": "Background" }, "geometry": { "type": "Point", "coordinates": [ -152.233871066513018, 63.280609374013203 ] } },
{ "type": "Feature", "properties": { "field_1": 821, "x": 89316.64351, "y": 1446284.378, "scaled_x": 0.62931550518663704, "scaled_y": 0.53387366300856198, "post_mean": 3.3288509836885201, "post_sd": 0.10883070816018101, "post_q10": 3.1898442877763702, "post_q50": 3.3306987457008099, "post_q90": 3.4679759834375199, "post_prob_exceed": 0.16666666666666699, "prosp_score_happy": 0.55480849728142101, "prosp_score_sad": 3.1898442877763702, "domain_class": "Background" }, "geometry": { "type": "Point", "coordinates": [ -152.233871066719331, 62.976088078274444 ] } },
{ "type": "Feature", "properties": { "field_1": 822, "x": 90231.25888, "y": 1411900.563, "scaled_x": 0.62957448942360905, "scaled_y": 0.51593694036494397, "post_mean": 3.27704408084375, "post_sd": 0.107585578321323, "post_q10": 3.1384590873282501, "post_q50": 3.27892785278683, "post_q90": 3.4161222276893999, "post_prob_exceed": 0.070166666666666697, "prosp_score_happy": 0.22993925967253701, "prosp_score_sad": 3.1384590873282501, "domain_class": "Background" }, "geometry": { "type": "Point", "coordinates": [ -152.233871066507049, 62.668360173226176 ] } },
{ "type": "Feature", "properties": { "field_1": 823, "x": 91155.66005000001, "y": 1377148.863, "scaled_x": 0.62983624462641996, "scaled_y": 0.49780830617195998, "post_mean": 3.2296620735283699, "post_sd": 0.105852374073672, "post_q10": 3.0935817353914001, "post_q50": 3.23050509477258, "post_q90": 3.3631501216052802, "post_prob_exceed": 0.0278333333333333, "prosp_score_happy": 0.089892261046539801, "prosp_score_sad": 3.0935817353914001, "domain_class": "Background" }, "geometry": { "type": "Point", "coordinates": [ -152.233871066374917, 62.357400854033941 ] } },
{ "type": "Feature", "properties": { "field_1": 824, "x": 92089.89169, "y": 1342027.598, "scaled_x": 0.63010078344391196, "scaled_y": 0.47948688403779599, "post_mean": 3.1899676917953101, "post_sd": 0.102933032904708, "post_q10": 3.0572509841558499, "post_q50": 3.1912178032187399, "post_q90": 3.3204070133507, "post_prob_exceed": 0.010166666666666701, "prosp_score_happy": 0.032431338199919002, "prosp_score_sad": 3.0572509841558499, "domain_class": "Background" }, "geometry": { "type": "Point", "coordinates": [ -152.233871066671043, 62.043185439841189 ] } },
{ "type": "Feature", "properties": { "field_1": 825, "x": 93033.99716, "y": 1306535.14, "scaled_x": 0.63036811815398697, "scaled_y": 0.460971824697049, "post_mean": 3.1608531105416202, "post_sd": 0.098102872720013903, "post_q10": 3.0350324736251602, "post_q50": 3.1616111382344698, "post_q90": 3.2859254795244501, "post_prob_exceed": 0.0036666666666666701, "prosp_score_happy": 0.0115897947386526, "prosp_score_sad": 3.0350324736251602, "domain_class": "Background" }, "geometry": { "type": "Point", "coordinates": [ -152.233871066340356, 61.725689402523599 ] } },
{ "type": "Feature", "properties": { "field_1": 826, "x": 93988.01844, "y": 1270669.909, "scaled_x": 0.63063826064378103, "scaled_y": 0.442262303924083, "post_mean": 3.1446794289932201, "post_sd": 0.090885713878622806, "post_q10": 3.0263523156751901, "post_q50": 3.1444477995527098, "post_q90": 3.2615587436218498, "post_prob_exceed": 0.00116666666666667, "prosp_score_happy": 0.0036687926671587598, "prosp_score_sad": 3.0263523156751901, "domain_class": "Background" }, "geometry": { "type": "Point", "coordinates": [ -152.23387106630841, 61.404888323848908 ] } },
{ "type": "Feature", "properties": { "field_1": 827, "x": 94951.99606, "y": 1234430.382, "scaled_x": 0.63091122238984698, "scaled_y": 0.42335752722798597, "post_mean": 3.1431850460261699, "post_sd": 0.081525545478037198, "post_q10": 3.03746375589966, "post_q50": 3.1423317171425098, "post_q90": 3.24800750966484, "post_prob_exceed": 0.00016666666666666701, "prosp_score_happy": 0.00052386417433769605, "prosp_score_sad": 3.03746375589966, "domain_class": "Background" }, "geometry": { "type": "Point", "coordinates": [ -152.233871066232751, 61.080757968764864 ] } },
{ "type": "Feature", "properties": { "field_1": 828, "x": 95925.96904, "y": 1197815.091, "scaled_x": 0.63118701444116199, "scaled_y": 0.40425672880924302, "post_mean": 3.1574648346331702, "post_sd": 0.071927379887755397, "post_q10": 3.0655615512861298, "post_q50": 3.1576190672181701, "post_q90": 3.2491952947095699, "post_prob_exceed": 0.0, "prosp_score_happy": 0.0, "prosp_score_sad": 3.0655615512861298, "domain_class": "Background" }, "geometry": { "type": "Point", "coordinates": [ -152.2338710666493, 60.753274260271844 ] } },
{ "type": "Feature", "properties": { "field_1": 829, "x": 103026.5817, "y": 930876.4814, "scaled_x": 0.63319763749879099, "scaled_y": 0.265005054634394, "post_mean": 3.6993791502016302, "post_sd": 0.27819755546813202, "post_q10": 3.3425164470747299, "post_q50": 3.7002695810933801, "post_q90": 4.0544091128051303, "post_prob_exceed": 0.8275, "prosp_score_happy": 3.0612362467918501, "prosp_score_sad": 3.3425164470747299, "domain_class": "tier 1" }, "geometry": { "type": "Point", "coordinates": [ -152.233871066755029, 58.365015855173269 ] } },
{ "type": "Feature", "properties": { "field_1": 830, "x": 93195.71175, "y": 2268464.984, "scaled_x": 0.63041390956650001, "scaled_y": 0.96277387355192301, "post_mean": 2.5062148882663702, "post_sd": 0.16210402598644599, "post_q10": 2.3036466734439398, "post_q50": 2.5042584148569098, "post_q90": 2.7157458526818501, "post_prob_exceed": 0.0, "prosp_score_happy": 0.0, "prosp_score_sad": 2.3036466734439398, "domain_class": "Background" }, "geometry": { "type": "Point", "coordinates": [ -151.560134602967821, 70.382568854704218 ] } },
{ "type": "Feature", "properties": { "field_1": 831, "x": 94110.82331000001, "y": 2243567.636, "scaled_x": 0.63067303430558097, "scaled_y": 0.94978587830946204, "post_mean": 2.64873483237082, "post_sd": 0.13959419829765299, "post_q10": 2.4719256433792598, "post_q50": 2.6481956388382302, "post_q90": 2.8262847046014499, "post_prob_exceed": 0.0, "prosp_score_happy": 0.0, "prosp_score_sad": 2.4719256433792598, "domain_class": "Background" }, "geometry": { "type": "Point", "coordinates": [ -151.560134602771086, 70.155113041053227 ] } },
{ "type": "Feature", "properties": { "field_1": 832, "x": 95037.26306, "y": 2218362.082, "scaled_x": 0.630935366756603, "scaled_y": 0.93663710377188603, "post_mean": 2.7788353804689301, "post_sd": 0.12489829924767, "post_q10": 2.6191391823272898, "post_q50": 2.7788473267473899, "post_q90": 2.9387261692745601, "post_prob_exceed": 0.0, "prosp_score_happy": 0.0, "prosp_score_sad": 2.6191391823272898, "domain_class": "Background" }, "geometry": { "type": "Point", "coordinates": [ -151.56013460359037, 69.925127464276514 ] } },
{ "type": "Feature", "properties": { "field_1": 833, "x": 95975.11758000001, "y": 2192845.969, "scaled_x": 0.63120093143572398, "scaled_y": 0.92332632246899005, "post_mean": 2.8961956776198998, "post_sd": 0.116536657415617, "post_q10": 2.7473950938661398, "post_q50": 2.8962659952297898, "post_q90": 3.0450360879452498, "post_prob_exceed": 0.0, "prosp_score_happy": 0.0, "prosp_score_sad": 2.7473950938661398, "domain_class": "Background" }, "geometry": { "type": "Point", "coordinates": [ -151.560134602993571, 69.692587755484453 ] } },
{ "type": "Feature", "properties": { "field_1": 834, "x": 96924.47319, "y": 2167016.946, "scaled_x": 0.63146975278548001, "scaled_y": 0.90985230797389605, "post_mean": 3.0007337982259701, "post_sd": 0.112388928535473, "post_q10": 2.8559829743586, "post_q50": 3.0018123885761301, "post_q90": 3.14416501404235, "post_prob_exceed": 0.0, "prosp_score_happy": 0.0, "prosp_score_sad": 2.8559829743586, "domain_class": "Background" }, "geometry": { "type": "Point", "coordinates": [ -151.560134603333438, 69.457469400359386 ] } },
{ "type": "Feature", "properties": { "field_1": 835, "x": 97885.41594000001, "y": 2140872.673, "scaled_x": 0.63174185517195303, "scaled_y": 0.89621383959800305, "post_mean": 3.0926304559675701, "post_sd": 0.110374350415573, "post_q10": 2.9510211308783001, "post_q50": 3.0940532242178498, "post_q90": 3.2346038004364002, "post_prob_exceed": 0.0005, "prosp_score_happy": 0.00154631522798378, "prosp_score_sad": 2.9510211308783001, "domain_class": "Background" }, "geometry": { "type": "Point", "coordinates": [ -151.560134603526592, 69.219747817363682 ] } },
{ "type": "Feature", "properties": { "field_1": 836, "x": 98858.03157000001, "y": 2114410.818, "scaled_x": 0.63201726287344695, "scaled_y": 0.882409700826007, "post_mean": 3.1723432791315198, "post_sd": 0.10897137989305899, "post_q10": 3.0328541912717601, "post_q50": 3.1734328676071799, "post_q90": 3.3120608747684099, "post_prob_exceed": 0.0066666666666666697, "prosp_score_happy": 0.0211489551942101, "prosp_score_sad": 3.0328541912717601, "domain_class": "Background" }, "geometry": { "type": "Point", "coordinates": [ -151.560134602925075, 68.979398326542153 ] } },
{ "type": "Feature", "properties": { "field_1": 837, "x": 99842.40544, "y": 2087629.057, "scaled_x": 0.632296000060662, "scaled_y": 0.86843867931589602, "post_mean": 3.2406080699624602, "post_sd": 0.107345994530196, "post_q10": 3.1022088736831601, "post_q50": 3.2406909205922099, "post_q90": 3.37909747852349, "post_prob_exceed": 0.036, "prosp_score_happy": 0.116661890518648, "prosp_score_sad": 3.1022088736831601, "domain_class": "Background" }, "geometry": { "type": "Point", "coordinates": [ -151.560134603005281, 68.736396145612005 ] } },
{ "type": "Feature", "properties": { "field_1": 838, "x": 100838.6226, "y": 2060525.077, "scaled_x": 0.63257809081651795, "scaled_y": 0.85429956846393995, "post_mean": 3.2984235062995899, "post_sd": 0.10523780347502699, "post_q10": 3.16354332535176, "post_q50": 3.2988834357262702, "post_q90": 3.4333955047767399, "post_prob_exceed": 0.099166666666666695, "prosp_score_happy": 0.32709366437470899, "prosp_score_sad": 3.16354332535176, "domain_class": "Background" }, "geometry": { "type": "Point", "coordinates": [ -151.560134602905919, 68.490716413065996 ] } },
{ "type": "Feature", "properties": { "field_1": 839, "x": 101846.7675, "y": 2033096.578, "scaled_x": 0.63286355905403902, "scaled_y": 0.83999116844800903, "post_mean": 3.34701608003384, "post_sd": 0.102779301104961, "post_q10": 3.2150807139616702, "post_q50": 3.3475923554871798, "post_q90": 3.4781437895005101, "post_prob_exceed": 0.202, "prosp_score_happy": 0.67609724816683503, "prosp_score_sad": 3.2150807139616702, "domain_class": "Background" }, "geometry": { "type": "Point", "coordinates": [ -151.560134604723743, 68.242334202113867 ] } },
{ "type": "Feature", "properties": { "field_1": 840, "x": 102866.9244, "y": 2005341.272, "scaled_x": 0.63315242863244803, "scaled_y": 0.82551228570591795, "post_mean": 3.3877829275483, "post_sd": 0.10032012650187901, "post_q10": 3.2585233523026802, "post_q50": 3.3880366568988598, "post_q90": 3.51499862725949, "post_prob_exceed": 0.32266666666666699, "prosp_score_happy": 1.0931246246222499, "prosp_score_sad": 3.2585233523026802, "domain_class": "Background" }, "geometry": { "type": "Point", "coordinates": [ -151.560134604522858, 67.991224507117806 ] } },
{ "type": "Feature", "properties": { "field_1": 841, "x": 103899.1769, "y": 1977256.884, "scaled_x": 0.63344472322407996, "scaled_y": 0.81086173345708301, "post_mean": 3.4222117622828101, "post_sd": 0.0982688127853341, "post_q10": 3.2950455532690199, "post_q50": 3.4227648579527101, "post_q90": 3.54546789094658, "post_prob_exceed": 0.45266666666666699, "prosp_score_happy": 1.54912119106002, "prosp_score_sad": 3.2950455532690199, "domain_class": "tier 3" }, "geometry": { "type": "Point", "coordinates": [ -151.560134602796722, 67.737362248339153 ] } },
{ "type": "Feature", "properties": { "field_1": 842, "x": 104943.6079, "y": 1948841.155, "scaled_x": 0.63374046630305902, "scaled_y": 0.79603833326751094, "post_mean": 3.4517795175749302, "post_sd": 0.096957444279520202, "post_q10": 3.32650953070958, "post_q50": 3.4525030015431102, "post_q90": 3.57333695430966, "post_prob_exceed": 0.57816666666666705, "prosp_score_happy": 1.99570385774457, "prosp_score_sad": 3.32650953070958, "domain_class": "tier 3" }, "geometry": { "type": "Point", "coordinates": [ -151.560134602620138, 67.480722294438081 ] } },
{ "type": "Feature", "properties": { "field_1": 843, "x": 106000.2999, "y": 1920091.841, "scaled_x": 0.63403968123024101, "scaled_y": 0.78104091452813396, "post_mean": 3.4778345070088501, "post_sd": 0.096548321474586293, "post_q10": 3.35240492587796, "post_q50": 3.4781235958151302, "post_q90": 3.6002582394337601, "post_prob_exceed": 0.67416666666666702, "prosp_score_happy": 2.3446400968084702, "prosp_score_sad": 3.35240492587796, "domain_class": "tier 2" }, "geometry": { "type": "Point", "coordinates": [ -151.560134603466253, 67.221279448608584 ] } },
{ "type": "Feature", "properties": { "field_1": 844, "x": 107069.3347, "y": 1891006.718, "scaled_x": 0.63434239116827196, "scaled_y": 0.76586831706311898, "post_mean": 3.5014707481098899, "post_sd": 0.097006161183780804, "post_q10": 3.3782644512277198, "post_q50": 3.5005936388438701, "post_q90": 3.62503423815307, "post_prob_exceed": 0.757, "prosp_score_happy": 2.65061335631919, "prosp_score_sad": 3.3782644512277198, "domain_class": "tier 2" }, "geometry": { "type": "Point", "coordinates": [ -151.560134604028889, 66.959008488880372 ] } },
{ "type": "Feature", "properties": { "field_1": 845, "x": 108150.7934, "y": 1861583.58, "scaled_x": 0.63464861908158199, "scaled_y": 0.750519390086549, "post_mean": 3.5234072077007998, "post_sd": 0.098138599861057704, "post_q10": 3.3972178899496899, "post_q50": 3.5231210226615501, "post_q90": 3.6498518150699399, "post_prob_exceed": 0.81666666666666698, "prosp_score_happy": 2.8774492196223198, "prosp_score_sad": 3.3972178899496899, "domain_class": "tier 1" }, "geometry": { "type": "Point", "coordinates": [ -151.560134603918954, 66.69388414506615 ] } },
{ "type": "Feature", "properties": { "field_1": 846, "x": 109244.7564, "y": 1831820.239, "scaled_x": 0.63495838773638802, "scaled_y": 0.73499299220241598, "post_mean": 3.5438882716158302, "post_sd": 0.099676009065517102, "post_q10": 3.4167255310909401, "post_q50": 3.5441037594451599, "post_q90": 3.6724292959589802, "post_prob_exceed": 0.86316666666666697, "prosp_score_happy": 3.0589662264497299, "prosp_score_sad": 3.4167255310909401, "domain_class": "tier 1" }, "geometry": { "type": "Point", "coordinates": [ -151.560134603620043, 66.425881093683699 ] } },
{ "type": "Feature", "properties": { "field_1": 847, "x": 110351.3031, "y": 1801714.533, "scaled_x": 0.63527171961574802, "scaled_y": 0.719287995577919, "post_mean": 3.5626237521920299, "post_sd": 0.101348673521734, "post_q10": 3.4324135661181301, "post_q50": 3.5624513720810098, "post_q90": 3.6920003420554699, "post_prob_exceed": 0.897, "prosp_score_happy": 3.19567350571625, "prosp_score_sad": 3.4324135661181301, "domain_class": "tier 1" }, "geometry": { "type": "Point", "coordinates": [ -151.560134604576831, 66.154974024750203 ] } },
{ "type": "Feature", "properties": { "field_1": 848, "x": 111470.5124, "y": 1771264.321, "scaled_x": 0.635588637061135, "scaled_y": 0.703403283335157, "post_mean": 3.5787860119758999, "post_sd": 0.10293373745145799, "post_q10": 3.4451873193928302, "post_q50": 3.57901891481142, "post_q90": 3.7107973188922099, "post_prob_exceed": 0.920333333333333, "prosp_score_happy": 3.2936760596884902, "prosp_score_sad": 3.4451873193928302, "domain_class": "tier 1" }, "geometry": { "type": "Point", "coordinates": [ -151.560134602230846, 65.88113759123415 ] } },
{ "type": "Feature", "properties": { "field_1": 849, "x": 112602.4618, "y": 1740467.486, "scaled_x": 0.63590916201759895, "scaled_y": 0.68733775111610895, "post_mean": 3.5910772299076399, "post_sd": 0.104268723399709, "post_q10": 3.4564243160238202, "post_q50": 3.5908964270538601, "post_q90": 3.7244871889961999, "post_prob_exceed": 0.9335, "prosp_score_happy": 3.35227059411879, "prosp_score_sad": 3.4564243160238202, "domain_class": "tier 1" }, "geometry": { "type": "Point", "coordinates": [ -151.56013460341714, 65.604346430836571 ] } },
{ "type": "Feature", "properties": { "field_1": 850, "x": 113747.2283, "y": 1709321.939, "scaled_x": 0.63623331628860502, "scaled_y": 0.67109030916928702, "post_mean": 3.5978711960262699, "post_sd": 0.105245387483835, "post_q10": 3.4615873135416, "post_q50": 3.5975470602106099, "post_q90": 3.7344053074078798, "post_prob_exceed": 0.9395, "prosp_score_happy": 3.3801999886666798, "prosp_score_sad": 3.4615873135416, "domain_class": "tier 1" }, "geometry": { "type": "Point", "coordinates": [ -151.560134603357909, 65.324575195957038 ] } },
{ "type": "Feature", "properties": { "field_1": 851, "x": 114904.8876, "y": 1677825.619, "scaled_x": 0.63656112130951104, "scaled_y": 0.65465988234973105, "post_mean": 3.5974219235881399, "post_sd": 0.105802208342454, "post_q10": 3.4613302566012401, "post_q50": 3.5972393563879699, "post_q90": 3.7324178058925099, "post_prob_exceed": 0.9365, "prosp_score_happy": 3.3689856314402902, "prosp_score_sad": 3.4613302566012401, "domain_class": "tier 1" }, "geometry": { "type": "Point", "coordinates": [ -151.560134603211395, 65.041798548162845 ] } },
{ "type": "Feature", "properties": { "field_1": 852, "x": 116075.5144, "y": 1645976.493, "scaled_x": 0.63689259823251199, "scaled_y": 0.63804541011901295, "post_mean": 3.5881179133679901, "post_sd": 0.105928148446312, "post_q10": 3.4510890756057999, "post_q50": 3.5883452184784899, "post_q90": 3.7219811228698498, "post_prob_exceed": 0.9255, "prosp_score_happy": 3.3208031288220701, "prosp_score_sad": 3.4510890756057999, "domain_class": "tier 1" }, "geometry": { "type": "Point", "coordinates": [ -151.560134603477906, 64.755991152212104 ] } },
{ "type": "Feature", "properties": { "field_1": 853, "x": 117259.1822, "y": 1613772.563, "scaled_x": 0.63722776787000801, "scaled_y": 0.62124585019686696, "post_mean": 3.5687492412298698, "post_sd": 0.10567840056495199, "post_q10": 3.4324456800880401, "post_q50": 3.5685035012332902, "post_q90": 3.7024862263918901, "post_prob_exceed": 0.89766666666666695, "prosp_score_happy": 3.20354723554401, "prosp_score_sad": 3.4324456800880401, "domain_class": "tier 1" }, "geometry": { "type": "Point", "coordinates": [ -151.560134602840549, 64.467127732837653 ] } },
{ "type": "Feature", "properties": { "field_1": 854, "x": 118455.9633, "y": 1581211.86, "scaled_x": 0.63756665069460605, "scaled_y": 0.60426017543121802, "post_mean": 3.5387481780463301, "post_sd": 0.105189295670909, "post_q10": 3.4026219260570199, "post_q50": 3.5391078127809399, "post_q90": 3.6715144114283098, "post_prob_exceed": 0.83816666666666695, "prosp_score_happy": 2.9660607645658299, "prosp_score_sad": 3.4026219260570199, "domain_class": "tier 1" }, "geometry": { "type": "Point", "coordinates": [ -151.560134602794875, 64.175183014839803 ] } },
{ "type": "Feature", "properties": { "field_1": 855, "x": 119665.9286, "y": 1548292.454, "scaled_x": 0.63790926678248405, "scaled_y": 0.58708737901480301, "post_mean": 3.49836534686529, "post_sd": 0.104669967971672, "post_q10": 3.3617449408398099, "post_q50": 3.49808303363913, "post_q90": 3.6296719863367799, "post_prob_exceed": 0.73033333333333295, "prosp_score_happy": 2.5549728249939498, "prosp_score_sad": 3.3617449408398099, "domain_class": "tier 2" }, "geometry": { "type": "Point", "coordinates": [ -151.560134604094998, 63.880131806469201 ] } },
{ "type": "Feature", "properties": { "field_1": 856, "x": 120889.1479, "y": 1515012.449, "scaled_x": 0.638255635898346, "scaled_y": 0.56972647187685999, "post_mean": 3.4487529007124502, "post_sd": 0.104349173188861, "post_q10": 3.3165509477357999, "post_q50": 3.4486266604187601, "post_q90": 3.58084173212381, "post_prob_exceed": 0.554, "prosp_score_happy": 1.9106091069947, "prosp_score_sad": 3.3165509477357999, "domain_class": "tier 3" }, "geometry": { "type": "Point", "coordinates": [ -151.56013460444575, 63.581948948167657 ] } },
{ "type": "Feature", "properties": { "field_1": 857, "x": 122125.6894, "y": 1481369.991, "scaled_x": 0.63860577735383195, "scaled_y": 0.55217648685641996, "post_mean": 3.3919420322826599, "post_sd": 0.10437294797395601, "post_q10": 3.2593395247062098, "post_q50": 3.3933820836033002, "post_q90": 3.5246702612791698, "post_prob_exceed": 0.3445, "prosp_score_happy": 1.16852403012138, "prosp_score_sad": 3.2593395247062098, "domain_class": "Background" }, "geometry": { "type": "Point", "coordinates": [ -151.560134602767363, 63.280609377844804 ] } },
{ "type": "Feature", "properties": { "field_1": 858, "x": 123375.6197, "y": 1447363.263, "scaled_x": 0.63895971000752605, "scaled_y": 0.53443647609400302, "post_mean": 3.3307202644070801, "post_sd": 0.104681352659603, "post_q10": 3.1959070858349001, "post_q50": 3.3323979025076702, "post_q90": 3.4630075868296402, "post_prob_exceed": 0.15983333333333299, "prosp_score_happy": 0.53236012226106499, "prosp_score_sad": 3.1959070858349001, "domain_class": "Background" }, "geometry": { "type": "Point", "coordinates": [ -151.560134602767363, 62.976088079537917 ] } },
{ "type": "Feature", "properties": { "field_1": 859, "x": 124639.0039, "y": 1412990.496, "scaled_x": 0.63931745229326897, "scaled_y": 0.51650551676989298, "post_mean": 3.2684301719584599, "post_sd": 0.104921155137079, "post_q10": 3.1332982746887801, "post_q50": 3.2703094429111799, "post_q90": 3.4011712430406398, "post_prob_exceed": 0.055, "prosp_score_happy": 0.179763659457715, "prosp_score_sad": 3.1332982746887801, "domain_class": "Background" }, "geometry": { "type": "Point", "coordinates": [ -151.560134602835944, 62.668360175055895 ] } },
{ "type": "Feature", "properties": { "field_1": 860, "x": 125915.9055, "y": 1378249.962, "scaled_x": 0.63967902219184203, "scaled_y": 0.49838270745251001, "post_mean": 3.2087216105447798, "post_sd": 0.10444770334473499, "post_q10": 3.0753599085291699, "post_q50": 3.2110566527811399, "post_q90": 3.3401726664956302, "post_prob_exceed": 0.0155, "prosp_score_happy": 0.049735184963444201, "prosp_score_sad": 3.0753599085291699, "domain_class": "Background" }, "geometry": { "type": "Point", "coordinates": [ -151.560134603228505, 62.357400854591241 ] } },
{ "type": "Feature", "properties": { "field_1": 861, "x": 127206.3862, "y": 1343139.982, "scaled_x": 0.64004443717433501, "scaled_y": 0.48006717227169898, "post_mean": 3.1552929909965002, "post_sd": 0.102433416033677, "post_q10": 3.0243574434335501, "post_q50": 3.1576999520329601, "post_q90": 3.28455991526666, "post_prob_exceed": 0.0041666666666666701, "prosp_score_happy": 0.013147054129152101, "prosp_score_sad": 3.0243574434335501, "domain_class": "Background" }, "geometry": { "type": "Point", "coordinates": [ -151.560134604170656, 62.043185441406429 ] } },
{ "type": "Feature", "properties": { "field_1": 862, "x": 128510.506, "y": 1307658.928, "scaled_x": 0.640413714230463, "scaled_y": 0.46155806196205901, "post_mean": 3.1116537664558699, "post_sd": 0.098074849245833803, "post_q10": 2.9866873523186799, "post_q50": 3.11267000793277, "post_q90": 3.23560588626265, "post_prob_exceed": 0.00083333333333333295, "prosp_score_happy": 0.00259304480537989, "prosp_score_sad": 2.9866873523186799, "domain_class": "Background" }, "geometry": { "type": "Point", "coordinates": [ -151.560134602568127, 61.725689402655227 ] } },
{ "type": "Feature", "properties": { "field_1": 863, "x": 129828.3227, "y": 1271805.221, "scaled_x": 0.64078686972698395, "scaled_y": 0.442854552819617, "post_mean": 3.0809325237434302, "post_sd": 0.090923418705974701, "post_q10": 2.9640365947032299, "post_q50": 3.08154688320715, "post_q90": 3.1961917600157701, "post_prob_exceed": 0.00016666666666666701, "prosp_score_happy": 0.00051348875395723897, "prosp_score_sad": 2.9640365947032299, "domain_class": "Background" }, "geometry": { "type": "Point", "coordinates": [ -151.560134602943293, 61.404888324577335 ] } },
{ "type": "Feature", "properties": { "field_1": 864, "x": 131159.8924, "y": 1235577.338, "scaled_x": 0.64116391954928198, "scaled_y": 0.42395585035345801, "post_mean": 3.0657453169053301, "post_sd": 0.081497158214092799, "post_q10": 2.9613320703724502, "post_q50": 3.0661757213232099, "post_q90": 3.16841627690803, "post_prob_exceed": 0.0, "prosp_score_happy": 0.0, "prosp_score_sad": 2.9613320703724502, "domain_class": "Background" }, "geometry": { "type": "Point", "coordinates": [ -151.560134602977399, 61.080757967706241 ] } },
{ "type": "Feature", "properties": { "field_1": 865, "x": 135237.6475, "y": 1124634.265, "scaled_x": 0.64231858448032497, "scaled_y": 0.366081087776016, "post_mean": 3.1309019239418099, "post_sd": 0.085337411327006493, "post_q10": 3.02122848487604, "post_q50": 3.13148393131448, "post_q90": 3.2380560955780102, "post_prob_exceed": 0.000333333333333333, "prosp_score_happy": 0.00104363397464727, "prosp_score_sad": 3.02122848487604, "domain_class": "Background" }, "geometry": { "type": "Point", "coordinates": [ -151.560134602961256, 60.088151490081358 ] } },
{ "type": "Feature", "properties": { "field_1": 866, "x": 136624.746, "y": 1086895.614, "scaled_x": 0.64271135794380596, "scaled_y": 0.34639427536350997, "post_mean": 3.1927048631436099, "post_sd": 0.116412439223779, "post_q10": 3.04213165092313, "post_q50": 3.1921260200559098, "post_q90": 3.3428154445312401, "post_prob_exceed": 0.021166666666666702, "prosp_score_happy": 0.067578919603206306, "prosp_score_sad": 3.04213165092313, "domain_class": "Background" }, "geometry": { "type": "Point", "coordinates": [ -151.560134603991457, 59.750465267953011 ] } },
{ "type": "Feature", "properties": { "field_1": 867, "x": 138025.8445, "y": 1048776.069, "scaled_x": 0.64310809567405502, "scaled_y": 0.32650876510335097, "post_mean": 3.27512895878847, "post_sd": 0.16016051673635401, "post_q10": 3.07041679424723, "post_q50": 3.27547520191884, "post_q90": 3.47799707728797, "post_prob_exceed": 0.1585, "prosp_score_happy": 0.519107939967973, "prosp_score_sad": 3.07041679424723, "domain_class": "Background" }, "geometry": { "type": "Point", "coordinates": [ -151.56013460331792, 59.409331439494146 ] } },
{ "type": "Feature", "properties": { "field_1": 868, "x": 118913.6547, "y": 2269540.912, "scaled_x": 0.63769625146656495, "scaled_y": 0.96333514408343601, "post_mean": 2.5208390985812201, "post_sd": 0.15748500078883301, "post_q10": 2.3218977239745602, "post_q50": 2.5184514356449199, "post_q90": 2.7230202049273902, "post_prob_exceed": 0.0, "prosp_score_happy": 0.0, "prosp_score_sad": 2.3218977239745602, "domain_class": "Background" }, "geometry": { "type": "Point", "coordinates": [ -150.886398140904191, 70.382568853763871 ] } },
{ "type": "Feature", "properties": { "field_1": 869, "x": 120081.2971, "y": 2244654.128, "scaled_x": 0.63802688332115498, "scaled_y": 0.95035265967617499, "post_mean": 2.67046548043984, "post_sd": 0.13293346383749899, "post_q10": 2.5042129234984598, "post_q50": 2.6683133018624501, "post_q90": 2.8418240618451902, "post_prob_exceed": 0.0, "prosp_score_happy": 0.0, "prosp_score_sad": 2.5042129234984598, "domain_class": "Background" }, "geometry": { "type": "Point", "coordinates": [ -150.886398140381687, 70.155113032783149 ] } },
{ "type": "Feature", "properties": { "field_1": 870, "x": 121263.3937, "y": 2219459.271, "scaled_x": 0.63836160805465503, "scaled_y": 0.93720946535481697, "post_mean": 2.8069137493020002, "post_sd": 0.116394308001997, "post_q10": 2.6593673760455698, "post_q50": 2.8079475705302599, "post_q90": 2.9565993681064402, "post_prob_exceed": 0.0, "prosp_score_happy": 0.0, "prosp_score_sad": 2.6593673760455698, "domain_class": "Background" }, "geometry": { "type": "Point", "coordinates": [ -150.886398140423211, 69.925127468921261 ] } },
{ "type": "Feature", "properties": { "field_1": 871, "x": 122460.0551, "y": 2193953.984, "scaled_x": 0.63870045698477196, "scaled_y": 0.92390433156251195, "post_mean": 2.9297614778224701, "post_sd": 0.10658587812909499, "post_q10": 2.7936332676256499, "post_q50": 2.9303244157436299, "post_q90": 3.0667729293669401, "post_prob_exceed": 0.0, "prosp_score_happy": 0.0, "prosp_score_sad": 2.7936332676256499, "domain_class": "Background" }, "geometry": { "type": "Point", "coordinates": [ -150.886398140660219, 69.6925877476952 ] } },
{ "type": "Feature", "properties": { "field_1": 872, "x": 123671.3914, "y": 2168135.922, "scaled_x": 0.63904346128763201, "scaled_y": 0.91043603500235004, "post_mean": 3.0388361220549198, "post_sd": 0.101431801045394, "post_q10": 2.9105493512718201, "post_q50": 3.0407464832276201, "post_q90": 3.1685995528409001, "post_prob_exceed": 0.0, "prosp_score_happy": 0.0, "prosp_score_sad": 2.9105493512718201, "domain_class": "Background" }, "geometry": { "type": "Point", "coordinates": [ -150.886398139154011, 69.457469400342461 ] } },
{ "type": "Feature", "properties": { "field_1": 873, "x": 124897.5123, "y": 2142002.743, "scaled_x": 0.63939065202609702, "scaled_y": 0.89680335394240895, "post_mean": 3.1342439375023101, "post_sd": 0.098741326077476904, "post_q10": 3.0072758994529099, "post_q50": 3.1350584128049102, "post_q90": 3.2604090929726701, "post_prob_exceed": 0.00066666666666666697, "prosp_score_happy": 0.00208949595833487, "prosp_score_sad": 3.0072758994529099, "domain_class": "Background" }, "geometry": { "type": "Point", "coordinates": [ -150.886398140495146, 69.219747818138217 ] } },
{ "type": "Feature", "properties": { "field_1": 874, "x": 126138.5273, "y": 2115552.116, "scaled_x": 0.63974206020639701, "scaled_y": 0.88300507238904402, "post_mean": 3.2163897146010001, "post_sd": 0.096849819548531599, "post_q10": 3.0905089253427702, "post_q50": 3.2161557312253599, "post_q90": 3.3402136020931001, "post_prob_exceed": 0.012, "prosp_score_happy": 0.038596676575211999, "prosp_score_sad": 3.0905089253427702, "domain_class": "Background" }, "geometry": { "type": "Point", "coordinates": [ -150.886398141303602, 68.979398321197309 ] } },
{ "type": "Feature", "properties": { "field_1": 875, "x": 127394.5454, "y": 2088781.72, "scaled_x": 0.64009771669317905, "scaled_y": 0.86903997956523105, "post_mean": 3.2859837308055799, "post_sd": 0.094830565675094805, "post_q10": 3.1637476477856001, "post_q50": 3.2859412736464599, "post_q90": 3.4069322330390301, "post_prob_exceed": 0.06, "prosp_score_happy": 0.197159023848335, "prosp_score_sad": 3.1637476477856001, "domain_class": "Background" }, "geometry": { "type": "Point", "coordinates": [ -150.886398139082814, 68.736396145465378 ] } },
{ "type": "Feature", "properties": { "field_1": 876, "x": 128665.6749, "y": 2061689.241, "scaled_x": 0.64045765215287997, "scaled_y": 0.85490686834557506, "post_mean": 3.3440320082458501, "post_sd": 0.092392391506651406, "post_q10": 3.2249203807748601, "post_q50": 3.3433595836521302, "post_q90": 3.4618297286949899, "post_prob_exceed": 0.1665, "prosp_score_happy": 0.55678132937293501, "prosp_score_sad": 3.2249203807748601, "domain_class": "Background" }, "geometry": { "type": "Point", "coordinates": [ -150.886398140413775, 68.490716411567561 ] } },
{ "type": "Feature", "properties": { "field_1": 877, "x": 129952.0238, "y": 2034272.381, "scaled_x": 0.64082189716698501, "scaled_y": 0.84060453995127404, "post_mean": 3.39180621899169, "post_sd": 0.089679030995815298, "post_q10": 3.27603005877075, "post_q50": 3.3919637016633102, "post_q90": 3.5059664194759801, "post_prob_exceed": 0.31916666666666699, "prosp_score_happy": 1.0825514848948501, "prosp_score_sad": 3.27603005877075, "domain_class": "Background" }, "geometry": { "type": "Point", "coordinates": [ -150.886398140836462, 68.242334201898856 ] } },
{ "type": "Feature", "properties": { "field_1": 878, "x": 131253.6994, "y": 2006528.853, "scaled_x": 0.64119048211876695, "scaled_y": 0.82613180134180098, "post_mean": 3.4307904203040902, "post_sd": 0.087067699733532594, "post_q10": 3.3184297253692798, "post_q50": 3.4311073321913801, "post_q90": 3.5422173114211599, "post_prob_exceed": 0.4855, "prosp_score_happy": 1.6656487490576399, "prosp_score_sad": 3.3184297253692798, "domain_class": "tier 3" }, "geometry": { "type": "Point", "coordinates": [ -150.886398140421448, 67.991224511132842 ] } },
{ "type": "Feature", "properties": { "field_1": 879, "x": 132570.8084, "y": 1978456.382, "scaled_x": 0.64156343722160303, "scaled_y": 0.81148746573657504, "post_mean": 3.4626031384078799, "post_sd": 0.084985318641994906, "post_q10": 3.3530183188837999, "post_q50": 3.4627169413833099, "post_q90": 3.57051561770098, "post_prob_exceed": 0.63016666666666699, "prosp_score_happy": 2.1820170777200301, "prosp_score_sad": 3.3530183188837999, "domain_class": "tier 2" }, "geometry": { "type": "Point", "coordinates": [ -150.886398140104347, 67.737362250807678 ] } },
{ "type": "Feature", "properties": { "field_1": 880, "x": 133903.4567, "y": 1950052.71, "scaled_x": 0.64194079246234004, "scaled_y": 0.79667035522326202, "post_mean": 3.4888956435449301, "post_sd": 0.083752188170242103, "post_q10": 3.3826635483989, "post_q50": 3.4890418682217899, "post_q90": 3.5957517467526499, "post_prob_exceed": 0.74466666666666703, "prosp_score_happy": 2.59806428922646, "prosp_score_sad": 3.3826635483989, "domain_class": "tier 2" }, "geometry": { "type": "Point", "coordinates": [ -150.886398140839646, 67.480722289946641 ] } },
{ "type": "Feature", "properties": { "field_1": 881, "x": 135251.7496, "y": 1921315.596, "scaled_x": 0.642322577657926, "scaled_y": 0.78167930075778103, "post_mean": 3.5112303625685599, "post_sd": 0.083482574997415904, "post_q10": 3.4046794885980098, "post_q50": 3.5112485936364899, "post_q90": 3.61605601933252, "post_prob_exceed": 0.82633333333333303, "prosp_score_happy": 2.9014466896024902, "prosp_score_sad": 3.4046794885980098, "domain_class": "tier 1" }, "geometry": { "type": "Point", "coordinates": [ -150.886398139001358, 67.221279450177818 ] } },
{ "type": "Feature", "properties": { "field_1": 882, "x": 136615.7913, "y": 1892242.815, "scaled_x": 0.64270882231383197, "scaled_y": 0.76651314164263695, "post_mean": 3.5309471908397101, "post_sd": 0.084073551991482295, "post_q10": 3.4235492665380498, "post_q50": 3.5306671708969102, "post_q90": 3.6370575315490798, "post_prob_exceed": 0.87833333333333297, "prosp_score_happy": 3.1013486159542101, "prosp_score_sad": 3.4235492665380498, "domain_class": "tier 1" }, "geometry": { "type": "Point", "coordinates": [ -150.886398139056865, 66.959008492072556 ] } },
{ "type": "Feature", "properties": { "field_1": 883, "x": 137995.6853, "y": 1862832.161, "scaled_x": 0.64309955573731703, "scaled_y": 0.75117072709191302, "post_mean": 3.5490296771622298, "post_sd": 0.085276840005038906, "post_q10": 3.4395159182827899, "post_q50": 3.5490846393076199, "post_q90": 3.6579508580904498, "post_prob_exceed": 0.9115, "prosp_score_happy": 3.2349405507333699, "prosp_score_sad": 3.4395159182827899, "domain_class": "tier 1" }, "geometry": { "type": "Point", "coordinates": [ -150.886398140983459, 66.693884137024881 ] } },
{ "type": "Feature", "properties": { "field_1": 884, "x": 139391.5342, "y": 1833081.451, "scaled_x": 0.64349480698079298, "scaled_y": 0.73565091831790896, "post_mean": 3.5659869597849099, "post_sd": 0.086804568023404999, "post_q10": 3.4552805548697498, "post_q50": 3.5650929333419801, "post_q90": 3.6769398505045499, "post_prob_exceed": 0.936, "prosp_score_happy": 3.33776379435868, "prosp_score_sad": 3.4552805548697498, "domain_class": "tier 1" }, "geometry": { "type": "Point", "coordinates": [ -150.886398140762907, 66.425881098162634 ] } },
{ "type": "Feature", "properties": { "field_1": 885, "x": 140803.4395, "y": 1802988.52, "scaled_x": 0.643894604785194, "scaled_y": 0.71995258592284095, "post_mean": 3.5817699812291699, "post_sd": 0.088413101397766702, "post_q10": 3.4701276850341101, "post_q50": 3.5807388252963999, "post_q90": 3.6949713174811301, "post_prob_exceed": 0.95433333333333303, "prosp_score_happy": 3.4182024854197102, "prosp_score_sad": 3.4701276850341101, "domain_class": "tier 1" }, "geometry": { "type": "Point", "coordinates": [ -150.886398140177874, 66.154974030212571 ] } },
{ "type": "Feature", "properties": { "field_1": 886, "x": 142231.5015, "y": 1772551.228, "scaled_x": 0.64429897755165899, "scaled_y": 0.70407461355046697, "post_mean": 3.59574073784374, "post_sd": 0.089938094764846002, "post_q10": 3.48120966395267, "post_q50": 3.5954867559734001, "post_q90": 3.71101574632771, "post_prob_exceed": 0.96533333333333304, "prosp_score_happy": 3.4710883922651501, "prosp_score_sad": 3.48120966395267, "domain_class": "tier 1" }, "geometry": { "type": "Point", "coordinates": [ -150.88639814153214, 65.881137587100952 ] } },
{ "type": "Feature", "properties": { "field_1": 887, "x": 143675.8196, "y": 1741767.461, "scaled_x": 0.64470795342648302, "scaled_y": 0.68801589840775301, "post_mean": 3.6067101218085602, "post_sd": 0.091286808312897705, "post_q10": 3.4904023748912101, "post_q50": 3.6071099706086001, "post_q90": 3.72395904955959, "post_prob_exceed": 0.97216666666666696, "prosp_score_happy": 3.5063233567515502, "prosp_score_sad": 3.4904023748912101, "domain_class": "tier 1" }, "geometry": { "type": "Point", "coordinates": [ -150.886398140115233, 65.604346425245581 ] } },
{ "type": "Feature", "properties": { "field_1": 888, "x": 145136.4916, "y": 1710635.131, "scaled_x": 0.645121560102901, "scaled_y": 0.67177535126487198, "post_mean": 3.6130526284641298, "post_sd": 0.092411615763781499, "post_q10": 3.49420590620218, "post_q50": 3.6134898225368102, "post_q90": 3.7317782596667799, "post_prob_exceed": 0.97533333333333305, "prosp_score_happy": 3.5239306636286898, "prosp_score_sad": 3.49420590620218, "domain_class": "tier 1" }, "geometry": { "type": "Point", "coordinates": [ -150.886398139547907, 65.324575198193642 ] } },
{ "type": "Feature", "properties": { "field_1": 889, "x": 146613.6143, "y": 1679152.175, "scaled_x": 0.64553982499098606, "scaled_y": 0.65535189593354104, "post_mean": 3.6128952198870299, "post_sd": 0.093290751171048195, "post_q10": 3.49385144765639, "post_q50": 3.6135149552652202, "post_q90": 3.7315771789741601, "post_prob_exceed": 0.97216666666666696, "prosp_score_happy": 3.5123363029335102, "prosp_score_sad": 3.49385144765639, "domain_class": "tier 1" }, "geometry": { "type": "Point", "coordinates": [ -150.886398139639283, 65.041798541665315 ] } },
{ "type": "Feature", "properties": { "field_1": 890, "x": 148107.2829, "y": 1647316.565, "scaled_x": 0.64596277504775101, "scaled_y": 0.63874447448364102, "post_mean": 3.6043644924409701, "post_sd": 0.0939323139322817, "post_q10": 3.4842860783568601, "post_q50": 3.6047507834496302, "post_q90": 3.7234026420133102, "post_prob_exceed": 0.96316666666666695, "prosp_score_happy": 3.4716037336360599, "prosp_score_sad": 3.4842860783568601, "domain_class": "tier 1" }, "geometry": { "type": "Point", "coordinates": [ -150.886398139321074, 64.755991157548252 ] } },
{ "type": "Feature", "properties": { "field_1": 891, "x": 149617.5912, "y": 1615126.299, "scaled_x": 0.64639043683378405, "scaled_y": 0.62195204254825898, "post_mean": 3.5858636963922002, "post_sd": 0.094399546216884206, "post_q10": 3.4664713954608302, "post_q50": 3.5852921353505298, "post_q90": 3.7047795712148299, "post_prob_exceed": 0.94233333333333302, "prosp_score_happy": 3.3790788899002502, "prosp_score_sad": 3.4664713954608302, "domain_class": "tier 1" }, "geometry": { "type": "Point", "coordinates": [ -150.886398141310764, 64.467127727130219 ] } },
{ "type": "Feature", "properties": { "field_1": 892, "x": 151144.6316, "y": 1582579.413, "scaled_x": 0.64682283651324701, "scaled_y": 0.60497357558362796, "post_mean": 3.5563423758595101, "post_sd": 0.094836177745473205, "post_q10": 3.4343694038410102, "post_q50": 3.55661814643214, "post_q90": 3.6770046553002298, "post_prob_exceed": 0.9005, "prosp_score_happy": 3.2024863094614902, "prosp_score_sad": 3.4343694038410102, "domain_class": "tier 1" }, "geometry": { "type": "Point", "coordinates": [ -150.886398140340191, 64.175183012457921 ] } },
{ "type": "Feature", "properties": { "field_1": 893, "x": 152688.4945, "y": 1549673.976, "scaled_x": 0.64725999968397496, "scaled_y": 0.58780806626082505, "post_mean": 3.5155192602955401, "post_sd": 0.095459033943652696, "post_q10": 3.3921500467326902, "post_q50": 3.5156658684956699, "post_q90": 3.6358285151345702, "post_prob_exceed": 0.8015, "prosp_score_happy": 2.81768868712687, "prosp_score_sad": 3.3921500467326902, "domain_class": "tier 1" }, "geometry": { "type": "Point", "coordinates": [ -150.886398140550227, 63.880131805529764 ] } },
{ "type": "Feature", "properties": { "field_1": 894, "x": 154249.2689, "y": 1516408.093, "scaled_x": 0.64770195154737897, "scaled_y": 0.57045452603074698, "post_mean": 3.4640248915447098, "post_sd": 0.096490412219362706, "post_q10": 3.3410594870169699, "post_q50": 3.4632313778483801, "post_q90": 3.5877509047391301, "post_prob_exceed": 0.62033333333333296, "prosp_score_happy": 2.1488501077215698, "prosp_score_sad": 3.3410594870169699, "domain_class": "tier 2" }, "geometry": { "type": "Point", "coordinates": [ -150.886398140090051, 63.581948948540166 ] } },
{ "type": "Feature", "properties": { "field_1": 895, "x": 155827.0417, "y": 1482779.91, "scaled_x": 0.648148716710229, "scaled_y": 0.552911987732427, "post_mean": 3.4034433785143099, "post_sd": 0.098031821336168196, "post_q10": 3.2776874073786599, "post_q50": 3.4039553437085202, "post_q90": 3.5280103894683901, "post_prob_exceed": 0.381, "prosp_score_happy": 1.29671192721395, "prosp_score_sad": 3.2776874073786599, "domain_class": "Background" }, "geometry": { "type": "Point", "coordinates": [ -150.886398140701573, 63.280609372404811 ] } },
{ "type": "Feature", "properties": { "field_1": 896, "x": 157421.8981, "y": 1448787.613, "scaled_x": 0.64860031929791995, "scaled_y": 0.53517950507137002, "post_mean": 3.3362496546089599, "post_sd": 0.099925662773695606, "post_q10": 3.2079357635211601, "post_q50": 3.3375565173567399, "post_q90": 3.46260501961107, "post_prob_exceed": 0.16166666666666701, "prosp_score_happy": 0.53936036082844896, "prosp_score_sad": 3.2079357635211601, "domain_class": "Background" }, "geometry": { "type": "Point", "coordinates": [ -150.886398140566143, 62.976088081033907 ] } },
{ "type": "Feature", "properties": { "field_1": 897, "x": 159033.9212, "y": 1414429.431, "scaled_x": 0.64905678284120605, "scaled_y": 0.51725615418453696, "post_mean": 3.26565562376393, "post_sd": 0.101678318474465, "post_q10": 3.1353525204142398, "post_q50": 3.2676244143405402, "post_q90": 3.39581698497333, "post_prob_exceed": 0.0445, "prosp_score_happy": 0.14532167525749501, "prosp_score_sad": 3.1353525204142398, "domain_class": "Background" }, "geometry": { "type": "Point", "coordinates": [ -150.886398139551545, 62.668360171617032 ] } },
{ "type": "Feature", "properties": { "field_1": 898, "x": 160663.1918, "y": 1379703.639, "scaled_x": 0.64951813021957105, "scaled_y": 0.49914103520533198, "post_mean": 3.1953916590775702, "post_sd": 0.102495254086048, "post_q10": 3.0650407989398998, "post_q50": 3.19833988058673, "post_q90": 3.3247023474412201, "post_prob_exceed": 0.011, "prosp_score_happy": 0.035149308249853198, "prosp_score_sad": 3.0650407989398998, "domain_class": "Background" }, "geometry": { "type": "Point", "coordinates": [ -150.886398140274622, 62.357400854701602 ] } },
{ "type": "Feature", "properties": { "field_1": 899, "x": 162309.7888, "y": 1344608.558, "scaled_x": 0.64998438377448997, "scaled_y": 0.48083327226360101, "post_mean": 3.1294566836415401, "post_sd": 0.10142893614764099, "post_q10": 3.0008952038728398, "post_q50": 3.1308761945664001, "post_q90": 3.2580071980238698, "post_prob_exceed": 0.002, "prosp_score_happy": 0.0062589133672830803, "prosp_score_sad": 3.0008952038728398, "domain_class": "Background" }, "geometry": { "type": "Point", "coordinates": [ -150.886398140300088, 62.043185447111497 ] } },
{ "type": "Feature", "properties": { "field_1": 900, "x": 163973.7886, "y": 1309142.559, "scaled_x": 0.65045556513953096, "scaled_y": 0.46233201557228198, "post_mean": 3.0718700684246101, "post_sd": 0.097626822734137794, "post_q10": 2.94761119746597, "post_q50": 3.0722809440647199, "post_q90": 3.1962014044965601, "post_prob_exceed": 0.000333333333333333, "prosp_score_happy": 0.0010239566894748699, "prosp_score_sad": 2.94761119746597, "domain_class": "Background" }, "geometry": { "type": "Point", "coordinates": [ -150.886398140212037, 61.725689400930399 ] } },
{ "type": "Feature", "properties": { "field_1": 901, "x": 165655.2651, "y": 1273304.066, "scaled_x": 0.65093169524036099, "scaled_y": 0.44363644299238503, "post_mean": 3.0264530325295498, "post_sd": 0.090734420424921802, "post_q10": 2.9107324506887098, "post_q50": 3.0275589940682699, "post_q90": 3.1414787613773298, "post_prob_exceed": 0.0, "prosp_score_happy": 0.0, "prosp_score_sad": 2.9107324506887098, "domain_class": "Background" }, "geometry": { "type": "Point", "coordinates": [ -150.886398140821683, 61.404888323197255 ] } },
{ "type": "Feature", "properties": { "field_1": 902, "x": 169070.9316, "y": 1200503.562, "scaled_x": 0.65189888189747303, "scaled_y": 0.40565920141626499, "post_mean": 2.9854585867583898, "post_sd": 0.074493576756304303, "post_q10": 2.8900733967292198, "post_q50": 2.9854778506711401, "post_q90": 3.0796794783024999, "post_prob_exceed": 0.0, "prosp_score_happy": 0.0, "prosp_score_sad": 2.8900733967292198, "domain_class": "Background" }, "geometry": { "type": "Point", "coordinates": [ -150.886398140336496, 60.753274259500422 ] } },
{ "type": "Feature", "properties": { "field_1": 903, "x": 170805.2563, "y": 1163538.679, "scaled_x": 0.652389976595664, "scaled_y": 0.38637603420736699, "post_mean": 2.9952908148790001, "post_sd": 0.077787519746099196, "post_q10": 2.8974505142489502, "post_q50": 2.9953681549347699, "post_q90": 3.0924223800433501, "post_prob_exceed": 0.0, "prosp_score_happy": 0.0, "prosp_score_sad": 2.8974505142489502, "domain_class": "Background" }, "geometry": { "type": "Point", "coordinates": [ -150.886398140167529, 60.422413331586519 ] } },
{ "type": "Feature", "properties": { "field_1": 904, "x": 172557.3272, "y": 1126195.559, "scaled_x": 0.65288609634177897, "scaled_y": 0.36689555520620498, "post_mean": 3.0280563355570398, "post_sd": 0.099543524723848906, "post_q10": 2.8985968267144302, "post_q50": 3.0271522953856, "post_q90": 3.1547793777676501, "post_prob_exceed": 0.00016666666666666701, "prosp_score_happy": 0.000504676055926173, "prosp_score_sad": 2.8985968267144302, "domain_class": "Background" }, "geometry": { "type": "Point", "coordinates": [ -150.886398139788213, 60.088151482378962 ] } },
{ "type": "Feature", "properties": { "field_1": 905, "x": 174327.2043, "y": 1088472.922, "scaled_x": 0.653387258125532, "scaled_y": 0.34721709668568002, "post_mean": 3.0851605422894202, "post_sd": 0.13909674268527, "post_q10": 2.9048927321740998, "post_q50": 3.0853336814535099, "post_q90": 3.2630973964479102, "post_prob_exceed": 0.0068333333333333302, "prosp_score_happy": 0.021081930372311101, "prosp_score_sad": 2.9048927321740998, "domain_class": "Background" }, "geometry": { "type": "Point", "coordinates": [ -150.886398140190465, 59.750465261950765 ] } },
{ "type": "Feature", "properties": { "field_1": 906, "x": 176114.9447, "y": 1050369.553, "scaled_x": 0.65389347811547005, "scaled_y": 0.32734002482671298, "post_mean": 3.1675829228748098, "post_sd": 0.192357957884873, "post_q10": 2.91856732117335, "post_q50": 3.1669360161263498, "post_q90": 3.4090155794113799, "post_prob_exceed": 0.080333333333333298, "prosp_score_happy": 0.25446249480427602, "prosp_score_sad": 2.91856732117335, "domain_class": "Background" }, "geometry": { "type": "Point", "coordinates": [ -150.886398139683735, 59.409331438546779 ] } },
{ "type": "Feature", "properties": { "field_1": 907, "x": 144619.3593, "y": 2270877.687, "scaled_x": 0.64497512793204304, "scaled_y": 0.96403248852912704, "post_mean": 2.5453490409499802, "post_sd": 0.15468250356510499, "post_q10": 2.34929806264415, "post_q50": 2.5444376415901999, "post_q90": 2.7455249325881899, "post_prob_exceed": 0.0, "prosp_score_happy": 0.0, "prosp_score_sad": 2.34929806264415, "domain_class": "Background" }, "geometry": { "type": "Point", "coordinates": [ -150.212661675983838, 70.382568850371726 ] } },
{ "type": "Feature", "properties": { "field_1": 908, "x": 146039.4122, "y": 2246004.03, "scaled_x": 0.645377232826439, "scaled_y": 0.95105685197624601, "post_mean": 2.7015632527604199, "post_sd": 0.127722672650808, "post_q10": 2.5424455523981, "post_q50": 2.6998441257156598, "post_q90": 2.8663087265375502, "post_prob_exceed": 0.0, "prosp_score_happy": 0.0, "prosp_score_sad": 2.5424455523981, "domain_class": "Background" }, "geometry": { "type": "Point", "coordinates": [ -150.212661677440622, 70.155113037423547 ] } },
{ "type": "Feature", "properties": { "field_1": 909, "x": 147477.0441, "y": 2220822.461, "scaled_x": 0.64578431542408599, "scaled_y": 0.937920589496817, "post_mean": 2.8437163856629599, "post_sd": 0.109057230814298, "post_q10": 2.7059368821923502, "post_q50": 2.8425245944976898, "post_q90": 2.9828096882715198, "post_prob_exceed": 0.0, "prosp_score_happy": 0.0, "prosp_score_sad": 2.7059368821923502, "domain_class": "Background" }, "geometry": { "type": "Point", "coordinates": [ -150.21266167611779, 69.925127467926984 ] } },
{ "type": "Feature", "properties": { "field_1": 910, "x": 148932.3891, "y": 2195330.627, "scaled_x": 0.64619641369699798, "scaled_y": 0.92462247362063599, "post_mean": 2.9712789591407902, "post_sd": 0.097714739030877906, "post_q10": 2.84712414824144, "post_q50": 2.97086233678468, "post_q90": 3.0976558255198801, "post_prob_exceed": 0.0, "prosp_score_happy": 0.0, "prosp_score_sad": 2.84712414824144, "domain_class": "Background" }, "geometry": { "type": "Point", "coordinates": [ -150.212661678040917, 69.692587752709926 ] } },
{ "type": "Feature", "properties": { "field_1": 911, "x": 150405.5814, "y": 2169526.182, "scaled_x": 0.64661356564550398, "scaled_y": 0.91116128052913403, "post_mean": 3.0839844737814901, "post_sd": 0.091739836604723804, "post_q10": 2.9684945037686501, "post_q50": 3.0852064644392501, "post_q90": 3.2021638925357099, "post_prob_exceed": 0.0, "prosp_score_happy": 0.0, "prosp_score_sad": 2.9684945037686501, "domain_class": "Background" }, "geometry": { "type": "Point", "coordinates": [ -150.212661676447539, 69.457469402494652 ] } },
{ "type": "Feature", "properties": { "field_1": 912, "x": 151896.7543, "y": 2143406.786, "scaled_x": 0.64703580901508495, "scaled_y": 0.89753578953371005, "post_mean": 3.18186399257345, "post_sd": 0.088806655146610902, "post_q10": 3.0685849298279599, "post_q50": 3.18288862863281, "post_q90": 3.2963688983019299, "post_prob_exceed": 0.00116666666666667, "prosp_score_happy": 0.00371217465800236, "prosp_score_sad": 3.0685849298279599, "domain_class": "Background" }, "geometry": { "type": "Point", "coordinates": [ -150.212661678707661, 69.219747815616486 ] } },
{ "type": "Feature", "properties": { "field_1": 913, "x": 153406.041, "y": 2116970.111, "scaled_x": 0.64746318152290905, "scaled_y": 0.88374478620570596, "post_mean": 3.2652720393463701, "post_sd": 0.087022712642495295, "post_q10": 3.1518024092926198, "post_q50": 3.2652297486142099, "post_q90": 3.3764844172645199, "post_prob_exceed": 0.025166666666666698, "prosp_score_happy": 0.082176012990216998, "prosp_score_sad": 3.1518024092926198, "domain_class": "Background" }, "geometry": { "type": "Point", "coordinates": [ -150.212661677490303, 68.979398328189646 ] } },
{ "type": "Feature", "properties": { "field_1": 914, "x": 154933.574, "y": 2090213.833, "scaled_x": 0.64789572068793, "scaled_y": 0.86978705820311097, "post_mean": 3.3348999168860098, "post_sd": 0.085285787060087506, "post_q10": 3.2248262947783601, "post_q50": 3.3343307324777198, "post_q90": 3.4446239449827898, "post_prob_exceed": 0.12116666666666701, "prosp_score_happy": 0.40407870659602202, "prosp_score_sad": 3.2248262947783601, "domain_class": "Background" }, "geometry": { "type": "Point", "coordinates": [ -150.212661677254999, 68.736396137907093 ] } },
{ "type": "Feature", "properties": { "field_1": 915, "x": 156479.4851, "y": 2063135.645, "scaled_x": 0.64833346383088597, "scaled_y": 0.85566140205216401, "post_mean": 3.3917721342451999, "post_sd": 0.083208451734612193, "post_q10": 3.2846767151954399, "post_q50": 3.39169683797313, "post_q90": 3.4992993320402501, "post_prob_exceed": 0.3095, "prosp_score_happy": 1.04975347554889, "prosp_score_sad": 3.2846767151954399, "domain_class": "Background" }, "geometry": { "type": "Point", "coordinates": [ -150.212661675753623, 68.490716417716328 ] } },
{ "type": "Feature", "properties": { "field_1": 916, "x": 158043.9055, "y": 2035733.245, "scaled_x": 0.64877644810262103, "scaled_y": 0.84136661688741499, "post_mean": 3.4372219954485002, "post_sd": 0.080887549259865202, "post_q10": 3.3336157739000298, "post_q50": 3.4370267592194099, "post_q90": 3.5426349954096898, "post_prob_exceed": 0.515, "prosp_score_happy": 1.77016932765598, "prosp_score_sad": 3.3336157739000298, "domain_class": "tier 3" }, "geometry": { "type": "Point", "coordinates": [ -150.212661678347843, 68.242334202901418 ] } },
{ "type": "Feature", "properties": { "field_1": 917, "x": 159626.9659, "y": 2008004.349, "scaled_x": 0.64922471051239705, "scaled_y": 0.826901511233324, "post_mean": 3.4728427813064902, "post_sd": 0.078667263824495806, "post_q10": 3.3727494258383901, "post_q50": 3.4727509167613899, "post_q90": 3.57475455880257, "post_prob_exceed": 0.68833333333333302, "prosp_score_happy": 2.3904734477992999, "prosp_score_sad": 3.3727494258383901, "domain_class": "tier 2" }, "geometry": { "type": "Point", "coordinates": [ -150.212661677695962, 67.991224504267777 ] } },
{ "type": "Feature", "properties": { "field_1": 918, "x": 161228.7959, "y": 1979946.685, "scaled_x": 0.64967828775799796, "scaled_y": 0.81226489987429196, "post_mean": 3.5004124984376901, "post_sd": 0.076930487755582505, "post_q10": 3.4030028409247302, "post_q50": 3.4993960743788501, "post_q90": 3.6003209324992, "post_prob_exceed": 0.812, "prosp_score_happy": 2.8423349487313998, "prosp_score_sad": 3.4030028409247302, "domain_class": "tier 1" }, "geometry": { "type": "Point", "coordinates": [ -150.212661676470503, 67.73736224967989 ] } },
{ "type": "Feature", "properties": { "field_1": 919, "x": 162849.5244, "y": 1951557.994, "scaled_x": 0.65013721633899402, "scaled_y": 0.79745560437632701, "post_mean": 3.5217921530887599, "post_sd": 0.075934648256752904, "post_q10": 3.4243189960568499, "post_q50": 3.5208992080095598, "post_q90": 3.6201266612171898, "post_prob_exceed": 0.8775, "prosp_score_happy": 3.09037261433539, "prosp_score_sad": 3.4243189960568499, "domain_class": "tier 1" }, "geometry": { "type": "Point", "coordinates": [ -150.212661676261149, 67.480722288345618 ] } },
{ "type": "Feature", "properties": { "field_1": 920, "x": 164489.2792, "y": 1922836.037, "scaled_x": 0.65060153244347796, "scaled_y": 0.78247245673866805, "post_mean": 3.5388005884108402, "post_sd": 0.0757248595390458, "post_q10": 3.44250512772124, "post_q50": 3.5381550970814, "post_q90": 3.63614241139426, "post_prob_exceed": 0.9185, "prosp_score_happy": 3.25038834045536, "prosp_score_sad": 3.44250512772124, "domain_class": "tier 1" }, "geometry": { "type": "Point", "coordinates": [ -150.212661677633861, 67.22127944937391 ] } },
{ "type": "Feature", "properties": { "field_1": 921, "x": 166148.1874, "y": 1893778.59, "scaled_x": 0.65107127206132798, "scaled_y": 0.76731429678548602, "post_mean": 3.5530727267215299, "post_sd": 0.076148877678761204, "post_q10": 3.4566510205602601, "post_q50": 3.5520043203678502, "post_q90": 3.65039430840093, "post_prob_exceed": 0.94133333333333302, "prosp_score_happy": 3.3446257934205299, "prosp_score_sad": 3.4566510205602601, "domain_class": "tier 1" }, "geometry": { "type": "Point", "coordinates": [ -150.212661677574829, 66.959008491618832 ] } },
{ "type": "Feature", "properties": { "field_1": 922, "x": 167826.3748, "y": 1864383.449, "scaled_x": 0.65154647081431305, "scaled_y": 0.75197997477418399, "post_mean": 3.5659123215706598, "post_sd": 0.076951797136640701, "post_q10": 3.4673039932457601, "post_q50": 3.56493445667674, "post_q90": 3.66274161134303, "post_prob_exceed": 0.95983333333333298, "prosp_score_happy": 3.4226815099875698, "prosp_score_sad": 3.4673039932457601, "domain_class": "tier 1" }, "geometry": { "type": "Point", "coordinates": [ -150.212661676751793, 66.693884144031074 ] } },
{ "type": "Feature", "properties": { "field_1": 923, "x": 169523.966, "y": 1834648.43, "scaled_x": 0.65202716398440697, "scaled_y": 0.73646835139540101, "post_mean": 3.5781545578299201, "post_sd": 0.077888766980218904, "post_q10": 3.4785109899886, "post_q50": 3.5768468939422799, "post_q90": 3.6770044316174402, "post_prob_exceed": 0.97, "prosp_score_happy": 3.4708099210950198, "prosp_score_sad": 3.4785109899886, "domain_class": "tier 1" }, "geometry": { "type": "Point", "coordinates": [ -150.212661677103853, 66.425881100458994 ] } },
{ "type": "Feature", "properties": { "field_1": 924, "x": 171241.0845, "y": 1804571.37, "scaled_x": 0.652513386542107, "scaled_y": 0.72077829829467799, "post_mean": 3.59005705720238, "post_sd": 0.078799812124229596, "post_q10": 3.4897054002538699, "post_q50": 3.58897800742246, "post_q90": 3.69066314852234, "post_prob_exceed": 0.97733333333333305, "prosp_score_happy": 3.5086824305724602, "prosp_score_sad": 3.4897054002538699, "domain_class": "tier 1" }, "geometry": { "type": "Point", "coordinates": [ -150.212661678310241, 66.154974023340799 ] } },
{ "type": "Feature", "properties": { "field_1": 925, "x": 172977.8524, "y": 1774150.133, "scaled_x": 0.65300517306148198, "scaled_y": 0.704908701202418, "post_mean": 3.6012390387976598, "post_sd": 0.079626318998102893, "post_q10": 3.4990318343175502, "post_q50": 3.6013731794784101, "post_q90": 3.70303090841991, "post_prob_exceed": 0.9835, "prosp_score_happy": 3.5418185946574998, "prosp_score_sad": 3.4990318343175502, "domain_class": "tier 1" }, "geometry": { "type": "Point", "coordinates": [ -150.212661676971834, 65.881137592324933 ] } },
{ "type": "Feature", "properties": { "field_1": 926, "x": 174734.3904, "y": 1743382.602, "scaled_x": 0.65350255772017396, "scaled_y": 0.688858455760604, "post_mean": 3.6106864445498501, "post_sd": 0.080381254129543306, "post_q10": 3.50837484831548, "post_q50": 3.6111209892540801, "post_q90": 3.7134548839805301, "post_prob_exceed": 0.98666666666666702, "prosp_score_happy": 3.5625439586225198, "prosp_score_sad": 3.50837484831548, "domain_class": "tier 1" }, "geometry": { "type": "Point", "coordinates": [ -150.21266167664453, 65.604346426956056 ] } },
{ "type": "Feature", "properties": { "field_1": 927, "x": 176510.8176, "y": 1712266.692, "scaled_x": 0.65400557424276795, "scaled_y": 0.67262647430439404, "post_mean": 3.6168349854999602, "post_sd": 0.081102839188068099, "post_q10": 3.51341441398759, "post_q50": 3.61763841480058, "post_q90": 3.7200778074443202, "post_prob_exceed": 0.98666666666666702, "prosp_score_happy": 3.5686105190266302, "prosp_score_sad": 3.51341441398759, "domain_class": "tier 1" }, "geometry": { "type": "Point", "coordinates": [ -150.21266167588476, 65.324575197771736 ] } },
{ "type": "Feature", "properties": { "field_1": 928, "x": 178307.2516, "y": 1680800.342, "scaled_x": 0.65451425592910395, "scaled_y": 0.65621168168882704, "post_mean": 3.6177333733321002, "post_sd": 0.081824493713546304, "post_q10": 3.5154831607117099, "post_q50": 3.6179509912663601, "post_q90": 3.72180619879139, "post_prob_exceed": 0.98666666666666702, "prosp_score_happy": 3.5694969283543401, "prosp_score_sad": 3.5154831607117099, "domain_class": "tier 1" }, "geometry": { "type": "Point", "coordinates": [ -150.212661676058019, 65.041798548718631 ] } },
{ "type": "Feature", "properties": { "field_1": 929, "x": 180123.8083, "y": 1648981.522, "scaled_x": 0.65502863559764801, "scaled_y": 0.63961301894046096, "post_mean": 3.6112764499005001, "post_sd": 0.0825815472721598, "post_q10": 3.50644965759653, "post_q50": 3.6113242841490201, "post_q90": 3.71583835786844, "post_prob_exceed": 0.983833333333333, "prosp_score_happy": 3.5528941472937698, "prosp_score_sad": 3.50644965759653, "domain_class": "tier 1" }, "geometry": { "type": "Point", "coordinates": [ -150.212661677010402, 64.755991154122356 ] } },
{ "type": "Feature", "properties": { "field_1": 930, "x": 181960.6018, "y": 1616808.235, "scaled_x": 0.65554874555717402, "scaled_y": 0.62282944430069098, "post_mean": 3.5954848432129101, "post_sd": 0.0834497425582333, "post_q10": 3.48912981824569, "post_q50": 3.5957258121354001, "post_q90": 3.7015056672954301, "post_prob_exceed": 0.97466666666666701, "prosp_score_happy": 3.5043992271848499, "prosp_score_sad": 3.48912981824569, "domain_class": "tier 1" }, "geometry": { "type": "Point", "coordinates": [ -150.212661676849137, 64.467127730597923 ] } },
{ "type": "Feature", "properties": { "field_1": 931, "x": 183817.7442, "y": 1584278.515, "scaled_x": 0.65607461755013197, "scaled_y": 0.60585993218242995, "post_mean": 3.5687970849086499, "post_sd": 0.084583024648609201, "post_q10": 3.4604561589806901, "post_q50": 3.56852077132839, "post_q90": 3.6776385217991701, "post_prob_exceed": 0.9465, "prosp_score_happy": 3.3778664408660402, "prosp_score_sad": 3.4604561589806901, "domain_class": "tier 1" }, "geometry": { "type": "Point", "coordinates": [ -150.212661678489923, 64.175183013107173 ] } },
{ "type": "Feature", "properties": { "field_1": 932, "x": 185695.3458, "y": 1551390.433, "scaled_x": 0.65660628280928202, "scaled_y": 0.58870347630007402, "post_mean": 3.5303348651561199, "post_sd": 0.086204329972245197, "post_q10": 3.4196362991417, "post_q50": 3.5303320074304501, "post_q90": 3.6399712740556098, "post_prob_exceed": 0.86983333333333301, "prosp_score_happy": 3.0708029435416302, "prosp_score_sad": 3.4196362991417, "domain_class": "tier 1" }, "geometry": { "type": "Point", "coordinates": [ -150.212661678374531, 63.880131802292354 ] } },
{ "type": "Feature", "properties": { "field_1": 933, "x": 187593.5146, "y": 1518142.096, "scaled_x": 0.65714377191610895, "scaled_y": 0.57135908914784705, "post_mean": 3.4801041733822, "post_sd": 0.088517138897754602, "post_q10": 3.3671471845612002, "post_q50": 3.4797217356051799, "post_q90": 3.59316008257451, "post_prob_exceed": 0.69183333333333297, "prosp_score_happy": 2.40765207061825, "prosp_score_sad": 3.3671471845612002, "domain_class": "tier 2" }, "geometry": { "type": "Point", "coordinates": [ -150.212661678017867, 63.581948949394985 ] } },
{ "type": "Feature", "properties": { "field_1": 934, "x": 189512.3565, "y": 1484531.65, "scaled_x": 0.65768711485746101, "scaled_y": 0.55382580356478095, "post_mean": 3.41910461613984, "post_sd": 0.091552837127430495, "post_q10": 3.3024682574458102, "post_q50": 3.4189184184319399, "post_q90": 3.5351800626060701, "post_prob_exceed": 0.44116666666666698, "prosp_score_happy": 1.5083949864870201, "prosp_score_sad": 3.3024682574458102, "domain_class": "tier 3" }, "geometry": { "type": "Point", "coordinates": [ -150.212661676351246, 63.28060937649397 ] } },
{ "type": "Feature", "properties": { "field_1": 935, "x": 191451.9749, "y": 1450557.281, "scaled_x": 0.65823634091227901, "scaled_y": 0.53610267325638095, "post_mean": 3.3493341810616601, "post_sd": 0.095026427527608995, "post_q10": 3.2275846681755, "post_q50": 3.3505320145245201, "post_q90": 3.4695777356301698, "post_prob_exceed": 0.182666666666667, "prosp_score_happy": 0.61181171040726401, "prosp_score_sad": 3.2275846681755, "domain_class": "Background" }, "geometry": { "type": "Point", "coordinates": [ -150.212661676620712, 62.976088079046598 ] } },
{ "type": "Feature", "properties": { "field_1": 936, "x": 193412.4708, "y": 1416217.221, "scaled_x": 0.65879147867991605, "scaled_y": 0.518188775924592, "post_mean": 3.2736936699905299, "post_sd": 0.098286827400452706, "post_q10": 3.1465951947608901, "post_q50": 3.2767280214233501, "post_q90": 3.3970099524723101, "post_prob_exceed": 0.046333333333333303, "prosp_score_happy": 0.15168114004289501, "prosp_score_sad": 3.1465951947608901, "domain_class": "Background" }, "geometry": { "type": "Point", "coordinates": [ -150.21266167752222, 62.66836017273063 ] } },
{ "type": "Feature", "properties": { "field_1": 937, "x": 195393.9428, "y": 1381509.744, "scaled_x": 0.65935255608013599, "scaled_y": 0.50008321118115795, "post_mean": 3.19580995573545, "post_sd": 0.100397050355218, "post_q10": 3.0671930671431502, "post_q50": 3.1985720119388499, "post_q90": 3.3206958298489102, "post_prob_exceed": 0.0075, "prosp_score_happy": 0.023968574668015899, "prosp_score_sad": 3.0671930671431502, "domain_class": "Background" }, "geometry": { "type": "Point", "coordinates": [ -150.212661677845887, 62.357400850890969 ] } },
{ "type": "Feature", "properties": { "field_1": 938, "x": 197396.4866, "y": 1346433.173, "scaled_x": 0.65991960021153495, "scaled_y": 0.48178510419924903, "post_mean": 3.1198072366819098, "post_sd": 0.10032452675270399, "post_q10": 2.9893187561505599, "post_q50": 3.1211622329740001, "post_q90": 3.2446975180192399, "post_prob_exceed": 0.001, "prosp_score_happy": 0.0031198072366819098, "prosp_score_sad": 2.9893187561505599, "domain_class": "Background" }, "geometry": { "type": "Point", "coordinates": [ -150.212661678393914, 62.043185440410902 ] } },
{ "type": "Feature", "properties": { "field_1": 939, "x": 199420.1952, "y": 1310985.881, "scaled_x": 0.66049263740817099, "scaled_y": 0.463293606235124, "post_mean": 3.0500588690242898, "post_sd": 0.097235000036807503, "post_q10": 2.9233697967455101, "post_q50": 3.05110894614762, "post_q90": 3.1740631682023701, "post_prob_exceed": 0.00016666666666666701, "prosp_score_happy": 0.00050834314483738196, "prosp_score_sad": 2.9233697967455101, "domain_class": "Background" }, "geometry": { "type": "Point", "coordinates": [ -150.212661677007929, 61.725689403520072 ] } },
{ "type": "Feature", "properties": { "field_1": 940, "x": 201465.1585, "y": 1275166.29, "scaled_x": 0.66107169312629899, "scaled_y": 0.444607894106471, "post_mean": 2.9909497994276402, "post_sd": 0.0909918055064943, "post_q10": 2.8731416238038401, "post_q50": 2.99308406477624, "post_q90": 3.1060179527654901, "post_prob_exceed": 0.0, "prosp_score_happy": 0.0, "prosp_score_sad": 2.8731416238038401, "domain_class": "Background" }, "geometry": { "type": "Point", "coordinates": [ -150.212661677292459, 61.404888321977005 ] } },
{ "type": "Feature", "properties": { "field_1": 941, "x": 205619.1936, "y": 1202404.184, "scaled_x": 0.66224795764799405, "scaled_y": 0.40665068329994603, "post_mean": 2.9210712639102399, "post_sd": 0.0792163810541682, "post_q10": 2.81916108474348, "post_q50": 2.9215548532743401, "post_q90": 3.0211839216619198, "post_prob_exceed": 0.0, "prosp_score_happy": 0.0, "prosp_score_sad": 2.81916108474348, "domain_class": "Background" }, "geometry": { "type": "Point", "coordinates": [ -150.212661676887876, 60.753274263379119 ] } },
{ "type": "Feature", "properties": { "field_1": 942, "x": 207728.4293, "y": 1165458.797, "scaled_x": 0.66284521286179898, "scaled_y": 0.38737768640940001, "post_mean": 2.91753668598587, "post_sd": 0.088732617828719301, "post_q10": 2.8066741784075, "post_q50": 2.9181657444179998, "post_q90": 3.03089117847267, "post_prob_exceed": 0.0, "prosp_score_happy": 0.0, "prosp_score_sad": 2.8066741784075, "domain_class": "Background" }, "geometry": { "type": "Point", "coordinates": [ -150.212661677388382, 60.422413330820362 ] } },
{ "type": "Feature", "properties": { "field_1": 943, "x": 209859.2474, "y": 1128135.373, "scaled_x": 0.66344857938925506, "scaled_y": 0.36790748205894702, "post_mean": 2.9389523603632699, "post_sd": 0.118175687678003, "post_q10": 2.78677409184768, "post_q50": 2.9397657673755702, "post_q90": 3.0886324040357298, "post_prob_exceed": 0.0, "prosp_score_happy": 0.0, "prosp_score_sad": 2.78677409184768, "domain_class": "Background" }, "geometry": { "type": "Point", "coordinates": [ -150.212661677404128, 60.088151481482925 ] } },
{ "type": "Feature", "properties": { "field_1": 944, "x": 212011.7209, "y": 1090432.633, "scaled_x": 0.66405807790118099, "scaled_y": 0.34823940304315298, "post_mean": 2.98768048658749, "post_sd": 0.16588655087270901, "post_q10": 2.7760341379097802, "post_q50": 2.98933897859074, "post_q90": 3.1971549696443402, "post_prob_exceed": 0.0048333333333333301, "prosp_score_happy": 0.014440455685172901, "prosp_score_sad": 2.7760341379097802, "domain_class": "Background" }, "geometry": { "type": "Point", "coordinates": [ -150.212661677287144, 59.750465268336981 ] } },
{ "type": "Feature", "properties": { "field_1": 945, "x": 170310.1797, "y": 2272475.172, "scaled_x": 0.65224978975898995, "scaled_y": 0.96486583542132998, "post_mean": 2.5779489749265001, "post_sd": 0.154847936856433, "post_q10": 2.38158932456966, "post_q50": 2.5782414268489702, "post_q90": 2.7779597547520098, "post_prob_exceed": 0.0, "prosp_score_happy": 0.0, "prosp_score_sad": 2.38158932456966, "domain_class": "Background" }, "geometry": { "type": "Point", "coordinates": [ -149.53892521377972, 70.382568849930294 ] } },
{ "type": "Feature", "properties": { "field_1": 946, "x": 171982.4971, "y": 2247617.201, "scaled_x": 0.65272332635155095, "scaled_y": 0.951898381655362, "post_mean": 2.74020554155909, "post_sd": 0.125263241059965, "post_q10": 2.5819347682253699, "post_q50": 2.7394760645537399, "post_q90": 2.9040986716803601, "post_prob_exceed": 0.0, "prosp_score_happy": 0.0, "prosp_score_sad": 2.5819347682253699, "domain_class": "Background" }, "geometry": { "type": "Point", "coordinates": [ -149.538925214527126, 70.155113036079726 ] } },
{ "type": "Feature", "properties": { "field_1": 947, "x": 173675.5162, "y": 2222451.512, "scaled_x": 0.65320272487706699, "scaled_y": 0.93877040316523397, "post_mean": 2.8874024968436198, "post_sd": 0.104328386093749, "post_q10": 2.7578959758305901, "post_q50": 2.88638656822845, "post_q90": 3.0219371439042599, "post_prob_exceed": 0.0, "prosp_score_happy": 0.0, "prosp_score_sad": 2.7578959758305901, "domain_class": "Background" }, "geometry": { "type": "Point", "coordinates": [ -149.538925215173776, 69.925127464103582 ] } },
{ "type": "Feature", "properties": { "field_1": 948, "x": 175389.3952, "y": 2196975.754, "scaled_x": 0.65368803013175303, "scaled_y": 0.92548067352406604, "post_mean": 3.0188993492531102, "post_sd": 0.091493596874004796, "post_q10": 2.9024145073688898, "post_q50": 3.0181260152110201, "post_q90": 3.13683397129613, "post_prob_exceed": 0.0, "prosp_score_happy": 0.0, "prosp_score_sad": 2.9024145073688898, "domain_class": "Background" }, "geometry": { "type": "Point", "coordinates": [ -149.53892521479122, 69.692587749399109 ] } },
{ "type": "Feature", "properties": { "field_1": 949, "x": 177124.2918, "y": 2171187.582, "scaled_x": 0.65417928677024195, "scaled_y": 0.91202796943494902, "post_mean": 3.1343337325640199, "post_sd": 0.085038600686582699, "post_q10": 3.0272840456829799, "post_q50": 3.1346303276374301, "post_q90": 3.24467487760369, "post_prob_exceed": 0.0, "prosp_score_happy": 0.0, "prosp_score_sad": 3.0272840456829799, "domain_class": "Background" }, "geometry": { "type": "Point", "coordinates": [ -149.538925214906868, 69.457469398483468 ] } },
{ "type": "Feature", "properties": { "field_1": 950, "x": 178880.3633, "y": 2145084.658, "scaled_x": 0.65467653933390202, "scaled_y": 0.898411071252608, "post_mean": 3.2336622108064299, "post_sd": 0.082498212815039398, "post_q10": 3.1273633977453299, "post_q50": 3.2336350647294898, "post_q90": 3.3412625352985299, "post_prob_exceed": 0.0066666666666666697, "prosp_score_happy": 0.021557748072042901, "prosp_score_sad": 3.1273633977453299, "domain_class": "Background" }, "geometry": { "type": "Point", "coordinates": [ -149.538925215225419, 69.219747814310466 ] } },
{ "type": "Feature", "properties": { "field_1": 951, "x": 180657.7664, "y": 2118664.654, "scaled_x": 0.65517983219420595, "scaled_y": 0.88462876454838502, "post_mean": 3.31719288689614, "post_sd": 0.081653622538179205, "post_q10": 3.2110468511642898, "post_q50": 3.31676361225799, "post_q90": 3.4222508359005399, "post_prob_exceed": 0.078333333333333297, "prosp_score_happy": 0.25984677614019702, "prosp_score_sad": 3.2110468511642898, "domain_class": "Background" }, "geometry": { "type": "Point", "coordinates": [ -149.538925213671831, 68.979398319734585 ] } },
{ "type": "Feature", "properties": { "field_1": 952, "x": 182456.657, "y": 2091925.251, "scaled_x": 0.65568920949609499, "scaled_y": 0.87067983958857598, "post_mean": 3.3856056138528099, "post_sd": 0.081121516656746301, "post_q10": 3.27993280590595, "post_q50": 3.38505866178508, "post_q90": 3.4900424943138, "post_prob_exceed": 0.279, "prosp_score_happy": 0.94458396626493302, "prosp_score_sad": 3.27993280590595, "domain_class": "Background" }, "geometry": { "type": "Point", "coordinates": [ -149.538925212994627, 68.73639614455837 ] } },
{ "type": "Feature", "properties": { "field_1": 953, "x": 184277.1905, "y": 2064864.138, "scaled_x": 0.656204715242931, "scaled_y": 0.85656309081277604, "post_mean": 3.43995522853825, "post_sd": 0.080329951917187198, "post_q10": 3.3364794087543701, "post_q50": 3.4398053936556501, "post_q90": 3.5435967802699602, "post_prob_exceed": 0.52716666666666701, "prosp_score_happy": 1.8134297313110801, "prosp_score_sad": 3.3364794087543701, "domain_class": "tier 3" }, "geometry": { "type": "Point", "coordinates": [ -149.538925214913036, 68.49071641225504 ] } },
{ "type": "Feature", "properties": { "field_1": 954, "x": 186119.5215, "y": 2037479.02, "scaled_x": 0.65672639321154502, "scaled_y": 0.84227732100716302, "post_mean": 3.4816532498447201, "post_sd": 0.079243819522184594, "post_q10": 3.3798304759877098, "post_q50": 3.4807767641937701, "post_q90": 3.58349104879332, "post_prob_exceed": 0.73216666666666697, "prosp_score_happy": 2.5491504544279802, "prosp_score_sad": 3.3798304759877098, "domain_class": "tier 2" }, "geometry": { "type": "Point", "coordinates": [ -149.538925214472584, 68.242334208248124 ] } },
{ "type": "Feature", "properties": { "field_1": 955, "x": 187983.8037, "y": 2009767.61, "scaled_x": 0.65725428692392296, "scaled_y": 0.82782133713121497, "post_mean": 3.5124240608295398, "post_sd": 0.078083577271527996, "post_q10": 3.4129107248970199, "post_q50": 3.5124586672964502, "post_q90": 3.6123566535913398, "post_prob_exceed": 0.84166666666666701, "prosp_score_happy": 2.9562902511981899, "prosp_score_sad": 3.4129107248970199, "domain_class": "tier 1" }, "geometry": { "type": "Point", "coordinates": [ -149.538925215473682, 67.991224503313518 ] } },
{ "type": "Feature", "properties": { "field_1": 956, "x": 189870.1899, "y": 1981727.64, "scaled_x": 0.65778843964720501, "scaled_y": 0.81319395605597999, "post_mean": 3.5342326772690398, "post_sd": 0.077103088608043602, "post_q10": 3.4355529893245702, "post_q50": 3.5339999212730899, "post_q90": 3.63332869697452, "post_prob_exceed": 0.90266666666666695, "prosp_score_happy": 3.1902340300148602, "prosp_score_sad": 3.4355529893245702, "domain_class": "tier 1" }, "geometry": { "type": "Point", "coordinates": [ -149.538925212707511, 67.737362248403429 ] } },
{ "type": "Feature", "properties": { "field_1": 957, "x": 191778.8317, "y": 1953356.852, "scaled_x": 0.65832889430873798, "scaled_y": 0.79839399986912596, "post_mean": 3.5491833392909302, "post_sd": 0.076443953290563998, "post_q10": 3.45108486026328, "post_q50": 3.5489876408196301, "post_q90": 3.64692758993248, "post_prob_exceed": 0.93583333333333296, "prosp_score_happy": 3.3214440750197598, "prosp_score_sad": 3.45108486026328, "domain_class": "tier 1" }, "geometry": { "type": "Point", "coordinates": [ -149.538925213399466, 67.480722289021969 ] } },
{ "type": "Feature", "properties": { "field_1": 958, "x": 193709.8798, "y": 1924653.008, "scaled_x": 0.65887569358102105, "scaled_y": 0.78342030109155603, "post_mean": 3.5593909836661002, "post_sd": 0.076081988380574797, "post_q10": 3.4627792048759098, "post_q50": 3.55881315607972, "post_q90": 3.6569567117572799, "post_prob_exceed": 0.95066666666666699, "prosp_score_happy": 3.38379436180524, "prosp_score_sad": 3.4627792048759098, "domain_class": "tier 1" }, "geometry": { "type": "Point", "coordinates": [ -149.538925214260672, 67.221279450452755 ] } },
{ "type": "Feature", "properties": { "field_1": 959, "x": 195663.4838, "y": 1895613.885, "scaled_x": 0.65942887982507603, "scaled_y": 0.76827170006910095, "post_mean": 3.5668314904024201, "post_sd": 0.075863961001058203, "post_q10": 3.46992811143119, "post_q50": 3.5666735468016499, "post_q90": 3.66524470906521, "post_prob_exceed": 0.96233333333333304, "prosp_score_happy": 3.43248083759726, "prosp_score_sad": 3.46992811143119, "domain_class": "tier 1" }, "geometry": { "type": "Point", "coordinates": [ -149.538925214196809, 66.959008487957874 ] } },
{ "type": "Feature", "properties": { "field_1": 960, "x": 197639.7918, "y": 1866237.282, "scaled_x": 0.65998849497718204, "scaled_y": 0.75294704862414996, "post_mean": 3.57318092075506, "post_sd": 0.075599445899055304, "post_q10": 3.47640779090609, "post_q50": 3.5728038247296698, "post_q90": 3.67091491593645, "post_prob_exceed": 0.9685, "prosp_score_happy": 3.4606257217512799, "prosp_score_sad": 3.47640779090609, "domain_class": "tier 1" }, "geometry": { "type": "Point", "coordinates": [ -149.538925212606301, 66.693884144993646 ] } },
{ "type": "Feature", "properties": { "field_1": 961, "x": 199638.9506, "y": 1836521.014, "scaled_x": 0.66055458060550898, "scaled_y": 0.73744520692568105, "post_mean": 3.5796584492033299, "post_sd": 0.075155222897661106, "post_q10": 3.4827269194473902, "post_q50": 3.5794432851114002, "post_q90": 3.6758405391346698, "post_prob_exceed": 0.9755, "prosp_score_happy": 3.4919568171978499, "prosp_score_sad": 3.4827269194473902, "domain_class": "tier 1" }, "geometry": { "type": "Point", "coordinates": [ -149.538925213893833, 66.425881094029862 ] } },
{ "type": "Feature", "properties": { "field_1": 962, "x": 201661.1056, "y": 1806462.923, "scaled_x": 0.66112717788179798, "scaled_y": 0.72176504922754203, "post_mean": 3.5868914366436901, "post_sd": 0.074510994947099604, "post_q10": 3.4917781149615199, "post_q50": 3.58662918628051, "post_q90": 3.68248145734916, "post_prob_exceed": 0.98266666666666702, "prosp_score_happy": 3.5247186517418698, "prosp_score_sad": 3.4917781149615199, "domain_class": "tier 1" }, "geometry": { "type": "Point", "coordinates": [ -149.538925213104164, 66.154974030161426 ] } },
{ "type": "Feature", "properties": { "field_1": 963, "x": 203706.4006, "y": 1776060.869, "scaled_x": 0.66170632752473202, "scaled_y": 0.70590545917349201, "post_mean": 3.5948231562949799, "post_sd": 0.073760404421671005, "post_q10": 3.5012552023337098, "post_q50": 3.5946492581041798, "post_q90": 3.6888753356080399, "post_prob_exceed": 0.98683333333333301, "prosp_score_happy": 3.5474913180704299, "prosp_score_sad": 3.5012552023337098, "domain_class": "tier 1" }, "geometry": { "type": "Point", "coordinates": [ -149.538925213973613, 65.881137585032064 ] } },
{ "type": "Feature", "properties": { "field_1": 964, "x": 205774.9777, "y": 1745312.742, "scaled_x": 0.66229206977161903, "scaled_y": 0.68986533605714395, "post_mean": 3.6026829126167801, "post_sd": 0.073065229273829704, "post_q10": 3.5094000372735699, "post_q50": 3.60199021590069, "post_q90": 3.6957822002132401, "post_prob_exceed": 0.98916666666666697, "prosp_score_happy": 3.5636538477300999, "prosp_score_sad": 3.5094000372735699, "domain_class": "tier 1" }, "geometry": { "type": "Point", "coordinates": [ -149.538925213210916, 65.604346429042678 ] } },
{ "type": "Feature", "properties": { "field_1": 965, "x": 207866.9772, "y": 1714216.454, "scaled_x": 0.66288444435007499, "scaled_y": 0.67364359064866997, "post_mean": 3.6090338935808401, "post_sd": 0.072590130141273301, "post_q10": 3.5169248377218301, "post_q50": 3.6080461608695402, "post_q90": 3.7024992444781999, "post_prob_exceed": 0.99183333333333301, "prosp_score_happy": 3.57956011678327, "prosp_score_sad": 3.5169248377218301, "domain_class": "tier 1" }, "geometry": { "type": "Point", "coordinates": [ -149.5389252145022, 65.324575194017356 ] } },
{ "type": "Feature", "properties": { "field_1": 966, "x": 209982.5377, "y": 1682769.948, "scaled_x": 0.66348349050634103, "scaled_y": 0.65723914988975796, "post_mean": 3.6119057112013802, "post_sd": 0.072456828062950299, "post_q10": 3.52150141976924, "post_q50": 3.6113395099924799, "post_q90": 3.70383552505267, "post_prob_exceed": 0.99233333333333296, "prosp_score_happy": 3.58421443408217, "prosp_score_sad": 3.52150141976924, "domain_class": "tier 1" }, "geometry": { "type": "Point", "coordinates": [ -149.538925213220267, 65.04179854804002 ] } },
{ "type": "Feature", "properties": { "field_1": 967, "x": 212121.7955, "y": 1650971.194, "scaled_x": 0.66408924683538695, "scaled_y": 0.64065095480696599, "post_mean": 3.60900694634821, "post_sd": 0.072748371127722394, "post_q10": 3.5166098084777002, "post_q50": 3.6089061457278899, "post_q90": 3.70281928493768, "post_prob_exceed": 0.99216666666666697, "prosp_score_happy": 3.58073639193515, "prosp_score_sad": 3.5166098084777002, "domain_class": "tier 1" }, "geometry": { "type": "Point", "coordinates": [ -149.538925215062704, 64.755991154084001 ] } },
{ "type": "Feature", "properties": { "field_1": 968, "x": 214284.8851, "y": 1618818.197, "scaled_x": 0.664701751422487, "scaled_y": 0.623877964685012, "post_mean": 3.5979998022815201, "post_sd": 0.073560239826008594, "post_q10": 3.5048319051791101, "post_q50": 3.5982719731359598, "post_q90": 3.6933487210940901, "post_prob_exceed": 0.98883333333333301, "prosp_score_happy": 3.55782213782271, "prosp_score_sad": 3.5048319051791101, "domain_class": "tier 1" }, "geometry": { "type": "Point", "coordinates": [ -149.538925213987056, 64.467127735293587 ] } },
{ "type": "Feature", "properties": { "field_1": 969, "x": 216471.9386, "y": 1586308.991, "scaled_x": 0.66532104167333295, "scaled_y": 0.60691915393680795, "post_mean": 3.5768068938339699, "post_sd": 0.075052444372231297, "post_q10": 3.4816523909188901, "post_q50": 3.5764715429430298, "post_q90": 3.6737661420413801, "post_prob_exceed": 0.97316666666666696, "prosp_score_happy": 3.4808292421827498, "prosp_score_sad": 3.4816523909188901, "domain_class": "tier 1" }, "geometry": { "type": "Point", "coordinates": [ -149.53892521341885, 64.175183015520389 ] } },
{ "type": "Feature", "properties": { "field_1": 970, "x": 218683.0856, "y": 1553441.649, "scaled_x": 0.66594715428570594, "scaled_y": 0.58977351732007599, "post_mean": 3.5439122047196001, "post_sd": 0.077437631193597603, "post_q10": 3.4462565716903701, "post_q50": 3.5435267596259901, "post_q90": 3.64415088664783, "post_prob_exceed": 0.92383333333333295, "prosp_score_happy": 3.2739842251267901, "prosp_score_sad": 3.4462565716903701, "domain_class": "tier 1" }, "geometry": { "type": "Point", "coordinates": [ -149.538925214130643, 63.88013180255799 ] } },
{ "type": "Feature", "properties": { "field_1": 971, "x": 220918.4534, "y": 1520214.28, "scaled_x": 0.66658012530611999, "scaled_y": 0.57244006837236106, "post_mean": 3.4986167139982198, "post_sd": 0.080869367343929896, "post_q10": 3.3947880040976899, "post_q50": 3.4988546491523298, "post_q90": 3.60120644656446, "post_prob_exceed": 0.78283333333333305, "prosp_score_happy": 2.7388337842749402, "prosp_score_sad": 3.3947880040976899, "domain_class": "tier 2" }, "geometry": { "type": "Point", "coordinates": [ -149.538925214409346, 63.581948954794441 ] } },
{ "type": "Feature", "properties": { "field_1": 972, "x": 223178.1668, "y": 1486625.029, "scaled_x": 0.66721999007318, "scaled_y": 0.55491783941103501, "post_mean": 3.4412150927808001, "post_sd": 0.0852689501548686, "post_q10": 3.3315074388830102, "post_q50": 3.4417122368007802, "post_q90": 3.54891025198159, "post_prob_exceed": 0.5335, "prosp_score_happy": 1.83588825199856, "prosp_score_sad": 3.3315074388830102, "domain_class": "tier 3" }, "geometry": { "type": "Point", "coordinates": [ -149.538925214166852, 63.28060937486881 ] } },
{ "type": "Feature", "properties": { "field_1": 973, "x": 225462.3475, "y": 1452672.086, "scaled_x": 0.66786678304769098, "scaled_y": 0.53720588622824905, "post_mean": 3.3730722113812099, "post_sd": 0.090193737353135003, "post_q10": 3.2570564040107799, "post_q50": 3.3736113840608999, "post_q90": 3.4861917465645198, "post_prob_exceed": 0.24966666666666701, "prosp_score_happy": 0.84214369544150802, "prosp_score_sad": 3.2570564040107799, "domain_class": "Background" }, "geometry": { "type": "Point", "coordinates": [ -149.538925214751799, 62.97608808381824 ] } },
{ "type": "Feature", "properties": { "field_1": 974, "x": 227771.1146, "y": 1418353.682, "scaled_x": 0.66852053795423605, "scaled_y": 0.51930328600428799, "post_mean": 3.2965941411517798, "post_sd": 0.094833334946551301, "post_q10": 3.17507729185815, "post_q50": 3.2990988944610402, "post_q90": 3.4155446275393699, "post_prob_exceed": 0.070833333333333304, "prosp_score_happy": 0.233508751664917, "prosp_score_sad": 3.17507729185815, "domain_class": "Background" }, "geometry": { "type": "Point", "coordinates": [ -149.538925214367794, 62.668360178326743 ] } },
{ "type": "Feature", "properties": { "field_1": 975, "x": 230104.5841, "y": 1383668.092, "scaled_x": 0.66918128763959805, "scaled_y": 0.50120913887255603, "post_mean": 3.2151044180030701, "post_sd": 0.098140412831941207, "post_q10": 3.0886260064574098, "post_q50": 3.2163347852723798, "post_q90": 3.33839179200714, "post_prob_exceed": 0.0105, "prosp_score_happy": 0.033758596389032197, "prosp_score_sad": 3.0886260064574098, "domain_class": "Background" }, "geometry": { "type": "Point", "coordinates": [ -149.538925213995043, 62.357400851010837 ] } },
{ "type": "Feature", "properties": { "field_1": 976, "x": 232462.8686, "y": 1348613.642, "scaled_x": 0.66984906398780797, "scaled_y": 0.48292257157120899, "post_mean": 3.1326489097919898, "post_sd": 0.099061907713507896, "post_q10": 3.00360058357152, "post_q50": 3.1343638496386199, "post_q90": 3.25748879928017, "post_prob_exceed": 0.00133333333333333, "prosp_score_happy": 0.0041768652130559896, "prosp_score_sad": 3.00360058357152, "domain_class": "Background" }, "geometry": { "type": "Point", "coordinates": [ -149.538925213981173, 62.043185446156421 ] } },
{ "type": "Feature", "properties": { "field_1": 977, "x": 234846.0777, "y": 1313188.703, "scaled_x": 0.67052389803341095, "scaled_y": 0.464442734313182, "post_mean": 3.0537595177716801, "post_sd": 0.096887291233739903, "post_q10": 2.92643153173054, "post_q50": 3.0555430242027399, "post_q90": 3.1773051165876001, "post_prob_exceed": 0.00016666666666666701, "prosp_score_happy": 0.00050895991962861297, "prosp_score_sad": 2.92643153173054, "domain_class": "Background" }, "geometry": { "type": "Point", "coordinates": [ -149.538925214141187, 61.725689398922007 ] } },
{ "type": "Feature", "properties": { "field_1": 978, "x": 237254.3173, "y": 1277391.701, "scaled_x": 0.671205819763255, "scaled_y": 0.44576880600281099, "post_mean": 2.9832077623128299, "post_sd": 0.091872259166825204, "post_q10": 2.86276174775647, "post_q50": 2.9847026284889502, "post_q90": 3.09946303612853, "post_prob_exceed": 0.0, "prosp_score_happy": 0.0, "prosp_score_sad": 2.86276174775647, "domain_class": "Background" }, "geometry": { "type": "Point", "coordinates": [ -149.538925214295233, 61.404888317895946 ] } },
{ "type": "Feature", "properties": { "field_1": 979, "x": 239687.6897, "y": 1241221.116, "scaled_x": 0.67189485814480199, "scaled_y": 0.42689999371416898, "post_mean": 2.9257746214631801, "post_sd": 0.086514461191318795, "post_q10": 2.81560834266423, "post_q50": 2.9265336282735999, "post_q90": 3.03437677093196, "post_prob_exceed": 0.0, "prosp_score_happy": 0.0, "prosp_score_sad": 2.81560834266423, "domain_class": "Background" }, "geometry": { "type": "Point", "coordinates": [ -149.538925213661173, 61.080757968923116 ] } },
{ "type": "Feature", "properties": { "field_1": 980, "x": 242146.2935, "y": 1204675.482, "scaled_x": 0.67259104109781598, "scaled_y": 0.40783553269106299, "post_mean": 2.8860552047182302, "post_sd": 0.0874485903731968, "post_q10": 2.7723932693445601, "post_q50": 2.8874577787823799, "post_q90": 2.9964887667387599, "post_prob_exceed": 0.0, "prosp_score_happy": 0.0, "prosp_score_sad": 2.7723932693445601, "domain_class": "Background" }, "geometry": { "type": "Point", "coordinates": [ -149.538925212722177, 60.753274267908353 ] } },
{ "type": "Feature", "properties": { "field_1": 981, "x": 244630.2231, "y": 1167753.393, "scaled_x": 0.67329439535278401, "scaled_y": 0.38857468947701002, "post_mean": 2.8683077625851499, "post_sd": 0.10411595701679401, "post_q10": 2.7345026454799202, "post_q50": 2.8699862146106101, "post_q90": 3.0000046249962602, "post_prob_exceed": 0.0, "prosp_score_happy": 0.0, "prosp_score_sad": 2.7345026454799202, "domain_class": "Background" }, "geometry": { "type": "Point", "coordinates": [ -149.538925214914883, 60.422413327308305 ] } },
{ "type": "Feature", "properties": { "field_1": 982, "x": 247139.5691, "y": 1130453.507, "scaled_x": 0.67400494656417298, "scaled_y": 0.36911676400188198, "post_mean": 2.8763481173717498, "post_sd": 0.14099008140728, "post_q10": 2.6963044367645499, "post_q50": 2.8767042043746298, "post_q90": 3.05534872547703, "post_prob_exceed": 0.0, "prosp_score_happy": 0.0, "prosp_score_sad": 2.6963044367645499, "domain_class": "Background" }, "geometry": { "type": "Point", "coordinates": [ -149.538925214437739, 60.088151484177246 ] } },
{ "type": "Feature", "properties": { "field_1": 983, "x": 249674.4175, "y": 1092774.543, "scaled_x": 0.67472271908390802, "scaled_y": 0.34946108801692, "post_mean": 2.9134841293523399, "post_sd": 0.19629451009788701, "post_q10": 2.6613133078950399, "post_q50": 2.9169607645730702, "post_q90": 3.1616302413078499, "post_prob_exceed": 0.0053333333333333297, "prosp_score_happy": 0.0155385820232125, "prosp_score_sad": 2.6613133078950399, "domain_class": "Background" }, "geometry": { "type": "Point", "coordinates": [ -149.538925214562568, 59.750465266431981 ] } },
{ "type": "Feature", "properties": { "field_1": 984, "x": 195983.472, "y": 2274333.202, "scaled_x": 0.65951948829562601, "scaled_y": 0.96583509868584905, "post_mean": 2.6169220446632302, "post_sd": 0.159179377412835, "post_q10": 2.4115843799066901, "post_q50": 2.6171405122922602, "post_q90": 2.8205419265217002, "post_prob_exceed": 0.0, "prosp_score_happy": 0.0, "prosp_score_sad": 2.4115843799066901, "domain_class": "Background" }, "geometry": { "type": "Point", "coordinates": [ -148.865188750683302, 70.382568846984768 ] } },
{ "type": "Feature", "properties": { "field_1": 985, "x": 197907.8817, "y": 2249493.476, "scaled_x": 0.66006440782587095, "scaled_y": 0.95287716263932698, "post_mean": 2.7846642601957301, "post_sd": 0.126932397574193, "post_q10": 2.6222653893740602, "post_q50": 2.7847777243357399, "post_q90": 2.9472248819142202, "post_prob_exceed": 0.0, "prosp_score_happy": 0.0, "prosp_score_sad": 2.6222653893740602, "domain_class": "Background" }, "geometry": { "type": "Point", "coordinates": [ -148.865188751738231, 70.155113038131958 ] } },
{ "type": "Feature", "properties": { "field_1": 986, "x": 199856.1139, "y": 2224346.257, "scaled_x": 0.66061607298076697, "scaled_y": 0.939758819242548, "post_mean": 2.9362435330447099, "post_sd": 0.103778921641794, "post_q10": 2.8056308338405702, "post_q50": 2.9364403487720798, "post_q90": 3.0694050999033098, "post_prob_exceed": 0.0, "prosp_score_happy": 0.0, "prosp_score_sad": 2.8056308338405702, "domain_class": "Background" }, "geometry": { "type": "Point", "coordinates": [ -148.865188750868498, 69.925127463331336 ] } },
{ "type": "Feature", "properties": { "field_1": 987, "x": 201828.3504, "y": 2198889.197, "scaled_x": 0.66117453523914904, "scaled_y": 0.92647884363361799, "post_mean": 3.07090582242787, "post_sd": 0.089648894166105095, "post_q10": 2.95756787375606, "post_q50": 3.0711703526870999, "post_q90": 3.18680125000916, "post_prob_exceed": 0.0, "prosp_score_happy": 0.0, "prosp_score_sad": 2.95756787375606, "domain_class": "Background" }, "geometry": { "type": "Point", "coordinates": [ -148.865188750835557, 69.692587749741051 ] } },
{ "type": "Feature", "properties": { "field_1": 988, "x": 203824.7728, "y": 2173119.952, "scaled_x": 0.661739846023219, "scaled_y": 0.91303601303729098, "post_mean": 3.1881923596234398, "post_sd": 0.083141822450139097, "post_q10": 3.0819667818084899, "post_q50": 3.1878688643787898, "post_q90": 3.2943284992259998, "post_prob_exceed": 0.00083333333333333295, "prosp_score_happy": 0.0026568269663528599, "prosp_score_sad": 3.0819667818084899, "domain_class": "Background" }, "geometry": { "type": "Point", "coordinates": [ -148.865188751536493, 69.457469397250065 ] } },
{ "type": "Feature", "properties": { "field_1": 989, "x": 205845.5621, "y": 2147036.187, "scaled_x": 0.66231205658528503, "scaled_y": 0.89942910937327603, "post_mean": 3.2879871061660602, "post_sd": 0.081641962043296795, "post_q10": 3.1819812184362202, "post_q50": 3.28906113251566, "post_q90": 3.3941574902357301, "post_prob_exceed": 0.033666666666666699, "prosp_score_happy": 0.110695565907591, "prosp_score_sad": 3.1819812184362202, "domain_class": "Background" }, "geometry": { "type": "Point", "coordinates": [ -148.865188750455388, 69.219747820453648 ] } },
{ "type": "Feature", "properties": { "field_1": 990, "x": 207890.8985, "y": 2120635.574, "scaled_x": 0.66289121795112205, "scaled_y": 0.88565691821291403, "post_mean": 3.3705565395101802, "post_sd": 0.082498136083952803, "post_q10": 3.2630851822440898, "post_q50": 3.3704753253638402, "post_q90": 3.4758157801815801, "post_prob_exceed": 0.224333333333333, "prosp_score_happy": 0.75612818369678303, "prosp_score_sad": 3.2630851822440898, "domain_class": "Background" }, "geometry": { "type": "Point", "coordinates": [ -148.86518875151441, 68.97939832679198 ] } },
{ "type": "Feature", "properties": { "field_1": 991, "x": 209960.9617, "y": 2093915.795, "scaled_x": 0.66347738100492704, "scaled_y": 0.87171823034416596, "post_mean": 3.4365772133151999, "post_sd": 0.083936494367731401, "post_q10": 3.3279957431463001, "post_q50": 3.4365170181073799, "post_q90": 3.5427243894651501, "post_prob_exceed": 0.51416666666666699, "prosp_score_happy": 1.7669734505129, "prosp_score_sad": 3.3279957431463001, "domain_class": "tier 3" }, "geometry": { "type": "Point", "coordinates": [ -148.865188751790129, 68.736396139557613 ] } },
{ "type": "Feature", "properties": { "field_1": 992, "x": 212055.9304, "y": 2066874.544, "scaled_x": 0.66407059634773202, "scaled_y": 0.85761184281493297, "post_mean": 3.48714618937698, "post_sd": 0.085115118988683805, "post_q10": 3.3764038781447798, "post_q50": 3.4875275353614099, "post_q90": 3.59411797619298, "post_prob_exceed": 0.74083333333333301, "prosp_score_happy": 2.5833941352967802, "prosp_score_sad": 3.3764038781447798, "domain_class": "tier 2" }, "geometry": { "type": "Point", "coordinates": [ -148.86518875016921, 68.490716412186941 ] } },
{ "type": "Feature", "properties": { "field_1": 993, "x": 214175.9823, "y": 2039509.525, "scaled_x": 0.66467091429740999, "scaled_y": 0.84333655788973405, "post_mean": 3.5237693109722898, "post_sd": 0.085797364843772594, "post_q10": 3.4128843324912599, "post_q50": 3.5239962360404098, "post_q90": 3.6323289740020002, "post_prob_exceed": 0.851, "prosp_score_happy": 2.9987276836374201, "prosp_score_sad": 3.4128843324912599, "domain_class": "tier 1" }, "geometry": { "type": "Point", "coordinates": [ -148.865188750962176, 68.24233420594885 ] } },
{ "type": "Feature", "properties": { "field_1": 994, "x": 216321.2944, "y": 2011818.454, "scaled_x": 0.66527838497362002, "scaled_y": 0.82889118409302898, "post_mean": 3.5483226711976301, "post_sd": 0.086028361432667094, "post_q10": 3.4372518670404699, "post_q50": 3.5489506264086401, "post_q90": 3.6575484708884001, "post_prob_exceed": 0.906, "prosp_score_happy": 3.2147803401050501, "prosp_score_sad": 3.4372518670404699, "domain_class": "tier 1" }, "geometry": { "type": "Point", "coordinates": [ -148.865188752879845, 67.991224503485157 ] } },
{ "type": "Feature", "properties": { "field_1": 995, "x": 218492.0426, "y": 1983799.064, "scaled_x": 0.66589305818454003, "scaled_y": 0.81427453881753098, "post_mean": 3.5629837379684002, "post_sd": 0.085911743598865095, "post_q10": 3.4515250638985999, "post_q50": 3.56465606505401, "post_q90": 3.6727475818475099, "post_prob_exceed": 0.931, "prosp_score_happy": 3.3171378600485801, "prosp_score_sad": 3.4515250638985999, "domain_class": "tier 1" }, "geometry": { "type": "Point", "coordinates": [ -148.865188749602083, 67.737362249663661 ] } },
{ "type": "Feature", "properties": { "field_1": 996, "x": 220688.4013, "y": 1955449.099, "scaled_x": 0.66651498331361003, "scaled_y": 0.79948544519422904, "post_mean": 3.5701304970112702, "post_sd": 0.085488568184651101, "post_q10": 3.4619533629057901, "post_q50": 3.57062430810999, "post_q90": 3.6800832427827799, "post_prob_exceed": 0.94366666666666699, "prosp_score_happy": 3.3690131456796402, "prosp_score_sad": 3.4619533629057901, "domain_class": "tier 1" }, "geometry": { "type": "Point", "coordinates": [ -148.865188750072093, 67.480722293171809 ] } },
{ "type": "Feature", "properties": { "field_1": 997, "x": 222910.544, "y": 1926766.321, "scaled_x": 0.66714420948941999, "scaled_y": 0.78452273574402798, "post_mean": 3.5722097818502299, "post_sd": 0.084706247827010805, "post_q10": 3.4641869913175198, "post_q50": 3.5728595858324002, "post_q90": 3.67944318579291, "post_prob_exceed": 0.949, "prosp_score_happy": 3.3900270829758701, "prosp_score_sad": 3.4641869913175198, "domain_class": "tier 1" }, "geometry": { "type": "Point", "coordinates": [ -148.865188751533992, 67.221279444441052 ] } },
{ "type": "Feature", "properties": { "field_1": 998, "x": 225158.6427, "y": 1897748.512, "scaled_x": 0.66778078541581998, "scaled_y": 0.76938525342106601, "post_mean": 3.5715797161223901, "post_sd": 0.083455820914628207, "post_q10": 3.4648959800301902, "post_q50": 3.57194575913261, "post_q90": 3.6777216188576598, "post_prob_exceed": 0.94983333333333297, "prosp_score_happy": 3.3924054670302501, "prosp_score_sad": 3.4648959800301902, "domain_class": "tier 1" }, "geometry": { "type": "Point", "coordinates": [ -148.865188750215935, 66.959008489111312 ] } },
{ "type": "Feature", "properties": { "field_1": 999, "x": 227432.8678, "y": 1868393.469, "scaled_x": 0.66842475934359902, "scaled_y": 0.75407184900441004, "post_mean": 3.5703355979934202, "post_sd": 0.081644230710567395, "post_q10": 3.4660937843760098, "post_q50": 3.5706342147966899, "post_q90": 3.6757913921101202, "post_prob_exceed": 0.95233333333333303, "prosp_score_happy": 3.4001496011557402, "prosp_score_sad": 3.4660937843760098, "domain_class": "tier 1" }, "geometry": { "type": "Point", "coordinates": [ -148.865188752343641, 66.693884138165828 ] } },
{ "type": "Feature", "properties": { "field_1": 1000, "x": 229733.3885, "y": 1838699.012, "scaled_x": 0.66907617918375295, "scaled_y": 0.73858138527134698, "post_mean": 3.5701332399247701, "post_sd": 0.079265422403139094, "post_q10": 3.4679896005853501, "post_q50": 3.5706762199674298, "post_q90": 3.67136811149896, "post_prob_exceed": 0.95783333333333298, "prosp_score_happy": 3.41959262164128, "prosp_score_sad": 3.4679896005853501, "domain_class": "tier 1" }, "geometry": { "type": "Point", "coordinates": [ -148.865188750941314, 66.425881094415985 ] } },
{ "type": "Feature", "properties": { "field_1": 1001, "x": 232060.3719, "y": 1808662.982, "scaled_x": 0.66973509225263705, "scaled_y": 0.72291273595406202, "post_mean": 3.57202799145603, "post_sd": 0.076442063418213593, "post_q10": 3.4727903838367702, "post_q50": 3.57256785554525, "post_q90": 3.6693552265780101, "post_prob_exceed": 0.96466666666666701, "prosp_score_happy": 3.4458163357579199, "prosp_score_sad": 3.4727903838367702, "domain_class": "tier 1" }, "geometry": { "type": "Point", "coordinates": [ -148.865188749736575, 66.154974029876428 ] } },
{ "type": "Feature", "properties": { "field_1": 1002, "x": 234413.9835, "y": 1778283.242, "scaled_x": 0.67040154541354802, "scaled_y": 0.70706478626129998, "post_mean": 3.5763504792036498, "post_sd": 0.073422539977377702, "post_q10": 3.4814128705252001, "post_q50": 3.5767004993956801, "post_q90": 3.6698724905905098, "post_prob_exceed": 0.976, "prosp_score_happy": 3.4905180677027601, "prosp_score_sad": 3.4814128705252001, "domain_class": "tier 1" }, "geometry": { "type": "Point", "coordinates": [ -148.865188750031706, 65.881137589026196 ] } },
{ "type": "Feature", "properties": { "field_1": 1003, "x": 236794.3868, "y": 1747557.682, "scaled_x": 0.67107558496345798, "scaled_y": 0.69103643548667404, "post_mean": 3.5826404321152099, "post_sd": 0.070532215496149797, "post_q10": 3.4918109232799699, "post_q50": 3.5831668177279501, "post_q90": 3.6727176895992999, "post_prob_exceed": 0.983833333333333, "prosp_score_happy": 3.5247210784626799, "prosp_score_sad": 3.4918109232799699, "domain_class": "tier 1" }, "geometry": { "type": "Point", "coordinates": [ -148.865188751094422, 65.604346428378847 ] } },
{ "type": "Feature", "properties": { "field_1": 1004, "x": 239201.7434, "y": 1716484.217, "scaled_x": 0.67175725666133301, "scaled_y": 0.674826595965341, "post_mean": 3.5896568831132201, "post_sd": 0.068096083216793904, "post_q10": 3.5035611336512602, "post_q50": 3.5894567085087701, "post_q90": 3.6748283168463098, "post_prob_exceed": 0.98783333333333301, "prosp_score_happy": 3.5459827243686801, "prosp_score_sad": 3.5035611336512602, "domain_class": "tier 1" }, "geometry": { "type": "Point", "coordinates": [ -148.865188751433521, 65.324575192832896 ] } },
{ "type": "Feature", "properties": { "field_1": 1005, "x": 241636.2126, "y": 1685060.791, "scaled_x": 0.67244660561486502, "scaled_y": 0.65843419516065305, "post_mean": 3.5954760442807201, "post_sd": 0.066370618859897701, "post_q10": 3.51152173649165, "post_q50": 3.5951373518563501, "post_q90": 3.67903244298925, "post_prob_exceed": 0.9925, "prosp_score_happy": 3.5685099739486201, "prosp_score_sad": 3.51152173649165, "domain_class": "tier 1" }, "geometry": { "type": "Point", "coordinates": [ -148.865188750745119, 65.04179854599866 ] } },
{ "type": "Feature", "properties": { "field_1": 1006, "x": 244097.9514, "y": 1653285.376, "scaled_x": 0.673143676280475, "scaled_y": 0.641858175142488, "post_mean": 3.59767754095208, "post_sd": 0.0655286214888674, "post_q10": 3.51516609750347, "post_q50": 3.596367951925, "post_q90": 3.6816899793784801, "post_prob_exceed": 0.99366666666666703, "prosp_score_happy": 3.57489224985938, "prosp_score_sad": 3.51516609750347, "domain_class": "tier 1" }, "geometry": { "type": "Point", "coordinates": [ -148.865188751477518, 64.755991155355375 ] } },
{ "type": "Feature", "properties": { "field_1": 1007, "x": 246587.1145, "y": 1621155.977, "scaled_x": 0.67384851246330901, "scaled_y": 0.62509749519556701, "post_mean": 3.59360674763079, "post_sd": 0.065708297577963301, "post_q10": 3.5105528123936001, "post_q50": 3.5929557366555702, "post_q90": 3.67784734724296, "post_prob_exceed": 0.99216666666666697, "prosp_score_happy": 3.5654568281076799, "prosp_score_sad": 3.5105528123936001, "domain_class": "tier 1" }, "geometry": { "type": "Point", "coordinates": [ -148.865188750658774, 64.46712773095534 ] } },
{ "type": "Feature", "properties": { "field_1": 1008, "x": 249103.8538, "y": 1588670.632, "scaled_x": 0.67456115717566201, "scaled_y": 0.60815113181944802, "post_mean": 3.5806879781712899, "post_sd": 0.067075401636690402, "post_q10": 3.49533426380999, "post_q50": 3.5806402735090002, "post_q90": 3.6659856856015698, "post_prob_exceed": 0.98416666666666697, "prosp_score_happy": 3.5239937518502402, "prosp_score_sad": 3.49533426380999, "domain_class": "tier 1" }, "geometry": { "type": "Point", "coordinates": [ -148.865188750432964, 64.175183019609349 ] } },
{ "type": "Feature", "properties": { "field_1": 1009, "x": 251648.3187, "y": 1555827.413, "scaled_x": 0.67528165272192497, "scaled_y": 0.59101807925019101, "post_mean": 3.55675305199463, "post_sd": 0.069811374597907899, "post_q10": 3.4670153290715802, "post_q50": 3.55702314016796, "post_q90": 3.6461124732224199, "post_prob_exceed": 0.96233333333333304, "prosp_score_happy": 3.4227820203695001, "prosp_score_sad": 3.4670153290715802, "domain_class": "tier 1" }, "geometry": { "type": "Point", "coordinates": [ -148.865188750133512, 63.880131807364613 ] } },
{ "type": "Feature", "properties": { "field_1": 1010, "x": 254220.6555, "y": 1522624.43, "scaled_x": 0.67601004052868496, "scaled_y": 0.57369735154700396, "post_mean": 3.5203449658967001, "post_sd": 0.073985661734932207, "post_q10": 3.4251213280352601, "post_q50": 3.5206115406216401, "post_q90": 3.6144102645216099, "post_prob_exceed": 0.87483333333333302, "prosp_score_happy": 3.07971512099863, "prosp_score_sad": 3.4251213280352601, "domain_class": "tier 1" }, "geometry": { "type": "Point", "coordinates": [ -148.865188752259257, 63.581948949270519 ] } },
{ "type": "Feature", "properties": { "field_1": 1011, "x": 256821.0079, "y": 1489059.832, "scaled_x": 0.67674636128630805, "scaled_y": 0.55618798311390405, "post_mean": 3.4709586346562702, "post_sd": 0.079378383632700195, "post_q10": 3.3691285434922702, "post_q50": 3.4716946373025199, "post_q90": 3.5712187451054298, "post_prob_exceed": 0.6805, "prosp_score_happy": 2.3619873508835898, "prosp_score_sad": 3.3691285434922702, "domain_class": "tier 2" }, "geometry": { "type": "Point", "coordinates": [ -148.865188750815065, 63.280609371457999 ] } },
{ "type": "Feature", "properties": { "field_1": 1012, "x": 259449.5159, "y": 1455131.809, "scaled_x": 0.67749065463746205, "scaled_y": 0.53848902974304302, "post_mean": 3.4091898743927498, "post_sd": 0.085382264398198099, "post_q10": 3.3000950330035899, "post_q50": 3.4101336381323399, "post_q90": 3.5172160804447099, "post_prob_exceed": 0.38783333333333297, "prosp_score_happy": 1.3221974729519901, "prosp_score_sad": 3.3000950330035899, "domain_class": "Background" }, "geometry": { "type": "Point", "coordinates": [ -148.865188750368674, 62.976088083147708 ] } },
{ "type": "Feature", "properties": { "field_1": 1013, "x": 262106.3165, "y": 1420838.593, "scaled_x": 0.67824295937532997, "scaled_y": 0.52059956913636896, "post_mean": 3.3367781014036302, "post_sd": 0.091054368942180497, "post_q10": 3.2201391652055098, "post_q50": 3.3383150790856599, "post_q90": 3.4514818986648801, "post_prob_exceed": 0.144, "prosp_score_happy": 0.48049604660212197, "prosp_score_sad": 3.2201391652055098, "domain_class": "Background" }, "geometry": { "type": "Point", "coordinates": [ -148.865188750351336, 62.668360178381739 ] } },
{ "type": "Feature", "properties": { "field_1": 1014, "x": 264791.5432, "y": 1386178.461, "scaled_x": 0.67900331330202601, "scaled_y": 0.50251870247060804, "post_mean": 3.25654442169207, "post_sd": 0.095294031067952603, "post_q10": 3.13403742566897, "post_q50": 3.2573705330176801, "post_q90": 3.3777062558309998, "post_prob_exceed": 0.0305, "prosp_score_happy": 0.099324604861608295, "prosp_score_sad": 3.13403742566897, "domain_class": "Background" }, "geometry": { "type": "Point", "coordinates": [ -148.865188750481508, 62.357400856323039 ] } },
{ "type": "Feature", "properties": { "field_1": 1015, "x": 267505.3257, "y": 1351149.738, "scaled_x": 0.67977175314365101, "scaled_y": 0.48424555596225399, "post_mean": 3.1722413365233999, "post_sd": 0.097114642352525898, "post_q10": 3.0454955786717299, "post_q50": 3.1738064068748302, "post_q90": 3.2955474992308602, "post_prob_exceed": 0.0023333333333333301, "prosp_score_happy": 0.0074018964518879297, "prosp_score_sad": 3.0454955786717299, "domain_class": "Background" }, "geometry": { "type": "Point", "coordinates": [ -148.865188752043025, 62.043185441301347 ] } },
{ "type": "Feature", "properties": { "field_1": 1016, "x": 270247.79, "y": 1315750.8, "scaled_x": 0.68054831457860498, "scaled_y": 0.46577928243255301, "post_mean": 3.08834035710123, "post_sd": 0.096062704172823296, "post_q10": 2.9625407810575202, "post_q50": 3.0898879848318201, "post_q90": 3.2115519450146501, "post_prob_exceed": 0.000333333333333333, "prosp_score_happy": 0.0010294467857004099, "prosp_score_sad": 2.9625407810575202, "domain_class": "Background" }, "geometry": { "type": "Point", "coordinates": [ -148.865188751515092, 61.725689402479567 ] } },
{ "type": "Feature", "properties": { "field_1": 1017, "x": 273019.0581, "y": 1279980.071, "scaled_x": 0.68133303215264196, "scaled_y": 0.44711905974251598, "post_mean": 3.0097879513928798, "post_sd": 0.092986832313509196, "post_q10": 2.8888875752602901, "post_q50": 3.01127822375084, "post_q90": 3.1271734716394102, "post_prob_exceed": 0.0, "prosp_score_happy": 0.0, "prosp_score_sad": 2.8888875752602901, "domain_class": "Background" }, "geometry": { "type": "Point", "coordinates": [ -148.865188750788178, 61.404888320217864 ] } },
{ "type": "Feature", "properties": { "field_1": 1018, "x": 275819.2476, "y": 1243836.033, "scaled_x": 0.68212593916560205, "scaled_y": 0.42826409600953902, "post_mean": 2.9417586851127902, "post_sd": 0.091432332474394695, "post_q10": 2.8245575811921801, "post_q50": 2.9427598775450199, "post_q90": 3.0571868353802598, "post_prob_exceed": 0.0, "prosp_score_happy": 0.0, "prosp_score_sad": 2.8245575811921801, "domain_class": "Background" }, "geometry": { "type": "Point", "coordinates": [ -148.865188749944878, 61.080757968322118 ] } },
{ "type": "Feature", "properties": { "field_1": 1019, "x": 278648.4719, "y": 1207317.221, "scaled_x": 0.68292706772804701, "scaled_y": 0.40921362699909197, "post_mean": 2.8894283074148701, "post_sd": 0.098784948262756397, "post_q10": 2.7612202777513, "post_q50": 2.89087917392767, "post_q90": 3.0147710748907901, "post_prob_exceed": 0.0, "prosp_score_happy": 0.0, "prosp_score_sad": 2.7612202777513, "domain_class": "Background" }, "geometry": { "type": "Point", "coordinates": [ -148.865188750788434, 60.753274262068643 ] } },
{ "type": "Feature", "properties": { "field_1": 1020, "x": 281506.8398, "y": 1170422.232, "scaled_x": 0.68373644864799299, "scaled_y": 0.38996692081967699, "post_mean": 2.85778131644759, "post_sd": 0.12309382477274, "post_q10": 2.6981804181361899, "post_q50": 2.85904612670224, "post_q90": 3.0121891192126902, "post_prob_exceed": 0.0, "prosp_score_happy": 0.0, "prosp_score_sad": 2.6981804181361899, "domain_class": "Background" }, "geometry": { "type": "Point", "coordinates": [ -148.86518875135485, 60.422413331376937 ] } },
{ "type": "Feature", "properties": { "field_1": 1021, "x": 284394.4555, "y": 1133149.722, "scaled_x": 0.68455411143090905, "scaled_y": 0.37052327635784299, "post_mean": 2.8514587558239399, "post_sd": 0.16711726821779799, "post_q10": 2.63779671530013, "post_q50": 2.8532252958888198, "post_q90": 3.0622806571902901, "post_prob_exceed": 0.0, "prosp_score_happy": 0.0, "prosp_score_sad": 2.63779671530013, "domain_class": "Background" }, "geometry": { "type": "Point", "coordinates": [ -148.865188750282044, 60.088151486671116 ] } },
{ "type": "Feature", "properties": { "field_1": 1022, "x": 223812.8979, "y": 2251632.661, "scaled_x": 0.66739972174510198, "scaled_y": 0.95399309372575203, "post_mean": 2.83335833886628, "post_sd": 0.133730373740681, "post_q10": 2.6610507022609098, "post_q50": 2.8343495114605899, "post_q90": 3.0035276730796299, "post_prob_exceed": 0.0, "prosp_score_happy": 0.0, "prosp_score_sad": 2.6610507022609098, "domain_class": "Background" }, "geometry": { "type": "Point", "coordinates": [ -148.19145228783654, 70.155113035348563 ] } },
{ "type": "Feature", "properties": { "field_1": 1023, "x": 226016.1425, "y": 2226506.501, "scaled_x": 0.66802359669878197, "scaled_y": 0.94088573600470804, "post_mean": 2.9886758593487901, "post_sd": 0.10850548206654199, "post_q10": 2.8506447097341701, "post_q50": 2.9892884743959498, "post_q90": 3.1265872452274701, "post_prob_exceed": 0.0, "prosp_score_happy": 0.0, "prosp_score_sad": 2.8506447097341701, "domain_class": "Background" }, "geometry": { "type": "Point", "coordinates": [ -148.191452288520139, 69.925127465794773 ] } },
{ "type": "Feature", "properties": { "field_1": 1024, "x": 228246.5336, "y": 2201070.759, "scaled_x": 0.66865515850730795, "scaled_y": 0.92761688118191998, "post_mean": 3.1257657815031799, "post_sd": 0.093289198133666901, "post_q10": 3.00616508856243, "post_q50": 3.1257753437430198, "post_q90": 3.24464816657499, "post_prob_exceed": 0.0, "prosp_score_happy": 0.0, "prosp_score_sad": 3.00616508856243, "domain_class": "Background" }, "geometry": { "type": "Point", "coordinates": [ -148.191452286747364, 69.69258775311161 ] } },
{ "type": "Feature", "properties": { "field_1": 1025, "x": 230504.2763, "y": 2175323.093, "scaled_x": 0.66929446524718705, "scaled_y": 0.91418530752546201, "post_mean": 3.2440735410423001, "post_sd": 0.086981824636913799, "post_q10": 3.1315047222951802, "post_q50": 3.2457436590019402, "post_q90": 3.3539758656976701, "post_prob_exceed": 0.011333333333333299, "prosp_score_happy": 0.036766166798479397, "prosp_score_sad": 3.1315047222951802, "domain_class": "Background" }, "geometry": { "type": "Point", "coordinates": [ -148.191452289199106, 69.457469397753925 ] } },
{ "type": "Feature", "properties": { "field_1": 1026, "x": 232789.5755, "y": 2149261.17, "scaled_x": 0.66994157493829598, "scaled_y": 0.90058979799836802, "post_mean": 3.3434133064918599, "post_sd": 0.086791067421962895, "post_q10": 3.2307918113582801, "post_q50": 3.3452442445688999, "post_q90": 3.4556011209346398, "post_prob_exceed": 0.14633333333333301, "prosp_score_happy": 0.48925281384997499, "prosp_score_sad": 3.2307918113582801, "domain_class": "Background" }, "geometry": { "type": "Point", "coordinates": [ -148.19145228766925, 69.219747814548654 ] } },
{ "type": "Feature", "properties": { "field_1": 1027, "x": 235102.6348, "y": 2122882.665, "scaled_x": 0.67059654523240098, "scaled_y": 0.88682913973696498, "post_mean": 3.4240152679709799, "post_sd": 0.089586364713505603, "post_q10": 3.3077616205976299, "post_q50": 3.4256908467363001, "post_q90": 3.5373377510868802, "post_prob_exceed": 0.4615, "prosp_score_happy": 1.5801830461686099, "prosp_score_sad": 3.3077616205976299, "domain_class": "tier 3" }, "geometry": { "type": "Point", "coordinates": [ -148.191452288983044, 68.979398320620007 ] } },
{ "type": "Feature", "properties": { "field_1": 1028, "x": 237443.6575, "y": 2096185.262, "scaled_x": 0.67125943369631702, "scaled_y": 0.87290212457253702, "post_mean": 3.4865609068169698, "post_sd": 0.093160032285644304, "post_q10": 3.3656578897357399, "post_q50": 3.4870495219962301, "post_q90": 3.60442353584097, "post_prob_exceed": 0.722, "prosp_score_happy": 2.5172969747218601, "prosp_score_sad": 3.3656578897357399, "domain_class": "tier 2" }, "geometry": { "type": "Point", "coordinates": [ -148.191452287793624, 68.736396139687528 ] } },
{ "type": "Feature", "properties": { "field_1": 1029, "x": 239812.8456, "y": 2069166.656, "scaled_x": 0.671930297528752, "scaled_y": 0.85880755007464604, "post_mean": 3.5322009304078499, "post_sd": 0.096370092663319695, "post_q10": 3.4082207237185802, "post_q50": 3.53222042196046, "post_q90": 3.65282896107973, "post_prob_exceed": 0.84666666666666701, "prosp_score_happy": 2.9905967877453201, "prosp_score_sad": 3.4082207237185802, "domain_class": "tier 1" }, "geometry": { "type": "Point", "coordinates": [ -148.191452287046616, 68.490716416833735 ] } },
{ "type": "Feature", "properties": { "field_1": 1030, "x": 242210.4003, "y": 2041824.552, "scaled_x": 0.67260919370188099, "scaled_y": 0.84454421902947296, "post_mean": 3.5625503652188302, "post_sd": 0.098767086954304403, "post_q10": 3.4355667118332902, "post_q50": 3.5628923249175601, "post_q90": 3.6875597793780002, "post_prob_exceed": 0.90216666666666701, "prosp_score_happy": 3.21401418782159, "prosp_score_sad": 3.4355667118332902, "domain_class": "tier 1" }, "geometry": { "type": "Point", "coordinates": [ -148.191452287738798, 68.242334204863894 ] } },
{ "type": "Feature", "properties": { "field_1": 1031, "x": 244636.5216, "y": 2014156.67, "scaled_x": 0.67329617884808701, "scaled_y": 0.83011094204812697, "post_mean": 3.57965556183624, "post_sd": 0.100235819759634, "post_q10": 3.4504486330661002, "post_q50": 3.5809328128664499, "post_q90": 3.7065367157679301, "post_prob_exceed": 0.92433333333333301, "prosp_score_happy": 3.3087949576572999, "prosp_score_sad": 3.4504486330661002, "domain_class": "tier 1" }, "geometry": { "type": "Point", "coordinates": [ -148.191452288103108, 67.991224505363149 ] } },
{ "type": "Feature", "properties": { "field_1": 1032, "x": 247091.4083, "y": 1986160.743, "scaled_x": 0.67399130925995798, "scaled_y": 0.81550653652331895, "post_mean": 3.5859288746916902, "post_sd": 0.100769335829499, "post_q10": 3.4574356989679602, "post_q50": 3.58790003162675, "post_q90": 3.7165296098846499, "post_prob_exceed": 0.93233333333333301, "prosp_score_happy": 3.3432810208375501, "prosp_score_sad": 3.4574356989679602, "domain_class": "tier 1" }, "geometry": { "type": "Point", "coordinates": [ -148.191452287846488, 67.737362246145736 ] } },
{ "type": "Feature", "properties": { "field_1": 1033, "x": 249575.2579, "y": 1957834.518, "scaled_x": 0.67469464086197295, "scaled_y": 0.80072982715102503, "post_mean": 3.5840485490008098, "post_sd": 0.100357506698301, "post_q10": 3.45613701318719, "post_q50": 3.5847687120967402, "post_q90": 3.7128528010745399, "post_prob_exceed": 0.932, "prosp_score_happy": 3.3403332476687502, "prosp_score_sad": 3.45613701318719, "domain_class": "tier 1" }, "geometry": { "type": "Point", "coordinates": [ -148.191452288363791, 67.480722285762695 ] } },
{ "type": "Feature", "properties": { "field_1": 1034, "x": 252088.2664, "y": 1929175.76, "scaled_x": 0.67540622915386495, "scaled_y": 0.78577964801713396, "post_mean": 3.5768241244158401, "post_sd": 0.098959122776377403, "post_q10": 3.4500915587522298, "post_q50": 3.5769719931146899, "post_q90": 3.70314179468703, "post_prob_exceed": 0.9265, "prosp_score_happy": 3.3139275512712798, "prosp_score_sad": 3.4500915587522298, "domain_class": "tier 1" }, "geometry": { "type": "Point", "coordinates": [ -148.191452289197969, 67.221279444895657 ] } },
{ "type": "Feature", "properties": { "field_1": 1035, "x": 254630.6284, "y": 1900182.251, "scaled_x": 0.676126129238943, "scaled_y": 0.77065484207578505, "post_mean": 3.5670313455190099, "post_sd": 0.096528635060065607, "post_q10": 3.4437220366510699, "post_q50": 3.5660373799035798, "post_q90": 3.6899102748855399, "post_prob_exceed": 0.915, "prosp_score_happy": 3.2638336811499, "prosp_score_sad": 3.4437220366510699, "domain_class": "tier 1" }, "geometry": { "type": "Point", "coordinates": [ -148.191452287851661, 66.959008492390339 ] } },
{ "type": "Feature", "properties": { "field_1": 1036, "x": 257202.5367, "y": 1870851.79, "scaled_x": 0.67685439571082295, "scaled_y": 0.75535426114936699, "post_mean": 3.5572250360376798, "post_sd": 0.093069126306661698, "post_q10": 3.4363396812256402, "post_q50": 3.5567165351113101, "post_q90": 3.6752923780003401, "post_prob_exceed": 0.9045, "prosp_score_happy": 3.2175100450960801, "prosp_score_sad": 3.4363396812256402, "domain_class": "tier 1" }, "geometry": { "type": "Point", "coordinates": [ -148.191452288877031, 66.693884140611019 ] } },
{ "type": "Feature", "properties": { "field_1": 1037, "x": 259804.1825, "y": 1841182.199, "scaled_x": 0.67759108271006296, "scaled_y": 0.73987676905849298, "post_mean": 3.5495432513234202, "post_sd": 0.088685129504700505, "post_q10": 3.4359953926674498, "post_q50": 3.5493306891288601, "post_q90": 3.6628282333731699, "post_prob_exceed": 0.90416666666666701, "prosp_score_happy": 3.2093786897382599, "prosp_score_sad": 3.4359953926674498, "domain_class": "tier 1" }, "geometry": { "type": "Point", "coordinates": [ -148.191452287374091, 66.425881093996409 ] } },
{ "type": "Feature", "properties": { "field_1": 1038, "x": 262435.7547, "y": 1811171.321, "scaled_x": 0.67833624372594903, "scaled_y": 0.72422124057866999, "post_mean": 3.5455206122854399, "post_sd": 0.083614150612281196, "post_q10": 3.4396921373429401, "post_q50": 3.5466356693724199, "post_q90": 3.65208787946918, "post_prob_exceed": 0.9115, "prosp_score_happy": 3.2317420380981798, "prosp_score_sad": 3.4396921373429401, "domain_class": "tier 1" }, "geometry": { "type": "Point", "coordinates": [ -148.191452288735718, 66.154974026373154 ] } },
{ "type": "Feature", "properties": { "field_1": 1039, "x": 265097.4407, "y": 1780817.022, "scaled_x": 0.67908993182302202, "scaled_y": 0.70838656248362897, "post_mean": 3.5459321939890498, "post_sd": 0.078222840865167897, "post_q10": 3.4460430522802499, "post_q50": 3.5470123457758702, "post_q90": 3.6454981374714399, "post_prob_exceed": 0.92383333333333295, "prosp_score_happy": 3.2758503585468901, "prosp_score_sad": 3.4460430522802499, "domain_class": "tier 1" }, "geometry": { "type": "Point", "coordinates": [ -148.191452286873783, 65.881137592879412 ] } },
{ "type": "Feature", "properties": { "field_1": 1040, "x": 267789.4253, "y": 1750117.191, "scaled_x": 0.67985219932960295, "scaled_y": 0.69237163354532005, "post_mean": 3.5506906416819, "post_sd": 0.072962470855573003, "post_q10": 3.4571799855656198, "post_q50": 3.5521991734570002, "post_q90": 3.6446243718361999, "post_prob_exceed": 0.94566666666666699, "prosp_score_happy": 3.35776978348385, "prosp_score_sad": 3.4571799855656198, "domain_class": "tier 1" }, "geometry": { "type": "Point", "coordinates": [ -148.191452288528467, 65.604346425334697 ] } },
{ "type": "Feature", "properties": { "field_1": 1041, "x": 270511.8912, "y": 1719069.748, "scaled_x": 0.68062309797937504, "scaled_y": 0.67617536870721096, "post_mean": 3.5588173344721898, "post_sd": 0.068291901019484402, "post_q10": 3.4721879133498201, "post_q50": 3.5598217592116601, "post_q90": 3.6452480608483899, "post_prob_exceed": 0.96633333333333304, "prosp_score_happy": 3.4390038175449602, "prosp_score_sad": 3.4721879133498201, "domain_class": "tier 1" }, "geometry": { "type": "Point", "coordinates": [ -148.191452286961919, 65.324575197779595 ] } },
{ "type": "Feature", "properties": { "field_1": 1042, "x": 273265.0186, "y": 1687672.635, "scaled_x": 0.681402678798114, "scaled_y": 0.65979669438932798, "post_mean": 3.5685027827448499, "post_sd": 0.064597126970194804, "post_q10": 3.48634038731038, "post_q50": 3.56885408413316, "post_q90": 3.6499202626237501, "post_prob_exceed": 0.98066666666666702, "prosp_score_happy": 3.4995117289451101, "prosp_score_sad": 3.48634038731038, "domain_class": "tier 1" }, "geometry": { "type": "Point", "coordinates": [ -148.191452287778304, 65.041798540504971 ] } },
{ "type": "Feature", "properties": { "field_1": 1043, "x": 276048.985, "y": 1655923.829, "scaled_x": 0.68219099204705902, "scaled_y": 0.64323455526985995, "post_mean": 3.57726195164931, "post_sd": 0.062153486936258703, "post_q10": 3.49799482183702, "post_q50": 3.5761280652566501, "post_q90": 3.6556633235982798, "post_prob_exceed": 0.98983333333333301, "prosp_score_happy": 3.5408931218075499, "prosp_score_sad": 3.49799482183702, "domain_class": "tier 1" }, "geometry": { "type": "Point", "coordinates": [ -148.191452288631865, 64.75599115056751 ] } },
{ "type": "Feature", "properties": { "field_1": 1044, "x": 278863.9653, "y": 1623821.336, "scaled_x": 0.68298808725122795, "scaled_y": 0.62648791115518898, "post_mean": 3.5821778266801201, "post_sd": 0.061158178531763599, "post_q10": 3.5031176292562201, "post_q50": 3.58212705033525, "post_q90": 3.65938845594065, "post_prob_exceed": 0.9925, "prosp_score_happy": 3.55531149298002, "prosp_score_sad": 3.5031176292562201, "domain_class": "tier 1" }, "geometry": { "type": "Point", "coordinates": [ -148.191452288452638, 64.467127732028246 ] } },
{ "type": "Feature", "properties": { "field_1": 1045, "x": 281710.1315, "y": 1591363.194, "scaled_x": 0.68379401311447097, "scaled_y": 0.60955573854487299, "post_mean": 3.5802130460754, "post_sd": 0.061792146939010098, "post_q10": 3.5002536320775102, "post_q50": 3.5806782046193102, "post_q90": 3.6586642923128698, "post_prob_exceed": 0.99133333333333296, "prosp_score_happy": 3.5491845330094098, "prosp_score_sad": 3.5002536320775102, "domain_class": "tier 1" }, "geometry": { "type": "Point", "coordinates": [ -148.191452288142301, 64.175183016879785 ] } },
{ "type": "Feature", "properties": { "field_1": 1046, "x": 284587.6524, "y": 1558547.478, "scaled_x": 0.68460881743451796, "scaled_y": 0.592437033239957, "post_mean": 3.5685575045422899, "post_sd": 0.064211188003360994, "post_q10": 3.4855213793826798, "post_q50": 3.5696717977253898, "post_q90": 3.6504499828068302, "post_prob_exceed": 0.9815, "prosp_score_happy": 3.5025391907082501, "prosp_score_sad": 3.4855213793826798, "domain_class": "tier 1" }, "geometry": { "type": "Point", "coordinates": [ -148.191452287664617, 63.880131803655615 ] } },
{ "type": "Feature", "properties": { "field_1": 1047, "x": 287496.6935, "y": 1525372.3, "scaled_x": 0.68543254707466605, "scaled_y": 0.57513081034297298, "post_mean": 3.5449721817401598, "post_sd": 0.068412802329414796, "post_q10": 3.45725800248217, "post_q50": 3.5457217309829101, "post_q90": 3.6320745836325599, "post_prob_exceed": 0.95033333333333303, "prosp_score_happy": 3.3689052300470701, "prosp_score_sad": 3.45725800248217, "domain_class": "tier 1" }, "geometry": { "type": "Point", "coordinates": [ -148.191452288101829, 63.581948951108167 ] } },
{ "type": "Feature", "properties": { "field_1": 1048, "x": 290437.4172, "y": 1491835.809, "scaled_x": 0.686265248020408, "scaled_y": 0.55763610425793797, "post_mean": 3.5080881942447202, "post_sd": 0.074063995434539898, "post_q10": 3.41384223477914, "post_q50": 3.50912316802901, "post_q90": 3.6027124612574801, "post_prob_exceed": 0.84133333333333304, "prosp_score_happy": 2.9514715340912301, "prosp_score_sad": 3.41384223477914, "domain_class": "tier 1" }, "geometry": { "type": "Point", "coordinates": [ -148.191452287618716, 63.280609371571401 ] } },
{ "type": "Feature", "properties": { "field_1": 1049, "x": 293409.9819, "y": 1457936.197, "scaled_x": 0.68710696512459302, "scaled_y": 0.53995197182032895, "post_mean": 3.4576259743250999, "post_sd": 0.080438813894666505, "post_q10": 3.35536308554541, "post_q50": 3.4587539620741801, "post_q90": 3.5608885794359701, "post_prob_exceed": 0.61633333333333296, "prosp_score_happy": 2.1310501421757002, "prosp_score_sad": 3.35536308554541, "domain_class": "tier 2" }, "geometry": { "type": "Point", "coordinates": [ -148.191452288973011, 62.976088078574051 ] } },
{ "type": "Feature", "properties": { "field_1": 1050, "x": 296414.5426, "y": 1423671.698, "scaled_x": 0.68795774227731599, "scaled_y": 0.52207749177541396, "post_mean": 3.39451148251805, "post_sd": 0.086520919026211104, "post_q10": 3.2836969469381501, "post_q50": 3.3945075681995802, "post_q90": 3.5039337280076599, "post_prob_exceed": 0.32933333333333298, "prosp_score_happy": 1.11792578157595, "prosp_score_sad": 3.2836969469381501, "domain_class": "Background" }, "geometry": { "type": "Point", "coordinates": [ -148.191452289296421, 62.66836017073107 ] } },
{ "type": "Feature", "properties": { "field_1": 1051, "x": 299451.2502, "y": 1389040.591, "scaled_x": 0.68881762220771003, "scaled_y": 0.50401176634324596, "post_mean": 3.3208819595447698, "post_sd": 0.091227979667015596, "post_q10": 3.20315552576825, "post_q50": 3.32182802587156, "post_q90": 3.43739862785212, "post_prob_exceed": 0.10616666666666701, "prosp_score_happy": 0.35256696803833598, "prosp_score_sad": 3.20315552576825, "domain_class": "Background" }, "geometry": { "type": "Point", "coordinates": [ -148.19145228880916, 62.357400852223471 ] } },
{ "type": "Feature", "properties": { "field_1": 1052, "x": 302520.2515, "y": 1354041.202, "scaled_x": 0.68968664648394395, "scaled_y": 0.48575392226198, "post_mean": 3.2399894668333702, "post_sd": 0.093738103032575001, "post_q10": 3.1168929928190101, "post_q50": 3.2412083366022602, "post_q90": 3.3592300948935701, "post_prob_exceed": 0.018, "prosp_score_happy": 0.058319810403000598, "prosp_score_sad": 3.1168929928190101, "domain_class": "Background" }, "geometry": { "type": "Point", "coordinates": [ -148.191452287316196, 62.043185443707763 ] } },
{ "type": "Feature", "properties": { "field_1": 1053, "x": 305621.6888, "y": 1318671.907, "scaled_x": 0.69056485539995804, "scaled_y": 0.46730311235286098, "post_mean": 3.1560231651053998, "post_sd": 0.094006625645877501, "post_q10": 3.0318598478721799, "post_q50": 3.15716116116096, "post_q90": 3.2767826530637398, "post_prob_exceed": 0.0015, "prosp_score_happy": 0.0047340347476581002, "prosp_score_sad": 3.0318598478721799, "domain_class": "Background" }, "geometry": { "type": "Point", "coordinates": [ -148.191452286817565, 61.725689402347307 ] } },
{ "type": "Feature", "properties": { "field_1": 1054, "x": 308755.7, "y": 1282931.133, "scaled_x": 0.691452288003778, "scaled_y": 0.448658516041886, "post_mean": 3.07387873766625, "post_sd": 0.093672028204687896, "post_q10": 2.9503132761846498, "post_q50": 3.07459079287566, "post_q90": 3.19318443791391, "post_prob_exceed": 0.00016666666666666701, "prosp_score_happy": 0.000512313122944374, "prosp_score_sad": 2.9503132761846498, "domain_class": "Background" }, "geometry": { "type": "Point", "coordinates": [ -148.191452287884118, 61.40488832354373 ] } },
{ "type": "Feature", "properties": { "field_1": 1055, "x": 311922.4184, "y": 1246817.362, "scaled_x": 0.69234898204088902, "scaled_y": 0.42981934144645101, "post_mean": 2.9989049395323599, "post_sd": 0.0973012618269887, "post_q10": 2.8735279005706, "post_q50": 2.9999763850688401, "post_q90": 3.1231179681455599, "post_prob_exceed": 0.0, "prosp_score_happy": 0.0, "prosp_score_sad": 2.8735279005706, "domain_class": "Background" }, "geometry": { "type": "Point", "coordinates": [ -148.191452286935089, 61.080757969541239 ] } },
{ "type": "Feature", "properties": { "field_1": 1056, "x": 315121.9721, "y": 1210329.131, "scaled_x": 0.69325497378433099, "scaled_y": 0.41078482537534899, "post_mean": 2.9366536260573302, "post_sd": 0.112216440918341, "post_q10": 2.7941500988011798, "post_q50": 2.9375378125527201, "post_q90": 3.0787449698699301, "post_prob_exceed": 0.0, "prosp_score_happy": 0.0, "prosp_score_sad": 2.7941500988011798, "domain_class": "Background" }, "geometry": { "type": "Point", "coordinates": [ -148.19145228745154, 60.753274262633816 ] } },
{ "type": "Feature", "properties": { "field_1": 1057, "x": 318354.4841, "y": 1173465.038, "scaled_x": 0.69417029806302, "scaled_y": 0.39155423645874599, "post_mean": 2.8926526037318099, "post_sd": 0.14441988329465699, "post_q10": 2.7081275889145102, "post_q50": 2.8947293448830802, "post_q90": 3.0757906535076001, "post_prob_exceed": 0.0, "prosp_score_happy": 0.0, "prosp_score_sad": 2.7081275889145102, "domain_class": "Background" }, "geometry": { "type": "Point", "coordinates": [ -148.191452288255817, 60.422413331195528 ] } },
{ "type": "Feature", "properties": { "field_1": 1058, "x": 321620.0722, "y": 1136223.74, "scaled_x": 0.69509498823342797, "scaled_y": 0.37212687410485001, "post_mean": 2.8722121234369999, "post_sd": 0.195418778290258, "post_q10": 2.6213780394392199, "post_q50": 2.8734152054239099, "post_q90": 3.1201891746639898, "post_prob_exceed": 0.0023333333333333301, "prosp_score_happy": 0.0067018282880196602, "prosp_score_sad": 2.6213780394392199, "domain_class": "Background" }, "geometry": { "type": "Point", "coordinates": [ -148.191452288692432, 60.088151484548327 ] } },
{ "type": "Feature", "properties": { "field_1": 1059, "x": 249694.8794, "y": 2254034.537, "scaled_x": 0.674728513114637, "scaled_y": 0.95524606067070394, "post_mean": 2.8848926307500502, "post_sd": 0.14601158565115299, "post_q10": 2.69761317489337, "post_q50": 2.8869001389889499, "post_q90": 3.0719815629792699, "post_prob_exceed": 0.0, "prosp_score_happy": 0.0, "prosp_score_sad": 2.69761317489337, "domain_class": "Background" }, "geometry": { "type": "Point", "coordinates": [ -147.517715824977842, 70.155113038439012 ] } },
{ "type": "Feature", "properties": { "field_1": 1060, "x": 252152.9098, "y": 2228932.021, "scaled_x": 0.67542453370261102, "scaled_y": 0.94215103712113601, "post_mean": 3.0433386222737502, "post_sd": 0.11872320656423201, "post_q10": 2.8895245632948301, "post_q50": 3.0440521516863099, "post_q90": 3.1947374088357798, "post_prob_exceed": 0.0005, "prosp_score_happy": 0.0015216693111368799, "prosp_score_sad": 2.8895245632948301, "domain_class": "Background" }, "geometry": { "type": "Point", "coordinates": [ -147.517715825326093, 69.925127465292988 ] } },
{ "type": "Feature", "properties": { "field_1": 1061, "x": 254641.2259, "y": 2203520.215, "scaled_x": 0.67612913004730602, "scaled_y": 0.92889466879506699, "post_mean": 3.1821670109551499, "post_sd": 0.102370547470434, "post_q10": 3.0474850874591102, "post_q50": 3.1819465280135302, "post_q90": 3.3126638250136602, "post_prob_exceed": 0.006, "prosp_score_happy": 0.019093002065730901, "prosp_score_sad": 3.0474850874591102, "domain_class": "Background" }, "geometry": { "type": "Point", "coordinates": [ -147.517715822601957, 69.692587755168972 ] } },
{ "type": "Feature", "properties": { "field_1": 1062, "x": 257160.0566, "y": 2177796.778, "scaled_x": 0.67684236696448297, "scaled_y": 0.91547573448223396, "post_mean": 3.3007289184050501, "post_sd": 0.096073933919875398, "post_q10": 3.1764577074854201, "post_q50": 3.3026097085225001, "post_q90": 3.4224558280733999, "post_prob_exceed": 0.082666666666666694, "prosp_score_happy": 0.27286025725481799, "prosp_score_sad": 3.1764577074854201, "domain_class": "Background" }, "geometry": { "type": "Point", "coordinates": [ -147.517715825160735, 69.457469397585669 ] } },
{ "type": "Feature", "properties": { "field_1": 1063, "x": 259709.6303, "y": 2151759.38, "scaled_x": 0.677564309128321, "scaled_y": 0.90189301871065697, "post_mean": 3.3987720552186298, "post_sd": 0.0968944157789767, "post_q10": 3.27391450058045, "post_q50": 3.4009490101405602, "post_q90": 3.5220662281006399, "post_prob_exceed": 0.364, "prosp_score_happy": 1.2371530280995799, "prosp_score_sad": 3.27391450058045, "domain_class": "Background" }, "geometry": { "type": "Point", "coordinates": [ -147.517715826718444, 69.219747814767473 ] } },
{ "type": "Feature", "properties": { "field_1": 1064, "x": 262290.1745, "y": 2125405.698, "scaled_x": 0.67829502095815797, "scaled_y": 0.88814530965998495, "post_mean": 3.4764957775012899, "post_sd": 0.101290394542193, "post_q10": 3.3452603541431398, "post_q50": 3.47788593278502, "post_q90": 3.6066276816155001, "post_prob_exceed": 0.66566666666666696, "prosp_score_happy": 2.3141873558900201, "prosp_score_sad": 3.3452603541431398, "domain_class": "tier 2" }, "geometry": { "type": "Point", "coordinates": [ -147.517715826503689, 68.979398321872381 ] } },
{ "type": "Feature", "properties": { "field_1": 1065, "x": 264901.9158, "y": 2098733.418, "scaled_x": 0.67903456661848205, "scaled_y": 0.87423140020482704, "post_mean": 3.5345942671178401, "post_sd": 0.106650279551044, "post_q10": 3.39716856599434, "post_q50": 3.5373211303274799, "post_q90": 3.6706266118056599, "post_prob_exceed": 0.82883333333333298, "prosp_score_happy": 2.9295895483961698, "prosp_score_sad": 3.39716856599434, "domain_class": "tier 1" }, "geometry": { "type": "Point", "coordinates": [ -147.517715824231487, 68.73639614114316 ] } },
{ "type": "Feature", "properties": { "field_1": 1066, "x": 267545.0795, "y": 2071740.237, "scaled_x": 0.67978300990567098, "scaled_y": 0.86015008895806799, "post_mean": 3.5742821609066402, "post_sd": 0.111534575187987, "post_q10": 3.4308748458031801, "post_q50": 3.57547426020288, "post_q90": 3.7137468865625598, "post_prob_exceed": 0.895166666666667, "prosp_score_happy": 3.1995782477049302, "prosp_score_sad": 3.4308748458031801, "domain_class": "tier 1" }, "geometry": { "type": "Point", "coordinates": [ -147.517715824995378, 68.490716416217069 ] } },
{ "type": "Feature", "properties": { "field_1": 1067, "x": 270219.8902, "y": 2044423.863, "scaled_x": 0.68054041441789104, "scaled_y": 0.84590018027087399, "post_mean": 3.5972966157360302, "post_sd": 0.115286992502111, "post_q10": 3.4481330903420599, "post_q50": 3.59719863515167, "post_q90": 3.7421787464724501, "post_prob_exceed": 0.921, "prosp_score_happy": 3.31311018309288, "prosp_score_sad": 3.4481330903420599, "domain_class": "tier 1" }, "geometry": { "type": "Point", "coordinates": [ -147.517715824699337, 68.242334207361864 ] } },
{ "type": "Feature", "properties": { "field_1": 1068, "x": 272926.571, "y": 2016782.017, "scaled_x": 0.68130684332856495, "scaled_y": 0.83148048527601703, "post_mean": 3.6058699763303599, "post_sd": 0.11765343724786199, "post_q10": 3.45410298295758, "post_q50": 3.6067135590175901, "post_q90": 3.7551853400722499, "post_prob_exceed": 0.92666666666666697, "prosp_score_happy": 3.3414395113994702, "prosp_score_sad": 3.45410298295758, "domain_class": "tier 1" }, "geometry": { "type": "Point", "coordinates": [ -147.517715824766043, 67.991224505855584 ] } },
{ "type": "Feature", "properties": { "field_1": 1069, "x": 275665.3436, "y": 1988812.435, "scaled_x": 0.68208235941468798, "scaled_y": 0.81688982293119194, "post_mean": 3.6026681115988302, "post_sd": 0.118548016085117, "post_q10": 3.4523821619652701, "post_q50": 3.60439177833543, "post_q90": 3.7541723711274901, "post_prob_exceed": 0.92266666666666697, "prosp_score_happy": 3.3240617776351802, "prosp_score_sad": 3.4523821619652701, "domain_class": "tier 1" }, "geometry": { "type": "Point", "coordinates": [ -147.51771582495499, 67.737362247391147 ] } },
{ "type": "Feature", "properties": { "field_1": 1070, "x": 278436.4284, "y": 1960512.866, "scaled_x": 0.68286702508514696, "scaled_y": 0.80212701897569905, "post_mean": 3.5906911899749501, "post_sd": 0.117939341436992, "post_q10": 3.4416564838384498, "post_q50": 3.5912418255884502, "post_q90": 3.7425105877729399, "post_prob_exceed": 0.91016666666666701, "prosp_score_happy": 3.26812743140886, "prosp_score_sad": 3.4416564838384498, "domain_class": "tier 1" }, "geometry": { "type": "Point", "coordinates": [ -147.517715825660503, 67.480722289391721 ] } },
{ "type": "Feature", "properties": { "field_1": 1071, "x": 281240.0442, "y": 1931881.077, "scaled_x": 0.68366090229576604, "scaled_y": 0.78719090853874996, "post_mean": 3.57313635632894, "post_sd": 0.115816851584831, "post_q10": 3.4255581455837798, "post_q50": 3.5729479525501202, "post_q90": 3.72035771498303, "post_prob_exceed": 0.8865, "prosp_score_happy": 3.1675853798856002, "prosp_score_sad": 3.4255581455837798, "domain_class": "tier 1" }, "geometry": { "type": "Point", "coordinates": [ -147.517715823538197, 67.221279451487575 ] } },
{ "type": "Feature", "properties": { "field_1": 1072, "x": 284076.4079, "y": 1902914.851, "scaled_x": 0.68446405246436604, "scaled_y": 0.77208033509614804, "post_mean": 3.5532254291856402, "post_sd": 0.11220561323247, "post_q10": 3.4108902237815699, "post_q50": 3.5527531330400999, "post_q90": 3.69588318330907, "post_prob_exceed": 0.85983333333333301, "prosp_score_happy": 3.05518166486145, "prosp_score_sad": 3.4108902237815699, "domain_class": "tier 1" }, "geometry": { "type": "Point", "coordinates": [ -147.517715822933894, 66.959008492934345 ] } },
{ "type": "Feature", "properties": { "field_1": 1073, "x": 286945.7346, "y": 1873611.991, "scaled_x": 0.68527653649907305, "scaled_y": 0.75679415255692795, "post_mean": 3.5340052395477999, "post_sd": 0.107203828936864, "post_q10": 3.3971195797067901, "post_q50": 3.53349239633115, "post_q90": 3.6701804853670299, "post_prob_exceed": 0.82916666666666705, "prosp_score_happy": 2.9302793444583801, "prosp_score_sad": 3.3971195797067901, "domain_class": "tier 1" }, "geometry": { "type": "Point", "coordinates": [ -147.517715824465967, 66.693884143430083 ] } },
{ "type": "Feature", "properties": { "field_1": 1074, "x": 289848.2376, "y": 1843970.32, "scaled_x": 0.68609841479832401, "scaled_y": 0.74133122526336304, "post_mean": 3.5181332197425199, "post_sd": 0.10102100058312601, "post_q10": 3.3887443052977901, "post_q50": 3.51753837525083, "post_q90": 3.6476302384513102, "post_prob_exceed": 0.799, "prosp_score_happy": 2.8109884425742702, "prosp_score_sad": 3.3887443052977901, "domain_class": "tier 2" }, "geometry": { "type": "Point", "coordinates": [ -147.517715825207034, 66.425881097966908 ] } },
{ "type": "Feature", "properties": { "field_1": 1075, "x": 292784.128, "y": 1813987.683, "scaled_x": 0.68692974713759702, "scaled_y": 0.72569042903428604, "post_mean": 3.5076657733235099, "post_sd": 0.093998642065702506, "post_q10": 3.3883171216408101, "post_q50": 3.50856987139999, "post_q90": 3.6273487453449, "post_prob_exceed": 0.7865, "prosp_score_happy": 2.7587791307189402, "prosp_score_sad": 3.3883171216408101, "domain_class": "tier 2" }, "geometry": { "type": "Point", "coordinates": [ -147.517715823352603, 66.15497402984289 ] } },
{ "type": "Feature", "properties": { "field_1": 1076, "x": 295753.6144, "y": 1783661.947, "scaled_x": 0.68777059258446804, "scaled_y": 0.70987065116508796, "post_mean": 3.5038709699586099, "post_sd": 0.086600154825935194, "post_q10": 3.3934856277332099, "post_q50": 3.5047897003215298, "post_q90": 3.6131951288520101, "post_prob_exceed": 0.79583333333333295, "prosp_score_happy": 2.7884973135920599, "prosp_score_sad": 3.3934856277332099, "domain_class": "tier 2" }, "geometry": { "type": "Point", "coordinates": [ -147.517715824701526, 65.881137585544337 ] } },
{ "type": "Feature", "properties": { "field_1": 1077, "x": 298756.9032, "y": 1752991.007, "scaled_x": 0.68862100958355499, "scaled_y": 0.69387079355769199, "post_mean": 3.5070892528496702, "post_sd": 0.079362967479336494, "post_q10": 3.4054568536087602, "post_q50": 3.5086362599017802, "post_q90": 3.6090102267300299, "post_prob_exceed": 0.824, "prosp_score_happy": 2.8898415443481298, "prosp_score_sad": 3.4054568536087602, "domain_class": "tier 1" }, "geometry": { "type": "Point", "coordinates": [ -147.517715823141202, 65.604346432632326 ] } },
{ "type": "Feature", "properties": { "field_1": 1078, "x": 301794.1981, "y": 1721972.779, "scaled_x": 0.68948105581494001, "scaled_y": 0.67768976906891698, "post_mean": 3.5166651220106502, "post_sd": 0.072817710229611393, "post_q10": 3.4239023227446199, "post_q50": 3.5188595794126099, "post_q90": 3.6104617941555102, "post_prob_exceed": 0.87283333333333302, "prosp_score_happy": 3.0694625406616298, "prosp_score_sad": 3.4239023227446199, "domain_class": "tier 1" }, "geometry": { "type": "Point", "coordinates": [ -147.517715826541064, 65.324575191949577 ] } },
{ "type": "Feature", "properties": { "field_1": 1079, "x": 304865.7003, "y": 1690605.213, "scaled_x": 0.69035078825079998, "scaled_y": 0.66132650829208295, "post_mean": 3.53096836635082, "post_sd": 0.067399988434669794, "post_q10": 3.4452523989063302, "post_q50": 3.53164185820299, "post_q90": 3.6161392035942002, "post_prob_exceed": 0.92766666666666697, "prosp_score_happy": 3.2755616545181101, "prosp_score_sad": 3.4452523989063302, "domain_class": "tier 1" }, "geometry": { "type": "Point", "coordinates": [ -147.517715824934612, 65.041798547866946 ] } },
{ "type": "Feature", "properties": { "field_1": 1080, "x": 307971.6079, "y": 1658886.283, "scaled_x": 0.69123026298550805, "scaled_y": 0.64477995434039603, "post_mean": 3.5475151504768498, "post_sd": 0.063402685261831598, "post_q10": 3.46684728405417, "post_q50": 3.5471477297289802, "post_q90": 3.6288296269940901, "post_prob_exceed": 0.962666666666667, "prosp_score_happy": 3.4150745848590498, "prosp_score_sad": 3.46684728405417, "domain_class": "tier 1" }, "geometry": { "type": "Point", "coordinates": [ -147.517715824438767, 64.75599115356259 ] } },
{ "type": "Feature", "properties": { "field_1": 1081, "x": 311112.1158, "y": 1626813.999, "scaled_x": 0.69211953520732294, "scaled_y": 0.62804906910688296, "post_mean": 3.5631875575385901, "post_sd": 0.061008323477866701, "post_q10": 3.4847493750808098, "post_q50": 3.5635700750420201, "post_q90": 3.6405763866507002, "post_prob_exceed": 0.98316666666666697, "prosp_score_happy": 3.50320723365336, "prosp_score_sad": 3.4847493750808098, "domain_class": "tier 1" }, "geometry": { "type": "Point", "coordinates": [ -147.517715824195733, 64.467127732249082 ] } },
{ "type": "Feature", "properties": { "field_1": 1082, "x": 314287.4159, "y": 1594386.401, "scaled_x": 0.69301865925501505, "scaled_y": 0.61113283013442599, "post_mean": 3.5745366547687198, "post_sd": 0.060371858898778198, "post_q10": 3.4964934453498002, "post_q50": 3.5753126040048699, "post_q90": 3.6499946254059301, "post_prob_exceed": 0.99083333333333301, "prosp_score_happy": 3.5417700687666702, "prosp_score_sad": 3.4964934453498002, "domain_class": "tier 1" }, "geometry": { "type": "Point", "coordinates": [ -147.517715824660854, 64.175183017286912 ] } },
{ "type": "Feature", "properties": { "field_1": 1083, "x": 317497.6966, "y": 1561601.566, "scaled_x": 0.69392768847628805, "scaled_y": 0.59403023426739399, "post_mean": 3.57814094125564, "post_sd": 0.061641886893892002, "post_q10": 3.4971380392787998, "post_q50": 3.5785963808842198, "post_q90": 3.6566760130640401, "post_prob_exceed": 0.98966666666666703, "prosp_score_happy": 3.5411668181959999, "prosp_score_sad": 3.4971380392787998, "domain_class": "tier 1" }, "geometry": { "type": "Point", "coordinates": [ -147.517715823774751, 63.880131808816181 ] } },
{ "type": "Feature", "properties": { "field_1": 1084, "x": 320743.1426, "y": 1528457.606, "scaled_x": 0.69484667517114695, "scaled_y": 0.57674029660831905, "post_mean": 3.5709820289406302, "post_sd": 0.064834687938577995, "post_q10": 3.4875566529667701, "post_q50": 3.57139163253516, "post_q90": 3.6552417546623102, "post_prob_exceed": 0.9815, "prosp_score_happy": 3.5049188614052298, "prosp_score_sad": 3.4875566529667701, "domain_class": "tier 1" }, "geometry": { "type": "Point", "coordinates": [ -147.517715825039772, 63.581948949712299 ] } },
{ "type": "Feature", "properties": { "field_1": 1085, "x": 324023.9349, "y": 1494952.674, "scaled_x": 0.69577567059189904, "scaled_y": 0.55926205364786497, "post_mean": 3.5507949457416799, "post_sd": 0.069639091034803105, "post_q10": 3.4618113192879201, "post_q50": 3.5517476512558002, "post_q90": 3.64052904534014, "post_prob_exceed": 0.955, "prosp_score_happy": 3.3910091731833001, "prosp_score_sad": 3.4618113192879201, "domain_class": "tier 1" }, "geometry": { "type": "Point", "coordinates": [ -147.517715825561226, 63.280609372572883 ] } },
{ "type": "Feature", "properties": { "field_1": 1086, "x": 327340.2505, "y": 1461084.963, "scaled_x": 0.69671472485820096, "scaled_y": 0.54159456274316997, "post_mean": 3.5163530071214999, "post_sd": 0.075339443114024393, "post_q10": 3.4194365191444298, "post_q50": 3.5163844652305301, "post_q90": 3.6130372131701698, "post_prob_exceed": 0.865, "prosp_score_happy": 3.0416453511601, "prosp_score_sad": 3.4194365191444298, "domain_class": "tier 1" }, "geometry": { "type": "Point", "coordinates": [ -147.517715824197666, 62.976088084453778 ] } },
{ "type": "Feature", "properties": { "field_1": 1087, "x": 330692.2621, "y": 1426852.708, "scaled_x": 0.697663886872116, "scaled_y": 0.52373690316116595, "post_mean": 3.4676565633578398, "post_sd": 0.080944358582555803, "post_q10": 3.3636902994889302, "post_q50": 3.4676139011798002, "post_q90": 3.5710663092566199, "post_prob_exceed": 0.661, "prosp_score_happy": 2.2921209883795299, "prosp_score_sad": 3.3636902994889302, "domain_class": "tier 2" }, "geometry": { "type": "Point", "coordinates": [ -147.517715823504147, 62.668360178244036 ] } },
{ "type": "Feature", "properties": { "field_1": 1088, "x": 334080.138, "y": 1392254.189, "scaled_x": 0.69862320428979396, "scaled_y": 0.505688177643565, "post_mean": 3.4060092610961399, "post_sd": 0.085473747533622399, "post_q10": 3.2946277540227098, "post_q50": 3.4061568114343301, "post_q90": 3.51359764205356, "post_prob_exceed": 0.374, "prosp_score_happy": 1.2738474636499499, "prosp_score_sad": 3.2946277540227098, "domain_class": "Background" }, "geometry": { "type": "Point", "coordinates": [ -147.517715825810114, 62.357400852658174 ] } },
{ "type": "Feature", "properties": { "field_1": 1089, "x": 337504.0421, "y": 1357287.735, "scaled_x": 0.69959272352147295, "scaled_y": 0.48744751449350898, "post_mean": 3.3339816743238901, "post_sd": 0.088379881411136493, "post_q10": 3.21859847867547, "post_q50": 3.3350220859931499, "post_q90": 3.44626022733196, "post_prob_exceed": 0.1265, "prosp_score_happy": 0.421748681801972, "prosp_score_sad": 3.21859847867547, "domain_class": "Background" }, "geometry": { "type": "Point", "coordinates": [ -147.517715825753129, 62.043185440926614 ] } },
{ "type": "Feature", "properties": { "field_1": 1090, "x": 340964.1332, "y": 1321951.724, "scaled_x": 0.70057248953326301, "scaled_y": 0.46901406757556702, "post_mean": 3.2552768722691501, "post_sd": 0.090196247316774295, "post_q10": 3.1367960891092199, "post_q50": 3.2567861280714201, "post_q90": 3.3712761706805998, "post_prob_exceed": 0.0233333333333333, "prosp_score_happy": 0.075956460352946897, "prosp_score_sad": 3.1367960891092199, "domain_class": "Background" }, "geometry": { "type": "Point", "coordinates": [ -147.51771582389037, 61.7256894043907 ] } },
{ "type": "Feature", "properties": { "field_1": 1091, "x": 344460.5651, "y": 1286244.583, "scaled_x": 0.70156254587546696, "scaled_y": 0.45038701631573602, "post_mean": 3.1745230061576599, "post_sd": 0.093501377695475799, "post_q10": 3.05312497967194, "post_q50": 3.1763601609649501, "post_q90": 3.2933904141306698, "post_prob_exceed": 0.0035, "prosp_score_happy": 0.0111108305215518, "prosp_score_sad": 3.05312497967194, "domain_class": "Background" }, "geometry": { "type": "Point", "coordinates": [ -147.51771582453398, 61.404888325324713 ] } },
{ "type": "Feature", "properties": { "field_1": 1092, "x": 347993.4864, "y": 1250164.795, "scaled_x": 0.70256293462594599, "scaled_y": 0.431565569353072, "post_mean": 3.0970228028609501, "post_sd": 0.103578911967336, "post_q10": 2.9659467426604902, "post_q50": 3.09766324044993, "post_q90": 3.2303265449212502, "post_prob_exceed": 0.00066666666666666697, "prosp_score_happy": 0.0020646818685739702, "prosp_score_sad": 2.9659467426604902, "domain_class": "Background" }, "geometry": { "type": "Point", "coordinates": [ -147.51771582657463, 61.08075796222515 ] } },
{ "type": "Feature", "properties": { "field_1": 1093, "x": 351563.0402, "y": 1213710.901, "scaled_x": 0.70357369630516797, "scaled_y": 0.41254896558301701, "post_mean": 3.02848893438459, "post_sd": 0.126765124067759, "post_q10": 2.8682545683120901, "post_q50": 3.0290461471093599, "post_q90": 3.1902771011538, "post_prob_exceed": 0.00083333333333333295, "prosp_score_happy": 0.0025237407786538298, "prosp_score_sad": 2.8682545683120901, "domain_class": "Background" }, "geometry": { "type": "Point", "coordinates": [ -147.517715825660616, 60.753274260601657 ] } },
{ "type": "Feature", "properties": { "field_1": 1094, "x": 355169.3637, "y": 1176881.498, "scaled_x": 0.70459486976294705, "scaled_y": 0.39333647311407399, "post_mean": 2.9747889912293699, "post_sd": 0.16689710809420599, "post_q10": 2.7598433318978701, "post_q50": 2.97617529997996, "post_q90": 3.1876110065801, "post_prob_exceed": 0.0028333333333333301, "prosp_score_happy": 0.0084285688084831997, "prosp_score_sad": 2.7598433318978701, "domain_class": "Background" }, "geometry": { "type": "Point", "coordinates": [ -147.517715825169631, 60.422413328199241 ] } },
{ "type": "Feature", "properties": { "field_1": 1095, "x": 358812.5882, "y": 1139675.246, "scaled_x": 0.70562649217844398, "scaled_y": 0.373927392919437, "post_mean": 2.9417160313261101, "post_sd": 0.22470052449796701, "post_q10": 2.6474586338278501, "post_q50": 2.9440238875730098, "post_q90": 3.2250770102489401, "post_prob_exceed": 0.012833333333333301, "prosp_score_happy": 0.037752022402018401, "prosp_score_sad": 2.6474586338278501, "domain_class": "Background" }, "geometry": { "type": "Point", "coordinates": [ -147.517715823516056, 60.088151489889583 ] } },
{ "type": "Feature", "properties": { "field_1": 1096, "x": 275551.1626, "y": 2256698.856, "scaled_x": 0.68205002770440704, "scaled_y": 0.95663593410205905, "post_mean": 2.9380830082604601, "post_sd": 0.16366169864078001, "post_q10": 2.7264112024065099, "post_q50": 2.9368962460620001, "post_q90": 3.1481448449231499, "post_prob_exceed": 0.001, "prosp_score_happy": 0.0029380830082604602, "prosp_score_sad": 2.7264112024065099, "domain_class": "Background" }, "geometry": { "type": "Point", "coordinates": [ -146.843979361071604, 70.155113039998966 ] } },
{ "type": "Feature", "properties": { "field_1": 1097, "x": 278263.7258, "y": 2231622.568, "scaled_x": 0.68281812228671201, "scaled_y": 0.94355459269804398, "post_mean": 3.09909671119153, "post_sd": 0.13403803087202301, "post_q10": 2.9214249191103301, "post_q50": 3.0987820571598199, "post_q90": 3.2694899391785301, "post_prob_exceed": 0.0053333333333333297, "prosp_score_happy": 0.0165285157930215, "prosp_score_sad": 2.9214249191103301, "domain_class": "Background" }, "geometry": { "type": "Point", "coordinates": [ -146.843979360551657, 69.925127467574427 ] } },
{ "type": "Feature", "properties": { "field_1": 1098, "x": 281009.7107, "y": 2206237.312, "scaled_x": 0.68359568062149401, "scaled_y": 0.93031207449262598, "post_mean": 3.23903794208795, "post_sd": 0.116132055412935, "post_q10": 3.08678751739492, "post_q50": 3.2390569053446301, "post_q90": 3.3888085176045601, "post_prob_exceed": 0.045666666666666703, "prosp_score_happy": 0.14791606602201601, "prosp_score_sad": 3.08678751739492, "domain_class": "Background" }, "geometry": { "type": "Point", "coordinates": [ -146.843979363111117, 69.692587747811999 ] } },
{ "type": "Feature", "properties": { "field_1": 1099, "x": 283789.3702, "y": 2180540.753, "scaled_x": 0.68438277432039996, "scaled_y": 0.91690716140551298, "post_mean": 3.35716548610409, "post_sd": 0.109237147458594, "post_q10": 3.2158333094012601, "post_q50": 3.35997242433502, "post_q90": 3.4976819705252198, "post_prob_exceed": 0.244666666666667, "prosp_score_happy": 0.821386488933467, "prosp_score_sad": 3.2158333094012601, "domain_class": "Background" }, "geometry": { "type": "Point", "coordinates": [ -146.84397936071889, 69.457469402163568 ] } },
{ "type": "Feature", "properties": { "field_1": 1100, "x": 286602.9562, "y": 2154530.56, "scaled_x": 0.68517947471191498, "scaled_y": 0.90333863744306198, "post_mean": 3.4531640903391598, "post_sd": 0.11037935728529701, "post_q10": 3.3112321953102302, "post_q50": 3.4554085255592599, "post_q90": 3.5933342232699998, "post_prob_exceed": 0.5785, "prosp_score_happy": 1.9976554262612001, "prosp_score_sad": 3.3112321953102302, "domain_class": "tier 3" }, "geometry": { "type": "Point", "coordinates": [ -146.843979359712563, 69.21974782187182 ] } },
{ "type": "Feature", "properties": { "field_1": 1101, "x": 289450.7196, "y": 2128204.413, "scaled_x": 0.68598585284136404, "scaled_y": 0.88960529234990904, "post_mean": 3.52720735645936, "post_sd": 0.11573550065061899, "post_q10": 3.3802110344606802, "post_q50": 3.5296068043739499, "post_q90": 3.6739796084586902, "post_prob_exceed": 0.7865, "prosp_score_happy": 2.7741485858552899, "prosp_score_sad": 3.3802110344606802, "domain_class": "tier 2" }, "geometry": { "type": "Point", "coordinates": [ -146.843979361525328, 68.979398327440776 ] } },
{ "type": "Feature", "properties": { "field_1": 1102, "x": 292332.9106, "y": 2101560.0, "scaled_x": 0.68680197955585598, "scaled_y": 0.87570592004398495, "post_mean": 3.5800089722556301, "post_sd": 0.122330197715129, "post_q10": 3.42225301519687, "post_q50": 3.5828968711152198, "post_q90": 3.7347635190576001, "post_prob_exceed": 0.88366666666666704, "prosp_score_happy": 3.1635345951498901, "prosp_score_sad": 3.42225301519687, "domain_class": "tier 1" }, "geometry": { "type": "Point", "coordinates": [ -146.843979363515786, 68.736396137227402 ] } },
{ "type": "Feature", "properties": { "field_1": 1103, "x": 295249.778, "y": 2074595.023, "scaled_x": 0.68762792530607597, "scaled_y": 0.86163932174648505, "post_mean": 3.6128561005542199, "post_sd": 0.128416899123344, "post_q10": 3.4479170707837001, "post_q50": 3.6159656787097201, "post_q90": 3.77604763052494, "post_prob_exceed": 0.91683333333333294, "prosp_score_happy": 3.31238690152479, "prosp_score_sad": 3.4479170707837001, "domain_class": "tier 1" }, "geometry": { "type": "Point", "coordinates": [ -146.843979360393263, 68.490716418114161 ] } },
{ "type": "Feature", "properties": { "field_1": 1104, "x": 298201.5694, "y": 2047307.19, "scaled_x": 0.688463760202913, "scaled_y": 0.84740430180857595, "post_mean": 3.6276184703438301, "post_sd": 0.13312199241598599, "post_q10": 3.4545041326390602, "post_q50": 3.6294544137156399, "post_q90": 3.7975668939193699, "post_prob_exceed": 0.92666666666666697, "prosp_score_happy": 3.3615931158519499, "prosp_score_sad": 3.4545041326390602, "domain_class": "tier 1" }, "geometry": { "type": "Point", "coordinates": [ -146.843979360196045, 68.242334209007367 ] } },
{ "type": "Feature", "properties": { "field_1": 1105, "x": 301188.531, "y": 2019694.225, "scaled_x": 0.68930955396083005, "scaled_y": 0.83299967292801302, "post_mean": 3.6267267205943998, "post_sd": 0.13605469591600999, "post_q10": 3.4503409052302301, "post_q50": 3.6282606225442899, "post_q90": 3.80063601457837, "post_prob_exceed": 0.92116666666666702, "prosp_score_happy": 3.3408197641208699, "prosp_score_sad": 3.4503409052302301, "domain_class": "tier 1" }, "geometry": { "type": "Point", "coordinates": [ -146.843979362849126, 67.991224506775637 ] } },
{ "type": "Feature", "properties": { "field_1": 1106, "x": 304210.9077, "y": 1991753.866, "scaled_x": 0.69016537592617799, "scaled_y": 0.81842425510581596, "post_mean": 3.6131144361208398, "post_sd": 0.13706078684765699, "post_q10": 3.4380785576616102, "post_q50": 3.6148338069255899, "post_q90": 3.7890052362534199, "post_prob_exceed": 0.9035, "prosp_score_happy": 3.2644488930351798, "prosp_score_sad": 3.4380785576616102, "domain_class": "tier 1" }, "geometry": { "type": "Point", "coordinates": [ -146.843979363273803, 67.737362243594433 ] } },
{ "type": "Feature", "properties": { "field_1": 1107, "x": 307268.9426, "y": 1963483.866, "scaled_x": 0.69103129493561999, "scaled_y": 0.80367687616793204, "post_mean": 3.59011989087956, "post_sd": 0.13609906577278399, "post_q10": 3.4170613324572199, "post_q50": 3.5915308218535502, "post_q90": 3.7625353048419599, "post_prob_exceed": 0.8775, "prosp_score_happy": 3.15033020424681, "prosp_score_sad": 3.4170613324572199, "domain_class": "tier 1" }, "geometry": { "type": "Point", "coordinates": [ -146.843979360691407, 67.48072229180174 ] } },
{ "type": "Feature", "properties": { "field_1": 1108, "x": 310362.877, "y": 1934881.992, "scaled_x": 0.69190737931612301, "scaled_y": 0.78875637124357501, "post_mean": 3.5613461761074898, "post_sd": 0.1331975126421, "post_q10": 3.3931053376451001, "post_q50": 3.5623183623939099, "post_q90": 3.7306339039525098, "post_prob_exceed": 0.8335, "prosp_score_happy": 2.9683820377855898, "prosp_score_sad": 3.3931053376451001, "domain_class": "tier 1" }, "geometry": { "type": "Point", "coordinates": [ -146.843979360889648, 67.221279450215548 ] } },
{ "type": "Feature", "properties": { "field_1": 1109, "x": 313492.9504, "y": 1905946.031, "scaled_x": 0.69279369688496595, "scaled_y": 0.77366158589518996, "post_mean": 3.5304820261802101, "post_sd": 0.12845610563085899, "post_q10": 3.3674401910415299, "post_q50": 3.5313525411951199, "post_q90": 3.6945674698036401, "post_prob_exceed": 0.77833333333333299, "prosp_score_happy": 2.7478918437102702, "prosp_score_sad": 3.3674401910415299, "domain_class": "tier 2" }, "geometry": { "type": "Point", "coordinates": [ -146.843979361195068, 66.959008493092895 ] } },
{ "type": "Feature", "properties": { "field_1": 1110, "x": 316659.4003, "y": 1876673.787, "scaled_x": 0.69369031489310395, "scaled_y": 0.75839137455347905, "post_mean": 3.50109015448932, "post_sd": 0.122071275286881, "post_q10": 3.3475907935856002, "post_q50": 3.50148556848773, "post_q90": 3.6576260094809201, "post_prob_exceed": 0.7165, "prosp_score_happy": 2.5085310956915898, "prosp_score_sad": 3.3475907935856002, "domain_class": "tier 2" }, "geometry": { "type": "Point", "coordinates": [ -146.843979362650913, 66.693884138410482 ] } },
{ "type": "Feature", "properties": { "field_1": 1111, "x": 319862.4619, "y": 1847063.087, "scaled_x": 0.69459729994021702, "scaled_y": 0.74294460364735904, "post_mean": 3.4763750513880698, "post_sd": 0.11436141421642999, "post_q10": 3.33165242138086, "post_q50": 3.4761810248932798, "post_q90": 3.6212884699941501, "post_prob_exceed": 0.6555, "prosp_score_happy": 2.27876384618488, "prosp_score_sad": 3.33165242138086, "domain_class": "tier 2" }, "geometry": { "type": "Point", "coordinates": [ -146.843979362085861, 66.425881096761529 ] } },
{ "type": "Feature", "properties": { "field_1": 1112, "x": 323102.3681, "y": 1817111.777, "scaled_x": 0.69551471797471598, "scaled_y": 0.72732014951732704, "post_mean": 3.4589473372288801, "post_sd": 0.105775954834505, "post_q10": 3.3239121240745302, "post_q50": 3.4599729202514502, "post_q90": 3.59343928799511, "post_prob_exceed": 0.60216666666666696, "prosp_score_happy": 2.0828627882346602, "prosp_score_sad": 3.3239121240745302, "domain_class": "tier 2" }, "geometry": { "type": "Point", "coordinates": [ -146.84397936183322, 66.154974030281366 ] } },
{ "type": "Feature", "properties": { "field_1": 1113, "x": 326379.3494, "y": 1786817.727, "scaled_x": 0.69644263426542097, "scaled_y": 0.71151690102375797, "post_mean": 3.4506062837649298, "post_sd": 0.096873727604937607, "post_q10": 3.32646228797626, "post_q50": 3.45302752402214, "post_q90": 3.57321870397814, "post_prob_exceed": 0.5725, "prosp_score_happy": 1.9754720974554301, "prosp_score_sad": 3.32646228797626, "domain_class": "tier 3" }, "geometry": { "type": "Point", "coordinates": [ -146.843979359866807, 65.881137592112154 ] } },
{ "type": "Feature", "properties": { "field_1": 1114, "x": 329693.6333, "y": 1756178.832, "scaled_x": 0.69738111323166696, "scaled_y": 0.69553376006857504, "post_mean": 3.4521649599743198, "post_sd": 0.088261637987155098, "post_q10": 3.3395857918992999, "post_q50": 3.4538050566116101, "post_q90": 3.5650550384048998, "post_prob_exceed": 0.58716666666666695, "prosp_score_happy": 2.0269961923315898, "prosp_score_sad": 3.3395857918992999, "domain_class": "tier 3" }, "geometry": { "type": "Point", "coordinates": [ -146.843979360610035, 65.604346430384155 ] } },
{ "type": "Feature", "properties": { "field_1": 1115, "x": 333045.4447, "y": 1725193.013, "scaled_x": 0.69833021855656696, "scaled_y": 0.67936964211690598, "post_mean": 3.4633427381716402, "post_sd": 0.080497081346309896, "post_q10": 3.3600571381705202, "post_q50": 3.46471110260291, "post_q90": 3.56616572597328, "post_prob_exceed": 0.64783333333333304, "prosp_score_happy": 2.2436688705455299, "prosp_score_sad": 3.3600571381705202, "domain_class": "tier 2" }, "geometry": { "type": "Point", "coordinates": [ -146.843979363779084, 65.324575191114576 ] } },
{ "type": "Feature", "properties": { "field_1": 1116, "x": 336435.0056, "y": 1693858.221, "scaled_x": 0.69929001310206695, "scaled_y": 0.66302347828373398, "post_mean": 3.4827466995626701, "post_sd": 0.073982682117467405, "post_q10": 3.3879965074932299, "post_q50": 3.4841648116744799, "post_q90": 3.5760525608806102, "post_prob_exceed": 0.74683333333333302, "prosp_score_happy": 2.60103132679005, "prosp_score_sad": 3.3879965074932299, "domain_class": "tier 2" }, "geometry": { "type": "Point", "coordinates": [ -146.843979361814689, 65.041798548419948 ] } },
{ "type": "Feature", "properties": { "field_1": 1117, "x": 339862.5346, "y": 1662172.432, "scaled_x": 0.70026055876736104, "scaled_y": 0.64649421272558705, "post_mean": 3.5079563711725599, "post_sd": 0.068911936728644804, "post_q10": 3.4194707885601998, "post_q50": 3.50889294133201, "post_q90": 3.5952622636056, "post_prob_exceed": 0.86133333333333295, "prosp_score_happy": 3.0215197543699701, "prosp_score_sad": 3.4194707885601998, "domain_class": "tier 1" }, "geometry": { "type": "Point", "coordinates": [ -146.843979361995821, 64.755991154504386 ] } },
{ "type": "Feature", "properties": { "field_1": 1118, "x": 343328.2469, "y": 1630133.658, "scaled_x": 0.701241916488891, "scaled_y": 0.629780808378816, "post_mean": 3.5357153838961501, "post_sd": 0.065320436731534606, "post_q10": 3.4519675199313999, "post_q50": 3.5367517621717499, "post_q90": 3.6174910224560102, "post_prob_exceed": 0.93916666666666704, "prosp_score_happy": 3.3206260313758, "prosp_score_sad": 3.4519675199313999, "domain_class": "tier 1" }, "geometry": { "type": "Point", "coordinates": [ -146.843979361089794, 64.467127731755127 ] } },
{ "type": "Feature", "properties": { "field_1": 1119, "x": 346832.3541, "y": 1597739.941, "scaled_x": 0.70223414618371904, "scaled_y": 0.61288224382962697, "post_mean": 3.5622202844210098, "post_sd": 0.063222208715770403, "post_q10": 3.4803826555589201, "post_q50": 3.5624985632121899, "post_q90": 3.6428599770263701, "post_prob_exceed": 0.97966666666666702, "prosp_score_happy": 3.4897884719711101, "prosp_score_sad": 3.4803826555589201, "domain_class": "tier 1" }, "geometry": { "type": "Point", "coordinates": [ -146.843979363257489, 64.175183013277945 ] } },
{ "type": "Feature", "properties": { "field_1": 1120, "x": 350375.0642, "y": 1564989.361, "scaled_x": 0.70323730674952201, "scaled_y": 0.59579751748737497, "post_mean": 3.5834826784785898, "post_sd": 0.062708986733134395, "post_q10": 3.5012532826991398, "post_q50": 3.58339995224991, "post_q90": 3.66373915873876, "post_prob_exceed": 0.9925, "prosp_score_happy": 3.55660655839, "prosp_score_sad": 3.5012532826991398, "domain_class": "tier 1" }, "geometry": { "type": "Point", "coordinates": [ -146.843979362145376, 63.880131807929594 ] } },
{ "type": "Feature", "properties": { "field_1": 1121, "x": 353956.5811, "y": 1531880.031, "scaled_x": 0.70425145592301397, "scaled_y": 0.57852564497625203, "post_mean": 3.5957289498575702, "post_sd": 0.063881087212718804, "post_q10": 3.5126915316815999, "post_q50": 3.5960438340015299, "post_q90": 3.6782797395159199, "post_prob_exceed": 0.9945, "prosp_score_happy": 3.5759524406333498, "prosp_score_sad": 3.5126915316815999, "domain_class": "tier 1" }, "geometry": { "type": "Point", "coordinates": [ -146.843979362293538, 63.581948949883333 ] } },
{ "type": "Feature", "properties": { "field_1": 1122, "x": 357577.1044, "y": 1498410.106, "scaled_x": 0.70527665022331298, "scaled_y": 0.56106566383024803, "post_mean": 3.5957944483281401, "post_sd": 0.066625699826775603, "post_q10": 3.5108210076097301, "post_q50": 3.5959134583607901, "post_q90": 3.6824475333249098, "post_prob_exceed": 0.9935, "prosp_score_happy": 3.57242178441401, "prosp_score_sad": 3.5108210076097301, "domain_class": "tier 1" }, "geometry": { "type": "Point", "coordinates": [ -146.84397936323009, 63.280609372473982 ] } },
{ "type": "Feature", "properties": { "field_1": 1123, "x": 361236.8295, "y": 1464577.781, "scaled_x": 0.70631294498025599, "scaled_y": 0.54341663244982197, "post_mean": 3.5814683983608102, "post_sd": 0.070446478983262895, "post_q10": 3.4921960143248501, "post_q50": 3.5807907279125502, "post_q90": 3.6729640083580501, "post_prob_exceed": 0.9825, "prosp_score_happy": 3.51879270138949, "prosp_score_sad": 3.4921960143248501, "domain_class": "tier 1" }, "geometry": { "type": "Point", "coordinates": [ -146.843979362007047, 62.97608808367449 ] } },
{ "type": "Feature", "properties": { "field_1": 1124, "x": 364935.947, "y": 1430381.293, "scaled_x": 0.70736039416450402, "scaled_y": 0.52557763114523104, "post_mean": 3.5517522555488901, "post_sd": 0.074544438060040102, "post_q10": 3.4553530757717499, "post_q50": 3.5509676046088798, "post_q90": 3.6467509638255899, "post_prob_exceed": 0.946, "prosp_score_happy": 3.35995763374925, "prosp_score_sad": 3.4553530757717499, "domain_class": "tier 1" }, "geometry": { "type": "Point", "coordinates": [ -146.843979360791337, 62.668360177769038 ] } },
{ "type": "Feature", "properties": { "field_1": 1125, "x": 368674.6427, "y": 1395818.924, "scaled_x": 0.70841905038754005, "scaled_y": 0.507547763701511, "post_mean": 3.50700684088793, "post_sd": 0.078169767215143196, "post_q10": 3.40591590883629, "post_q50": 3.5070275129128201, "post_q90": 3.6071447067482101, "post_prob_exceed": 0.82266666666666699, "prosp_score_happy": 2.8850976277704699, "prosp_score_sad": 3.40591590883629, "domain_class": "tier 1" }, "geometry": { "type": "Point", "coordinates": [ -146.843979360358247, 62.357400855229159 ] } },
{ "type": "Feature", "properties": { "field_1": 1126, "x": 372453.0972, "y": 1360889.004, "scaled_x": 0.70948896478840495, "scaled_y": 0.48932615894346498, "post_mean": 3.4489796313363899, "post_sd": 0.081193584860871595, "post_q10": 3.3434192899464699, "post_q50": 3.4496245419388001, "post_q90": 3.5523451528689498, "post_prob_exceed": 0.57983333333333298, "prosp_score_happy": 1.99983335623655, "prosp_score_sad": 3.3434192899464699, "domain_class": "tier 3" }, "geometry": { "type": "Point", "coordinates": [ -146.843979361598912, 62.043185442861571 ] } },
{ "type": "Feature", "properties": { "field_1": 1127, "x": 376271.4859, "y": 1325589.913, "scaled_x": 0.71057018703369901, "scaled_y": 0.47091197177898603, "post_mean": 3.38071975490679, "post_sd": 0.084909660582667704, "post_q10": 3.2709170915928798, "post_q50": 3.3803069693835601, "post_q90": 3.4884755911877598, "post_prob_exceed": 0.267, "prosp_score_happy": 0.90265217456011404, "prosp_score_sad": 3.2709170915928798, "domain_class": "Background" }, "geometry": { "type": "Point", "coordinates": [ -146.843979361430769, 61.725689404577857 ] } },
{ "type": "Feature", "properties": { "field_1": 1128, "x": 380129.9787, "y": 1289920.08, "scaled_x": 0.71166276523263095, "scaled_y": 0.45230438267739298, "post_mean": 3.3064013511021502, "post_sd": 0.092831114077082402, "post_q10": 3.1893427444075799, "post_q50": 3.3061823844894001, "post_q90": 3.4242049532418699, "post_prob_exceed": 0.085666666666666696, "prosp_score_happy": 0.28324838241108402, "prosp_score_sad": 3.1893427444075799, "domain_class": "Background" }, "geometry": { "type": "Point", "coordinates": [ -146.843979360622939, 61.404888325697478 ] } },
{ "type": "Feature", "properties": { "field_1": 1129, "x": 384028.7394, "y": 1253877.99, "scaled_x": 0.71276674576712096, "scaled_y": 0.43350260132106799, "post_mean": 3.2310839200636101, "post_sd": 0.11027209204682301, "post_q10": 3.0922933491315701, "post_q50": 3.2295971762595701, "post_q90": 3.37199223144292, "post_prob_exceed": 0.032833333333333298, "prosp_score_happy": 0.106087255375422, "prosp_score_sad": 3.0922933491315701, "domain_class": "Background" }, "geometry": { "type": "Point", "coordinates": [ -146.843979360697119, 61.080757968575213 ] } },
{ "type": "Feature", "properties": { "field_1": 1130, "x": 387967.9258, "y": 1217462.184, "scaled_x": 0.71388217332012005, "scaled_y": 0.41450586660545202, "post_mean": 3.1604402630919699, "post_sd": 0.141826835081549, "post_q10": 2.9814908189645002, "post_q50": 3.1615297204544102, "post_q90": 3.3433372786656501, "post_prob_exceed": 0.0275, "prosp_score_happy": 0.086912107235029207, "prosp_score_sad": 2.9814908189645002, "domain_class": "Background" }, "geometry": { "type": "Point", "coordinates": [ -146.843979362058406, 60.753274265239504 ] } },
{ "type": "Feature", "properties": { "field_1": 1131, "x": 391947.6896, "y": 1180671.261, "scaled_x": 0.71500909084729003, "scaled_y": 0.39531344768237098, "post_mean": 3.1004795159038601, "post_sd": 0.18954330983395301, "post_q10": 2.8544666169192001, "post_q50": 3.1020501514253902, "post_q90": 3.3433243349230302, "post_prob_exceed": 0.039666666666666697, "prosp_score_happy": 0.12298568746418601, "prosp_score_sad": 2.8544666169192001, "domain_class": "Background" }, "geometry": { "type": "Point", "coordinates": [ -146.843979361942502, 60.422413327935793 ] } },
{ "type": "Feature", "properties": { "field_1": 1132, "x": 301379.0863, "y": 2259625.343, "scaled_x": 0.68936351196393197, "scaled_y": 0.95816257056282295, "post_mean": 2.9919681302980599, "post_sd": 0.18655900075280099, "post_q10": 2.7473680737422899, "post_q50": 2.99188068525077, "post_q90": 3.22973811947986, "post_prob_exceed": 0.0073333333333333297, "prosp_score_happy": 0.021941099622185802, "prosp_score_sad": 2.7473680737422899, "domain_class": "Background" }, "geometry": { "type": "Point", "coordinates": [ -146.17024290115242, 70.155113032955754 ] } },
{ "type": "Feature", "properties": { "field_1": 1133, "x": 304345.9031, "y": 2234577.864, "scaled_x": 0.69020360148176196, "scaled_y": 0.94509625771345296, "post_mean": 3.1550497340519801, "post_sd": 0.15413132678934999, "post_q10": 2.9508826474903498, "post_q50": 3.1546560294726, "post_q90": 3.34987017115541, "post_prob_exceed": 0.033666666666666699, "prosp_score_happy": 0.106220007713083, "prosp_score_sad": 2.9508826474903498, "domain_class": "Background" }, "geometry": { "type": "Point", "coordinates": [ -146.170242899815833, 69.92512746285071 ] } },
{ "type": "Feature", "properties": { "field_1": 1134, "x": 307349.2743, "y": 2209221.773, "scaled_x": 0.69105404181339103, "scaled_y": 0.93186895377427903, "post_mean": 3.29555323224261, "post_sd": 0.13403428942478801, "post_q10": 3.1175664226681699, "post_q50": 3.2974679309365098, "post_q90": 3.4675887140047799, "post_prob_exceed": 0.1495, "prosp_score_happy": 0.49268520822027001, "prosp_score_sad": 3.1175664226681699, "domain_class": "Background" }, "geometry": { "type": "Point", "coordinates": [ -146.170242898186643, 69.692587754838129 ] } },
{ "type": "Feature", "properties": { "field_1": 1135, "x": 310389.4765, "y": 2183554.734, "scaled_x": 0.69191491128140303, "scaled_y": 0.91847944014334704, "post_mean": 3.4126472932887202, "post_sd": 0.12572396276579501, "post_q10": 3.2499382223455502, "post_q50": 3.4142770217585299, "post_q90": 3.57468412625891, "post_prob_exceed": 0.44183333333333302, "prosp_score_happy": 1.50782132908473, "prosp_score_sad": 3.2499382223455502, "domain_class": "tier 3" }, "geometry": { "type": "Point", "coordinates": [ -146.170242898620046, 69.457469397034274 ] } },
{ "type": "Feature", "properties": { "field_1": 1136, "x": 313466.7851, "y": 2157574.423, "scaled_x": 0.69278628786858898, "scaled_y": 0.90492650447864698, "post_mean": 3.5059568873573399, "post_sd": 0.12632723670123899, "post_q10": 3.3429253134114698, "post_q50": 3.5080993560792599, "post_q90": 3.6665556020518699, "post_prob_exceed": 0.713666666666667, "prosp_score_happy": 2.50208456527736, "prosp_score_sad": 3.3429253134114698, "domain_class": "tier 2" }, "geometry": { "type": "Point", "coordinates": [ -146.170242897900579, 69.219747819907198 ] } },
{ "type": "Feature", "properties": { "field_1": 1137, "x": 316581.4747, "y": 2131278.52, "scaled_x": 0.69366824933120896, "scaled_y": 0.89120893652481503, "post_mean": 3.5756341764480499, "post_sd": 0.13187986826256101, "post_q10": 3.4065407255508302, "post_q50": 3.5776715278778002, "post_q90": 3.7420069977725001, "post_prob_exceed": 0.857, "prosp_score_happy": 3.0643184892159798, "prosp_score_sad": 3.4065407255508302, "domain_class": "tier 1" }, "geometry": { "type": "Point", "coordinates": [ -146.170242900931157, 68.979398319715344 ] } },
{ "type": "Feature", "properties": { "field_1": 1138, "x": 319733.8189, "y": 2104664.719, "scaled_x": 0.69456087314236403, "scaled_y": 0.87732553332975205, "post_mean": 3.6224177343886299, "post_sd": 0.13908449736964801, "post_q10": 3.4432400899930902, "post_q50": 3.6249150584773799, "post_q90": 3.7976638517541601, "post_prob_exceed": 0.91033333333333299, "prosp_score_happy": 3.29760761087178, "prosp_score_sad": 3.4432400899930902, "domain_class": "tier 1" }, "geometry": { "type": "Point", "coordinates": [ -146.170242896451214, 68.736396144972758 ] } },
{ "type": "Feature", "properties": { "field_1": 1139, "x": 322924.0896, "y": 2077730.719, "scaled_x": 0.69546423629377596, "scaled_y": 0.863275094549669, "post_mean": 3.6476737117305702, "post_sd": 0.14587187355459499, "post_q10": 3.4598666068088, "post_q50": 3.6502020523684902, "post_q90": 3.8308426039763899, "post_prob_exceed": 0.92833333333333301, "prosp_score_happy": 3.3862570957232099, "prosp_score_sad": 3.4598666068088, "domain_class": "tier 1" }, "geometry": { "type": "Point", "coordinates": [ -146.170242900253612, 68.490716411982007 ] } },
{ "type": "Feature", "properties": { "field_1": 1140, "x": 326152.5579, "y": 2050474.236, "scaled_x": 0.69637841555064095, "scaled_y": 0.84905642870902598, "post_mean": 3.6534118682469399, "post_sd": 0.151129966418211, "post_q10": 3.4583474506654701, "post_q50": 3.6556291748566401, "post_q90": 3.8428103015772899, "post_prob_exceed": 0.92766666666666697, "prosp_score_happy": 3.3891484097770799, "prosp_score_sad": 3.4583474506654701, "domain_class": "tier 1" }, "geometry": { "type": "Point", "coordinates": [ -146.170242898645938, 68.242334207694341 ] } },
{ "type": "Feature", "properties": { "field_1": 1141, "x": 329419.4931, "y": 2022892.994, "scaled_x": 0.69730348716846102, "scaled_y": 0.83466834850557803, "post_mean": 3.6422695712346198, "post_sd": 0.15432093724916601, "post_q10": 3.4435729165381499, "post_q50": 3.6446945222884901, "post_q90": 3.83595320910023, "post_prob_exceed": 0.91083333333333305, "prosp_score_happy": 3.3175005344662001, "prosp_score_sad": 3.4435729165381499, "domain_class": "tier 1" }, "geometry": { "type": "Point", "coordinates": [ -146.170242898546491, 67.991224505435653 ] } },
{ "type": "Feature", "properties": { "field_1": 1142, "x": 332725.1627, "y": 1994984.735, "scaled_x": 0.69823952689304702, "scaled_y": 0.82010967602699303, "post_mean": 3.61745748629746, "post_sd": 0.155220654330188, "post_q10": 3.41911085334071, "post_q50": 3.6184233848298999, "post_q90": 3.8132597701957698, "post_prob_exceed": 0.8815, "prosp_score_happy": 3.18878877417121, "prosp_score_sad": 3.41911085334071, "domain_class": "tier 1" }, "geometry": { "type": "Point", "coordinates": [ -146.170242898860522, 67.737362250295959 ] } },
{ "type": "Feature", "properties": { "field_1": 1143, "x": 336069.8329, "y": 1966747.212, "scaled_x": 0.69918661010210204, "scaled_y": 0.80537923909921805, "post_mean": 3.5826623210521999, "post_sd": 0.153780003128592, "post_q10": 3.3883562003793002, "post_q50": 3.58341261963279, "post_q90": 3.7760102358388301, "post_prob_exceed": 0.83583333333333298, "prosp_score_happy": 2.9945085900128001, "prosp_score_sad": 3.3883562003793002, "domain_class": "tier 1" }, "geometry": { "type": "Point", "coordinates": [ -146.170242898468246, 67.480722291125304 ] } },
{ "type": "Feature", "properties": { "field_1": 1144, "x": 339453.7675, "y": 1938178.197, "scaled_x": 0.70014481149373597, "scaled_y": 0.79047587545977305, "post_mean": 3.5419045669926001, "post_sd": 0.15006744874978001, "post_q10": 3.3530063353744599, "post_q50": 3.5426372801047701, "post_q90": 3.7353073816688398, "post_prob_exceed": 0.76083333333333303, "prosp_score_happy": 2.6947990580535399, "prosp_score_sad": 3.3530063353744599, "domain_class": "tier 2" }, "geometry": { "type": "Point", "coordinates": [ -146.170242899710701, 67.221279448746245 ] } },
{ "type": "Feature", "properties": { "field_1": 1145, "x": 342877.2286, "y": 1909275.479, "scaled_x": 0.70111420528468704, "scaled_y": 0.77539843171443301, "post_mean": 3.4993527723339701, "post_sd": 0.144259028836073, "post_q10": 3.31649710831516, "post_q50": 3.5002880511571099, "post_q90": 3.6837546835119901, "post_prob_exceed": 0.67816666666666703, "prosp_score_happy": 2.3731444051044899, "prosp_score_sad": 3.31649710831516, "domain_class": "tier 2" }, "geometry": { "type": "Point", "coordinates": [ -146.170242897740508, 66.959008492366323 ] } },
{ "type": "Feature", "properties": { "field_1": 1146, "x": 346340.4757, "y": 1880036.865, "scaled_x": 0.70209486495547202, "scaled_y": 0.760145763858879, "post_mean": 3.4591004451701499, "post_sd": 0.13665039260704001, "post_q10": 3.2870493146866302, "post_q50": 3.4596973986445398, "post_q90": 3.6326056736840702, "post_prob_exceed": 0.578, "prosp_score_happy": 1.9993600573083501, "prosp_score_sad": 3.2870493146866302, "domain_class": "tier 3" }, "geometry": { "type": "Point", "coordinates": [ -146.170242898384146, 66.693884144509482 ] } },
{ "type": "Feature", "properties": { "field_1": 1147, "x": 349843.7663, "y": 1850460.182, "scaled_x": 0.70308686342028204, "scaled_y": 0.744716738322032, "post_mean": 3.4249168777366701, "post_sd": 0.12767017354150401, "post_q10": 3.2634783652853301, "post_q50": 3.42520036160934, "post_q90": 3.5851512313658702, "post_prob_exceed": 0.472, "prosp_score_happy": 1.6165607662917101, "prosp_score_sad": 3.2634783652853301, "domain_class": "tier 3" }, "geometry": { "type": "Point", "coordinates": [ -146.170242899055751, 66.4258810931602 ] } },
{ "type": "Feature", "properties": { "field_1": 1148, "x": 353387.3549, "y": 1820543.281, "scaled_x": 0.70409027274382496, "scaled_y": 0.72911023405269504, "post_mean": 3.3999885709851299, "post_sd": 0.11787636699043701, "post_q10": 3.2510890824459899, "post_q50": 3.4008111503339, "post_q90": 3.5487260114291099, "post_prob_exceed": 0.38133333333333302, "prosp_score_happy": 1.2965289750689999, "prosp_score_sad": 3.2510890824459899, "domain_class": "Background" }, "geometry": { "type": "Point", "coordinates": [ -146.170242900723309, 66.154974023294216 ] } },
{ "type": "Feature", "properties": { "field_1": 1149, "x": 356971.4937, "y": 1790284.035, "scaled_x": 0.70510516433953496, "scaled_y": 0.71332514147623105, "post_mean": 3.3866728045319499, "post_sd": 0.107919412785102, "post_q10": 3.25016444463026, "post_q50": 3.3877712855692801, "post_q90": 3.5225731725259499, "post_prob_exceed": 0.32516666666666699, "prosp_score_happy": 1.1012331069403101, "prosp_score_sad": 3.25016444463026, "domain_class": "Background" }, "geometry": { "type": "Point", "coordinates": [ -146.170242897669596, 65.881137592856732 ] } },
{ "type": "Feature", "properties": { "field_1": 1150, "x": 360596.4316, "y": 1759680.339, "scaled_x": 0.70613160868641001, "scaled_y": 0.69736036249456201, "post_mean": 3.3862884290237201, "post_sd": 0.098460815505552496, "post_q10": 3.2599839057177098, "post_q50": 3.3878613316876698, "post_q90": 3.5097278859870298, "post_prob_exceed": 0.31433333333333302, "prosp_score_happy": 1.06442332952312, "prosp_score_sad": 3.2599839057177098, "domain_class": "Background" }, "geometry": { "type": "Point", "coordinates": [ -146.170242899339513, 65.60434642835321 ] } },
{ "type": "Feature", "properties": { "field_1": 1151, "x": 364262.4146, "y": 1728730.119, "scaled_x": 0.70716967544228304, "scaled_y": 0.68121481518112503, "post_mean": 3.39897007138075, "post_sd": 0.090051730001729197, "post_q10": 3.28340056920737, "post_q50": 3.4003451828784002, "post_q90": 3.5127520292590702, "post_prob_exceed": 0.349833333333333, "prosp_score_happy": 1.1890730299713701, "prosp_score_sad": 3.28340056920737, "domain_class": "Background" }, "geometry": { "type": "Point", "coordinates": [ -146.170242898362829, 65.324575199070296 ] } },
{ "type": "Feature", "properties": { "field_1": 1152, "x": 367969.6854, "y": 1697431.324, "scaled_x": 0.70821943333054904, "scaled_y": 0.66488742960757896, "post_mean": 3.4236098658367702, "post_sd": 0.083008962372880302, "post_q10": 3.3178388104214598, "post_q50": 3.4254666039329802, "post_q90": 3.5277257973927201, "post_prob_exceed": 0.453, "prosp_score_happy": 1.5508952692240601, "prosp_score_sad": 3.3178388104214598, "domain_class": "tier 3" }, "geometry": { "type": "Point", "coordinates": [ -146.17024289980003, 65.041798540369044 ] } },
{ "type": "Feature", "properties": { "field_1": 1153, "x": 371718.483, "y": 1665781.938, "scaled_x": 0.70928095002690394, "scaled_y": 0.64837715410374597, "post_mean": 3.4579048236421399, "post_sd": 0.077362073211763596, "post_q10": 3.35738476543911, "post_q50": 3.4589384286815998, "post_q90": 3.5549352699083401, "post_prob_exceed": 0.62216666666666698, "prosp_score_happy": 2.1513931177760202, "prosp_score_sad": 3.35738476543911, "domain_class": "tier 2" }, "geometry": { "type": "Point", "coordinates": [ -146.170242899208404, 64.75599115517457 ] } },
{ "type": "Feature", "properties": { "field_1": 1154, "x": 375509.043, "y": 1633779.971, "scaled_x": 0.71035429224429603, "scaled_y": 0.631682950562655, "post_mean": 3.4985181067480302, "post_sd": 0.072934396109229097, "post_q10": 3.4054201188647402, "post_q50": 3.4983193279260001, "post_q90": 3.5906867793980202, "post_prob_exceed": 0.81816666666666704, "prosp_score_happy": 2.86237089767102, "prosp_score_sad": 3.4054201188647402, "domain_class": "tier 1" }, "geometry": { "type": "Point", "coordinates": [ -146.17024289894124, 64.46712772744516 ] } },
{ "type": "Feature", "properties": { "field_1": 1155, "x": 379341.5967, "y": 1601423.47, "scaled_x": 0.71143952547807399, "scaled_y": 0.61480380017881997, "post_mean": 3.5413493713230602, "post_sd": 0.069532076005312096, "post_q10": 3.4526970709905198, "post_q50": 3.5413002834702301, "post_q90": 3.6306292654235301, "post_prob_exceed": 0.93583333333333296, "prosp_score_happy": 3.3141127866631699, "prosp_score_sad": 3.4526970709905198, "domain_class": "tier 1" }, "geometry": { "type": "Point", "coordinates": [ -146.170242899569502, 64.175183014952268 ] } },
{ "type": "Feature", "properties": { "field_1": 1156, "x": 383216.3717, "y": 1568710.515, "scaled_x": 0.71253671417589104, "scaled_y": 0.59773870136159601, "post_mean": 3.5818949054622902, "post_sd": 0.067115016166522601, "post_q10": 3.4950067200399002, "post_q50": 3.58187811819715, "post_q90": 3.6681647620736499, "post_prob_exceed": 0.988, "prosp_score_happy": 3.5389121665967398, "prosp_score_sad": 3.4950067200399002, "domain_class": "tier 1" }, "geometry": { "type": "Point", "coordinates": [ -146.170242897414738, 63.88013180675663 ] } },
{ "type": "Feature", "properties": { "field_1": 1157, "x": 387133.5908, "y": 1535639.223, "scaled_x": 0.71364592142621897, "scaled_y": 0.58048667182182201, "post_mean": 3.6156646788984599, "post_sd": 0.065811946689716502, "post_q10": 3.5311840678636899, "post_q50": 3.6152897107227502, "post_q90": 3.7002439628988801, "post_prob_exceed": 0.99716666666666698, "prosp_score_happy": 3.6054202956415899, "prosp_score_sad": 3.5311840678636899, "domain_class": "tier 1" }, "geometry": { "type": "Point", "coordinates": [ -146.170242897311311, 63.581948953593361 ] } },
{ "type": "Feature", "properties": { "field_1": 1158, "x": 391093.4725, "y": 1502207.75, "scaled_x": 0.71476720909993596, "scaled_y": 0.56304674961515, "post_mean": 3.6386136303252101, "post_sd": 0.065742695076854707, "post_q10": 3.55426279786017, "post_q50": 3.6370553715552401, "post_q90": 3.7240457896588799, "post_prob_exceed": 0.9985, "prosp_score_happy": 3.6331557098797198, "prosp_score_sad": 3.55426279786017, "domain_class": "tier 1" }, "geometry": { "type": "Point", "coordinates": [ -146.170242897563043, 63.280609378634587 ] } },
{ "type": "Feature", "properties": { "field_1": 1159, "x": 395096.2304, "y": 1468414.292, "scaled_x": 0.715900637680428, "scaled_y": 0.54541799366370103, "post_mean": 3.6475407639365902, "post_sd": 0.066784984203680897, "post_q10": 3.5619163821430799, "post_q50": 3.6463986804401598, "post_q90": 3.73438981334361, "post_prob_exceed": 0.99866666666666704, "prosp_score_happy": 3.64267737625135, "prosp_score_sad": 3.5619163821430799, "domain_class": "tier 1" }, "geometry": { "type": "Point", "coordinates": [ -146.170242899723775, 62.976088080408623 ] } },
{ "type": "Feature", "properties": { "field_1": 1160, "x": 399142.0731, "y": 1434257.09, "scaled_x": 0.71704626623526901, "scaled_y": 0.52759948636437903, "post_mean": 3.64041320660484, "post_sd": 0.068545801901323505, "post_q10": 3.5523794197590099, "post_q50": 3.6400074835432998, "post_q90": 3.7280674494346102, "post_prob_exceed": 0.999, "prosp_score_happy": 3.6367727933982299, "prosp_score_sad": 3.5523794197590099, "domain_class": "tier 1" }, "geometry": { "type": "Point", "coordinates": [ -146.170242898867571, 62.668360170627544 ] } },
{ "type": "Feature", "properties": { "field_1": 1161, "x": 403231.2036, "y": 1399734.428, "scaled_x": 0.71820415224632606, "scaled_y": 0.50959033254554398, "post_mean": 3.61658288888191, "post_sd": 0.070715652361231202, "post_q10": 3.52549055859004, "post_q50": 3.6169310724493799, "post_q90": 3.7071512286703401, "post_prob_exceed": 0.99616666666666698, "prosp_score_happy": 3.6027193211411901, "prosp_score_sad": 3.52549055859004, "domain_class": "tier 1" }, "geometry": { "type": "Point", "coordinates": [ -146.17024290001595, 62.35740085022649 ] } },
{ "type": "Feature", "properties": { "field_1": 1162, "x": 407363.8197, "y": 1364844.638, "scaled_x": 0.71937435172302699, "scaled_y": 0.49138966207532198, "post_mean": 3.57687890487394, "post_sd": 0.073791550353224405, "post_q10": 3.4809461667102299, "post_q50": 3.5776828943127699, "post_q90": 3.67103204541257, "post_prob_exceed": 0.973833333333333, "prosp_score_happy": 3.4832839068630701, "prosp_score_sad": 3.4809461667102299, "domain_class": "tier 1" }, "geometry": { "type": "Point", "coordinates": [ -146.170242898743425, 62.04318544645546 ] } },
{ "type": "Feature", "properties": { "field_1": 1163, "x": 411540.1132, "y": 1329586.099, "scaled_x": 0.72055691897582597, "scaled_y": 0.47299662933994302, "post_mean": 3.5235756743559401, "post_sd": 0.079949536580410402, "post_q10": 3.4212544573294399, "post_q50": 3.52374737295774, "post_q90": 3.6243383680478001, "post_prob_exceed": 0.86666666666666703, "prosp_score_happy": 3.0537655844418099, "prosp_score_sad": 3.4212544573294399, "domain_class": "tier 1" }, "geometry": { "type": "Point", "coordinates": [ -146.170242898964005, 61.725689397830223 ] } },
{ "type": "Feature", "properties": { "field_1": 1164, "x": 415760.2696, "y": 1293957.245, "scaled_x": 0.72175190653125698, "scaled_y": 0.45441041741703803, "post_mean": 3.4602523992121101, "post_sd": 0.093258862415915397, "post_q10": 3.3435384789529001, "post_q50": 3.4603784902159598, "post_q90": 3.57968328708015, "post_prob_exceed": 0.606, "prosp_score_happy": 2.0969129539225402, "prosp_score_sad": 3.3435384789529001, "domain_class": "tier 2" }, "geometry": { "type": "Point", "coordinates": [ -146.170242900429798, 61.404888318394832 ] } },
{ "type": "Feature", "properties": { "field_1": 1165, "x": 420024.4684, "y": 1257956.562, "scaled_x": 0.72295936521688497, "scaled_y": 0.43563023651064903, "post_mean": 3.3915701072048101, "post_sd": 0.118122800021913, "post_q10": 3.2426450205676298, "post_q50": 3.3904020731327398, "post_q90": 3.5422357375212599, "post_prob_exceed": 0.36016666666666702, "prosp_score_happy": 1.2215305002782699, "prosp_score_sad": 3.2426450205676298, "domain_class": "Background" }, "geometry": { "type": "Point", "coordinates": [ -146.170242899960215, 61.080757963577824 ] } },
{ "type": "Feature", "properties": { "field_1": 1166, "x": 424332.8822, "y": 1221582.592, "scaled_x": 0.724179343906454, "scaled_y": 0.41665532603787803, "post_mean": 3.3229976103551202, "post_sd": 0.15724511950062101, "post_q10": 3.1214345639693999, "post_q50": 3.3238869143056502, "post_q90": 3.5257158902893599, "post_prob_exceed": 0.240166666666667, "prosp_score_happy": 0.79807325942028695, "prosp_score_sad": 3.1214345639693999, "domain_class": "Background" }, "geometry": { "type": "Point", "coordinates": [ -146.170242899382941, 60.753274259398836 ] } },
{ "type": "Feature", "properties": { "field_1": 1167, "x": 428685.6766, "y": 1184833.937, "scaled_x": 0.72541188949157798, "scaled_y": 0.39748495671553802, "post_mean": 3.2605168867718999, "post_sd": 0.21160847075362199, "post_q10": 2.9871084159996601, "post_q50": 3.26314318595553, "post_q90": 3.5332781127762098, "post_prob_exceed": 0.21083333333333301, "prosp_score_happy": 0.68742564362774194, "prosp_score_sad": 2.9871084159996601, "domain_class": "Background" }, "geometry": { "type": "Point", "coordinates": [ -146.170242898518808, 60.422413330756576 ] } },
{ "type": "Feature", "properties": { "field_1": 1168, "x": 330396.7574, "y": 2237797.607, "scaled_x": 0.69758021119624003, "scaled_y": 0.94677587462550095, "post_mean": 3.2105285575796598, "post_sd": 0.17927705170224201, "post_q10": 2.9714168912824901, "post_q50": 3.21500842605472, "post_q90": 3.43516078355997, "post_prob_exceed": 0.101166666666667, "prosp_score_happy": 0.32479847240847598, "prosp_score_sad": 2.9714168912824901, "domain_class": "Background" }, "geometry": { "type": "Point", "coordinates": [ -145.496506435326097, 69.925127470595115 ] } },
{ "type": "Feature", "properties": { "field_1": 1169, "x": 333657.2059, "y": 2212473.288, "scaled_x": 0.69850344602768499, "scaled_y": 0.93356514492486997, "post_mean": 3.3511267153026001, "post_sd": 0.15637127754314001, "post_q10": 3.1442369841353299, "post_q50": 3.3555042151500598, "post_q90": 3.55036254301878, "post_prob_exceed": 0.30083333333333301, "prosp_score_happy": 1.0081306201868701, "prosp_score_sad": 3.1442369841353299, "domain_class": "Background" }, "geometry": { "type": "Point", "coordinates": [ -145.496506434774602, 69.692587750476534 ] } },
{ "type": "Feature", "properties": { "field_1": 1170, "x": 336957.6378, "y": 2186838.413, "scaled_x": 0.69943800263512501, "scaled_y": 0.92019241002390495, "post_mean": 3.46668425910027, "post_sd": 0.14583857671027101, "post_q10": 3.2763724733366502, "post_q50": 3.4685091049191898, "post_q90": 3.6532119122364501, "post_prob_exceed": 0.59516666666666695, "prosp_score_happy": 2.0632549148745101, "prosp_score_sad": 3.2763724733366502, "domain_class": "tier 3" }, "geometry": { "type": "Point", "coordinates": [ -145.496506433702905, 69.457469402078601 ] } },
{ "type": "Feature", "properties": { "field_1": 1171, "x": 340298.3523, "y": 2160890.657, "scaled_x": 0.70038396574060402, "scaled_y": 0.90665645705893305, "post_mean": 3.55676905092559, "post_sd": 0.145005030869096, "post_q10": 3.3694774725826302, "post_q50": 3.55893967945789, "post_q90": 3.7415851528273101, "post_prob_exceed": 0.8, "prosp_score_happy": 2.8454152407404698, "prosp_score_sad": 3.3694774725826302, "domain_class": "tier 2" }, "geometry": { "type": "Point", "coordinates": [ -145.496506435548753, 69.219747820271948 ] } },
{ "type": "Feature", "properties": { "field_1": 1172, "x": 343679.6476, "y": 2134627.705, "scaled_x": 0.70134141978300302, "scaled_y": 0.89295607838290103, "post_mean": 3.6215149556428101, "post_sd": 0.149912678239594, "post_q10": 3.42874418904987, "post_q50": 3.6239728408383201, "post_q90": 3.8140791082253598, "post_prob_exceed": 0.89483333333333304, "prosp_score_happy": 3.2406522994743701, "prosp_score_sad": 3.42874418904987, "domain_class": "tier 1" }, "geometry": { "type": "Point", "coordinates": [ -145.496506436579637, 68.979398320119103 ] } },
{ "type": "Feature", "properties": { "field_1": 1173, "x": 347101.8204, "y": 2108047.253, "scaled_x": 0.70231044877646398, "scaled_y": 0.87909007208703105, "post_mean": 3.6616890582207899, "post_sd": 0.157019210527018, "post_q10": 3.4588111280048301, "post_q50": 3.6638490340968199, "post_q90": 3.8600235386398301, "post_prob_exceed": 0.92333333333333301, "prosp_score_happy": 3.3809595637571901, "prosp_score_sad": 3.4588111280048301, "domain_class": "tier 1" }, "geometry": { "type": "Point", "coordinates": [ -145.496506435238075, 68.736396142404573 ] } },
{ "type": "Feature", "properties": { "field_1": 1174, "x": 350565.1663, "y": 2081147.004, "scaled_x": 0.70329113642364505, "scaled_y": 0.86505723991418304, "post_mean": 3.6787404567201798, "post_sd": 0.163939906926441, "post_q10": 3.4682888982289501, "post_q50": 3.68188909357775, "post_q90": 3.8854499799245601, "post_prob_exceed": 0.93066666666666698, "prosp_score_happy": 3.4236811183875799, "prosp_score_sad": 3.4682888982289501, "domain_class": "tier 1" }, "geometry": { "type": "Point", "coordinates": [ -145.496506434797681, 68.490716413097317 ] } },
{ "type": "Feature", "properties": { "field_1": 1175, "x": 354069.9792, "y": 2053924.675, "scaled_x": 0.70428356594583397, "scaled_y": 0.85085639091047804, "post_mean": 3.6748231506861302, "post_sd": 0.16930867156885701, "post_q10": 3.4598651846422701, "post_q50": 3.6780959877805, "post_q90": 3.8870200569679199, "post_prob_exceed": 0.923, "prosp_score_happy": 3.3918617680833001, "prosp_score_sad": 3.4598651846422701, "domain_class": "tier 1" }, "geometry": { "type": "Point", "coordinates": [ -145.496506435969877, 68.242334202785159 ] } },
{ "type": "Feature", "properties": { "field_1": 1176, "x": 357616.5516, "y": 2026377.995, "scaled_x": 0.70528782016789004, "scaled_y": 0.836486340381981, "post_mean": 3.6527855546245198, "post_sd": 0.17242657815340301, "post_q10": 3.43486296056513, "post_q50": 3.6550212845614798, "post_q90": 3.8674423659722699, "post_prob_exceed": 0.90066666666666695, "prosp_score_happy": 3.2899421895318199, "prosp_score_sad": 3.43486296056513, "domain_class": "tier 1" }, "geometry": { "type": "Point", "coordinates": [ -145.496506436027687, 67.991224503956076 ] } },
{ "type": "Feature", "properties": { "field_1": 1177, "x": 361205.174, "y": 1998504.707, "scaled_x": 0.70630398134834904, "scaled_y": 0.82194591093802005, "post_mean": 3.6161197713176501, "post_sd": 0.17299151413734101, "post_q10": 3.39552181004658, "post_q50": 3.6178303591419301, "post_q90": 3.8318631912846501, "post_prob_exceed": 0.85366666666666702, "prosp_score_happy": 3.0869609114481702, "prosp_score_sad": 3.39552181004658, "domain_class": "tier 1" }, "geometry": { "type": "Point", "coordinates": [ -145.496506436950995, 67.737362245163581 ] } },
{ "type": "Feature", "properties": { "field_1": 1178, "x": 364836.1353, "y": 1970302.568, "scaled_x": 0.70733213129268602, "scaled_y": 0.80723393249119102, "post_mean": 3.5688653342217802, "post_sd": 0.17094192183138199, "post_q10": 3.3510398792679998, "post_q50": 3.5717981502813498, "post_q90": 3.7843191048813201, "post_prob_exceed": 0.782, "prosp_score_happy": 2.79085269136143, "prosp_score_sad": 3.3510398792679998, "domain_class": "tier 2" }, "geometry": { "type": "Point", "coordinates": [ -145.496506435973942, 67.480722285963125 ] } },
{ "type": "Feature", "properties": { "field_1": 1179, "x": 368509.7219, "y": 1941769.353, "scaled_x": 0.70837235109847296, "scaled_y": 0.792349244343999, "post_mean": 3.5154646787274899, "post_sd": 0.16638292845837099, "post_q10": 3.3050455425895899, "post_q50": 3.5168594770625199, "post_q90": 3.7267520912930001, "post_prob_exceed": 0.68833333333333302, "prosp_score_happy": 2.4198115205240902, "prosp_score_sad": 3.3050455425895899, "domain_class": "tier 2" }, "geometry": { "type": "Point", "coordinates": [ -145.496506434606687, 67.221279449025346 ] } },
{ "type": "Feature", "properties": { "field_1": 1180, "x": 372226.2182, "y": 1912902.852, "scaled_x": 0.70942472129695799, "scaled_y": 0.77729069362387904, "post_mean": 3.4605711744211902, "post_sd": 0.159561821249813, "post_q10": 3.2593687737241002, "post_q50": 3.46065455064043, "post_q90": 3.66372936325903, "post_prob_exceed": 0.57, "prosp_score_happy": 1.9725255694200801, "prosp_score_sad": 3.2593687737241002, "domain_class": "tier 3" }, "geometry": { "type": "Point", "coordinates": [ -145.496506435854712, 66.959008487841714 ] } },
{ "type": "Feature", "properties": { "field_1": 1181, "x": 375985.9061, "y": 1883700.877, "scaled_x": 0.71048932171148405, "scaled_y": 0.76205713893482296, "post_mean": 3.4088151545715601, "post_sd": 0.150866821548648, "post_q10": 3.21752527430499, "post_q50": 3.4086635627976798, "post_q90": 3.6007057543884899, "post_prob_exceed": 0.43133333333333301, "prosp_score_happy": 1.47033560333853, "prosp_score_sad": 3.21752527430499, "domain_class": "tier 3" }, "geometry": { "type": "Point", "coordinates": [ -145.496506435166509, 66.693884144896614 ] } },
{ "type": "Feature", "properties": { "field_1": 1182, "x": 379789.0651, "y": 1854161.256, "scaled_x": 0.711566231485806, "scaled_y": 0.74664744722741405, "post_mean": 3.3645385895765898, "post_sd": 0.14082747956439001, "post_q10": 3.1860970306124199, "post_q50": 3.3631846008294599, "post_q90": 3.5431550296485801, "post_prob_exceed": 0.30883333333333302, "prosp_score_happy": 1.03908166774757, "prosp_score_sad": 3.1860970306124199, "domain_class": "Background" }, "geometry": { "type": "Point", "coordinates": [ -145.496506435701576, 66.425881092808297 ] } },
{ "type": "Feature", "properties": { "field_1": 1183, "x": 383635.9715, "y": 1824281.844, "scaled_x": 0.71265552885756001, "scaled_y": 0.73106049953710095, "post_mean": 3.3315146993739502, "post_sd": 0.130096843038399, "post_q10": 3.16665212743654, "post_q50": 3.3305605522746, "post_q90": 3.4960481959218099, "post_prob_exceed": 0.212666666666667, "prosp_score_happy": 0.70850212606686103, "prosp_score_sad": 3.16665212743654, "domain_class": "Background" }, "geometry": { "type": "Point", "coordinates": [ -145.496506434438885, 66.154974028208414 ] } },
{ "type": "Feature", "properties": { "field_1": 1184, "x": 387526.8989, "y": 1794060.514, "scaled_x": 0.713757291299845, "scaled_y": 0.71529518628924704, "post_mean": 3.3126739082923198, "post_sd": 0.11939712218683, "post_q10": 3.1621122007117601, "post_q50": 3.3127212318302299, "post_q90": 3.4657515429202999, "post_prob_exceed": 0.151, "prosp_score_happy": 0.50021376015214003, "prosp_score_sad": 3.1621122007117601, "domain_class": "Background" }, "geometry": { "type": "Point", "coordinates": [ -145.496506436780578, 65.881137585447107 ] } },
{ "type": "Feature", "properties": { "field_1": 1185, "x": 391462.1177, "y": 1763495.168, "scaled_x": 0.71487159537964096, "scaled_y": 0.69935041303740697, "post_mean": 3.3098616975457098, "post_sd": 0.10941716112455201, "post_q10": 3.1695040229643001, "post_q50": 3.3103781511166401, "post_q90": 3.44866213039275, "post_prob_exceed": 0.12616666666666701, "prosp_score_happy": 0.41759421750701697, "prosp_score_sad": 3.1695040229643001, "domain_class": "Background" }, "geometry": { "type": "Point", "coordinates": [ -145.496506436446083, 65.60434642976665 ] } },
{ "type": "Feature", "properties": { "field_1": 1186, "x": 395441.895, "y": 1732583.731, "scaled_x": 0.71599851672949699, "scaled_y": 0.68322509733335601, "post_mean": 3.3236557623522298, "post_sd": 0.10067107475039, "post_q10": 3.1933094072744801, "post_q50": 3.3244763380007698, "post_q90": 3.4516185708661, "post_prob_exceed": 0.13416666666666699, "prosp_score_happy": 0.44592381478225801, "prosp_score_sad": 3.1933094072744801, "domain_class": "Background" }, "geometry": { "type": "Point", "coordinates": [ -145.496506434611462, 65.324575198271859 ] } },
{ "type": "Feature", "properties": { "field_1": 1187, "x": 399466.4941, "y": 1701324.157, "scaled_x": 0.71713812990594195, "scaled_y": 0.66691817185706204, "post_mean": 3.3532688284618599, "post_sd": 0.093367982588069803, "post_q10": 3.2317103043892801, "post_q50": 3.35361508773825, "post_q90": 3.4705422718574002, "post_prob_exceed": 0.195333333333333, "prosp_score_happy": 0.65500517782621803, "prosp_score_sad": 3.2317103043892801, "domain_class": "Background" }, "geometry": { "type": "Point", "coordinates": [ -145.496506433803489, 65.041798548202706 ] } },
{ "type": "Feature", "properties": { "field_1": 1188, "x": 403536.1746, "y": 1669714.429, "scaled_x": 0.71829050841780995, "scaled_y": 0.65042858441668605, "post_mean": 3.3965585720256302, "post_sd": 0.087377277126897607, "post_q10": 3.2860238056539002, "post_q50": 3.3968930557541701, "post_q90": 3.5077106921019299, "post_prob_exceed": 0.337666666666667, "prosp_score_happy": 1.14690461115399, "prosp_score_sad": 3.2860238056539002, "domain_class": "Background" }, "geometry": { "type": "Point", "coordinates": [ -145.496506435745886, 64.755991150910404 ] } },
{ "type": "Feature", "properties": { "field_1": 1189, "x": 407651.192, "y": 1637752.564, "scaled_x": 0.71945572461296903, "scaled_y": 0.633755300556889, "post_mean": 3.4501571589832598, "post_sd": 0.082345179294843807, "post_q10": 3.3458980393122002, "post_q50": 3.4495014328688498, "post_q90": 3.5541210225500199, "post_prob_exceed": 0.57883333333333298, "prosp_score_happy": 1.99706596885814, "prosp_score_sad": 3.3458980393122002, "domain_class": "tier 3" }, "geometry": { "type": "Point", "coordinates": [ -145.496506436368207, 64.467127730761334 ] } },
{ "type": "Feature", "properties": { "field_1": 1190, "x": 411811.7978, "y": 1605436.608, "scaled_x": 0.72063384970664002, "scaled_y": 0.61689730095052198, "post_mean": 3.5097204084703302, "post_sd": 0.077917329433385099, "post_q10": 3.4107967052228698, "post_q50": 3.5094247369587701, "post_q90": 3.6087540609583102, "post_prob_exceed": 0.83783333333333299, "prosp_score_happy": 2.9405607488967198, "prosp_score_sad": 3.4107967052228698, "domain_class": "tier 1" }, "geometry": { "type": "Point", "coordinates": [ -145.49650643720193, 64.175183014419275 ] } },
{ "type": "Feature", "properties": { "field_1": 1191, "x": 416018.2388, "y": 1572764.645, "scaled_x": 0.72182495358318299, "scaled_y": 0.59985358609358896, "post_mean": 3.5702817387687502, "post_sd": 0.073939533352545703, "post_q10": 3.4754128513032199, "post_q50": 3.57004947685716, "post_q90": 3.6649532483334801, "post_prob_exceed": 0.966, "prosp_score_happy": 3.4488921596506201, "prosp_score_sad": 3.4754128513032199, "domain_class": "tier 1" }, "geometry": { "type": "Point", "coordinates": [ -145.496506435827314, 63.880131805404503 ] } },
{ "type": "Feature", "properties": { "field_1": 1192, "x": 420270.757, "y": 1539734.794, "scaled_x": 0.72302910476778004, "scaled_y": 0.58262317474025205, "post_mean": 3.6266813382362701, "post_sd": 0.070519803715214102, "post_q10": 3.5366914450469999, "post_q50": 3.6264519820370702, "post_q90": 3.7189093981396999, "post_prob_exceed": 0.99633333333333296, "prosp_score_happy": 3.6133835066627298, "prosp_score_sad": 3.5366914450469999, "domain_class": "tier 1" }, "geometry": { "type": "Point", "coordinates": [ -145.496506435802843, 63.581948951153457 ] } },
{ "type": "Feature", "properties": { "field_1": 1193, "x": 424569.5896, "y": 1506345.213, "scaled_x": 0.72424637042643703, "scaled_y": 0.56520510598948603, "post_mean": 3.67402887755317, "post_sd": 0.0679160808347955, "post_q10": 3.5873007530491399, "post_q50": 3.6726899571941001, "post_q90": 3.7636868966308401, "post_prob_exceed": 0.99916666666666698, "prosp_score_happy": 3.6709671868218701, "prosp_score_sad": 3.5873007530491399, "domain_class": "tier 1" }, "geometry": { "type": "Point", "coordinates": [ -145.496506436163031, 63.28060937206795 ] } },
{ "type": "Feature", "properties": { "field_1": 1194, "x": 428914.9684, "y": 1472594.102, "scaled_x": 0.72547681619608595, "scaled_y": 0.54759844085006004, "post_mean": 3.7081515208432299, "post_sd": 0.066334358305187593, "post_q10": 3.6236328173591299, "post_q50": 3.70686458277856, "post_q90": 3.7950563154533201, "post_prob_exceed": 1.0, "prosp_score_happy": 3.7081515208432299, "prosp_score_sad": 3.6236328173591299, "domain_class": "tier 1" }, "geometry": { "type": "Point", "coordinates": [ -145.496506435835414, 62.976088082225182 ] } },
{ "type": "Feature", "properties": { "field_1": 1195, "x": 433307.1198, "y": 1438479.702, "scaled_x": 0.72672050618458295, "scaled_y": 0.52980226171887701, "post_mean": 3.7259796333889001, "post_sd": 0.065859814313352194, "post_q10": 3.6429649760778302, "post_q50": 3.72519420991076, "post_q90": 3.8112106188000401, "post_prob_exceed": 1.0, "prosp_score_happy": 3.7259796333889001, "prosp_score_sad": 3.6429649760778302, "domain_class": "tier 1" }, "geometry": { "type": "Point", "coordinates": [ -145.496506436146149, 62.668360173788493 ] } },
{ "type": "Feature", "properties": { "field_1": 1196, "x": 437746.2645, "y": 1404000.3, "scaled_x": 0.72797750288576202, "scaled_y": 0.51181567498928304, "post_mean": 3.7258308053101001, "post_sd": 0.066777890426164901, "post_q10": 3.64028316776059, "post_q50": 3.7248120493201, "post_q90": 3.8111562500729201, "post_prob_exceed": 1.0, "prosp_score_happy": 3.7258308053101001, "prosp_score_sad": 3.64028316776059, "domain_class": "tier 1" }, "geometry": { "type": "Point", "coordinates": [ -145.496506434094982, 62.357400854913507 ] } },
{ "type": "Feature", "properties": { "field_1": 1197, "x": 442232.6168, "y": 1369154.229, "scaled_x": 0.72924786698122102, "scaled_y": 0.49363781105106602, "post_mean": 3.7075671794760998, "post_sd": 0.070324306795935002, "post_q10": 3.61715270513761, "post_q50": 3.7077710390319401, "post_q90": 3.7965634392103502, "post_prob_exceed": 0.99983333333333302, "prosp_score_happy": 3.7069492516128499, "prosp_score_sad": 3.61715270513761, "domain_class": "tier 1" }, "geometry": { "type": "Point", "coordinates": [ -145.496506435886573, 62.043185443630087 ] } },
{ "type": "Feature", "properties": { "field_1": 1198, "x": 446766.3851, "y": 1333939.873, "scaled_x": 0.73053165748190196, "scaled_y": 0.47526782689876501, "post_mean": 3.6726186140304899, "post_sd": 0.079345214615908405, "post_q10": 3.5713129192119402, "post_q50": 3.6727795438399502, "post_q90": 3.7744490645550601, "post_prob_exceed": 0.99866666666666704, "prosp_score_happy": 3.6677217892117899, "prosp_score_sad": 3.5713129192119402, "domain_class": "tier 1" }, "geometry": { "type": "Point", "coordinates": [ -145.496506434934531, 61.725689404615643 ] } },
{ "type": "Feature", "properties": { "field_1": 1199, "x": 451347.771, "y": 1298355.665, "scaled_x": 0.73182893147324801, "scaled_y": 0.45670490508834899, "post_mean": 3.62388136309248, "post_sd": 0.097712643902576196, "post_q10": 3.4992635308056301, "post_q50": 3.6240293468596398, "post_q90": 3.7496527418770298, "post_prob_exceed": 0.974833333333333, "prosp_score_happy": 3.5326803487879901, "prosp_score_sad": 3.4992635308056301, "domain_class": "tier 1" }, "geometry": { "type": "Point", "coordinates": [ -145.496506434073922, 61.404888325384306 ] } },
{ "type": "Feature", "properties": { "field_1": 1200, "x": 455976.969, "y": 1262400.093, "scaled_x": 0.73313974403024895, "scaled_y": 0.43794825686718297, "post_mean": 3.5655155568739798, "post_sd": 0.12851192336602801, "post_q10": 3.4015658067954502, "post_q50": 3.5667592268172199, "post_q90": 3.7289615146980202, "post_prob_exceed": 0.8485, "prosp_score_happy": 3.0253399500075702, "prosp_score_sad": 3.4015658067954502, "domain_class": "tier 1" }, "geometry": { "type": "Point", "coordinates": [ -145.496506436374688, 61.080757962662823 ] } },
{ "type": "Feature", "properties": { "field_1": 1201, "x": 460654.1666, "y": 1226071.703, "scaled_x": 0.734464148245764, "scaled_y": 0.41899712373901798, "post_mean": 3.5026726149590499, "post_sd": 0.17325474074182701, "post_q10": 3.2797955579078102, "post_q50": 3.5017897915518001, "post_q90": 3.7267023719407302, "post_prob_exceed": 0.652, "prosp_score_happy": 2.2837425449533, "prosp_score_sad": 3.2797955579078102, "domain_class": "tier 2" }, "geometry": { "type": "Point", "coordinates": [ -145.496506436248438, 60.75327426161455 ] } },
{ "type": "Feature", "properties": { "field_1": 1202, "x": 465379.5437, "y": 1189369.097, "scaled_x": 0.73580219506062094, "scaled_y": 0.39985077642066502, "post_mean": 3.44118539792218, "post_sd": 0.232559825596764, "post_q10": 3.1396855706873201, "post_q50": 3.44281474960703, "post_q90": 3.7407010623577701, "post_prob_exceed": 0.51433333333333298, "prosp_score_happy": 1.7699163563313101, "prosp_score_sad": 3.1396855706873201, "domain_class": "tier 3" }, "geometry": { "type": "Point", "coordinates": [ -145.49650643538277, 60.4224133314586 ] } },
{ "type": "Feature", "properties": { "field_1": 1203, "x": 356413.6077, "y": 2241281.463, "scaled_x": 0.70494719227306102, "scaled_y": 0.94859326919914899, "post_mean": 3.2650816680150001, "post_sd": 0.21049308567205, "post_q10": 2.9819629231648701, "post_q50": 3.2710914136157898, "post_q90": 3.5322961242389699, "post_prob_exceed": 0.21233333333333301, "prosp_score_happy": 0.69328567417518605, "prosp_score_sad": 2.9819629231648701, "domain_class": "Background" }, "geometry": { "type": "Point", "coordinates": [ -144.822769972042295, 69.925127466888853 ] } },
{ "type": "Feature", "properties": { "field_1": 1204, "x": 359930.7977, "y": 2215991.524, "scaled_x": 0.70594312651855196, "scaled_y": 0.93540047423102202, "post_mean": 3.4053940348838898, "post_sd": 0.18439088143531901, "post_q10": 3.1589324805944599, "post_q50": 3.4112255836039398, "post_q90": 3.6404032256422401, "post_prob_exceed": 0.44816666666666699, "prosp_score_happy": 1.52618409330046, "prosp_score_sad": 3.1589324805944599, "domain_class": "tier 3" }, "geometry": { "type": "Point", "coordinates": [ -144.82276997346662, 69.692587749825165 ] } },
{ "type": "Feature", "properties": { "field_1": 1205, "x": 363491.1197, "y": 2190391.45, "scaled_x": 0.70695127410363401, "scaled_y": 0.92204589368217604, "post_mean": 3.5190109892471, "post_sd": 0.171027447729629, "post_q10": 3.2940611988723698, "post_q50": 3.5224473237663299, "post_q90": 3.7373669235982199, "post_prob_exceed": 0.69233333333333302, "prosp_score_happy": 2.4363286082220799, "prosp_score_sad": 3.2940611988723698, "domain_class": "tier 2" }, "geometry": { "type": "Point", "coordinates": [ -144.8227699729797, 69.457469398867772 ] } },
{ "type": "Feature", "properties": { "field_1": 1206, "x": 367094.8964, "y": 2164478.92, "scaled_x": 0.707971726404656, "scaled_y": 0.90852831677558699, "post_mean": 3.6054450261300701, "post_sd": 0.16794768105187599, "post_q10": 3.3895167070210199, "post_q50": 3.6093973476397001, "post_q90": 3.8208586073374899, "post_prob_exceed": 0.84283333333333299, "prosp_score_happy": 3.03878924952329, "prosp_score_sad": 3.3895167070210199, "domain_class": "tier 1" }, "geometry": { "type": "Point", "coordinates": [ -144.822769972916035, 69.219747816596197 ] } },
{ "type": "Feature", "properties": { "field_1": 1207, "x": 370742.4493, "y": 2138251.623, "scaled_x": 0.709004574458174, "scaled_y": 0.89484653795084601, "post_mean": 3.6648134813223101, "post_sd": 0.17133763239764299, "post_q10": 3.44525909299387, "post_q50": 3.6665880184046902, "post_q90": 3.8841901959670899, "post_prob_exceed": 0.911, "prosp_score_happy": 3.33864508148462, "prosp_score_sad": 3.44525909299387, "domain_class": "tier 1" }, "geometry": { "type": "Point", "coordinates": [ -144.82276997085782, 68.979398325967352 ] } },
{ "type": "Feature", "properties": { "field_1": 1208, "x": 374434.0986, "y": 2111707.255, "scaled_x": 0.71004990893262998, "scaled_y": 0.88099935529917905, "post_mean": 3.6979135675495001, "post_sd": 0.177542101678203, "post_q10": 3.4695960620899098, "post_q50": 3.69779027707972, "post_q90": 3.92426347287824, "post_prob_exceed": 0.93033333333333301, "prosp_score_happy": 3.44029225567688, "prosp_score_sad": 3.4695960620899098, "domain_class": "tier 1" }, "geometry": { "type": "Point", "coordinates": [ -144.822769972382645, 68.736396139475545 ] } },
{ "type": "Feature", "properties": { "field_1": 1209, "x": 378170.1631, "y": 2084843.526, "scaled_x": 0.71110782010004303, "scaled_y": 0.86698557421507505, "post_mean": 3.7062786276457098, "post_sd": 0.18392048496294799, "post_q10": 3.469378082225, "post_q50": 3.70744656638609, "post_q90": 3.93779301696989, "post_prob_exceed": 0.93233333333333301, "prosp_score_happy": 3.45548710717501, "prosp_score_sad": 3.469378082225, "domain_class": "tier 1" }, "geometry": { "type": "Point", "coordinates": [ -144.822769969742097, 68.490716418074527 ] } },
{ "type": "Feature", "properties": { "field_1": 1210, "x": 381950.9599, "y": 2057658.153, "scaled_x": 0.71217839775105496, "scaled_y": 0.85280400374465704, "post_mean": 3.6922077187895601, "post_sd": 0.188863070947034, "post_q10": 3.4538986091130299, "post_q50": 3.6931396043990099, "post_q90": 3.9315796952245798, "post_prob_exceed": 0.9165, "prosp_score_happy": 3.38390837427063, "prosp_score_sad": 3.4538986091130299, "domain_class": "tier 1" }, "geometry": { "type": "Point", "coordinates": [ -144.822769972725808, 68.242334204471376 ] } },
{ "type": "Feature", "properties": { "field_1": 1211, "x": 385776.8045, "y": 2030148.87, "scaled_x": 0.71326173122324898, "scaled_y": 0.83845346180229896, "post_mean": 3.6587604770684798, "post_sd": 0.19150333836699701, "post_q10": 3.4174182534140898, "post_q50": 3.66082098707655, "post_q90": 3.9004711788567601, "post_prob_exceed": 0.8795, "prosp_score_happy": 3.2178798395817299, "prosp_score_sad": 3.4174182534140898, "domain_class": "tier 1" }, "geometry": { "type": "Point", "coordinates": [ -144.82276997278754, 67.991224508363189 ] } },
{ "type": "Feature", "properties": { "field_1": 1212, "x": 389648.0104, "y": 2002313.422, "scaled_x": 0.71435790928788501, "scaled_y": 0.82393277204065196, "post_mean": 3.6097098571427, "post_sd": 0.19145191294639399, "post_q10": 3.36803020939176, "post_q50": 3.61063270741389, "post_q90": 3.8505950618715499, "post_prob_exceed": 0.816, "prosp_score_happy": 2.9455232434284402, "prosp_score_sad": 3.36803020939176, "domain_class": "tier 1" }, "geometry": { "type": "Point", "coordinates": [ -144.822769972650121, 67.737362248631911 ] } },
{ "type": "Feature", "properties": { "field_1": 1213, "x": 393564.889, "y": 1974149.57, "scaled_x": 0.71546702012158203, "scaled_y": 0.80924076645895804, "post_mean": 3.5494468435820998, "post_sd": 0.1886255303131, "post_q10": 3.3112231760436499, "post_q50": 3.5503375341616499, "post_q90": 3.7876463595868901, "post_prob_exceed": 0.72633333333333305, "prosp_score_happy": 2.5780815573884599, "prosp_score_sad": 3.3112231760436499, "domain_class": "tier 2" }, "geometry": { "type": "Point", "coordinates": [ -144.822769972047752, 67.480722293663078 ] } },
{ "type": "Feature", "properties": { "field_1": 1214, "x": 397527.7495, "y": 1945655.09, "scaled_x": 0.71658915127800304, "scaled_y": 0.79437628488138701, "post_mean": 3.4828337442875501, "post_sd": 0.183155567445698, "post_q10": 3.2515380130571998, "post_q50": 3.4830238181971902, "post_q90": 3.7163727920817, "post_prob_exceed": 0.60066666666666702, "prosp_score_happy": 2.0920221357353901, "prosp_score_sad": 3.2515380130571998, "domain_class": "tier 2" }, "geometry": { "type": "Point", "coordinates": [ -144.822769973321073, 67.221279447777889 ] } },
{ "type": "Feature", "properties": { "field_1": 1215, "x": 401536.8986, "y": 1916827.778, "scaled_x": 0.71772438960290696, "scaled_y": 0.77933817756534196, "post_mean": 3.4150062882419001, "post_sd": 0.17534707886363701, "post_q10": 3.1923685995002802, "post_q50": 3.4163251722787198, "post_q90": 3.6381067412261499, "post_prob_exceed": 0.46, "prosp_score_happy": 1.57090289259127, "prosp_score_sad": 3.1923685995002802, "domain_class": "tier 3" }, "geometry": { "type": "Point", "coordinates": [ -144.822769972365535, 66.959008491404802 ] } },
{ "type": "Feature", "properties": { "field_1": 1216, "x": 405592.6404, "y": 1887665.446, "scaled_x": 0.71887282120583196, "scaled_y": 0.76412530311481597, "post_mean": 3.3511292762353899, "post_sd": 0.16566244933451901, "post_q10": 3.1389405661727401, "post_q50": 3.3513503926063799, "post_q90": 3.5628332621657002, "post_prob_exceed": 0.30683333333333301, "prosp_score_happy": 1.0282381662582201, "prosp_score_sad": 3.1389405661727401, "domain_class": "Background" }, "geometry": { "type": "Point", "coordinates": [ -144.822769973612537, 66.693884140474594 ] } },
{ "type": "Feature", "properties": { "field_1": 1217, "x": 409695.2763, "y": 1858165.928, "scaled_x": 0.72003453143177598, "scaled_y": 0.74873653161036202, "post_mean": 3.2961159435742, "post_sd": 0.15470714605566099, "post_q10": 3.0986023474342499, "post_q50": 3.2945475495879202, "post_q90": 3.4946092593365301, "post_prob_exceed": 0.18483333333333299, "prosp_score_happy": 0.60923209690396396, "prosp_score_sad": 3.0986023474342499, "domain_class": "Background" }, "geometry": { "type": "Point", "coordinates": [ -144.822769973363563, 66.425881094979772 ] } },
{ "type": "Feature", "properties": { "field_1": 1218, "x": 413845.1046, "y": 1828327.079, "scaled_x": 0.72120960474794005, "scaled_y": 0.73317074408742899, "post_mean": 3.2543268275271502, "post_sd": 0.143196643281923, "post_q10": 3.07147260638415, "post_q50": 3.25344193836357, "post_q90": 3.4402120545108401, "post_prob_exceed": 0.109, "prosp_score_happy": 0.35472162420046, "prosp_score_sad": 3.07147260638415, "domain_class": "Background" }, "geometry": { "type": "Point", "coordinates": [ -144.822769971995541, 66.154974025268714 ] } },
{ "type": "Feature", "properties": { "field_1": 1219, "x": 418042.4202, "y": 1798146.777, "scaled_x": 0.72239812465877096, "scaled_y": 0.71742683357969095, "post_mean": 3.22926948587219, "post_sd": 0.13188601471223901, "post_q10": 3.0606838419596798, "post_q50": 3.2287537796633101, "post_q90": 3.4004107215217498, "post_prob_exceed": 0.061666666666666703, "prosp_score_happy": 0.199138284962118, "prosp_score_sad": 3.0606838419596798, "domain_class": "Background" }, "geometry": { "type": "Point", "coordinates": [ -144.822769974233893, 65.881137584859545 ] } },
{ "type": "Feature", "properties": { "field_1": 1220, "x": 422287.515, "y": 1767622.926, "scaled_x": 0.72360017381923003, "scaled_y": 0.70150370668402395, "post_mean": 3.2233249045081398, "post_sd": 0.121453336485048, "post_q10": 3.0683257404847302, "post_q50": 3.2230565218213898, "post_q90": 3.37971064052857, "post_prob_exceed": 0.0428333333333333, "prosp_score_happy": 0.13806575007643199, "prosp_score_sad": 3.0683257404847302, "domain_class": "Background" }, "geometry": { "type": "Point", "coordinates": [ -144.822769971398913, 65.604346431127595 ] } },
{ "type": "Feature", "properties": { "field_1": 1221, "x": 426580.6769, "y": 1736753.453, "scaled_x": 0.72481583375163205, "scaled_y": 0.68540028199552905, "post_mean": 3.2375290968116701, "post_sd": 0.11235418361833199, "post_q10": 3.09265910820652, "post_q50": 3.2365864126175001, "post_q90": 3.3815077453351998, "post_prob_exceed": 0.0428333333333333, "prosp_score_happy": 0.13867416298009999, "prosp_score_sad": 3.09265910820652, "domain_class": "Background" }, "geometry": { "type": "Point", "coordinates": [ -144.822769972177497, 65.32457519421375 ] } },
{ "type": "Feature", "properties": { "field_1": 1222, "x": 430922.19, "y": 1705536.316, "scaled_x": 0.72604518490227798, "scaled_y": 0.66911549428081996, "post_mean": 3.2714381930566501, "post_sd": 0.104706136562196, "post_q10": 3.1369692591127301, "post_q50": 3.2710125111334598, "post_q90": 3.4039304673133102, "post_prob_exceed": 0.061166666666666702, "prosp_score_happy": 0.20010296947529899, "prosp_score_sad": 3.1369692591127301, "domain_class": "Background" }, "geometry": { "type": "Point", "coordinates": [ -144.822769974158746, 65.04179854216909 ] } },
{ "type": "Feature", "properties": { "field_1": 1223, "x": 435312.3345, "y": 1673969.502, "scaled_x": 0.72728830661313304, "scaled_y": 0.65264829343470399, "post_mean": 3.3231014916786799, "post_sd": 0.098285385409505696, "post_q10": 3.1992226764099398, "post_q50": 3.3226649158952202, "post_q90": 3.44768256989031, "post_prob_exceed": 0.125, "prosp_score_happy": 0.41538768645983598, "prosp_score_sad": 3.1992226764099398, "domain_class": "Background" }, "geometry": { "type": "Point", "coordinates": [ -144.822769972254719, 64.755991157365003 ] } },
{ "type": "Feature", "properties": { "field_1": 1224, "x": 439751.386, "y": 1642051.027, "scaled_x": 0.72854527692362203, "scaled_y": 0.63599764448018103, "post_mean": 3.38915896573541, "post_sd": 0.092672521652279793, "post_q10": 3.2709718343790599, "post_q50": 3.3896058751545701, "post_q90": 3.50699712688697, "post_prob_exceed": 0.3175, "prosp_score_happy": 1.0760579716209899, "prosp_score_sad": 3.2709718343790599, "domain_class": "Background" }, "geometry": { "type": "Point", "coordinates": [ -144.822769973261472, 64.46712773136413 ] } },
{ "type": "Feature", "properties": { "field_1": 1225, "x": 444239.6157, "y": 1609778.943, "scaled_x": 0.72981617262725496, "scaled_y": 0.61916253122007403, "post_mean": 3.4650677317445702, "post_sd": 0.087486044681600997, "post_q10": 3.3534512908793701, "post_q50": 3.4653569867983598, "post_q90": 3.5752338074129701, "post_prob_exceed": 0.64366666666666705, "prosp_score_happy": 2.23034859666625, "prosp_score_sad": 3.3534512908793701, "domain_class": "tier 2" }, "geometry": { "type": "Point", "coordinates": [ -144.822769971328796, 64.175183020695755 ] } },
{ "type": "Feature", "properties": { "field_1": 1226, "x": 448777.2898, "y": 1577151.334, "scaled_x": 0.731101069101732, "scaled_y": 0.60214195415038596, "post_mean": 3.5454471814666801, "post_sd": 0.082581087590032798, "post_q10": 3.4389246055854001, "post_q50": 3.5468855598237901, "post_q90": 3.6498711341259602, "post_prob_exceed": 0.90933333333333299, "prosp_score_happy": 3.2239933036803698, "prosp_score_sad": 3.4389246055854001, "domain_class": "tier 1" }, "geometry": { "type": "Point", "coordinates": [ -144.822769971937845, 63.88013180581568 ] } },
{ "type": "Feature", "properties": { "field_1": 1227, "x": 453364.6694, "y": 1544166.323, "scaled_x": 0.73240004028062999, "scaled_y": 0.58493493411192599, "post_mean": 3.6245165597495599, "post_sd": 0.078114792626390706, "post_q10": 3.5240591656703599, "post_q50": 3.6255176803926101, "post_q90": 3.72542519453452, "post_prob_exceed": 0.99216666666666697, "prosp_score_happy": 3.5961245133648498, "prosp_score_sad": 3.5240591656703599, "domain_class": "tier 1" }, "geometry": { "type": "Point", "coordinates": [ -144.822769973876262, 63.581948946975537 ] } },
{ "type": "Feature", "properties": { "field_1": 1228, "x": 458002.0104, "y": 1510822.072, "scaled_x": 0.73371315862508002, "scaled_y": 0.56754051229031599, "post_mean": 3.6965848448822198, "post_sd": 0.074452244123080699, "post_q10": 3.601182145998, "post_q50": 3.69615891572206, "post_q90": 3.7925088716683799, "post_prob_exceed": 0.9995, "prosp_score_happy": 3.6947365524597799, "prosp_score_sad": 3.601182145998, "domain_class": "tier 1" }, "geometry": { "type": "Point", "coordinates": [ -144.82276997154932, 63.280609377830949 ] } },
{ "type": "Feature", "properties": { "field_1": 1229, "x": 462689.5629, "y": 1477116.78, "scaled_x": 0.73504049495387902, "scaled_y": 0.54995774917266405, "post_mean": 3.7565434259464401, "post_sd": 0.071985931124841501, "post_q10": 3.66566314938638, "post_q50": 3.7555881749373001, "post_q90": 3.8491999624999802, "post_prob_exceed": 1.0, "prosp_score_happy": 3.7565434259464401, "prosp_score_sad": 3.66566314938638, "domain_class": "tier 1" }, "geometry": { "type": "Point", "coordinates": [ -144.822769972400039, 62.976088081861015 ] } },
{ "type": "Feature", "properties": { "field_1": 1230, "x": 467427.571, "y": 1443048.693, "scaled_x": 0.73638211838684797, "scaled_y": 0.53218572976418199, "post_mean": 3.8003098374894799, "post_sd": 0.0710671913159307, "post_q10": 3.70895607978786, "post_q50": 3.8006599755535899, "post_q90": 3.89145800829094, "post_prob_exceed": 1.0, "prosp_score_happy": 3.8003098374894799, "prosp_score_sad": 3.70895607978786, "domain_class": "tier 1" }, "geometry": { "type": "Point", "coordinates": [ -144.822769973172541, 62.668360174553698 ] } },
{ "type": "Feature", "properties": { "field_1": 1231, "x": 472216.2729, "y": 1408616.099, "scaled_x": 0.73773809637315402, "scaled_y": 0.51422356097987698, "post_mean": 3.8251767239416798, "post_sd": 0.072293625843660794, "post_q10": 3.7322018612224701, "post_q50": 3.82525385189814, "post_q90": 3.91857320354092, "post_prob_exceed": 1.0, "prosp_score_happy": 3.8251767239416798, "prosp_score_sad": 3.7322018612224701, "domain_class": "tier 1" }, "geometry": { "type": "Point", "coordinates": [ -144.8227699718704, 62.357400852139691 ] } },
{ "type": "Feature", "properties": { "field_1": 1232, "x": 477055.8997, "y": 1373817.335, "scaled_x": 0.73910849435151704, "scaled_y": 0.49607037529618497, "post_mean": 3.8300331425993401, "post_sd": 0.077155525987429793, "post_q10": 3.7289819326831699, "post_q50": 3.8308008347152498, "post_q90": 3.92917966620558, "post_prob_exceed": 1.0, "prosp_score_happy": 3.8300331425993401, "prosp_score_sad": 3.7289819326831699, "domain_class": "tier 1" }, "geometry": { "type": "Point", "coordinates": [ -144.822769971997758, 62.04318544818797 ] } },
{ "type": "Feature", "properties": { "field_1": 1233, "x": 481946.6763, "y": 1338650.784, "scaled_x": 0.74049337600504905, "scaled_y": 0.47772532918598298, "post_mean": 3.8154430840720401, "post_sd": 0.088451313146966998, "post_q10": 3.7019996909221602, "post_q50": 3.8156688508381, "post_q90": 3.9283012878219599, "post_prob_exceed": 1.0, "prosp_score_happy": 3.8154430840720401, "prosp_score_sad": 3.7019996909221602, "domain_class": "tier 1" }, "geometry": { "type": "Point", "coordinates": [ -144.82276997320605, 61.725689398911015 ] } },
{ "type": "Feature", "properties": { "field_1": 1234, "x": 486888.82, "y": 1303114.885, "scaled_x": 0.74189280286483394, "scaled_y": 0.45918760833521, "post_mean": 3.7835847446012001, "post_sd": 0.109571535465892, "post_q10": 3.6421481932831599, "post_q50": 3.7831126005366902, "post_q90": 3.9218157953783299, "post_prob_exceed": 0.9995, "prosp_score_happy": 3.7816929522288998, "prosp_score_sad": 3.6421481932831599, "domain_class": "tier 1" }, "geometry": { "type": "Point", "coordinates": [ -144.82276997165792, 61.404888326366816 ] } },
{ "type": "Feature", "properties": { "field_1": 1235, "x": 491882.5408, "y": 1267208.126, "scaled_x": 0.74330683439487399, "scaled_y": 0.44045642399123203, "post_mean": 3.7380701530870302, "post_sd": 0.14309968473634399, "post_q10": 3.5544176623898802, "post_q50": 3.7377737526544101, "post_q90": 3.9222645941004899, "post_prob_exceed": 0.98233333333333295, "prosp_score_happy": 3.67203091371583, "prosp_score_sad": 3.5544176623898802, "domain_class": "tier 1" }, "geometry": { "type": "Point", "coordinates": [ -144.822769972611468, 61.080757968905587 ] } },
{ "type": "Feature", "properties": { "field_1": 1236, "x": 496928.041, "y": 1230929.054, "scaled_x": 0.74473552787882302, "scaled_y": 0.42153101817946098, "post_mean": 3.6836755043343601, "post_sd": 0.19038844360152099, "post_q10": 3.4365082956423398, "post_q50": 3.68416664653475, "post_q90": 3.9299793395292899, "post_prob_exceed": 0.903, "prosp_score_happy": 3.32635898041393, "prosp_score_sad": 3.4365082956423398, "domain_class": "tier 1" }, "geometry": { "type": "Point", "coordinates": [ -144.822769971897543, 60.753274262967032 ] } },
{ "type": "Feature", "properties": { "field_1": 1237, "x": 502025.5144, "y": 1194276.274, "scaled_x": 0.74617893819346004, "scaled_y": 0.402410663181693, "post_mean": 3.6260167199816, "post_sd": 0.25209484495346501, "post_q10": 3.29935052973793, "post_q50": 3.6274520314136698, "post_q90": 3.9501049961303401, "post_prob_exceed": 0.77866666666666695, "prosp_score_happy": 2.8234583526256798, "prosp_score_sad": 3.29935052973793, "domain_class": "tier 2" }, "geometry": { "type": "Point", "coordinates": [ -144.822769973341963, 60.422413327874509 ] } },
{ "type": "Feature", "properties": { "field_1": 1238, "x": 382393.7762, "y": 2245029.075, "scaled_x": 0.71230378646125603, "scaled_y": 0.95054825520113595, "post_mean": 3.3184535992181501, "post_sd": 0.249405014616187, "post_q10": 2.9871866513595902, "post_q50": 3.32542266779596, "post_q90": 3.6412695461012499, "post_prob_exceed": 0.32516666666666699, "prosp_score_happy": 1.07905049534577, "prosp_score_sad": 2.9871866513595902, "domain_class": "Background" }, "geometry": { "type": "Point", "coordinates": [ -144.149033509396475, 69.925127465995217 ] } },
{ "type": "Feature", "properties": { "field_1": 1239, "x": 386167.3458, "y": 2219776.119, "scaled_x": 0.71337231764449704, "scaled_y": 0.93737475285116401, "post_mean": 3.4581878125330401, "post_sd": 0.22006761416001899, "post_q10": 3.16616495799081, "post_q50": 3.4651301001571402, "post_q90": 3.7369378084098699, "post_prob_exceed": 0.55683333333333296, "prosp_score_happy": 1.9256342469454799, "prosp_score_sad": 3.16616495799081, "domain_class": "tier 3" }, "geometry": { "type": "Point", "coordinates": [ -144.149033509769538, 69.692587753540991 ] } },
{ "type": "Feature", "properties": { "field_1": 1240, "x": 389987.1915, "y": 2194213.481, "scaled_x": 0.71445395245669696, "scaled_y": 0.92403970123326695, "post_mean": 3.5695584241190099, "post_sd": 0.203603208420117, "post_q10": 3.30521720263441, "post_q50": 3.5751154650088202, "post_q90": 3.8299318351852998, "post_prob_exceed": 0.74966666666666704, "prosp_score_happy": 2.67597896528122, "prosp_score_sad": 3.30521720263441, "domain_class": "tier 2" }, "geometry": { "type": "Point", "coordinates": [ -144.149033508428431, 69.457469402378507 ] } },
{ "type": "Feature", "properties": { "field_1": 1241, "x": 393853.6594, "y": 2168338.844, "scaled_x": 0.71554878890019302, "scaled_y": 0.910541891657066, "post_mean": 3.65202326860202, "post_sd": 0.197709682651979, "post_q10": 3.40126323535182, "post_q50": 3.6550159791082399, "post_q90": 3.9035609212380802, "post_prob_exceed": 0.86466666666666703, "prosp_score_happy": 3.15778278625121, "prosp_score_sad": 3.40126323535182, "domain_class": "tier 1" }, "geometry": { "type": "Point", "coordinates": [ -144.149033508656714, 69.21974782072823 ] } },
{ "type": "Feature", "properties": { "field_1": 1242, "x": 397767.0945, "y": 2142149.9, "scaled_x": 0.71665692466584596, "scaled_y": 0.89688012012714002, "post_mean": 3.7056833563814799, "post_sd": 0.19880227798216801, "post_q10": 3.45449688687349, "post_q50": 3.7072306971704201, "post_q90": 3.9595942864236302, "post_prob_exceed": 0.9165, "prosp_score_happy": 3.3962587961236301, "prosp_score_sad": 3.45449688687349, "domain_class": "tier 1" }, "geometry": { "type": "Point", "coordinates": [ -144.149033507633845, 68.979398328033753 ] } },
{ "type": "Feature", "properties": { "field_1": 1243, "x": 401727.8403, "y": 2115644.349, "scaled_x": 0.71777845701977205, "scaled_y": 0.88305318682136003, "post_mean": 3.7313655224612399, "post_sd": 0.20327337461175399, "post_q10": 3.4716953350806699, "post_q50": 3.73010377018133, "post_q90": 3.99107066276158, "post_prob_exceed": 0.9295, "prosp_score_happy": 3.4683042531277199, "prosp_score_sad": 3.4716953350806699, "domain_class": "tier 1" }, "geometry": { "type": "Point", "coordinates": [ -144.149033510008564, 68.736396142548884 ] } },
{ "type": "Feature", "properties": { "field_1": 1244, "x": 405736.2389, "y": 2088819.903, "scaled_x": 0.71891348283166101, "scaled_y": 0.86905989817754004, "post_mean": 3.7306859535813599, "post_sd": 0.208346546030306, "post_q10": 3.4636426642565401, "post_q50": 3.7302765327081602, "post_q90": 3.99446511507771, "post_prob_exceed": 0.92583333333333295, "prosp_score_happy": 3.4539934120240798, "prosp_score_sad": 3.4636426642565401, "domain_class": "tier 1" }, "geometry": { "type": "Point", "coordinates": [ -144.149033510840297, 68.490716412998097 ] } },
{ "type": "Feature", "properties": { "field_1": 1245, "x": 409792.6306, "y": 2061674.285, "scaled_x": 0.72006209846151203, "scaled_y": 0.85489906637177304, "post_mean": 3.7060862424234799, "post_sd": 0.212224482943904, "post_q10": 3.4344322236061302, "post_q50": 3.7055863321834499, "post_q90": 3.9733530168717599, "post_prob_exceed": 0.90033333333333299, "prosp_score_happy": 3.33671298026194, "prosp_score_sad": 3.4344322236061302, "domain_class": "tier 1" }, "geometry": { "type": "Point", "coordinates": [ -144.149033509083182, 68.242334205886436 ] } },
{ "type": "Feature", "properties": { "field_1": 1246, "x": 413897.3537, "y": 2034205.23, "scaled_x": 0.72122439970300001, "scaled_y": 0.84056950984009404, "post_mean": 3.66083342647747, "post_sd": 0.213889689522165, "post_q10": 3.3899821503844101, "post_q50": 3.66157105355488, "post_q90": 3.9326358199762002, "post_prob_exceed": 0.8555, "prosp_score_happy": 3.13184299635147, "prosp_score_sad": 3.3899821503844101, "domain_class": "tier 1" }, "geometry": { "type": "Point", "coordinates": [ -144.149033508584694, 67.991224510388079 ] } },
{ "type": "Feature", "properties": { "field_1": 1247, "x": 418050.7446, "y": 2006410.487, "scaled_x": 0.72240048181179095, "scaled_y": 0.82607005432180303, "post_mean": 3.5989760636152401, "post_sd": 0.21286429661174699, "post_q10": 3.33223616957804, "post_q50": 3.5986037673785898, "post_q90": 3.8697466017342301, "post_prob_exceed": 0.7775, "prosp_score_happy": 2.7982038894608499, "prosp_score_sad": 3.33223616957804, "domain_class": "tier 2" }, "geometry": { "type": "Point", "coordinates": [ -144.149033508582306, 67.737362251631353 ] } },
{ "type": "Feature", "properties": { "field_1": 1248, "x": 422253.1375, "y": 1978287.819, "scaled_x": 0.72359043942059798, "scaled_y": 0.81139953285946498, "post_mean": 3.5252498597288402, "post_sd": 0.20903373134950201, "post_q10": 3.2618184295527599, "post_q50": 3.5244532993808599, "post_q90": 3.7934250334517401, "post_prob_exceed": 0.66666666666666696, "prosp_score_happy": 2.3501665731525598, "prosp_score_sad": 3.2618184295527599, "domain_class": "tier 2" }, "geometry": { "type": "Point", "coordinates": [ -144.149033510824978, 67.480722286494441 ] } },
{ "type": "Feature", "properties": { "field_1": 1249, "x": 426504.864, "y": 1949835.009, "scaled_x": 0.724794366425909, "scaled_y": 0.79655678892888104, "post_mean": 3.4449288954679602, "post_sd": 0.20253982647461599, "post_q10": 3.1885322045857301, "post_q50": 3.4443084120838798, "post_q90": 3.7050893258884301, "post_prob_exceed": 0.52066666666666706, "prosp_score_happy": 1.7936596449069799, "prosp_score_sad": 3.1885322045857301, "domain_class": "tier 3" }, "geometry": { "type": "Point", "coordinates": [ -144.149033508146886, 67.221279452943051 ] } },
{ "type": "Feature", "properties": { "field_1": 1250, "x": 430806.2533, "y": 1921049.852, "scaled_x": 0.72601235604462699, "scaled_y": 0.78154067226579405, "post_mean": 3.3636220110626498, "post_sd": 0.19372250013414899, "post_q10": 3.1183030611665301, "post_q50": 3.3628847863119602, "post_q90": 3.6120879377916402, "post_prob_exceed": 0.356833333333333, "prosp_score_happy": 1.2002524542808499, "prosp_score_sad": 3.1183030611665301, "domain_class": "Background" }, "geometry": { "type": "Point", "coordinates": [ -144.149033507340164, 66.959008493506047 ] } },
{ "type": "Feature", "properties": { "field_1": 1251, "x": 435157.6316, "y": 1891930.165, "scaled_x": 0.72724450064416701, "scaled_y": 0.76635004408250595, "post_mean": 3.28701863255184, "post_sd": 0.183086484778889, "post_q10": 3.0531045391453202, "post_q50": 3.2864667169556898, "post_q90": 3.5209619757544202, "post_prob_exceed": 0.212666666666667, "prosp_score_happy": 0.69903929585602498, "prosp_score_sad": 3.0531045391453202, "domain_class": "Background" }, "geometry": { "type": "Point", "coordinates": [ -144.149033508515799, 66.693884140302671 ] } },
{ "type": "Feature", "properties": { "field_1": 1252, "x": 439559.3222, "y": 1862473.785, "scaled_x": 0.72849089177077597, "scaled_y": 0.75098377602455402, "post_mean": 3.22059355245112, "post_sd": 0.17127114845102601, "post_q10": 2.9989272261276798, "post_q50": 3.2208554533927001, "post_q90": 3.43897933215273, "post_prob_exceed": 0.105833333333333, "prosp_score_happy": 0.34084615096774401, "prosp_score_sad": 2.9989272261276798, "domain_class": "Background" }, "geometry": { "type": "Point", "coordinates": [ -144.149033509822203, 66.42588109189623 ] } },
{ "type": "Feature", "properties": { "field_1": 1253, "x": 444011.6451, "y": 1832678.571, "scaled_x": 0.72975162003626404, "scaled_y": 0.73544075121403596, "post_mean": 3.1692861353119999, "post_sd": 0.15900337539380499, "post_q10": 2.9647579753212101, "post_q50": 3.1699463286797398, "post_q90": 3.3763152499503502, "post_prob_exceed": 0.048833333333333298, "prosp_score_happy": 0.15476680627440301, "prosp_score_sad": 2.9647579753212101, "domain_class": "Background" }, "geometry": { "type": "Point", "coordinates": [ -144.149033509754389, 66.154974026372457 ] } },
{ "type": "Feature", "properties": { "field_1": 1254, "x": 448514.917, "y": 1802542.403, "scaled_x": 0.73102677511801095, "scaled_y": 0.71971986372794705, "post_mean": 3.1371751094637599, "post_sd": 0.14701797524718699, "post_q10": 2.9460810684845899, "post_q50": 3.1376394759261799, "post_q90": 3.3293068554021699, "post_prob_exceed": 0.020833333333333301, "prosp_score_happy": 0.065357814780495002, "prosp_score_sad": 2.9460810684845899, "domain_class": "Background" }, "geometry": { "type": "Point", "coordinates": [ -144.149033510372846, 65.881137587072445 ] } },
{ "type": "Feature", "properties": { "field_1": 1255, "x": 453069.4508, "y": 1772063.188, "scaled_x": 0.73231644561737697, "scaled_y": 0.70382002172815195, "post_mean": 3.1271750809808898, "post_sd": 0.13594300259945999, "post_q10": 2.9517039347861398, "post_q50": 3.1261749427612502, "post_q90": 3.3059483362857902, "post_prob_exceed": 0.012166666666666701, "prosp_score_happy": 0.0380472968186008, "prosp_score_sad": 2.9517039347861398, "domain_class": "Background" }, "geometry": { "type": "Point", "coordinates": [ -144.149033508629117, 65.604346431092807 ] } },
{ "type": "Feature", "properties": { "field_1": 1256, "x": 457675.5555, "y": 1741238.857, "scaled_x": 0.73362071903139403, "scaled_y": 0.68774014589639498, "post_mean": 3.14078416143674, "post_sd": 0.126174083624567, "post_q10": 2.97877826112305, "post_q50": 3.1370937956898501, "post_q90": 3.3054648714465298, "post_prob_exceed": 0.0095, "prosp_score_happy": 0.029837449533648999, "prosp_score_sad": 2.97877826112305, "domain_class": "Background" }, "geometry": { "type": "Point", "coordinates": [ -144.149033508249602, 65.324575197100444 ] } },
{ "type": "Feature", "properties": { "field_1": 1257, "x": 462333.5359, "y": 1710067.37, "scaled_x": 0.73493968166781298, "scaled_y": 0.67147917204261698, "post_mean": 3.1779128045857901, "post_sd": 0.117794898743852, "post_q10": 3.0274546795080699, "post_q50": 3.17567051813589, "post_q90": 3.3289164142546102, "post_prob_exceed": 0.0156666666666667, "prosp_score_happy": 0.049787300605177401, "prosp_score_sad": 3.0274546795080699, "domain_class": "Background" }, "geometry": { "type": "Point", "coordinates": [ -144.149033510009247, 65.041798544382203 ] } },
{ "type": "Feature", "properties": { "field_1": 1258, "x": 467043.6926, "y": 1678546.717, "scaled_x": 0.73627341864510398, "scaled_y": 0.65503605162660905, "post_mean": 3.2368210682751899, "post_sd": 0.11060852143527899, "post_q10": 3.0988767740743102, "post_q50": 3.2360644710457098, "post_q90": 3.3773616455775701, "post_prob_exceed": 0.038333333333333303, "prosp_score_happy": 0.124078140950549, "prosp_score_sad": 3.0988767740743102, "domain_class": "Background" }, "geometry": { "type": "Point", "coordinates": [ -144.149033508770628, 64.755991155801254 ] } },
{ "type": "Feature", "properties": { "field_1": 1259, "x": 471806.3213, "y": 1646674.918, "scaled_x": 0.73762201369424496, "scaled_y": 0.63840975175801895, "post_mean": 3.31418450799258, "post_sd": 0.10429545639819, "post_q10": 3.1825995593269498, "post_q50": 3.3145788800122, "post_q90": 3.4447066188741502, "post_prob_exceed": 0.120333333333333, "prosp_score_happy": 0.39880686912844099, "prosp_score_sad": 3.1825995593269498, "domain_class": "Background" }, "geometry": { "type": "Point", "coordinates": [ -144.149033508183237, 64.467127732709343 ] } },
{ "type": "Feature", "properties": { "field_1": 1260, "x": 476621.7129, "y": 1614450.026, "scaled_x": 0.73898554918703596, "scaled_y": 0.62159925676132999, "post_mean": 3.40529756479354, "post_sd": 0.098632806687023303, "post_q10": 3.2779974600672701, "post_q50": 3.4066335810895398, "post_q90": 3.5303384204547399, "post_prob_exceed": 0.38833333333333298, "prosp_score_happy": 1.32239055432816, "prosp_score_sad": 3.2779974600672701, "domain_class": "Background" }, "geometry": { "type": "Point", "coordinates": [ -144.149033509078748, 64.175183015286493 ] } },
{ "type": "Feature", "properties": { "field_1": 1261, "x": 481490.153, "y": 1581870.13, "scaled_x": 0.74036410599451896, "scaled_y": 0.60460356974085505, "post_mean": 3.5044084714984902, "post_sd": 0.093662076318998699, "post_q10": 3.3825650434512098, "post_q50": 3.5064949907963001, "post_q90": 3.6238955379518201, "post_prob_exceed": 0.772166666666667, "prosp_score_happy": 2.70598740807542, "prosp_score_sad": 3.3825650434512098, "domain_class": "tier 2" }, "geometry": { "type": "Point", "coordinates": [ -144.149033510651776, 63.880131803523192 ] } },
{ "type": "Feature", "properties": { "field_1": 1262, "x": 486411.922, "y": 1548933.355, "scaled_x": 0.74175776351529399, "scaled_y": 0.58742171258072695, "post_mean": 3.60516303839858, "post_sd": 0.089709946573079305, "post_q10": 3.4890835655418102, "post_q50": 3.6066670259170199, "post_q90": 3.7204287169777999, "post_prob_exceed": 0.975, "prosp_score_happy": 3.51503396243861, "prosp_score_sad": 3.4890835655418102, "domain_class": "tier 1" }, "geometry": { "type": "Point", "coordinates": [ -144.149033508546211, 63.581948950702014 ] } },
{ "type": "Feature", "properties": { "field_1": 1263, "x": 491387.2941, "y": 1515637.864, "scaled_x": 0.74316659939235796, "scaled_y": 0.57005272698822995, "post_mean": 3.7011188350242099, "post_sd": 0.087233122276190803, "post_q10": 3.5888493987232701, "post_q50": 3.7016446796810301, "post_q90": 3.8115498638927199, "post_prob_exceed": 0.999, "prosp_score_happy": 3.6974177161891899, "prosp_score_sad": 3.5888493987232701, "domain_class": "tier 1" }, "geometry": { "type": "Point", "coordinates": [ -144.149033508886447, 63.28060937595189 ] } },
{ "type": "Feature", "properties": { "field_1": 1264, "x": 496416.5378, "y": 1481981.861, "scaled_x": 0.744590689654684, "scaled_y": 0.55249567605878003, "post_mean": 3.7862794493266798, "post_sd": 0.086579637147523605, "post_q10": 3.6749817492728298, "post_q50": 3.7872152619342101, "post_q90": 3.89790884816775, "post_prob_exceed": 1.0, "prosp_score_happy": 3.7862794493266798, "prosp_score_sad": 3.6749817492728298, "domain_class": "tier 1" }, "geometry": { "type": "Point", "coordinates": [ -144.149033509207868, 62.976088083547104 ] } },
{ "type": "Feature", "properties": { "field_1": 1265, "x": 501499.9151, "y": 1447963.593, "scaled_x": 0.74603010849069296, "scaled_y": 0.53474964531925095, "post_mean": 3.8555934545407, "post_sd": 0.087901963101317898, "post_q10": 3.7417339427692999, "post_q50": 3.8565660760938898, "post_q90": 3.9684828307341502, "post_prob_exceed": 1.0, "prosp_score_happy": 3.8555934545407, "prosp_score_sad": 3.7417339427692999, "domain_class": "tier 1" }, "geometry": { "type": "Point", "coordinates": [ -144.149033508585859, 62.668360174952326 ] } },
{ "type": "Feature", "properties": { "field_1": 1266, "x": 506637.6812, "y": 1413581.351, "scaled_x": 0.74748492816330403, "scaled_y": 0.51681374324963603, "post_mean": 3.9053660532643901, "post_sd": 0.091448774111710193, "post_q10": 3.7860737804950699, "post_q50": 3.9059757946992999, "post_q90": 4.0221662845852002, "post_prob_exceed": 1.0, "prosp_score_happy": 3.9053660532643901, "prosp_score_sad": 3.7860737804950699, "domain_class": "tier 1" }, "geometry": { "type": "Point", "coordinates": [ -144.149033510445179, 62.357400851253225 ] } },
{ "type": "Feature", "properties": { "field_1": 1267, "x": 511830.0846, "y": 1378833.474, "scaled_x": 0.74895521903825402, "scaled_y": 0.49868710336969402, "post_mean": 3.9335429287942301, "post_sd": 0.098186566150097104, "post_q10": 3.8057913250529598, "post_q50": 3.93334297856862, "post_q90": 4.0588419533650102, "post_prob_exceed": 1.0, "prosp_score_happy": 3.9335429287942301, "prosp_score_sad": 3.8057913250529598, "domain_class": "tier 1" }, "geometry": { "type": "Point", "coordinates": [ -144.149033509107454, 62.043185441500171 ] } },
{ "type": "Feature", "properties": { "field_1": 1268, "x": 517077.366, "y": 1343718.349, "scaled_x": 0.75044104927261401, "scaled_y": 0.48036888423894902, "post_mean": 3.9398434364215, "post_sd": 0.110311900996218, "post_q10": 3.7985980183910302, "post_q50": 3.9389455902874202, "post_q90": 4.0819916792872997, "post_prob_exceed": 1.0, "prosp_score_happy": 3.9398434364215, "prosp_score_sad": 3.7985980183910302, "domain_class": "tier 1" }, "geometry": { "type": "Point", "coordinates": [ -144.149033510900153, 61.725689397151328 ] } },
{ "type": "Feature", "properties": { "field_1": 1269, "x": 522379.759, "y": 1308234.415, "scaled_x": 0.75194248501300698, "scaled_y": 0.46185827154334103, "post_mean": 3.9257402743906802, "post_sd": 0.131005966183527, "post_q10": 3.7607393569455501, "post_q50": 3.9248021991655802, "post_q90": 4.0927348095711196, "post_prob_exceed": 1.0, "prosp_score_happy": 3.9257402743906802, "prosp_score_sad": 3.7607393569455501, "domain_class": "tier 1" }, "geometry": { "type": "Point", "coordinates": [ -144.149033509437999, 61.404888319429482 ] } },
{ "type": "Feature", "properties": { "field_1": 1270, "x": 527737.4886, "y": 1272380.164, "scaled_x": 0.75345958997086204, "scaled_y": 0.44315447861688201, "post_mean": 3.8943011946714599, "post_sd": 0.163343741734572, "post_q10": 3.6871301678362798, "post_q50": 3.8944046993955599, "post_q90": 4.10673499712279, "post_prob_exceed": 0.998, "prosp_score_happy": 3.88651259228212, "prosp_score_sad": 3.6871301678362798, "domain_class": "tier 1" }, "geometry": { "type": "Point", "coordinates": [ -144.149033511103966, 61.08075796296432 ] } },
{ "type": "Feature", "properties": { "field_1": 1271, "x": 533150.772, "y": 1236154.145, "scaled_x": 0.75499242564894797, "scaled_y": 0.42425674852830803, "post_mean": 3.8499218457909601, "post_sd": 0.209384945984677, "post_q10": 3.5785407389876802, "post_q50": 3.8500800836512101, "post_q90": 4.1219737612769798, "post_prob_exceed": 0.97516666666666696, "prosp_score_happy": 3.7543154532871501, "prosp_score_sad": 3.5785407389876802, "domain_class": "tier 1" }, "geometry": { "type": "Point", "coordinates": [ -144.149033508959235, 60.753274262846567 ] } },
{ "type": "Feature", "properties": { "field_1": 1272, "x": 538619.8171, "y": 1199554.964, "scaled_x": 0.75654105091662704, "scaled_y": 0.40516435408107798, "post_mean": 3.79798561370507, "post_sd": 0.27019493509780801, "post_q10": 3.4481126878430501, "post_q50": 3.79530368998426, "post_q90": 4.1462531280291701, "post_prob_exceed": 0.90933333333333299, "prosp_score_happy": 3.4536349180624701, "prosp_score_sad": 3.4481126878430501, "domain_class": "tier 1" }, "geometry": { "type": "Point", "coordinates": [ -144.149033510446202, 60.422413329278072 ] } },
{ "type": "Feature", "properties": { "field_1": 1273, "x": 408334.5891, "y": 2249040.057, "scaled_x": 0.71964923664250402, "scaled_y": 0.95264063127000798, "post_mean": 3.3705580960564898, "post_sd": 0.297947083761813, "post_q10": 2.97507990206867, "post_q50": 3.3768275845288702, "post_q90": 3.7583257373344998, "post_prob_exceed": 0.42333333333333301, "prosp_score_happy": 1.42686959399725, "prosp_score_sad": 2.97507990206867, "domain_class": "tier 3" }, "geometry": { "type": "Point", "coordinates": [ -143.47529704700716, 69.925127465148094 ] } },
{ "type": "Feature", "properties": { "field_1": 1274, "x": 412364.15, "y": 2223826.682, "scaled_x": 0.72079025481172498, "scaled_y": 0.93948777681553497, "post_mean": 3.5095079163325602, "post_sd": 0.26568013963376902, "post_q10": 3.1587017256529699, "post_q50": 3.5185825304079401, "post_q90": 3.8492307707639299, "post_prob_exceed": 0.6185, "prosp_score_happy": 2.17063064625169, "prosp_score_sad": 3.1587017256529699, "domain_class": "tier 2" }, "geometry": { "type": "Point", "coordinates": [ -143.475297048305521, 69.69258774811891 ] } },
{ "type": "Feature", "properties": { "field_1": 1275, "x": 416443.1262, "y": 2198304.111, "scaled_x": 0.72194526551177896, "scaled_y": 0.92617362662076896, "post_mean": 3.6184212846585799, "post_sd": 0.246215215357484, "post_q10": 3.3029087146399698, "post_q50": 3.62332618548847, "post_q90": 3.9376412347613399, "post_prob_exceed": 0.768166666666667, "prosp_score_happy": 2.7795506168319002, "prosp_score_sad": 3.3029087146399698, "domain_class": "tier 2" }, "geometry": { "type": "Point", "coordinates": [ -143.475297047250677, 69.457469397912519 ] } },
{ "type": "Feature", "properties": { "field_1": 1276, "x": 420571.8874, "y": 2172470.03, "scaled_x": 0.72311437342762497, "scaled_y": 0.91269697356031598, "post_mean": 3.69670092376687, "post_sd": 0.237292956010801, "post_q10": 3.39656062427607, "post_q50": 3.69983929611193, "post_q90": 4.0000412577184097, "post_prob_exceed": 0.8665, "prosp_score_happy": 3.2031913504439902, "prosp_score_sad": 3.39656062427607, "domain_class": "tier 1" }, "geometry": { "type": "Point", "coordinates": [ -143.475297046858344, 69.219747816916566 ] } },
{ "type": "Feature", "properties": { "field_1": 1277, "x": 424750.8019, "y": 2146322.135, "scaled_x": 0.72429768284779505, "scaled_y": 0.89905661572540296, "post_mean": 3.7444301024569699, "post_sd": 0.23556620467530801, "post_q10": 3.44762921709196, "post_q50": 3.7449321803095201, "post_q90": 4.0458758652158702, "post_prob_exceed": 0.91266666666666696, "prosp_score_happy": 3.4174165401757302, "prosp_score_sad": 3.44762921709196, "domain_class": "tier 1" }, "geometry": { "type": "Point", "coordinates": [ -143.475297045198147, 68.979398328129747 ] } },
{ "type": "Feature", "properties": { "field_1": 1278, "x": 428980.2367, "y": 2119858.129, "scaled_x": 0.72549529769271104, "scaled_y": 0.88525135485888695, "post_mean": 3.7624626793903602, "post_sd": 0.23760303347805201, "post_q10": 3.4615310800224699, "post_q50": 3.76231514247959, "post_q90": 4.0632415658065897, "post_prob_exceed": 0.91883333333333295, "prosp_score_happy": 3.4570761252465099, "prosp_score_sad": 3.4615310800224699, "domain_class": "tier 1" }, "geometry": { "type": "Point", "coordinates": [ -143.475297044788817, 68.736396144134417 ] } },
{ "type": "Feature", "properties": { "field_1": 1279, "x": 433260.5569, "y": 2093075.728, "scaled_x": 0.72670732134478799, "scaled_y": 0.87127999948522705, "post_mean": 3.75249366203996, "post_sd": 0.240637494353376, "post_q10": 3.4479877814463, "post_q50": 3.7550893572325701, "post_q90": 4.06029337956641, "post_prob_exceed": 0.90933333333333299, "prosp_score_happy": 3.412267570015, "prosp_score_sad": 3.4479877814463, "domain_class": "tier 1" }, "geometry": { "type": "Point", "coordinates": [ -143.475297043807018, 68.490716417620476 ] } },
{ "type": "Feature", "properties": { "field_1": 1280, "x": 437592.1258, "y": 2065972.657, "scaled_x": 0.72793385667674704, "scaled_y": 0.85714136282384201, "post_mean": 3.7171015114977002, "post_sd": 0.242784183418224, "post_q10": 3.4072600385349499, "post_q50": 3.71771996903228, "post_q90": 4.0280480553057902, "post_prob_exceed": 0.87916666666666698, "prosp_score_happy": 3.26795174552506, "prosp_score_sad": 3.4072600385349499, "domain_class": "tier 1" }, "geometry": { "type": "Point", "coordinates": [ -143.475297049053694, 68.242334201187873 ] } },
{ "type": "Feature", "properties": { "field_1": 1281, "x": 441975.305, "y": 2038546.657, "scaled_x": 0.72917500607993602, "scaled_y": 0.842834266440736, "post_mean": 3.6597531729569801, "post_sd": 0.24292475112909701, "post_q10": 3.3476664547504198, "post_q50": 3.6588438055480399, "post_q90": 3.9672110563859699, "post_prob_exceed": 0.82483333333333297, "prosp_score_happy": 3.01868640882735, "prosp_score_sad": 3.3476664547504198, "domain_class": "tier 1" }, "geometry": { "type": "Point", "coordinates": [ -143.47529704699059, 67.99122450543689 ] } },
{ "type": "Feature", "properties": { "field_1": 1282, "x": 446410.4535, "y": 2010795.48, "scaled_x": 0.73043087120948202, "scaled_y": 0.82835753764019604, "post_mean": 3.58476334565789, "post_sd": 0.24051036344364801, "post_q10": 3.2775676969207401, "post_q50": 3.5833939188180501, "post_q90": 3.8927955173308901, "post_prob_exceed": 0.733833333333333, "prosp_score_happy": 2.6306188351552802, "prosp_score_sad": 3.2775676969207401, "domain_class": "tier 2" }, "geometry": { "type": "Point", "coordinates": [ -143.475297044133526, 67.737362251070337 ] } },
{ "type": "Feature", "properties": { "field_1": 1283, "x": 450897.9281, "y": 1982716.892, "scaled_x": 0.73170155309755502, "scaled_y": 0.81371001102977103, "post_mean": 3.4972009916940601, "post_sd": 0.23539283067969399, "post_q10": 3.1978887119143402, "post_q50": 3.4958141723140601, "post_q90": 3.80023661398379, "post_prob_exceed": 0.60333333333333306, "prosp_score_happy": 2.1099779316554099, "prosp_score_sad": 3.1978887119143402, "domain_class": "tier 2" }, "geometry": { "type": "Point", "coordinates": [ -143.475297045884304, 67.480722290560593 ] } },
{ "type": "Feature", "properties": { "field_1": 1284, "x": 455438.083, "y": 1954308.678, "scaled_x": 0.73298715204010401, "scaled_y": 0.79889053112858599, "post_mean": 3.40273857022903, "post_sd": 0.22770803516249899, "post_q10": 3.1131783608099699, "post_q50": 3.4011829473378499, "post_q90": 3.6937094554960201, "post_prob_exceed": 0.44083333333333302, "prosp_score_happy": 1.50004058637597, "prosp_score_sad": 3.1131783608099699, "domain_class": "tier 3" }, "geometry": { "type": "Point", "coordinates": [ -143.475297047509713, 67.221279448536251 ] } },
{ "type": "Feature", "properties": { "field_1": 1285, "x": 460031.2698, "y": 1925568.639, "scaled_x": 0.73428776759685799, "scaled_y": 0.78389795080235503, "post_mean": 3.3074430182014201, "post_sd": 0.21780168701488101, "post_q10": 3.0289809408318602, "post_q50": 3.3056090503425901, "post_q90": 3.58798029294215, "post_prob_exceed": 0.28016666666666701, "prosp_score_happy": 0.92663528559942998, "prosp_score_sad": 3.0289809408318602, "domain_class": "Background" }, "geometry": { "type": "Point", "coordinates": [ -143.475297045427709, 66.959008490143091 ] } },
{ "type": "Feature", "properties": { "field_1": 1286, "x": 464677.8367, "y": 1896494.595, "scaled_x": 0.735603498364793, "scaled_y": 0.76873113282836503, "post_mean": 3.2175121832660101, "post_sd": 0.20617910362903, "post_q10": 2.9573498416103501, "post_q50": 3.2168254917771102, "post_q90": 3.4829975535327899, "post_prob_exceed": 0.15216666666666701, "prosp_score_happy": 0.489598103886978, "prosp_score_sad": 2.9573498416103501, "domain_class": "Background" }, "geometry": { "type": "Point", "coordinates": [ -143.475297044294308, 66.693884143915412 ] } },
{ "type": "Feature", "properties": { "field_1": 1287, "x": 469378.129, "y": 1867084.385, "scaled_x": 0.73693444211971904, "scaled_y": 0.753388949895477, "post_mean": 3.1389657850978199, "post_sd": 0.193460249262214, "post_q10": 2.8920544029776498, "post_q50": 3.13940409189546, "post_q90": 3.3870973038223999, "post_prob_exceed": 0.062, "prosp_score_happy": 0.194615878676065, "prosp_score_sad": 2.8920544029776498, "domain_class": "Background" }, "geometry": { "type": "Point", "coordinates": [ -143.475297045570869, 66.425881095943339 ] } },
{ "type": "Feature", "properties": { "field_1": 1288, "x": 474132.4884, "y": 1837335.872, "scaled_x": 0.73828069561805998, "scaled_y": 0.73787028721243697, "post_mean": 3.0773059799075799, "post_sd": 0.180323845981958, "post_q10": 2.84350182327801, "post_q50": 3.0790634078380101, "post_q90": 3.3103154693857402, "post_prob_exceed": 0.025166666666666698, "prosp_score_happy": 0.077445533827674107, "prosp_score_sad": 2.84350182327801, "domain_class": "Background" }, "geometry": { "type": "Point", "coordinates": [ -143.475297045515958, 66.154974030043391 ] } },
{ "type": "Feature", "properties": { "field_1": 1289, "x": 478941.2531, "y": 1807246.939, "scaled_x": 0.73964235462517602, "scaled_y": 0.72217404042122402, "post_mean": 3.03716851206139, "post_sd": 0.16743107918767999, "post_q10": 2.8203605414954098, "post_q50": 3.0367051228230002, "post_q90": 3.25333474203067, "post_prob_exceed": 0.0086666666666666697, "prosp_score_happy": 0.026322127104531998, "prosp_score_sad": 2.8203605414954098, "domain_class": "Background" }, "geometry": { "type": "Point", "coordinates": [ -143.475297047097797, 65.881137586688723 ] } },
{ "type": "Feature", "properties": { "field_1": 1290, "x": 483804.7572, "y": 1776815.497, "scaled_x": 0.74101951374546104, "scaled_y": 0.70629911977034898, "post_mean": 3.0219908472576602, "post_sd": 0.155333365689765, "post_q10": 2.82219772503676, "post_q50": 3.0193649662963198, "post_q90": 3.2236316256130899, "post_prob_exceed": 0.0043333333333333297, "prosp_score_happy": 0.013095293671449799, "prosp_score_sad": 2.82219772503676, "domain_class": "Background" }, "geometry": { "type": "Point", "coordinates": [ -143.475297045146135, 65.604346429372143 ] } },
{ "type": "Feature", "properties": { "field_1": 1291, "x": 488723.3306, "y": 1746039.48, "scaled_x": 0.74241226639403102, "scaled_y": 0.69024444750654501, "post_mean": 3.0337274787356701, "post_sd": 0.14438984883293099, "post_q10": 2.8473927695395398, "post_q50": 3.0298537163270698, "post_q90": 3.2202912974813702, "post_prob_exceed": 0.00266666666666667, "prosp_score_happy": 0.0080899399432951304, "prosp_score_sad": 2.8473927695395398, "domain_class": "Background" }, "geometry": { "type": "Point", "coordinates": [ -143.475297045797987, 65.324575194722684 ] } },
{ "type": "Feature", "properties": { "field_1": 1292, "x": 493697.2989, "y": 1714916.852, "scaled_x": 0.74382070476840201, "scaled_y": 0.674008961526396, "post_mean": 3.0726441320376598, "post_sd": 0.13473863485656001, "post_q10": 2.9014814470540502, "post_q50": 3.0695967732969498, "post_q90": 3.2470622989412301, "post_prob_exceed": 0.0031666666666666701, "prosp_score_happy": 0.0097300397514525801, "prosp_score_sad": 2.9014814470540502, "domain_class": "Background" }, "geometry": { "type": "Point", "coordinates": [ -143.475297044578042, 65.041798548967151 ] } },
{ "type": "Feature", "properties": { "field_1": 1293, "x": 498726.983, "y": 1683445.604, "scaled_x": 0.74524491973523399, "scaled_y": 0.657591613811359, "post_mean": 3.1372206591679399, "post_sd": 0.126359993176479, "post_q10": 2.9799341484560902, "post_q50": 3.1361521558497398, "post_q90": 3.29959080042839, "post_prob_exceed": 0.010833333333333301, "prosp_score_happy": 0.033986557140986001, "prosp_score_sad": 2.9799341484560902, "domain_class": "Background" }, "geometry": { "type": "Point", "coordinates": [ -143.475297045177228, 64.755991156004342 ] } },
{ "type": "Feature", "properties": { "field_1": 1294, "x": 503812.6987, "y": 1651623.761, "scaled_x": 0.74668500071705801, "scaled_y": 0.640991374079387, "post_mean": 3.22418629579444, "post_sd": 0.11922651207253, "post_q10": 3.0722731604249001, "post_q50": 3.2231290815972802, "post_q90": 3.3743108227711298, "post_prob_exceed": 0.041333333333333298, "prosp_score_happy": 0.133266366892837, "prosp_score_sad": 3.0722731604249001, "domain_class": "Background" }, "geometry": { "type": "Point", "coordinates": [ -143.475297044281149, 64.467127733959643 ] } },
{ "type": "Feature", "properties": { "field_1": 1295, "x": 508954.7566, "y": 1619449.378, "scaled_x": 0.74814103566396395, "scaled_y": 0.62420722769829096, "post_mean": 3.3287003635196699, "post_sd": 0.113472128048697, "post_q10": 3.18291888566569, "post_q50": 3.3294297161087201, "post_q90": 3.47405100677102, "post_prob_exceed": 0.17383333333333301, "prosp_score_happy": 0.57863907985850205, "prosp_score_sad": 3.18291888566569, "domain_class": "Background" }, "geometry": { "type": "Point", "coordinates": [ -143.475297046952733, 64.17518301375874 ] } },
{ "type": "Feature", "properties": { "field_1": 1296, "x": 514153.4618, "y": 1586920.548, "scaled_x": 0.74961311096865102, "scaled_y": 0.60723817985902695, "post_mean": 3.44467663953818, "post_sd": 0.109468515291121, "post_q10": 3.30163653930085, "post_q50": 3.4459877277023399, "post_q90": 3.5826800451868501, "post_prob_exceed": 0.543, "prosp_score_happy": 1.87045941526923, "prosp_score_sad": 3.30163653930085, "domain_class": "tier 3" }, "geometry": { "type": "Point", "coordinates": [ -143.475297046515408, 63.880131804096514 ] } },
{ "type": "Feature", "properties": { "field_1": 1297, "x": 519409.1135, "y": 1554035.398, "scaled_x": 0.75110131135316305, "scaled_y": 0.59008325348905299, "post_mean": 3.5652323417598399, "post_sd": 0.107711036785898, "post_q10": 3.4270372717930999, "post_q50": 3.56567290751171, "post_q90": 3.7018715843470198, "post_prob_exceed": 0.8875, "prosp_score_happy": 3.16414370331186, "prosp_score_sad": 3.4270372717930999, "domain_class": "tier 1" }, "geometry": { "type": "Point", "coordinates": [ -143.475297045848919, 63.581948950223442 ] } },
{ "type": "Feature", "properties": { "field_1": 1298, "x": 524722.0047, "y": 1520792.094, "scaled_x": 0.75260571978394097, "scaled_y": 0.57274149186063905, "post_mean": 3.6832250415521801, "post_sd": 0.10852716809584501, "post_q10": 3.5454393289315602, "post_q50": 3.6834701684531699, "post_q90": 3.8210147261163598, "post_prob_exceed": 0.99116666666666697, "prosp_score_happy": 3.6506898870184701, "prosp_score_sad": 3.5454393289315602, "domain_class": "tier 1" }, "geometry": { "type": "Point", "coordinates": [ -143.475297047069375, 63.280609372113723 ] } },
{ "type": "Feature", "properties": { "field_1": 1299, "x": 530092.422, "y": 1487188.844, "scaled_x": 0.75412641741518904, "scaled_y": 0.55521196015584895, "post_mean": 3.7918266199483401, "post_sd": 0.111812533632554, "post_q10": 3.64852576702466, "post_q50": 3.79291927629829, "post_q90": 3.93612610994079, "post_prob_exceed": 0.99966666666666704, "prosp_score_happy": 3.7905626777416899, "prosp_score_sad": 3.64852576702466, "domain_class": "tier 1" }, "geometry": { "type": "Point", "coordinates": [ -143.475297046108494, 62.976088084652041 ] } },
{ "type": "Feature", "properties": { "field_1": 1300, "x": 535520.6452, "y": 1453223.896, "scaled_x": 0.75566348347560897, "scaled_y": 0.53749374442321596, "post_mean": 3.8850754807519601, "post_sd": 0.117076625459485, "post_q10": 3.7334881031060001, "post_q50": 3.88630880078325, "post_q90": 4.0357468784314703, "post_prob_exceed": 1.0, "prosp_score_happy": 3.8850754807519601, "prosp_score_sad": 3.7334881031060001, "domain_class": "tier 1" }, "geometry": { "type": "Point", "coordinates": [ -143.47529704693244, 62.66836017381268 ] } },
{ "type": "Feature", "properties": { "field_1": 1301, "x": 541006.9469, "y": 1418895.545, "scaled_x": 0.75721699515513896, "scaled_y": 0.519585955229383, "post_mean": 3.9583490021638399, "post_sd": 0.12387597292833601, "post_q10": 3.7990484636962001, "post_q50": 3.9594352271327402, "post_q90": 4.1174630389927804, "post_prob_exceed": 1.0, "prosp_score_happy": 3.9583490021638399, "prosp_score_sad": 3.7990484636962001, "domain_class": "tier 1" }, "geometry": { "type": "Point", "coordinates": [ -143.475297047389745, 62.357400852264981 ] } },
{ "type": "Feature", "properties": { "field_1": 1302, "x": 546551.5923, "y": 1384202.132, "scaled_x": 0.75878702754831695, "scaled_y": 0.50148772713742995, "post_mean": 4.0087082745893001, "post_sd": 0.13245210369457999, "post_q10": 3.8382770520165099, "post_q50": 4.0087140332231996, "post_q90": 4.1786100761308997, "post_prob_exceed": 1.0, "prosp_score_happy": 4.0087082745893001, "prosp_score_sad": 3.8382770520165099, "domain_class": "tier 1" }, "geometry": { "type": "Point", "coordinates": [ -143.475297046330581, 62.043185443895929 ] } },
{ "type": "Feature", "properties": { "field_1": 1303, "x": 552154.8386, "y": 1349142.047, "scaled_x": 0.76037365348438901, "scaled_y": 0.48319822027186898, "post_mean": 4.0350844354630198, "post_sd": 0.14429915290070999, "post_q10": 3.8498885583103499, "post_q50": 4.0346548195186598, "post_q90": 4.2216408067657296, "post_prob_exceed": 1.0, "prosp_score_happy": 4.0350844354630198, "prosp_score_sad": 3.8498885583103499, "domain_class": "tier 1" }, "geometry": { "type": "Point", "coordinates": [ -143.475297045817911, 61.725689404149435 ] } },
{ "type": "Feature", "properties": { "field_1": 1304, "x": 557816.9351, "y": 1313713.73, "scaled_x": 0.76197694355561696, "scaled_y": 0.46471662084030002, "post_mean": 4.0382971899039601, "post_sd": 0.16231127502168599, "post_q10": 3.83176578783136, "post_q50": 4.0369469356548802, "post_q90": 4.2462908737236003, "post_prob_exceed": 1.0, "prosp_score_happy": 4.0382971899039601, "prosp_score_sad": 3.83176578783136, "domain_class": "tier 1" }, "geometry": { "type": "Point", "coordinates": [ -143.475297046144988, 61.40488832161914 ] } },
{ "type": "Feature", "properties": { "field_1": 1305, "x": 563538.1222, "y": 1277915.677, "scaled_x": 0.76359696583412695, "scaled_y": 0.44604214426338301, "post_mean": 4.0209168128138399, "post_sd": 0.190155940995659, "post_q10": 3.77637702438712, "post_q50": 4.01961757262844, "post_q90": 4.26614707290027, "post_prob_exceed": 0.99933333333333296, "prosp_score_happy": 4.0182362016052897, "prosp_score_sad": 3.77637702438712, "domain_class": "tier 1" }, "geometry": { "type": "Point", "coordinates": [ -143.475297046677724, 61.080757965254129 ] } },
{ "type": "Feature", "properties": { "field_1": 1306, "x": 569318.6316, "y": 1241746.439, "scaled_x": 0.76523378592853197, "scaled_y": 0.42717403465317799, "post_mean": 3.9869972577474302, "post_sd": 0.23109219957989299, "post_q10": 3.6927009217365998, "post_q50": 3.98811568957038, "post_q90": 4.2847299016604996, "post_prob_exceed": 0.99216666666666697, "prosp_score_happy": 3.9557657792284102, "prosp_score_sad": 3.6927009217365998, "domain_class": "tier 1" }, "geometry": { "type": "Point", "coordinates": [ -143.475297045170947, 60.753274267984153 ] } },
{ "type": "Feature", "properties": { "field_1": 1307, "x": 575158.6857, "y": 1205204.623, "scaled_x": 0.76688746681404296, "scaled_y": 0.40811156533480403, "post_mean": 3.9417174470183798, "post_sd": 0.28719077978399499, "post_q10": 3.5724309550762201, "post_q50": 3.9400935891381601, "post_q90": 4.3117957483319502, "post_prob_exceed": 0.96133333333333304, "prosp_score_happy": 3.7893043724003399, "prosp_score_sad": 3.5724309550762201, "domain_class": "tier 1" }, "geometry": { "type": "Point", "coordinates": [ -143.475297045771526, 60.42241332906498 ] } },
{ "type": "Feature", "properties": { "field_1": 1308, "x": 581058.4969, "y": 1168288.901, "scaled_x": 0.76855806863425002, "scaled_y": 0.38885404354139902, "post_mean": 3.8909699272787499, "post_sd": 0.359453532243379, "post_q10": 3.4282889750250001, "post_q50": 3.8905450671745099, "post_q90": 4.3535432740139797, "post_prob_exceed": 0.897166666666667, "prosp_score_happy": 3.4908485197569199, "prosp_score_sad": 3.4282889750250001, "domain_class": "tier 1" }, "geometry": { "type": "Point", "coordinates": [ -143.475297045544863, 60.088151487127924 ] } },
{ "type": "Feature", "properties": { "field_1": 1309, "x": 434233.3766, "y": 2253313.996, "scaled_x": 0.72698278683113304, "scaled_y": 0.95487018195944595, "post_mean": 3.4214482422598902, "post_sd": 0.358031800953239, "post_q10": 2.9495582970609302, "post_q50": 3.4267361059144599, "post_q90": 3.8848067180452102, "post_prob_exceed": 0.48966666666666703, "prosp_score_happy": 1.67536915595993, "prosp_score_sad": 2.9495582970609302, "domain_class": "tier 3" }, "geometry": { "type": "Point", "coordinates": [ -142.801560585630085, 69.92512746260573 ] } },
{ "type": "Feature", "properties": { "field_1": 1310, "x": 438518.5141, "y": 2228142.798, "scaled_x": 0.72819617455908803, "scaled_y": 0.94173932963449003, "post_mean": 3.5594893229908999, "post_sd": 0.323377152065837, "post_q10": 3.1386974124645102, "post_q50": 3.56401544647504, "post_q90": 3.9752603153611501, "post_prob_exceed": 0.654, "prosp_score_happy": 2.32790601723605, "prosp_score_sad": 3.1386974124645102, "domain_class": "tier 2" }, "geometry": { "type": "Point", "coordinates": [ -142.801560583101235, 69.692587750532468 ] } },
{ "type": "Feature", "properties": { "field_1": 1311, "x": 442856.201, "y": 2202662.921, "scaled_x": 0.72942444227562597, "scaled_y": 0.92844745126838901, "post_mean": 3.6658237858722802, "post_sd": 0.30129139419614498, "post_q10": 3.27895304595227, "post_q50": 3.6686009914444, "post_q90": 4.0566802763848901, "post_prob_exceed": 0.7785, "prosp_score_happy": 2.8538438173015699, "prosp_score_sad": 3.27895304595227, "domain_class": "tier 2" }, "geometry": { "type": "Point", "coordinates": [ -142.801560581188681, 69.457469403438594 ] } },
{ "type": "Feature", "properties": { "field_1": 1312, "x": 447246.8305, "y": 2176872.054, "scaled_x": 0.73066770132000802, "scaled_y": 0.91499334130073595, "post_mean": 3.73979759058835, "post_sd": 0.289461843010755, "post_q10": 3.3712117236621499, "post_q50": 3.7424796419699899, "post_q90": 4.1125711393878204, "post_prob_exceed": 0.856833333333333, "prosp_score_happy": 3.2043832355357802, "prosp_score_sad": 3.3712117236621499, "domain_class": "tier 1" }, "geometry": { "type": "Point", "coordinates": [ -142.801560585377331, 69.219747815865986 ] } },
{ "type": "Feature", "properties": { "field_1": 1313, "x": 451690.7944, "y": 2150767.898, "scaled_x": 0.73192606263507398, "scaled_y": 0.90137580043106402, "post_mean": 3.7814732650726799, "post_sd": 0.28473630519153398, "post_q10": 3.4252374340681699, "post_q50": 3.7795426482766299, "post_q90": 4.1479299163801997, "post_prob_exceed": 0.89366666666666705, "prosp_score_happy": 3.3793766078866199, "prosp_score_sad": 3.4252374340681699, "domain_class": "tier 1" }, "geometry": { "type": "Point", "coordinates": [ -142.801560585297722, 68.979398320864135 ] } },
{ "type": "Feature", "properties": { "field_1": 1314, "x": 456188.4828, "y": 2124348.161, "scaled_x": 0.73319963668228405, "scaled_y": 0.88759363301053895, "post_mean": 3.79172709742318, "post_sd": 0.28391689744790499, "post_q10": 3.4318796354645298, "post_q50": 3.78972566895643, "post_q90": 4.1555948013272497, "post_prob_exceed": 0.8985, "prosp_score_happy": 3.4068667970347302, "prosp_score_sad": 3.4318796354645298, "domain_class": "tier 1" }, "geometry": { "type": "Point", "coordinates": [ -142.801560583228053, 68.736396141644747 ] } },
{ "type": "Feature", "properties": { "field_1": 1315, "x": 460740.284, "y": 2097610.561, "scaled_x": 0.73448853341341003, "scaled_y": 0.87364564860694705, "post_mean": 3.7723264842736199, "post_sd": 0.284365078367047, "post_q10": 3.4059587637892399, "post_q50": 3.7719041310114299, "post_q90": 4.1342533593439299, "post_prob_exceed": 0.88316666666666699, "prosp_score_happy": 3.33159300669432, "prosp_score_sad": 3.4059587637892399, "domain_class": "tier 1" }, "geometry": { "type": "Point", "coordinates": [ -142.801560583687177, 68.49071641453493 ] } },
{ "type": "Feature", "properties": { "field_1": 1316, "x": 465346.5845, "y": 2070552.828, "scaled_x": 0.73579286227052898, "scaled_y": 0.85953066304801296, "post_mean": 3.7259782620986099, "post_sd": 0.28421673319111601, "post_q10": 3.3573621718386302, "post_q50": 3.7261372360101501, "post_q90": 4.0914730299892401, "post_prob_exceed": 0.8485, "prosp_score_happy": 3.1614925553906699, "prosp_score_sad": 3.3573621718386302, "domain_class": "tier 1" }, "geometry": { "type": "Point", "coordinates": [ -142.80156058528172, 68.242334202615382 ] } },
{ "type": "Feature", "properties": { "field_1": 1317, "x": 470007.7686, "y": 2043172.706, "scaled_x": 0.73711273207276595, "scaled_y": 0.84524749946472699, "post_mean": 3.6563385437479599, "post_sd": 0.28232590102859501, "post_q10": 3.2931801092909301, "post_q50": 3.6565877106642701, "post_q90": 4.0190323703399002, "post_prob_exceed": 0.787, "prosp_score_happy": 2.8775384339296401, "prosp_score_sad": 3.2931801092909301, "domain_class": "tier 2" }, "geometry": { "type": "Point", "coordinates": [ -142.801560582385491, 67.99122450978345 ] } },
{ "type": "Feature", "properties": { "field_1": 1318, "x": 474724.2182, "y": 2015467.95, "scaled_x": 0.73844825095965305, "scaled_y": 0.83079498672636098, "post_mean": 3.5679750748723902, "post_sd": 0.27811044538695601, "post_q10": 3.2116415513652101, "post_q50": 3.56571067787034, "post_q90": 3.9250803106260101, "post_prob_exceed": 0.68566666666666698, "prosp_score_happy": 2.4464415763375, "prosp_score_sad": 3.2116415513652101, "domain_class": "tier 2" }, "geometry": { "type": "Point", "coordinates": [ -142.801560581800857, 67.737362249831278 ] } },
{ "type": "Feature", "properties": { "field_1": 1319, "x": 479496.3127, "y": 1987436.331, "scaled_x": 0.73979952636282198, "scaled_y": 0.81617196204877396, "post_mean": 3.4662746137699401, "post_sd": 0.27139879548585, "post_q10": 3.1207953473169798, "post_q50": 3.4651297709106599, "post_q90": 3.8134140016093401, "post_prob_exceed": 0.54716666666666702, "prosp_score_happy": 1.8966299261677799, "prosp_score_sad": 3.1207953473169798, "domain_class": "tier 3" }, "geometry": { "type": "Point", "coordinates": [ -142.801560584933412, 67.480722286575087 ] } },
{ "type": "Feature", "properties": { "field_1": 1320, "x": 484324.4288, "y": 1959075.638, "scaled_x": 0.74116666494936301, "scaled_y": 0.80137727203773801, "post_mean": 3.3572902782565901, "post_sd": 0.262310139831814, "post_q10": 3.0227282796453898, "post_q50": 3.3570919004287099, "post_q90": 3.6949516026851099, "post_prob_exceed": 0.3805, "prosp_score_happy": 1.27744895087663, "prosp_score_sad": 3.0227282796453898, "domain_class": "Background" }, "geometry": { "type": "Point", "coordinates": [ -142.801560584866252, 67.221279447165827 ] } },
{ "type": "Feature", "properties": { "field_1": 1321, "x": 489208.9403, "y": 1930383.675, "scaled_x": 0.74254977256519905, "scaled_y": 0.78640977112395205, "post_mean": 3.24752738651418, "post_sd": 0.25116812983019099, "post_q10": 2.92742206298343, "post_q50": 3.2483261447555201, "post_q90": 3.5720661904111801, "post_prob_exceed": 0.231833333333333, "prosp_score_happy": 0.75288509910686996, "prosp_score_sad": 2.92742206298343, "domain_class": "Background" }, "geometry": { "type": "Point", "coordinates": [ -142.801560582736244, 66.959008490834023 ] } },
{ "type": "Feature", "properties": { "field_1": 1322, "x": 494150.2176, "y": 1901358.265, "scaled_x": 0.74394895409350403, "scaled_y": 0.771268323649688, "post_mean": 3.1436710050226502, "post_sd": 0.23843699994230699, "post_q10": 2.8403733813285799, "post_q50": 3.1432688648439502, "post_q90": 3.45632962292391, "post_prob_exceed": 0.114833333333333, "prosp_score_happy": 0.36099822041009999, "prosp_score_sad": 2.8403733813285799, "domain_class": "Background" }, "geometry": { "type": "Point", "coordinates": [ -142.801560583315677, 66.693884140241011 ] } },
{ "type": "Feature", "properties": { "field_1": 1323, "x": 499148.6278, "y": 1871997.252, "scaled_x": 0.74536431348301402, "scaled_y": 0.755951804912118, "post_mean": 3.0522638193413498, "post_sd": 0.22466713293030699, "post_q10": 2.7629907125019302, "post_q50": 3.05106151402323, "post_q90": 3.3446841615558198, "post_prob_exceed": 0.041166666666666699, "prosp_score_happy": 0.125651527229552, "prosp_score_sad": 2.7629907125019302, "domain_class": "Background" }, "geometry": { "type": "Point", "coordinates": [ -142.801560585132876, 66.42588109393806 ] } },
{ "type": "Feature", "properties": { "field_1": 1324, "x": 504204.5345, "y": 1842298.502, "scaled_x": 0.74679595369140095, "scaled_y": 0.74045910168496998, "post_mean": 2.9793490272446101, "post_sd": 0.21044003115075699, "post_q10": 2.7062735002545701, "post_q50": 2.9788882598322002, "post_q90": 3.2520376229376602, "post_prob_exceed": 0.014833333333333301, "prosp_score_happy": 0.044193677237461697, "prosp_score_sad": 2.7062735002545701, "domain_class": "Background" }, "geometry": { "type": "Point", "coordinates": [ -142.801560581428561, 66.154974030261613 ] } },
{ "type": "Feature", "properties": { "field_1": 1325, "x": 509318.297, "y": 1812259.901, "scaled_x": 0.74824397645873997, "scaled_y": 0.72478911117521105, "post_mean": 2.9300991237341099, "post_sd": 0.19630996167376, "post_q10": 2.6760419469599199, "post_q50": 2.9296089313073499, "post_q90": 3.1864544442979601, "post_prob_exceed": 0.0053333333333333297, "prosp_score_happy": 0.0156271953265819, "prosp_score_sad": 2.6760419469599199, "domain_class": "Background" }, "geometry": { "type": "Point", "coordinates": [ -142.801560585026095, 65.881137585443582 ] } },
{ "type": "Feature", "properties": { "field_1": 1326, "x": 514490.2708, "y": 1781879.364, "scaled_x": 0.74970848244909105, "scaled_y": 0.70894074571799803, "post_mean": 2.9084571375666401, "post_sd": 0.18275111239464301, "post_q10": 2.67246325908796, "post_q50": 2.9075167969059001, "post_q90": 3.14608650086869, "post_prob_exceed": 0.00216666666666667, "prosp_score_happy": 0.0063016571313943802, "prosp_score_sad": 2.67246325908796, "domain_class": "Background" }, "geometry": { "type": "Point", "coordinates": [ -142.801560583956302, 65.604346427098264 ] } },
{ "type": "Feature", "properties": { "field_1": 1327, "x": 519720.8067, "y": 1751154.829, "scaled_x": 0.75118957099565298, "scaled_y": 0.69291292964671203, "post_mean": 2.9168212703977701, "post_sd": 0.17013147455647701, "post_q10": 2.6956754921147601, "post_q50": 2.9147286916613901, "post_q90": 3.1373723553713302, "post_prob_exceed": 0.00133333333333333, "prosp_score_happy": 0.0038890950271970302, "prosp_score_sad": 2.6956754921147601, "domain_class": "Background" }, "geometry": { "type": "Point", "coordinates": [ -142.801560583311812, 65.324575196755987 ] } },
{ "type": "Feature", "properties": { "field_1": 1328, "x": 525010.251, "y": 1720084.262, "scaled_x": 0.75268734015739502, "scaled_y": 0.67670460190126103, "post_mean": 2.955806181042, "post_sd": 0.158739058949836, "post_q10": 2.7525203148655701, "post_q50": 2.9537353159492801, "post_q90": 3.1607314796569801, "post_prob_exceed": 0.00133333333333333, "prosp_score_happy": 0.0039410749080560003, "prosp_score_sad": 2.7525203148655701, "domain_class": "Background" }, "geometry": { "type": "Point", "coordinates": [ -142.801560582401265, 65.041798548092473 ] } },
{ "type": "Feature", "properties": { "field_1": 1329, "x": 530358.9449, "y": 1688665.658, "scaled_x": 0.75420188654916198, "scaled_y": 0.66031471654974605, "post_mean": 3.0241131150398299, "post_sd": 0.148870560011375, "post_q10": 2.8390759851193899, "post_q50": 3.02107241626834, "post_q90": 3.21462917009256, "post_prob_exceed": 0.0031666666666666701, "prosp_score_happy": 0.0095763581976261308, "prosp_score_sad": 2.8390759851193899, "domain_class": "Background" }, "geometry": { "type": "Point", "coordinates": [ -142.801560583938937, 64.75599115078073 ] } },
{ "type": "Feature", "properties": { "field_1": 1330, "x": 535767.2241, "y": 1656897.046, "scaled_x": 0.75573330522840698, "scaled_y": 0.64374224539677205, "post_mean": 3.1185359041497902, "post_sd": 0.14095153762102999, "post_q10": 2.9397757549043302, "post_q50": 3.11700927303845, "post_q90": 3.29966852821835, "post_prob_exceed": 0.0135, "prosp_score_happy": 0.042100234706022199, "prosp_score_sad": 2.9397757549043302, "domain_class": "Background" }, "geometry": { "type": "Point", "coordinates": [ -142.801560584620262, 64.467127729264746 ] } },
{ "type": "Feature", "properties": { "field_1": 1331, "x": 541235.4192, "y": 1624776.485, "scaled_x": 0.75728168980846, "scaled_y": 0.62698617589679295, "post_mean": 3.2341199419998201, "post_sd": 0.13560102989654199, "post_q10": 3.0614214569254501, "post_q50": 3.2334517900368902, "post_q90": 3.4093028305502902, "post_prob_exceed": 0.0741666666666667, "prosp_score_happy": 0.23986389569832001, "prosp_score_sad": 3.0614214569254501, "domain_class": "Background" }, "geometry": { "type": "Point", "coordinates": [ -142.801560581126637, 64.175183020650564 ] } },
{ "type": "Feature", "properties": { "field_1": 1332, "x": 546763.8544, "y": 1592302.068, "scaled_x": 0.75884713209041199, "scaled_y": 0.61004551324076695, "post_mean": 3.36447654207194, "post_sd": 0.133522594980517, "post_q10": 3.1944765867091398, "post_q50": 3.3646650206789199, "post_q90": 3.5367503649265899, "post_prob_exceed": 0.301, "prosp_score_happy": 1.0127074391636599, "prosp_score_sad": 3.1944765867091398, "domain_class": "Background" }, "geometry": { "type": "Point", "coordinates": [ -142.80156058256955, 63.88013180577655 ] } },
{ "type": "Feature", "properties": { "field_1": 1333, "x": 552352.8479000001, "y": 1559471.928, "scaled_x": 0.76042972217638305, "scaled_y": 0.59291928348612299, "post_mean": 3.5022370417777502, "post_sd": 0.1351793559625, "post_q10": 3.3284112738111, "post_q50": 3.5018337783507199, "post_q90": 3.6755018054514101, "post_prob_exceed": 0.6875, "prosp_score_happy": 2.4077879662221999, "prosp_score_sad": 3.3284112738111, "domain_class": "tier 2" }, "geometry": { "type": "Point", "coordinates": [ -142.801560581590195, 63.581948955202932 ] } },
{ "type": "Feature", "properties": { "field_1": 1334, "x": 558002.7114, "y": 1526284.232, "scaled_x": 0.76202954832794101, "scaled_y": 0.57560653042679299, "post_mean": 3.63961201045591, "post_sd": 0.140426795594494, "post_q10": 3.45851702007932, "post_q50": 3.6388545286689702, "post_q90": 3.8184509948627601, "post_prob_exceed": 0.92566666666666697, "prosp_score_happy": 3.3690675176786899, "prosp_score_sad": 3.45851702007932, "domain_class": "tier 1" }, "geometry": { "type": "Point", "coordinates": [ -142.801560585141203, 63.280609370496464 ] } },
{ "type": "Feature", "properties": { "field_1": 1335, "x": 563713.7497, "y": 1492737.193, "scaled_x": 0.76364669685283804, "scaled_y": 0.55810632185314701, "post_mean": 3.7690039746086801, "post_sd": 0.14842042016836399, "post_q10": 3.5786247094194001, "post_q50": 3.7700938363798899, "post_q90": 3.9587596618428398, "post_prob_exceed": 0.98816666666666697, "prosp_score_happy": 3.7244040942424799, "prosp_score_sad": 3.5786247094194001, "domain_class": "tier 1" }, "geometry": { "type": "Point", "coordinates": [ -142.801560581748447, 62.976088084140358 ] } },
{ "type": "Feature", "properties": { "field_1": 1336, "x": 569486.2601, "y": 1458829.061, "scaled_x": 0.76528125193510899, "scaled_y": 0.54041774485704597, "post_mean": 3.8836116873325199, "post_sd": 0.157923885031755, "post_q10": 3.6805714921215702, "post_q50": 3.8853516721085999, "post_q90": 4.0840188663507098, "post_prob_exceed": 0.9985, "prosp_score_happy": 3.87778626980153, "prosp_score_sad": 3.6805714921215702, "domain_class": "tier 1" }, "geometry": { "type": "Point", "coordinates": [ -142.801560583574002, 62.668360174303096 ] } },
{ "type": "Feature", "properties": { "field_1": 1337, "x": 575320.5328, "y": 1424558.134, "scaled_x": 0.76693329574834102, "scaled_y": 0.52253991157011503, "post_mean": 3.9779618710340801, "post_sd": 0.167846714269104, "post_q10": 3.7610780502653798, "post_q50": 3.9809739438443299, "post_q90": 4.1916613375627696, "post_prob_exceed": 0.9995, "prosp_score_happy": 3.97597289009857, "prosp_score_sad": 3.7610780502653798, "domain_class": "tier 1" }, "geometry": { "type": "Point", "coordinates": [ -142.801560581827687, 62.357400854471933 ] } },
{ "type": "Feature", "properties": { "field_1": 1338, "x": 581216.8495, "y": 1389922.755, "scaled_x": 0.76860290805924603, "scaled_y": 0.50447195759875896, "post_mean": 4.0483129727042604, "post_sd": 0.17780870816442501, "post_q10": 3.8180592850759401, "post_q50": 4.0507803818413901, "post_q90": 4.2726108533762597, "post_prob_exceed": 0.99983333333333302, "prosp_score_happy": 4.0476382538754798, "prosp_score_sad": 3.8180592850759401, "domain_class": "tier 1" }, "geometry": { "type": "Point", "coordinates": [ -142.801560583937174, 62.043185442170007 ] } },
{ "type": "Feature", "properties": { "field_1": 1339, "x": 587175.484, "y": 1354921.318, "scaled_x": 0.77029016639755399, "scaled_y": 0.48621304515413699, "post_mean": 4.0928923186768804, "post_sd": 0.18864223678585601, "post_q10": 3.8490561425771399, "post_q50": 4.0955494286457803, "post_q90": 4.3322588581756003, "post_prob_exceed": 0.99966666666666704, "prosp_score_happy": 4.0915280212373197, "prosp_score_sad": 3.8490561425771399, "domain_class": "tier 1" }, "geometry": { "type": "Point", "coordinates": [ -142.801560582393819, 61.725689403951925 ] } },
{ "type": "Feature", "properties": { "field_1": 1340, "x": 593196.7012, "y": 1319552.265, "scaled_x": 0.771995145772856, "scaled_y": 0.46776236148717298, "post_mean": 4.1119506019790704, "post_sd": 0.20272410380693301, "post_q10": 3.85157939550602, "post_q50": 4.1121614032154099, "post_q90": 4.3719084187771902, "post_prob_exceed": 0.99966666666666704, "prosp_score_happy": 4.1105799517784103, "prosp_score_sad": 3.85157939550602, "domain_class": "tier 1" }, "geometry": { "type": "Point", "coordinates": [ -142.801560583484701, 61.404888323358165 ] } },
{ "type": "Feature", "properties": { "field_1": 1341, "x": 599280.757, "y": 1283814.094, "scaled_x": 0.77371791864628603, "scaled_y": 0.44911912306184998, "post_mean": 4.1076406408647399, "post_sd": 0.22384778962487401, "post_q10": 3.8217466262247299, "post_q50": 4.1076136181036098, "post_q90": 4.3951487233424196, "post_prob_exceed": 0.99933333333333296, "prosp_score_happy": 4.1049022137708304, "prosp_score_sad": 3.8217466262247299, "domain_class": "tier 1" }, "geometry": { "type": "Point", "coordinates": [ -142.801560583463953, 61.080757964406196 ] } },
{ "type": "Feature", "properties": { "field_1": 1342, "x": 605427.8976, "y": 1247705.359, "scaled_x": 0.77545855473230596, "scaled_y": 0.43028257555521299, "post_mean": 4.0837466323129696, "post_sd": 0.25634312506988599, "post_q10": 3.7571139282117398, "post_q50": 4.0838316530149896, "post_q90": 4.4144848864163002, "post_prob_exceed": 0.99433333333333296, "prosp_score_happy": 4.06060540139653, "prosp_score_sad": 3.7571139282117398, "domain_class": "tier 1" }, "geometry": { "type": "Point", "coordinates": [ -142.801560581759333, 60.753274265374749 ] } },
{ "type": "Feature", "properties": { "field_1": 1343, "x": 611638.3594, "y": 1211224.67, "scaled_x": 0.77721712097039197, "scaled_y": 0.41125199385736799, "post_mean": 4.0453023126260401, "post_sd": 0.30378338102994301, "post_q10": 3.65922395727174, "post_q50": 4.0457930194268199, "post_q90": 4.4380305871954002, "post_prob_exceed": 0.978, "prosp_score_happy": 3.9563056617482699, "prosp_score_sad": 3.65922395727174, "domain_class": "tier 1" }, "geometry": { "type": "Point", "coordinates": [ -142.801560582611188, 60.422413331624156 ] } },
{ "type": "Feature", "properties": { "field_1": 1344, "x": 464627.7462, "y": 2232724.022, "scaled_x": 0.73558931464303701, "scaled_y": 0.94412917916853001, "post_mean": 3.6083697964593, "post_sd": 0.39489567414015903, "post_q10": 3.0974686327508398, "post_q50": 3.61092783447969, "post_q90": 4.1124848279151802, "post_prob_exceed": 0.67066666666666697, "prosp_score_happy": 2.4200133434920401, "prosp_score_sad": 3.0974686327508398, "domain_class": "tier 2" }, "geometry": { "type": "Point", "coordinates": [ -142.127824120026219, 69.692587753857339 ] } },
{ "type": "Feature", "properties": { "field_1": 1345, "x": 469223.6975, "y": 2207289.46, "scaled_x": 0.73689071300089604, "scaled_y": 0.93086093990665897, "post_mean": 3.7120858829007601, "post_sd": 0.37069983399560102, "post_q10": 3.2363185341817098, "post_q50": 3.7172311765921902, "post_q90": 4.1885993962645296, "post_prob_exceed": 0.7685, "prosp_score_happy": 2.8527380010092398, "prosp_score_sad": 3.2363185341817098, "domain_class": "tier 2" }, "geometry": { "type": "Point", "coordinates": [ -142.127824119932711, 69.457469397454702 ] } },
{ "type": "Feature", "properties": { "field_1": 1346, "x": 473875.7435, "y": 2181544.463, "scaled_x": 0.73820799524126401, "scaled_y": 0.91743075856553202, "post_mean": 3.7817203689115502, "post_sd": 0.35629659891229898, "post_q10": 3.32823689861742, "post_q50": 3.7815218951753602, "post_q90": 4.2420406026118904, "post_prob_exceed": 0.83833333333333304, "prosp_score_happy": 3.1703422426041801, "prosp_score_sad": 3.32823689861742, "domain_class": "tier 1" }, "geometry": { "type": "Point", "coordinates": [ -142.127824119856115, 69.219747817786171 ] } },
{ "type": "Feature", "properties": { "field_1": 1347, "x": 478584.2994, "y": 2155486.733, "scaled_x": 0.73954127893296595, "scaled_y": 0.90383743636634295, "post_mean": 3.8173105898789399, "post_sd": 0.34867874553293599, "post_q10": 3.3812905683527399, "post_q50": 3.8147054100845201, "post_q90": 4.26709841833258, "post_prob_exceed": 0.868, "prosp_score_happy": 3.3134255920149198, "prosp_score_sad": 3.3812905683527399, "domain_class": "tier 1" }, "geometry": { "type": "Point", "coordinates": [ -142.127824120813585, 68.97939832007583 ] } },
{ "type": "Feature", "properties": { "field_1": 1348, "x": 483349.7785, "y": 2129113.984, "scaled_x": 0.74089068110682099, "scaled_y": 0.89007978079023098, "post_mean": 3.8197488663891201, "post_sd": 0.34488437814047501, "post_q10": 3.3834279017890099, "post_q50": 3.8158714022205502, "post_q90": 4.2607053357904903, "post_prob_exceed": 0.87383333333333302, "prosp_score_happy": 3.3378238844130301, "prosp_score_sad": 3.3834279017890099, "domain_class": "tier 1" }, "geometry": { "type": "Point", "coordinates": [ -142.127824117330022, 68.736396144783953 ] } },
{ "type": "Feature", "properties": { "field_1": 1349, "x": 488172.5923, "y": 2102423.936, "scaled_x": 0.742256318283956, "scaled_y": 0.87615660244830296, "post_mean": 3.7908664205834999, "post_sd": 0.342462786841643, "post_q10": 3.34871885547253, "post_q50": 3.7903012270853802, "post_q90": 4.2308252099780397, "post_prob_exceed": 0.8535, "prosp_score_happy": 3.2355044899680201, "prosp_score_sad": 3.34871885547253, "domain_class": "tier 1" }, "geometry": { "type": "Point", "coordinates": [ -142.127824121185824, 68.490716409781726 ] } },
{ "type": "Feature", "properties": { "field_1": 1350, "x": 493053.1502, "y": 2075414.326, "scaled_x": 0.74363830639085704, "scaled_y": 0.86206672081991798, "post_mean": 3.7334875356047399, "post_sd": 0.33965279333940002, "post_q10": 3.2936644111025299, "post_q50": 3.73101296114943, "post_q90": 4.1706329376995699, "post_prob_exceed": 0.81116666666666704, "prosp_score_happy": 3.0284806392980501, "prosp_score_sad": 3.2936644111025299, "domain_class": "tier 1" }, "geometry": { "type": "Point", "coordinates": [ -142.127824120792496, 68.242334204725921 ] } },
{ "type": "Feature", "properties": { "field_1": 1351, "x": 497991.8595, "y": 2048082.899, "scaled_x": 0.74503676075937098, "scaled_y": 0.84780895955772795, "post_mean": 3.65144403045803, "post_sd": 0.33535053869912701, "post_q10": 3.2152353847612001, "post_q50": 3.6488310377072399, "post_q90": 4.08792222519308, "post_prob_exceed": 0.74633333333333296, "prosp_score_happy": 2.7251943947318402, "prosp_score_sad": 3.2152353847612001, "domain_class": "tier 2" }, "geometry": { "type": "Point", "coordinates": [ -142.127824120287158, 67.991224506449001 ] } },
{ "type": "Feature", "properties": { "field_1": 1352, "x": 502989.1248, "y": 2020427.416, "scaled_x": 0.74645179595680899, "scaled_y": 0.83338215066097499, "post_mean": 3.5495406454471001, "post_sd": 0.32898545672325302, "post_q10": 3.1231817823120198, "post_q50": 3.5459327933581499, "post_q90": 3.97626373336304, "post_prob_exceed": 0.64033333333333298, "prosp_score_happy": 2.2728891933012898, "prosp_score_sad": 3.1231817823120198, "domain_class": "tier 2" }, "geometry": { "type": "Point", "coordinates": [ -142.127824119229331, 67.737362246725695 ] } },
{ "type": "Feature", "properties": { "field_1": 1353, "x": 508045.348, "y": 1992445.652, "scaled_x": 0.74788352578594097, "scaled_y": 0.81878513343216697, "post_mean": 3.43346329283994, "post_sd": 0.32038218919022998, "post_q10": 3.0223598889423799, "post_q50": 3.43350924719104, "post_q90": 3.8510186050250201, "post_prob_exceed": 0.499, "prosp_score_happy": 1.7132981831271299, "prosp_score_sad": 3.0223598889423799, "domain_class": "tier 3" }, "geometry": { "type": "Point", "coordinates": [ -142.127824121090043, 67.480722289830126 ] } },
{ "type": "Feature", "properties": { "field_1": 1354, "x": 513160.9284, "y": 1964135.398, "scaled_x": 0.74933206331332003, "scaled_y": 0.80401675552039698, "post_mean": 3.30962467107102, "post_sd": 0.30964130496060799, "post_q10": 2.91334084561678, "post_q50": 3.3120431557507599, "post_q90": 3.7104333816758399, "post_prob_exceed": 0.341, "prosp_score_happy": 1.12858201283522, "prosp_score_sad": 2.91334084561678, "domain_class": "Background" }, "geometry": { "type": "Point", "coordinates": [ -142.127824122609042, 67.22127944542693 ] } },
{ "type": "Feature", "properties": { "field_1": 1355, "x": 518336.2619, "y": 1935494.464, "scaled_x": 0.75079752064274696, "scaled_y": 0.78907587448633498, "post_mean": 3.18494530924161, "post_sd": 0.29704586094749502, "post_q10": 2.80537452786528, "post_q50": 3.1863421506437999, "post_q90": 3.5706078207197498, "post_prob_exceed": 0.20533333333333301, "prosp_score_happy": 0.65397543683094395, "prosp_score_sad": 2.80537452786528, "domain_class": "Background" }, "geometry": { "type": "Point", "coordinates": [ -142.127824119908894, 66.959008491597046 ] } },
{ "type": "Feature", "properties": { "field_1": 1356, "x": 523571.7411, "y": 1906520.676, "scaled_x": 0.75228000894358804, "scaled_y": 0.77396135623724005, "post_mean": 3.06657271190711, "post_sd": 0.28299012076527502, "post_q10": 2.7043062281418799, "post_q50": 3.0669671187295502, "post_q90": 3.4339088807376799, "post_prob_exceed": 0.1, "prosp_score_happy": 0.30665727119071101, "prosp_score_sad": 2.7043062281418799, "domain_class": "Background" }, "geometry": { "type": "Point", "coordinates": [ -142.127824118341948, 66.693884143067194 ] } },
{ "type": "Feature", "properties": { "field_1": 1357, "x": 528867.7548, "y": 1877211.882, "scaled_x": 0.75377963830919503, "scaled_y": 0.75867207815693005, "post_mean": 2.9615468920552601, "post_sd": 0.26792432832712398, "post_q10": 2.6166020686926101, "post_q50": 2.9645265145778299, "post_q90": 3.3098300611309099, "post_prob_exceed": 0.0395, "prosp_score_happy": 0.11698110223618299, "prosp_score_sad": 2.6166020686926101, "domain_class": "Background" }, "geometry": { "type": "Point", "coordinates": [ -142.127824119196475, 66.425881100094955 ] } },
{ "type": "Feature", "properties": { "field_1": 1358, "x": 534224.6883, "y": 1847565.95, "scaled_x": 0.75529651784185303, "scaled_y": 0.74320692806245803, "post_mean": 2.8764265846910502, "post_sd": 0.25231175096673403, "post_q10": 2.55140865022575, "post_q50": 2.8785022247161902, "post_q90": 3.2026435268722402, "post_prob_exceed": 0.013, "prosp_score_happy": 0.037393545600983603, "prosp_score_sad": 2.55140865022575, "domain_class": "Background" }, "geometry": { "type": "Point", "coordinates": [ -142.127824121229622, 66.15497402499328 ] } },
{ "type": "Feature", "properties": { "field_1": 1359, "x": 539642.9224, "y": 1817580.774, "scaled_x": 0.75683075536961697, "scaled_y": 0.72756480733408402, "post_mean": 2.8168969104910802, "post_sd": 0.236599831530413, "post_q10": 2.5090387911288401, "post_q50": 2.8161930929866599, "post_q90": 3.12414210497831, "post_prob_exceed": 0.0041666666666666701, "prosp_score_happy": 0.011737070460379501, "prosp_score_sad": 2.5090387911288401, "domain_class": "Background" }, "geometry": { "type": "Point", "coordinates": [ -142.127824118980499, 65.881137591445963 ] } },
{ "type": "Feature", "properties": { "field_1": 1360, "x": 545122.8336, "y": 1787254.268, "scaled_x": 0.75838245750294797, "scaled_y": 0.71174462778530401, "post_mean": 2.7873851617327201, "post_sd": 0.22121424239665, "post_q10": 2.5005738191526499, "post_q50": 2.7846779035865001, "post_q90": 3.0747330172866301, "post_prob_exceed": 0.00166666666666667, "prosp_score_happy": 0.0046456419362212002, "prosp_score_sad": 2.5005738191526499, "domain_class": "Background" }, "geometry": { "type": "Point", "coordinates": [ -142.127824121832134, 65.604346425590151 ] } },
{ "type": "Feature", "properties": { "field_1": 1361, "x": 550664.7937, "y": 1756584.377, "scaled_x": 0.75995172952144396, "scaled_y": 0.69574531740113099, "post_mean": 2.7907164390196799, "post_sd": 0.20658880975316801, "post_q10": 2.5234717814966001, "post_q50": 2.7888585557772401, "post_q90": 3.0590213254219099, "post_prob_exceed": 0.001, "prosp_score_happy": 0.0027907164390196799, "prosp_score_sad": 2.5234717814966001, "domain_class": "Background" }, "geometry": { "type": "Point", "coordinates": [ -142.127824119765847, 65.32457519828148 ] } },
{ "type": "Feature", "properties": { "field_1": 1362, "x": 556269.1696, "y": 1725569.069, "scaled_x": 0.76153867531721098, "scaled_y": 0.67956581616479605, "post_mean": 2.8278437379707602, "post_sd": 0.19323848714663799, "post_q10": 2.57906956128986, "post_q50": 2.8238442291928001, "post_q90": 3.0788400134404599, "post_prob_exceed": 0.001, "prosp_score_happy": 0.00282784373797076, "prosp_score_sad": 2.57906956128986, "domain_class": "Background" }, "geometry": { "type": "Point", "coordinates": [ -142.12782411870532, 65.041798548925726 ] } },
{ "type": "Feature", "properties": { "field_1": 1363, "x": 561936.3227, "y": 1694206.343, "scaled_x": 0.76314339722496405, "scaled_y": 0.66320508023104996, "post_mean": 2.89768704098545, "post_sd": 0.18185840548962401, "post_q10": 2.66736830405948, "post_q50": 2.8938871408832698, "post_q90": 3.1332815303260602, "post_prob_exceed": 0.0015, "prosp_score_happy": 0.0043465305614781699, "prosp_score_sad": 2.66736830405948, "domain_class": "Background" }, "geometry": { "type": "Point", "coordinates": [ -142.127824122237087, 64.755991151238746 ] } },
{ "type": "Feature", "properties": { "field_1": 1364, "x": 567666.609, "y": 1662494.232, "scaled_x": 0.76476599605034401, "scaled_y": 0.64666208349114096, "post_mean": 2.99711164995038, "post_sd": 0.17338450232019001, "post_q10": 2.7773712946031202, "post_q50": 2.9948591189071299, "post_q90": 3.2224473908443101, "post_prob_exceed": 0.0046666666666666697, "prosp_score_happy": 0.013986521033101801, "prosp_score_sad": 2.7773712946031202, "domain_class": "Background" }, "geometry": { "type": "Point", "coordinates": [ -142.127824118577934, 64.467127733498472 ] } },
{ "type": "Feature", "properties": { "field_1": 1365, "x": 573460.3784, "y": 1630430.797, "scaled_x": 0.76640657087170405, "scaled_y": 0.62993581444284896, "post_mean": 3.1210668111458899, "post_sd": 0.16889867789016899, "post_q10": 2.9036230871211601, "post_q50": 3.1193440470582998, "post_q90": 3.33674147504661, "post_prob_exceed": 0.032833333333333298, "prosp_score_happy": 0.10247502696595701, "prosp_score_sad": 2.9036230871211601, "domain_class": "Background" }, "geometry": { "type": "Point", "coordinates": [ -142.127824117502399, 64.175183020586161 ] } },
{ "type": "Feature", "properties": { "field_1": 1366, "x": 579317.9746, "y": 1598014.136, "scaled_x": 0.76806521901179203, "scaled_y": 0.61302528088544195, "post_mean": 3.2628910718699098, "post_sd": 0.169283198844912, "post_q10": 3.0467811915442899, "post_q50": 3.2630467397338201, "post_q90": 3.48064247928661, "post_prob_exceed": 0.16066666666666701, "prosp_score_happy": 0.52423783221376496, "prosp_score_sad": 3.0467811915442899, "domain_class": "Background" }, "geometry": { "type": "Point", "coordinates": [ -142.127824118649698, 63.880131807291534 ] } },
{ "type": "Feature", "properties": { "field_1": 1367, "x": 585239.7347, "y": 1565242.384, "scaled_x": 0.76974203592448998, "scaled_y": 0.59592950991967097, "post_mean": 3.4147722752055598, "post_sd": 0.17472846343596299, "post_q10": 3.1897326589118302, "post_q50": 3.4141082659897402, "post_q90": 3.63828439672149, "post_prob_exceed": 0.456166666666667, "prosp_score_happy": 1.5577052862062699, "prosp_score_sad": 3.1897326589118302, "domain_class": "tier 3" }, "geometry": { "type": "Point", "coordinates": [ -142.127824119968466, 63.581948952541481 ] } },
{ "type": "Feature", "properties": { "field_1": 1368, "x": 591225.9891, "y": 1532113.713, "scaled_x": 0.77143711516649305, "scaled_y": 0.57864754794777595, "post_mean": 3.5683293121353801, "post_sd": 0.18444613763755299, "post_q10": 3.3319355637214101, "post_q50": 3.5698515288539401, "post_q90": 3.8051388165240398, "post_prob_exceed": 0.76183333333333303, "prosp_score_happy": 2.7184722142951299, "prosp_score_sad": 3.3319355637214101, "domain_class": "tier 2" }, "geometry": { "type": "Point", "coordinates": [ -142.127824119768206, 63.28060937307162 ] } },
{ "type": "Feature", "properties": { "field_1": 1369, "x": 597277.0604, "y": 1498626.337, "scaled_x": 0.77315054808583505, "scaled_y": 0.561178463281791, "post_mean": 3.71526357749008, "post_sd": 0.196844754695185, "post_q10": 3.4610817836593002, "post_q50": 3.7161858989037801, "post_q90": 3.9639445651959302, "post_prob_exceed": 0.92366666666666697, "prosp_score_happy": 3.43166512440833, "prosp_score_sad": 3.4610817836593002, "domain_class": "tier 1" }, "geometry": { "type": "Point", "coordinates": [ -142.127824120526668, 62.97608808262472 ] } },
{ "type": "Feature", "properties": { "field_1": 1370, "x": 603393.2641, "y": 1464778.511, "scaled_x": 0.77488242402009699, "scaled_y": 0.54352134562188503, "post_mean": 3.8480145978918099, "post_sd": 0.21003453235623201, "post_q10": 3.5766116885199, "post_q50": 3.8484957027171101, "post_q90": 4.11472454880413, "post_prob_exceed": 0.97333333333333305, "prosp_score_happy": 3.7454008752813599, "prosp_score_sad": 3.5766116885199, "domain_class": "tier 1" }, "geometry": { "type": "Point", "coordinates": [ -142.127824118679172, 62.668360175313303 ] } },
{ "type": "Feature", "properties": { "field_1": 1371, "x": 609574.9071, "y": 1430568.535, "scaled_x": 0.77663282987167204, "scaled_y": 0.525675308143006, "post_mean": 3.9603498091769498, "post_sd": 0.222377252593321, "post_q10": 3.6741888560377798, "post_q50": 3.9629150039166601, "post_q90": 4.2407675805676304, "post_prob_exceed": 0.98916666666666697, "prosp_score_happy": 3.91744601957754, "prosp_score_sad": 3.6741888560377798, "domain_class": "tier 1" }, "geometry": { "type": "Point", "coordinates": [ -142.127824119738932, 62.357400856418167 ] } },
{ "type": "Feature", "properties": { "field_1": 1372, "x": 615822.2884, "y": 1395994.755, "scaled_x": 0.77840185030596998, "scaled_y": 0.50763948801654601, "post_mean": 4.0478251259127296, "post_sd": 0.23295949668377799, "post_q10": 3.7454174314151598, "post_q50": 4.0518408315613099, "post_q90": 4.3375251243086499, "post_prob_exceed": 0.99516666666666698, "prosp_score_happy": 4.0282606378041503, "prosp_score_sad": 3.7454174314151598, "domain_class": "tier 1" }, "geometry": { "type": "Point", "coordinates": [ -142.127824121221181, 62.04318544316191 ] } },
{ "type": "Feature", "properties": { "field_1": 1373, "x": 622135.6979, "y": 1361055.568, "scaled_x": 0.78018956741163104, "scaled_y": 0.48941304901864802, "post_mean": 4.1080697069633496, "post_sd": 0.24201275362719099, "post_q10": 3.7922004743706399, "post_q50": 4.1116254245440604, "post_q90": 4.4137039254633104, "post_prob_exceed": 0.9965, "prosp_score_happy": 4.0936914629889802, "prosp_score_sad": 3.7922004743706399, "domain_class": "tier 1" }, "geometry": { "type": "Point", "coordinates": [ -142.127824118581799, 61.725689403613281 ] } },
{ "type": "Feature", "properties": { "field_1": 1374, "x": 628515.4162, "y": 1325749.419, "scaled_x": 0.78199606064388605, "scaled_y": 0.470995179965221, "post_mean": 4.1408720749255501, "post_sd": 0.25129194256693899, "post_q10": 3.8147502941846101, "post_q50": 4.1433749902533501, "post_q90": 4.4591803061947104, "post_prob_exceed": 0.99716666666666698, "prosp_score_happy": 4.12913960404659, "prosp_score_sad": 3.8147502941846101, "domain_class": "tier 1" }, "geometry": { "type": "Point", "coordinates": [ -142.127824119045272, 61.404888323504053 ] } },
{ "type": "Feature", "properties": { "field_1": 1375, "x": 634961.7144000001, "y": 1290074.809, "scaled_x": 0.78382140676793, "scaled_y": 0.45238509888523398, "post_mean": 4.1480702875646198, "post_sd": 0.264272189094645, "post_q10": 3.8138151434673402, "post_q50": 4.1500259515874998, "post_q90": 4.4831942999646897, "post_prob_exceed": 0.997, "prosp_score_happy": 4.1356260767019197, "prosp_score_sad": 3.8138151434673402, "domain_class": "tier 1" }, "geometry": { "type": "Point", "coordinates": [ -142.127824118215841, 61.080757969764143 ] } },
{ "type": "Feature", "properties": { "field_1": 1376, "x": 641474.8535, "y": 1254030.293, "scaled_x": 0.78566567968902201, "scaled_y": 0.43358205197739602, "post_mean": 4.1332712635913502, "post_sd": 0.28580662629750803, "post_q10": 3.7762947675221201, "post_q50": 4.1330711330081904, "post_q90": 4.49854133447674, "post_prob_exceed": 0.992, "prosp_score_happy": 4.1002050934826197, "prosp_score_sad": 3.7762947675221201, "domain_class": "tier 1" }, "geometry": { "type": "Point", "coordinates": [ -142.127824118076404, 60.753274266613211 ] } },
{ "type": "Feature", "properties": { "field_1": 1377, "x": 648055.0839, "y": 1217614.485, "scaled_x": 0.78752895031090497, "scaled_y": 0.41458531621845601, "post_mean": 4.1014394956593501, "post_sd": 0.32096882556364897, "post_q10": 3.69227035527592, "post_q50": 4.0996635094526104, "post_q90": 4.5193964133906297, "post_prob_exceed": 0.9815, "prosp_score_happy": 4.0255628649896602, "prosp_score_sad": 3.69227035527592, "domain_class": "tier 1" }, "geometry": { "type": "Point", "coordinates": [ -142.127824119434024, 60.4224133330166 ] } },
{ "type": "Feature", "properties": { "field_1": 1378, "x": 654702.6453, "y": 1180826.059, "scaled_x": 0.78941128650748904, "scaled_y": 0.39539419988487701, "post_mean": 4.0584018795580299, "post_sd": 0.37360147556305301, "post_q10": 3.5944467520289498, "post_q50": 4.0558470629080299, "post_q90": 4.5431557678908199, "post_prob_exceed": 0.952, "prosp_score_happy": 3.8635985893392402, "prosp_score_sad": 3.5944467520289498, "domain_class": "tier 1" }, "geometry": { "type": "Point", "coordinates": [ -142.127824120545256, 60.088151484245564 ] } },
{ "type": "Feature", "properties": { "field_1": 1379, "x": 490689.1594, "y": 2237569.882, "scaled_x": 0.742968914235828, "scaled_y": 0.94665707919328901, "post_mean": 3.6564590324231698, "post_sd": 0.48147311558587702, "post_q10": 3.0418407985372502, "post_q50": 3.6592822330617398, "post_q90": 4.2772275158882396, "post_prob_exceed": 0.676, "prosp_score_happy": 2.4717663059180599, "prosp_score_sad": 3.0418407985372502, "domain_class": "tier 2" }, "geometry": { "type": "Point", "coordinates": [ -141.454087655508317, 69.692587753198751 ] } },
{ "type": "Feature", "properties": { "field_1": 1380, "x": 495542.9019, "y": 2212183.254, "scaled_x": 0.74434330924279302, "scaled_y": 0.93341384526788795, "post_mean": 3.7575916363192099, "post_sd": 0.45568768781962798, "post_q10": 3.1758363698968002, "post_q50": 3.7559075386570702, "post_q90": 4.3416153174385901, "post_prob_exceed": 0.7575, "prosp_score_happy": 2.8463756645117999, "prosp_score_sad": 3.1758363698968002, "domain_class": "tier 2" }, "geometry": { "type": "Point", "coordinates": [ -141.454087656303869, 69.457469399438011 ] } },
{ "type": "Feature", "properties": { "field_1": 1381, "x": 500455.8856, "y": 2186486.776, "scaled_x": 0.74573447910122204, "scaled_y": 0.92000897443538099, "post_mean": 3.8229317608295901, "post_sd": 0.43911857703359503, "post_q10": 3.25819951436059, "post_q50": 3.8183859212467199, "post_q90": 4.38685547432401, "post_prob_exceed": 0.8095, "prosp_score_happy": 3.0946632603915498, "prosp_score_sad": 3.25819951436059, "domain_class": "tier 1" }, "geometry": { "type": "Point", "coordinates": [ -141.45408765497902, 69.219747821863052 ] } },
{ "type": "Feature", "properties": { "field_1": 1382, "x": 505428.5489, "y": 2160478.154, "scaled_x": 0.74714254794929902, "scaled_y": 0.90644127000360897, "post_mean": 3.8524857730330502, "post_sd": 0.42886882977217, "post_q10": 3.30751029694984, "post_q50": 3.8489551732485201, "post_q90": 4.4042790210680796, "post_prob_exceed": 0.83333333333333304, "prosp_score_happy": 3.2104048108608798, "prosp_score_sad": 3.30751029694984, "domain_class": "tier 1" }, "geometry": { "type": "Point", "coordinates": [ -141.454087656357558, 68.979398322912132 ] } },
{ "type": "Feature", "properties": { "field_1": 1383, "x": 510461.3282, "y": 2134155.106, "scaled_x": 0.74856763935888104, "scaled_y": 0.89270954154035898, "post_mean": 3.8471540799857502, "post_sd": 0.42219013585847398, "post_q10": 3.31199437631967, "post_q50": 3.8453795783726399, "post_q90": 4.3893682140331096, "post_prob_exceed": 0.83516666666666695, "prosp_score_happy": 3.2130148491347699, "prosp_score_sad": 3.31199437631967, "domain_class": "tier 1" }, "geometry": { "type": "Point", "coordinates": [ -141.454087658012043, 68.736396140410406 ] } },
{ "type": "Feature", "properties": { "field_1": 1384, "x": 515554.6583, "y": 2107515.359, "scaled_x": 0.75000987644876804, "scaled_y": 0.87881260330836897, "post_mean": 3.80882138376115, "post_sd": 0.41683474523238101, "post_q10": 3.27092548593731, "post_q50": 3.80710190533188, "post_q90": 4.3538160599479303, "post_prob_exceed": 0.8135, "prosp_score_happy": 3.09847619568969, "prosp_score_sad": 3.27092548593731, "domain_class": "tier 1" }, "geometry": { "type": "Point", "coordinates": [ -141.454087654740249, 68.490716416004503 ] } },
{ "type": "Feature", "properties": { "field_1": 1385, "x": 520708.9714, "y": 2080556.65, "scaled_x": 0.75146938160153798, "scaled_y": 0.86474927478699903, "post_mean": 3.7404164773307902, "post_sd": 0.41118681433495402, "post_q10": 3.2048642421543798, "post_q50": 3.73821740995032, "post_q90": 4.2759717485126396, "post_prob_exceed": 0.76983333333333304, "prosp_score_happy": 2.8794972847984899, "prosp_score_sad": 3.2048642421543798, "domain_class": "tier 2" }, "geometry": { "type": "Point", "coordinates": [ -141.454087657732487, 68.24233420159797 ] } },
{ "type": "Feature", "properties": { "field_1": 1386, "x": 525924.6975, "y": 2053276.732, "scaled_x": 0.75294627657681401, "scaled_y": 0.85051838380219502, "post_mean": 3.6459312821782701, "post_sd": 0.40423187469296301, "post_q10": 3.11881088459412, "post_q50": 3.6451147746208501, "post_q90": 4.1664506545256899, "post_prob_exceed": 0.7045, "prosp_score_happy": 2.5685585882945898, "prosp_score_sad": 3.11881088459412, "domain_class": "tier 2" }, "geometry": { "type": "Point", "coordinates": [ -141.454087657729247, 67.991224507646479 ] } },
{ "type": "Feature", "properties": { "field_1": 1387, "x": 531202.2642, "y": 2025673.368, "scaled_x": 0.75444068245463003, "scaled_y": 0.83611876339652402, "post_mean": 3.5303891870167901, "post_sd": 0.39544782398692102, "post_q10": 3.0158991887335, "post_q50": 3.52820612025352, "post_q90": 4.0413366688665002, "post_prob_exceed": 0.5955, "prosp_score_happy": 2.1023467608685, "prosp_score_sad": 3.0158991887335, "domain_class": "tier 3" }, "geometry": { "type": "Point", "coordinates": [ -141.454087657089588, 67.737362245681481 ] } },
{ "type": "Feature", "properties": { "field_1": 1388, "x": 536542.0958, "y": 1997744.338, "scaled_x": 0.75595271938058295, "scaled_y": 0.82154925548080004, "post_mean": 3.3997542844336399, "post_sd": 0.38467648266169702, "post_q10": 2.9021771230314202, "post_q50": 3.3989576732079199, "post_q90": 3.90158367787468, "post_prob_exceed": 0.459666666666667, "prosp_score_happy": 1.5627537194113299, "prosp_score_sad": 2.9021771230314202, "domain_class": "tier 3" }, "geometry": { "type": "Point", "coordinates": [ -141.454087659215844, 67.4807222874134 ] } },
{ "type": "Feature", "properties": { "field_1": 1389, "x": 541944.614, "y": 1969487.438, "scaled_x": 0.75748250676405404, "scaled_y": 0.80680871031242696, "post_mean": 3.2607754621898501, "post_sd": 0.37200561344685601, "post_q10": 2.7809638754477701, "post_q50": 3.2634928927373901, "post_q90": 3.74932433673141, "post_prob_exceed": 0.3205, "prosp_score_happy": 1.0450785356318499, "prosp_score_sad": 2.7809638754477701, "domain_class": "Background" }, "geometry": { "type": "Point", "coordinates": [ -141.454087656998468, 67.221279449884207 ] } },
{ "type": "Feature", "properties": { "field_1": 1390, "x": 547410.2369, "y": 1940900.48, "scaled_x": 0.75903016299503601, "scaled_y": 0.79189598649540005, "post_mean": 3.1207629896959399, "post_sd": 0.35767276729524899, "post_q10": 2.6578914745418398, "post_q50": 3.1207122124980899, "post_q90": 3.5832638066006699, "post_prob_exceed": 0.18883333333333299, "prosp_score_happy": 0.58930407788758199, "prosp_score_sad": 2.6578914745418398, "domain_class": "Background" }, "geometry": { "type": "Point", "coordinates": [ -141.45408765571409, 66.959008492313686 ] } },
{ "type": "Feature", "properties": { "field_1": 1391, "x": 552939.3791, "y": 1911981.295, "scaled_x": 0.76059580547245997, "scaled_y": 0.77680995254528495, "post_mean": 2.9872998790881602, "post_sd": 0.34199360307919302, "post_q10": 2.54663812991034, "post_q50": 2.9837041753455198, "post_q90": 3.4301822228603198, "post_prob_exceed": 0.0978333333333333, "prosp_score_happy": 0.29225750483745799, "prosp_score_sad": 2.54663812991034, "domain_class": "Background" }, "geometry": { "type": "Point", "coordinates": [ -141.454087657492352, 66.693884137514559 ] } },
{ "type": "Feature", "properties": { "field_1": 1392, "x": 558532.4513, "y": 1882727.736, "scaled_x": 0.76217955049092201, "scaled_y": 0.761549488454208, "post_mean": 2.86789583168652, "post_sd": 0.325314604643685, "post_q10": 2.4485501312378002, "post_q50": 2.86875124454005, "post_q90": 3.2852461100511698, "post_prob_exceed": 0.0405, "prosp_score_happy": 0.116149781183304, "prosp_score_sad": 2.4485501312378002, "domain_class": "Background" }, "geometry": { "type": "Point", "coordinates": [ -141.454087657660409, 66.425881093948675 ] } },
{ "type": "Feature", "properties": { "field_1": 1393, "x": 564189.8603, "y": 1853137.675, "scaled_x": 0.76378151324068699, "scaled_y": 0.74611348412587097, "post_mean": 2.76959778951427, "post_sd": 0.30799083508085801, "post_q10": 2.3719807809692099, "post_q50": 2.7686542454399801, "post_q90": 3.1638723626629699, "post_prob_exceed": 0.015, "prosp_score_happy": 0.041543966842713997, "prosp_score_sad": 2.3719807809692099, "domain_class": "Background" }, "geometry": { "type": "Point", "coordinates": [ -141.454087657535126, 66.154974023937882 ] } },
{ "type": "Feature", "properties": { "field_1": 1394, "x": 569912.0083, "y": 1823209.009, "scaled_x": 0.76540180760947796, "scaled_y": 0.73050084250551905, "post_mean": 2.6985777107105902, "post_sd": 0.290391844916215, "post_q10": 2.3243349426351401, "post_q50": 2.6978562365098702, "post_q90": 3.0688913251254601, "post_prob_exceed": 0.0055, "prosp_score_happy": 0.014842177408908201, "prosp_score_sad": 2.3243349426351401, "domain_class": "Background" }, "geometry": { "type": "Point", "coordinates": [ -141.454087654516599, 65.88113759249056 ] } },
{ "type": "Feature", "properties": { "field_1": 1395, "x": 575699.2929, "y": 1792939.656, "scaled_x": 0.76704054618247097, "scaled_y": 0.71471047749329497, "post_mean": 2.6597243867204798, "post_sd": 0.27294088333437, "post_q10": 2.3056363402192801, "post_q50": 2.6562621471590302, "post_q90": 3.0106212339159502, "post_prob_exceed": 0.00216666666666667, "prosp_score_happy": 0.0057627361712277196, "prosp_score_sad": 2.3056363402192801, "domain_class": "Background" }, "geometry": { "type": "Point", "coordinates": [ -141.454087658555949, 65.604346426466208 ] } },
{ "type": "Feature", "properties": { "field_1": 1396, "x": 581552.1069, "y": 1762327.565, "scaled_x": 0.76869784018566301, "scaled_y": 0.69874131916085902, "post_mean": 2.6562716775199902, "post_sd": 0.25619034343095798, "post_q10": 2.3256444826996501, "post_q50": 2.6531408964071201, "post_q90": 2.9884897286925498, "post_prob_exceed": 0.001, "prosp_score_happy": 0.0026562716775199902, "prosp_score_sad": 2.3256444826996501, "domain_class": "Background" }, "geometry": { "type": "Point", "coordinates": [ -141.454087655467475, 65.324575197514591 ] } },
{ "type": "Feature", "properties": { "field_1": 1397, "x": 587470.8375, "y": 1731370.708, "scaled_x": 0.77037379925934901, "scaled_y": 0.68259230957809003, "post_mean": 2.6894991337226402, "post_sd": 0.24092314488843999, "post_q10": 2.3846823899582099, "post_q50": 2.6852923447950401, "post_q90": 3.0016843139034002, "post_prob_exceed": 0.00066666666666666697, "prosp_score_happy": 0.0017929994224817601, "prosp_score_sad": 2.3846823899582099, "domain_class": "Background" }, "geometry": { "type": "Point", "coordinates": [ -141.454087656707486, 65.041798547067756 ] } },
{ "type": "Feature", "properties": { "field_1": 1398, "x": 593455.8667, "y": 1700067.089, "scaled_x": 0.772068531571377, "scaled_y": 0.666262407508046, "post_mean": 2.7585417910391001, "post_sd": 0.22823704498494601, "post_q10": 2.4692366132978001, "post_q50": 2.7539602710765601, "post_q90": 3.05420304456822, "post_prob_exceed": 0.00116666666666667, "prosp_score_happy": 0.0032182987562122799, "prosp_score_sad": 2.4692366132978001, "domain_class": "Background" }, "geometry": { "type": "Point", "coordinates": [ -141.454087654322905, 64.75599115914153 ] } },
{ "type": "Feature", "properties": { "field_1": 1399, "x": 599507.5701, "y": 1668414.741, "scaled_x": 0.77378214347736296, "scaled_y": 0.64975058684197695, "post_mean": 2.8603425604853299, "post_sd": 0.21951541444648501, "post_q10": 2.58193363492911, "post_q50": 2.8566278168958799, "post_q90": 3.1504448872747002, "post_prob_exceed": 0.0038333333333333301, "prosp_score_happy": 0.0109646464818604, "prosp_score_sad": 2.58193363492911, "domain_class": "Background" }, "geometry": { "type": "Point", "coordinates": [ -141.454087658157135, 64.467127729884837 ] } },
{ "type": "Feature", "properties": { "field_1": 1400, "x": 605626.3176, "y": 1636411.732, "scaled_x": 0.77551473971889795, "scaled_y": 0.63305583972929602, "post_mean": 2.98977201482773, "post_sd": 0.21615562207601399, "post_q10": 2.7149113197647301, "post_q50": 2.9863178121181999, "post_q90": 3.2737561483500399, "post_prob_exceed": 0.021166666666666702, "prosp_score_happy": 0.063283507647186904, "prosp_score_sad": 2.7149113197647301, "domain_class": "Background" }, "geometry": { "type": "Point", "coordinates": [ -141.454087657598734, 64.175183013102384 ] } },
{ "type": "Feature", "properties": { "field_1": 1401, "x": 611812.4719, "y": 1604056.164, "scaled_x": 0.77726642299880599, "scaled_y": 0.61617717605591604, "post_mean": 3.1399262015090801, "post_sd": 0.21903022173412801, "post_q10": 2.8603130588271499, "post_q50": 3.1377679402798702, "post_q90": 3.4247379173452202, "post_prob_exceed": 0.0925, "prosp_score_happy": 0.29044317363958999, "prosp_score_sad": 2.8603130588271499, "domain_class": "Background" }, "geometry": { "type": "Point", "coordinates": [ -141.454087656465504, 63.880131807694802 ] } },
{ "type": "Feature", "properties": { "field_1": 1402, "x": 618066.3893, "y": 1571346.173, "scaled_x": 0.77903729420767798, "scaled_y": 0.59911362344425101, "post_mean": 3.3025936792674901, "post_sd": 0.22794227047694801, "post_q10": 3.0103252779662699, "post_q50": 3.3012096368700599, "post_q90": 3.5936453710682499, "post_prob_exceed": 0.28316666666666701, "prosp_score_happy": 0.93518444351257801, "prosp_score_sad": 3.0103252779662699, "domain_class": "Background" }, "geometry": { "type": "Point", "coordinates": [ -141.45408765643046, 63.581948949956008 ] } },
{ "type": "Feature", "properties": { "field_1": 1403, "x": 624388.4183, "y": 1538279.936, "scaled_x": 0.78082745202743897, "scaled_y": 0.58186423090484996, "post_mean": 3.4688606670025499, "post_sd": 0.241490212525096, "post_q10": 3.1594774450803098, "post_q50": 3.4693362038795001, "post_q90": 3.7754701377401001, "post_prob_exceed": 0.55466666666666697, "prosp_score_happy": 1.9240613832974101, "prosp_score_sad": 3.1594774450803098, "domain_class": "tier 3" }, "geometry": { "type": "Point", "coordinates": [ -141.454087658336107, 63.280609371011941 ] } },
{ "type": "Feature", "properties": { "field_1": 1404, "x": 630778.9, "y": 1504855.67, "scaled_x": 0.78263699304461898, "scaled_y": 0.56442806831473302, "post_mean": 3.6298016260689701, "post_sd": 0.25744740044807901, "post_q10": 3.3000850321451898, "post_q50": 3.6302890922942401, "post_q90": 3.95748141359087, "post_prob_exceed": 0.7765, "prosp_score_happy": 2.8185409626425599, "prosp_score_sad": 3.3000850321451898, "domain_class": "tier 2" }, "geometry": { "type": "Point", "coordinates": [ -141.454087658179333, 62.97608808072944 ] } },
{ "type": "Feature", "properties": { "field_1": 1405, "x": 637238.1673, "y": 1471071.633, "scaled_x": 0.78446601152381701, "scaled_y": 0.54680422693905195, "post_mean": 3.7771859656741902, "post_sd": 0.27336431144907503, "post_q10": 3.4275315672949001, "post_q50": 3.77864698702709, "post_q90": 4.1232058275385297, "post_prob_exceed": 0.8955, "prosp_score_happy": 3.3824700322612302, "prosp_score_sad": 3.4275315672949001, "domain_class": "tier 1" }, "geometry": { "type": "Point", "coordinates": [ -141.454087659059496, 62.668360171150034 ] } },
{ "type": "Feature", "properties": { "field_1": 1406, "x": 643766.5447, "y": 1436926.129, "scaled_x": 0.78631459935107395, "scaled_y": 0.52899182203940498, "post_mean": 3.90412447670308, "post_sd": 0.28710894173773199, "post_q10": 3.53412620978404, "post_q50": 3.90512312100098, "post_q90": 4.2672196521702501, "post_prob_exceed": 0.94583333333333297, "prosp_score_happy": 3.6926510675483302, "prosp_score_sad": 3.53412620978404, "domain_class": "tier 1" }, "geometry": { "type": "Point", "coordinates": [ -141.454087656437821, 62.35740085395485 ] } },
{ "type": "Feature", "properties": { "field_1": 1407, "x": 650364.3476, "y": 1402417.507, "scaled_x": 0.78818284583565601, "scaled_y": 0.51098999235216802, "post_mean": 4.0055840369868596, "post_sd": 0.29728536985891302, "post_q10": 3.6214557618804699, "post_q50": 4.0113702358919499, "post_q90": 4.37819133419086, "post_prob_exceed": 0.96883333333333299, "prosp_score_happy": 3.88074333450077, "prosp_score_sad": 3.6214557618804699, "domain_class": "tier 1" }, "geometry": { "type": "Point", "coordinates": [ -141.454087655307234, 62.043185445936039 ] } },
{ "type": "Feature", "properties": { "field_1": 1408, "x": 657031.8822, "y": 1367544.165, "scaled_x": 0.79007083768174302, "scaled_y": 0.49279790217514602, "post_mean": 4.0787156729216703, "post_sd": 0.30359329329011397, "post_q10": 3.6812028930960801, "post_q50": 4.08560590853254, "post_q90": 4.4573601010794199, "post_prob_exceed": 0.97866666666666702, "prosp_score_happy": 3.99170307189934, "prosp_score_sad": 3.6812028930960801, "domain_class": "tier 1" }, "geometry": { "type": "Point", "coordinates": [ -141.454087657319661, 61.72568939730094 ] } },
{ "type": "Feature", "properties": { "field_1": 1409, "x": 663769.4449, "y": 1332304.554, "scaled_x": 0.79197865881852303, "scaled_y": 0.47441474345421902, "post_mean": 4.1229663764110196, "post_sd": 0.30718649858500502, "post_q10": 3.7215703109946698, "post_q50": 4.12635063059777, "post_q90": 4.5081347161896197, "post_prob_exceed": 0.98566666666666702, "prosp_score_happy": 4.0638705250157896, "prosp_score_sad": 3.7215703109946698, "domain_class": "tier 1" }, "geometry": { "type": "Point", "coordinates": [ -141.454087657909554, 61.404888320709873 ] } },
{ "type": "Feature", "properties": { "field_1": 1410, "x": 670577.3221, "y": 1296697.176, "scaled_x": 0.79390639034356902, "scaled_y": 0.45583973474001799, "post_mean": 4.1399734655907503, "post_sd": 0.311004860389057, "post_q10": 3.7424313694401801, "post_q50": 4.1426944912341401, "post_q90": 4.5331316465044598, "post_prob_exceed": 0.9855, "prosp_score_happy": 4.0799438503396903, "prosp_score_sad": 3.7424313694401801, "domain_class": "tier 1" }, "geometry": { "type": "Point", "coordinates": [ -141.454087657246276, 61.080757966862905 ] } },
{ "type": "Feature", "properties": { "field_1": 1411, "x": 677455.7894, "y": 1260720.589, "scaled_x": 0.79585411029630404, "scaled_y": 0.437072123796235, "post_mean": 4.1332659884378398, "post_sd": 0.319865800508846, "post_q10": 3.7295302053756498, "post_q50": 4.13357991134452, "post_q90": 4.5409572743230502, "post_prob_exceed": 0.98333333333333295, "prosp_score_happy": 4.0643782219638798, "prosp_score_sad": 3.7295302053756498, "domain_class": "tier 1" }, "geometry": { "type": "Point", "coordinates": [ -141.454087657178405, 60.753274262496873 ] } },
{ "type": "Feature", "properties": { "field_1": 1412, "x": 684405.1113, "y": 1224373.41, "scaled_x": 0.797821893573054, "scaled_y": 0.41811118916460899, "post_mean": 4.1078161283878796, "post_sd": 0.339859629967805, "post_q10": 3.6856429977440199, "post_q50": 4.1048926225984399, "post_q90": 4.5437575303893496, "post_prob_exceed": 0.976, "prosp_score_happy": 4.0092285413065696, "prosp_score_sad": 3.6856429977440199, "domain_class": "tier 1" }, "geometry": { "type": "Point", "coordinates": [ -141.454087656251744, 60.4224133299006 ] } },
{ "type": "Feature", "properties": { "field_1": 1413, "x": 691425.5407, "y": 1187654.316, "scaled_x": 0.79980981178546495, "scaled_y": 0.39895624068658397, "post_mean": 4.06949242468019, "post_sd": 0.37679906764862497, "post_q10": 3.60070883330485, "post_q50": 4.0647177625256097, "post_q90": 4.5600113851800703, "post_prob_exceed": 0.9545, "prosp_score_happy": 3.8843305193572402, "prosp_score_sad": 3.60070883330485, "domain_class": "tier 1" }, "geometry": { "type": "Point", "coordinates": [ -141.454087655346058, 60.088151489139875 ] } },
{ "type": "Feature", "properties": { "field_1": 1414, "x": 728077.2752, "y": 1194854.766, "scaled_x": 0.81018818700693296, "scaled_y": 0.40271244035666798, "post_mean": 4.0341063154271302, "post_sd": 0.37959074771395901, "post_q10": 3.55999324754973, "post_q50": 4.03117172524012, "post_q90": 4.5245321191208401, "post_prob_exceed": 0.94333333333333302, "prosp_score_happy": 3.8055069575529199, "prosp_score_sad": 3.55999324754973, "domain_class": "tier 1" }, "geometry": { "type": "Point", "coordinates": [ -140.780351194516356, 60.088151485650137 ] } },
{ "type": "Feature", "properties": { "field_1": 1415, "x": 735544.9808, "y": 1157836.349, "scaled_x": 0.81230275680335695, "scaled_y": 0.38340134650524998, "post_mean": 3.9938791193921799, "post_sd": 0.41926581392603002, "post_q10": 3.4615195940391401, "post_q50": 3.9878031781526402, "post_q90": 4.5405904383757996, "post_prob_exceed": 0.912, "prosp_score_happy": 3.6424177568856702, "prosp_score_sad": 3.4615195940391401, "domain_class": "tier 1" }, "geometry": { "type": "Point", "coordinates": [ -140.780351194718747, 59.750465263217599 ] } },
{ "type": "Feature", "properties": { "field_1": 1416, "x": 764654.0768, "y": 1202426.669, "scaled_x": 0.82054534408516, "scaled_y": 0.406662412865402, "post_mean": 3.9589316189341002, "post_sd": 0.383825201884475, "post_q10": 3.4785155980768501, "post_q50": 3.9563587175446702, "post_q90": 4.4569434271553101, "post_prob_exceed": 0.917333333333333, "prosp_score_happy": 3.6316599384355501, "prosp_score_sad": 3.4785155980768501, "domain_class": "tier 1" }, "geometry": { "type": "Point", "coordinates": [ -140.106614731755172, 60.088151482846982 ] } },
{ "type": "Feature", "properties": { "field_1": 1417, "x": 801152.1809, "y": 1210369.246, "scaled_x": 0.83088021702881198, "scaled_y": 0.41080575183824602, "post_mean": 3.85338082802937, "post_sd": 0.39133722528869402, "post_q10": 3.3635392835370701, "post_q50": 3.8515502650620901, "post_q90": 4.3562951220942097, "post_prob_exceed": 0.8625, "prosp_score_happy": 3.32354096417534, "prosp_score_sad": 3.3635392835370701, "domain_class": "tier 1" }, "geometry": { "type": "Point", "coordinates": [ -139.432878268540264, 60.088151483550703 ] } },
{ "type": "Feature", "properties": { "field_1": 1418, "x": 809369.3974, "y": 1173509.958, "scaled_x": 0.83320701976479306, "scaled_y": 0.39157766950656703, "post_mean": 3.8294356096484998, "post_sd": 0.38641637854323402, "post_q10": 3.33963222730709, "post_q50": 3.8249612455153099, "post_q90": 4.3285932070523296, "post_prob_exceed": 0.85233333333333305, "prosp_score_happy": 3.2639556179570701, "prosp_score_sad": 3.33963222730709, "domain_class": "tier 1" }, "geometry": { "type": "Point", "coordinates": [ -139.432878266037619, 59.750465268842255 ] } },
{ "type": "Feature", "properties": { "field_1": 1419, "x": 817669.5498, "y": 1136278.65, "scaled_x": 0.83555730678879603, "scaled_y": 0.37215551855399998, "post_mean": 3.8034644463949099, "post_sd": 0.41036122309595802, "post_q10": 3.2900870984533399, "post_q50": 3.7999084564921, "post_q90": 4.33876268102546, "post_prob_exceed": 0.81683333333333297, "prosp_score_happy": 3.1067965419635799, "prosp_score_sad": 3.2900870984533399, "domain_class": "tier 1" }, "geometry": { "type": "Point", "coordinates": [ -139.432878268548791, 59.409331436017773 ] } },
{ "type": "Feature", "properties": { "field_1": 1420, "x": 846158.5539000001, "y": 1181907.649, "scaled_x": 0.84362430766254004, "scaled_y": 0.39595842406547199, "post_mean": 3.7162275221807199, "post_sd": 0.37468415519695702, "post_q10": 3.24577176976711, "post_q50": 3.71338304032734, "post_q90": 4.2036558390113496, "post_prob_exceed": 0.777, "prosp_score_happy": 2.8875087847344201, "prosp_score_sad": 3.24577176976711, "domain_class": "tier 2" }, "geometry": { "type": "Point", "coordinates": [ -138.759141805117935, 59.750465263343393 ] } },
{ "type": "Feature", "properties": { "field_1": 1421, "x": 854835.9822, "y": 1144762.461, "scaled_x": 0.84608142485176296, "scaled_y": 0.37658119862667, "post_mean": 3.70244781617366, "post_sd": 0.37461904531261903, "post_q10": 3.2306184733638101, "post_q50": 3.6979682316871898, "post_q90": 4.1907492644015196, "post_prob_exceed": 0.75933333333333297, "prosp_score_happy": 2.8113920417478702, "prosp_score_sad": 3.2306184733638101, "domain_class": "tier 2" }, "geometry": { "type": "Point", "coordinates": [ -138.759141804685129, 59.409331438935105 ] } },
{ "type": "Feature", "properties": { "field_1": 1422, "x": 891914.4357, "y": 1153622.88, "scaled_x": 0.85658063064118395, "scaled_y": 0.38120334070454098, "post_mean": 3.5976173005193801, "post_sd": 0.34475082206817997, "post_q10": 3.1648168207912399, "post_q50": 3.5954089398805902, "post_q90": 4.0499710228835397, "post_prob_exceed": 0.67866666666666697, "prosp_score_happy": 2.4415829412858199, "prosp_score_sad": 3.1648168207912399, "domain_class": "tier 2" }, "geometry": { "type": "Point", "coordinates": [ -138.085405342559795, 59.409331438811009 ] } },
{ "type": "Feature", "properties": { "field_1": 1423, "x": 901058.9856, "y": 1116196.26, "scaled_x": 0.859170018875829, "scaled_y": 0.36167930294351702, "post_mean": 3.5991636178199302, "post_sd": 0.35805006007302398, "post_q10": 3.1487676498587098, "post_q50": 3.5944215218024298, "post_q90": 4.0658684085717596, "post_prob_exceed": 0.673, "prosp_score_happy": 2.4222371147928099, "prosp_score_sad": 3.1487676498587098, "domain_class": "tier 2" }, "geometry": { "type": "Point", "coordinates": [ -138.085405343988015, 59.06472702234349 ] } },
{ "type": "Feature", "properties": { "field_1": 1424, "x": 948043.3891, "y": 1087823.672, "scaled_x": 0.872474212408057, "scaled_y": 0.346878407765432, "post_mean": 3.5309640932087301, "post_sd": 0.34489036253479, "post_q10": 3.09912173670297, "post_q50": 3.52600481139191, "post_q90": 3.9813224358480199, "post_prob_exceed": 0.6095, "prosp_score_happy": 2.15212261481072, "prosp_score_sad": 3.09912173670297, "domain_class": "tier 2" }, "geometry": { "type": "Point", "coordinates": [ -137.4116688774306, 58.716629312574256 ] } },
{ "type": "Feature", "properties": { "field_1": 1425, "x": 975694.1488, "y": 1135236.47, "scaled_x": 0.88030385439472103, "scaled_y": 0.37161185306473599, "post_mean": 3.4440152856091601, "post_sd": 0.28354631382366002, "post_q10": 3.0783107539654599, "post_q50": 3.4422812650004202, "post_q90": 3.8076503154569701, "post_prob_exceed": 0.512, "prosp_score_happy": 1.7633358262318899, "prosp_score_sad": 3.0783107539654599, "domain_class": "tier 3" }, "geometry": { "type": "Point", "coordinates": [ -136.737932416380005, 59.064727025648011 ] } },
{ "type": "Feature", "properties": { "field_1": 1426, "x": 985694.6772, "y": 1097632.588, "scaled_x": 0.883135623138111, "scaled_y": 0.35199534449064901, "post_mean": 3.4735336021165302, "post_sd": 0.28925870119249902, "post_q10": 3.09922255426474, "post_q50": 3.46723924851683, "post_q90": 3.8492173201156499, "post_prob_exceed": 0.55233333333333301, "prosp_score_happy": 1.9185483929023699, "prosp_score_sad": 3.09922255426474, "domain_class": "tier 3" }, "geometry": { "type": "Point", "coordinates": [ -136.737932417805297, 58.716629305460359 ] } },
{ "type": "Feature", "properties": { "field_1": 1427, "x": 995793.9935, "y": 1059657.246, "scaled_x": 0.88599536485215402, "scaled_y": 0.33218505942627902, "post_mean": 3.4960718805314999, "post_sd": 0.33581256097048201, "post_q10": 3.06757447798012, "post_q50": 3.4910772794810598, "post_q90": 3.9272820620512898, "post_prob_exceed": 0.56816666666666704, "prosp_score_happy": 1.9863515067886499, "prosp_score_sad": 3.06757447798012, "domain_class": "tier 3" }, "geometry": { "type": "Point", "coordinates": [ -136.737932413817191, 58.365015858463074 ] } },
{ "type": "Feature", "properties": { "field_1": 1428, "x": 1002583.81, "y": 1182454.475, "scaled_x": 0.88791798227485497, "scaled_y": 0.39624368229805401, "post_mean": 3.34238627943544, "post_sd": 0.35486935902815397, "post_q10": 2.88305688838985, "post_q50": 3.3447900642775901, "post_q90": 3.79658382523104, "post_prob_exceed": 0.398666666666667, "prosp_score_happy": 1.33249799673493, "prosp_score_sad": 2.88305688838985, "domain_class": "Background" }, "geometry": { "type": "Point", "coordinates": [ -136.064195951661588, 59.409331439381198 ] } },
{ "type": "Feature", "properties": { "field_1": 1429, "x": 1012863.022, "y": 1145323.458, "scaled_x": 0.89082866359928203, "scaled_y": 0.37687384932854501, "post_mean": 3.3904072967309502, "post_sd": 0.28069178458907701, "post_q10": 3.0310451097631499, "post_q50": 3.3920872577066499, "post_q90": 3.7439378793314502, "post_prob_exceed": 0.43916666666666698, "prosp_score_happy": 1.48895387114768, "prosp_score_sad": 3.0310451097631499, "domain_class": "tier 3" }, "geometry": { "type": "Point", "coordinates": [ -136.064195952064409, 59.064727029264084 ] } },
{ "type": "Feature", "properties": { "field_1": 1430, "x": 1023244.519, "y": 1107822.964, "scaled_x": 0.89376830813988495, "scaled_y": 0.35731127432409399, "post_mean": 3.43272877967981, "post_sd": 0.25304528349602101, "post_q10": 3.1053865283715498, "post_q50": 3.4318261543372399, "post_q90": 3.7572242310691699, "post_prob_exceed": 0.4965, "prosp_score_happy": 1.7043498391110199, "prosp_score_sad": 3.1053865283715498, "domain_class": "tier 3" }, "geometry": { "type": "Point", "coordinates": [ -136.064195946322769, 58.716629306725444 ] } },
{ "type": "Feature", "properties": { "field_1": 1431, "x": 1044315.411, "y": 1031709.769, "scaled_x": 0.89973478220749004, "scaled_y": 0.31760592841542701, "post_mean": 3.4812537396702701, "post_sd": 0.32524499462988199, "post_q10": 3.0602967755958201, "post_q50": 3.4786112653623702, "post_q90": 3.9014883170405499, "post_prob_exceed": 0.554, "prosp_score_happy": 1.92861457177733, "prosp_score_sad": 3.0602967755958201, "domain_class": "tier 3" }, "geometry": { "type": "Point", "coordinates": [ -136.06419595531014, 58.009864535121253 ] } },
{ "type": "Feature", "properties": { "field_1": 1432, "x": 1055005.278, "y": 993095.367, "scaled_x": 0.902761745386916, "scaled_y": 0.297462270164497, "post_mean": 3.4742304267577002, "post_sd": 0.39138927661601502, "post_q10": 2.96708045858963, "post_q50": 3.4690600374379001, "post_q90": 3.9775158329827098, "post_prob_exceed": 0.53683333333333305, "prosp_score_happy": 1.8650827007644299, "prosp_score_sad": 2.96708045858963, "domain_class": "tier 3" }, "geometry": { "type": "Point", "coordinates": [ -136.064195951798496, 57.651153528650674 ] } },
{ "type": "Feature", "properties": { "field_1": 1433, "x": 1028722.645, "y": 1229469.262, "scaled_x": 0.89531950477257005, "scaled_y": 0.42076950046476402, "post_mean": 3.2266655132886899, "post_sd": 0.54379405110568202, "post_q10": 2.5250122671511699, "post_q50": 3.2301895783988899, "post_q90": 3.90710441067846, "post_prob_exceed": 0.3555, "prosp_score_happy": 1.14707958997413, "prosp_score_sad": 2.5250122671511699, "domain_class": "Background" }, "geometry": { "type": "Point", "coordinates": [ -135.390459488647252, 59.750465265472734 ] } },
{ "type": "Feature", "properties": { "field_1": 1434, "x": 1039272.284, "y": 1192811.822, "scaled_x": 0.898306760723391, "scaled_y": 0.40164671452303302, "post_mean": 3.2943372724210098, "post_sd": 0.41935562710264102, "post_q10": 2.7512469421139198, "post_q50": 3.2979574629542201, "post_q90": 3.8264381398810201, "post_prob_exceed": 0.3725, "prosp_score_happy": 1.22714063397682, "prosp_score_sad": 2.7512469421139198, "domain_class": "Background" }, "geometry": { "type": "Point", "coordinates": [ -135.390459484332609, 59.409331436735748 ] } },
{ "type": "Feature", "properties": { "field_1": 1435, "x": 1049927.652, "y": 1155786.996, "scaled_x": 0.90132395510001195, "scaled_y": 0.38233227734117198, "post_mean": 3.3564408068130498, "post_sd": 0.31748176510498399, "post_q10": 2.9446454702621998, "post_q50": 3.3628257897750098, "post_q90": 3.751933412169, "post_prob_exceed": 0.41166666666666701, "prosp_score_happy": 1.3817347988047, "prosp_score_sad": 2.9446454702621998, "domain_class": "tier 3" }, "geometry": { "type": "Point", "coordinates": [ -135.390459496205523, 59.064727028388454 ] } },
{ "type": "Feature", "properties": { "field_1": 1436, "x": 1060689.049, "y": 1118393.75, "scaled_x": 0.90437117285100799, "scaled_y": 0.36282564952088497, "post_mean": 3.4100819585811002, "post_sd": 0.25303156113740799, "post_q10": 3.0808275936406799, "post_q50": 3.4143322549966602, "post_q90": 3.7344006931885501, "post_prob_exceed": 0.46583333333333299, "prosp_score_happy": 1.5885298457057, "prosp_score_sad": 3.0808275936406799, "domain_class": "tier 3" }, "geometry": { "type": "Point", "coordinates": [ -135.390459483415896, 58.716629307964624 ] } },
{ "type": "Feature", "properties": { "field_1": 1437, "x": 1071556.749, "y": 1080631.124, "scaled_x": 0.90744849156274199, "scaled_y": 0.34312633026685002, "post_mean": 3.4506412156352799, "post_sd": 0.23785751162580501, "post_q10": 3.1447946094618899, "post_q50": 3.44894354801741, "post_q90": 3.7551559413256399, "post_prob_exceed": 0.52433333333333298, "prosp_score_happy": 1.80928621073143, "prosp_score_sad": 3.1447946094618899, "domain_class": "tier 3" }, "geometry": { "type": "Point", "coordinates": [ -135.390459484237539, 58.365015856873036 ] } },
{ "type": "Feature", "properties": { "field_1": 1438, "x": 1082531.008, "y": 1042498.231, "scaled_x": 0.91055598372466295, "scaled_y": 0.32323385686505401, "post_mean": 3.4721181935326699, "post_sd": 0.263527452160568, "post_q10": 3.1286923050323798, "post_q50": 3.4694239380896299, "post_q90": 3.81226014829865, "post_prob_exceed": 0.55133333333333301, "prosp_score_happy": 1.9142944973676801, "prosp_score_sad": 3.1286923050323798, "domain_class": "tier 3" }, "geometry": { "type": "Point", "coordinates": [ -135.390459486351006, 58.009864534408557 ] } },
{ "type": "Feature", "properties": { "field_1": 1439, "x": 1093612.059, "y": 1003994.262, "scaled_x": 0.91369371531349697, "scaled_y": 0.30314780729110502, "post_mean": 3.4675914154470102, "post_sd": 0.30927940181983898, "post_q10": 3.0683636374939498, "post_q50": 3.4676307342984098, "post_q90": 3.8671707838030298, "post_prob_exceed": 0.53866666666666696, "prosp_score_happy": 1.8678759091207899, "prosp_score_sad": 3.0683636374939498, "domain_class": "tier 3" }, "geometry": { "type": "Point", "coordinates": [ -135.390459486843582, 57.651153525510452 ] } },
{ "type": "Feature", "properties": { "field_1": 1440, "x": 1104800.111, "y": 965118.4894, "scaled_x": 0.91686174551008404, "scaled_y": 0.28286780198388201, "post_mean": 3.42973376266443, "post_sd": 0.36316083447519798, "post_q10": 2.9566825462406201, "post_q50": 3.4269136333833998, "post_q90": 3.8938236049489001, "post_prob_exceed": 0.4915, "prosp_score_happy": 1.68571414434957, "prosp_score_sad": 2.9566825462406201, "domain_class": "tier 3" }, "geometry": { "type": "Point", "coordinates": [ -135.390459492088667, 57.288861364907575 ] } },
{ "type": "Feature", "properties": { "field_1": 1441, "x": 1116095.351, "y": 925870.2662, "scaled_x": 0.92006012726570097, "scaled_y": 0.262393503428204, "post_mean": 3.3513275961979399, "post_sd": 0.42444650730376099, "post_q10": 2.79648518310692, "post_q50": 3.3503659162691002, "post_q90": 3.8911022216695001, "post_prob_exceed": 0.4235, "prosp_score_happy": 1.4192872369898299, "prosp_score_sad": 2.79648518310692, "domain_class": "tier 3" }, "geometry": { "type": "Point", "coordinates": [ -135.390459489290578, 56.92296691771066 ] } },
{ "type": "Feature", "properties": { "field_1": 1442, "x": 1086884.225, "y": 1166626.008, "scaled_x": 0.91178864897401102, "scaled_y": 0.387986575794524, "post_mean": 3.3425694311518601, "post_sd": 0.39897154950119301, "post_q10": 2.8333918812947099, "post_q50": 3.34717458745755, "post_q90": 3.8440456261685401, "post_prob_exceed": 0.40816666666666701, "prosp_score_happy": 1.36432542281515, "prosp_score_sad": 2.8333918812947099, "domain_class": "tier 3" }, "geometry": { "type": "Point", "coordinates": [ -134.716723030240246, 59.064727028652449 ] } },
{ "type": "Feature", "properties": { "field_1": 1443, "x": 1098024.414, "y": 1129343.858, "scaled_x": 0.91494312619200102, "scaled_y": 0.36853790251298801, "post_mean": 3.4055339713666402, "post_sd": 0.30353826747809498, "post_q10": 3.0113636608236098, "post_q50": 3.4121089982134198, "post_q90": 3.7898512866938399, "post_prob_exceed": 0.471, "prosp_score_happy": 1.6040065005136901, "prosp_score_sad": 3.0113636608236098, "domain_class": "tier 3" }, "geometry": { "type": "Point", "coordinates": [ -134.716723020210111, 58.716629307335438 ] } },
{ "type": "Feature", "properties": { "field_1": 1444, "x": 1109274.648, "y": 1091693.425, "scaled_x": 0.91812876396260301, "scaled_y": 0.34889711006069202, "post_mean": 3.45255417299976, "post_sd": 0.24843125907945701, "post_q10": 3.1330110598193399, "post_q50": 3.4560304731099398, "post_q90": 3.7675181116416199, "post_prob_exceed": 0.53516666666666701, "prosp_score_happy": 1.84769190825037, "prosp_score_sad": 3.1330110598193399, "domain_class": "tier 3" }, "geometry": { "type": "Point", "coordinates": [ -134.716723022632152, 58.365015851183728 ] } },
{ "type": "Feature", "properties": { "field_1": 1445, "x": 1120635.191, "y": 1053673.826, "scaled_x": 0.92134563704056405, "scaled_y": 0.32906373781027198, "post_mean": 3.47787199751845, "post_sd": 0.23779762816685099, "post_q10": 3.1711960194655502, "post_q50": 3.4794339660382598, "post_q90": 3.7825571128843598, "post_prob_exceed": 0.5735, "prosp_score_happy": 1.9945595905768301, "prosp_score_sad": 3.1711960194655502, "domain_class": "tier 3" }, "geometry": { "type": "Point", "coordinates": [ -134.716723034644616, 58.009864533654991 ] } },
{ "type": "Feature", "properties": { "field_1": 1446, "x": 1155380.971, "y": 937392.3657, "scaled_x": 0.93118431854150596, "scaled_y": 0.268404142532785, "post_mean": 3.3589453073040501, "post_sd": 0.32779259820266199, "post_q10": 2.9317086615316401, "post_q50": 3.3598912147591999, "post_q90": 3.78170060928093, "post_prob_exceed": 0.40783333333333299, "prosp_score_happy": 1.3698898611621699, "prosp_score_sad": 2.9317086615316401, "domain_class": "tier 3" }, "geometry": { "type": "Point", "coordinates": [ -134.716723031472924, 56.922966919064436 ] } },
{ "type": "Feature", "properties": { "field_1": 1447, "x": 1167184.921, "y": 897888.848, "scaled_x": 0.93452674759340904, "scaled_y": 0.24779666659004301, "post_mean": 3.2335742149690501, "post_sd": 0.37496656048299698, "post_q10": 2.7503232031627598, "post_q50": 3.2357084843833599, "post_q90": 3.7164308323903499, "post_prob_exceed": 0.30133333333333301, "prosp_score_happy": 0.97438369677734105, "prosp_score_sad": 2.7503232031627598, "domain_class": "Background" }, "geometry": { "type": "Point", "coordinates": [ -134.716723029354142, 56.553449444466736 ] } },
{ "type": "Feature", "properties": { "field_1": 1448, "x": 1135246.771, "y": 1140672.161, "scaled_x": 0.92548307997163504, "scaled_y": 0.37444744538756097, "post_mean": 3.4177860692505999, "post_sd": 0.40341582893373701, "post_q10": 2.9018749027221502, "post_q50": 3.4188722323407701, "post_q90": 3.9375572171164999, "post_prob_exceed": 0.48616666666666702, "prosp_score_happy": 1.66161366066733, "prosp_score_sad": 2.9018749027221502, "domain_class": "tier 3" }, "geometry": { "type": "Point", "coordinates": [ -134.042986564902151, 58.716629305888297 ] } },
{ "type": "Feature", "properties": { "field_1": 1449, "x": 1146878.381, "y": 1103137.797, "scaled_x": 0.92877670889961295, "scaled_y": 0.35486720169812103, "post_mean": 3.46931388282897, "post_sd": 0.315834228789452, "post_q10": 3.05956375104613, "post_q50": 3.4726572752335101, "post_q90": 3.8739005019890902, "post_prob_exceed": 0.54666666666666697, "prosp_score_happy": 1.8965582559465, "prosp_score_sad": 3.05956375104613, "domain_class": "tier 3" }, "geometry": { "type": "Point", "coordinates": [ -134.042986565933461, 58.365015854070791 ] } },
{ "type": "Feature", "properties": { "field_1": 1450, "x": 1170483.998, "y": 1026964.179, "scaled_x": 0.93546092054477403, "scaled_y": 0.31513033541882901, "post_mean": 3.4953173614157, "post_sd": 0.25186442395120801, "post_q10": 3.1713891079002998, "post_q50": 3.4949846851576898, "post_q90": 3.8168002889068702, "post_prob_exceed": 0.5965, "prosp_score_happy": 2.0849568060844601, "prosp_score_sad": 3.1713891079002998, "domain_class": "tier 3" }, "geometry": { "type": "Point", "coordinates": [ -134.042986566229217, 57.651153527379968 ] } },
{ "type": "Feature", "properties": { "field_1": 1451, "x": 1182458.479, "y": 988323.3969000001, "scaled_x": 0.93885163748070299, "scaled_y": 0.29497291567758699, "post_mean": 3.4582627282976102, "post_sd": 0.25821181123973802, "post_q10": 3.1235819292660301, "post_q50": 3.45986007872563, "post_q90": 3.7871961325966499, "post_prob_exceed": 0.53916666666666702, "prosp_score_happy": 1.8645799876737901, "prosp_score_sad": 3.1235819292660301, "domain_class": "tier 3" }, "geometry": { "type": "Point", "coordinates": [ -134.042986558325993, 57.288861363044788 ] } },
{ "type": "Feature", "properties": { "field_1": 1452, "x": 1206751.778, "y": 909930.6793, "scaled_x": 0.94573057447587605, "scaled_y": 0.25407842991820601, "post_mean": 3.2571790212431, "post_sd": 0.29222040384003001, "post_q10": 2.8825978520125402, "post_q50": 3.2562056362192799, "post_q90": 3.6369832950244501, "post_prob_exceed": 0.27283333333333298, "prosp_score_happy": 0.88866700962915901, "prosp_score_sad": 2.8825978520125402, "domain_class": "Background" }, "geometry": { "type": "Point", "coordinates": [ -134.042986556582377, 56.553449442634928 ] } },
{ "type": "Feature", "properties": { "field_1": 1453, "x": 1219070.914, "y": 870177.719, "scaled_x": 0.94921888458060799, "scaled_y": 0.23334082930106001, "post_mean": 3.0844883140481101, "post_sd": 0.33161478419599699, "post_q10": 2.66299917604423, "post_q50": 3.08492971597087, "post_q90": 3.5131508676605101, "post_prob_exceed": 0.14533333333333301, "prosp_score_happy": 0.44827896830832498, "prosp_score_sad": 2.66299917604423, "domain_class": "Background" }, "geometry": { "type": "Point", "coordinates": [ -134.042986555956361, 56.180288586874447 ] } },
{ "type": "Feature", "properties": { "field_1": 1454, "x": 1196493.645, "y": 1077181.776, "scaled_x": 0.94282586192139295, "scaled_y": 0.341326937198416, "post_mean": 3.52772108091848, "post_sd": 0.34997742387247899, "post_q10": 3.0788991911949299, "post_q50": 3.5275396976473501, "post_q90": 3.9862483445564401, "post_prob_exceed": 0.605, "prosp_score_happy": 2.1342712539556801, "prosp_score_sad": 3.0788991911949299, "domain_class": "tier 2" }, "geometry": { "type": "Point", "coordinates": [ -133.369250099357828, 58.009864532603274 ] } },
{ "type": "Feature", "properties": { "field_1": 1455, "x": 1208741.245, "y": 1039032.837, "scaled_x": 0.94629391575558297, "scaled_y": 0.32142609321146098, "post_mean": 3.5265152934762898, "post_sd": 0.29943115639949203, "post_q10": 3.1442360161265199, "post_q50": 3.5254390206415702, "post_q90": 3.9163026607883098, "post_prob_exceed": 0.62433333333333296, "prosp_score_happy": 2.20172104822703, "prosp_score_sad": 3.1442360161265199, "domain_class": "tier 2" }, "geometry": { "type": "Point", "coordinates": [ -133.36925010070081, 57.65115353123953 ] } },
{ "type": "Feature", "properties": { "field_1": 1456, "x": 1221107.111, "y": 1000515.521, "scaled_x": 0.94979545801646603, "scaled_y": 0.30133308101753797, "post_mean": 3.4902615055327701, "post_sd": 0.27327022596902301, "post_q10": 3.1395784026036799, "post_q50": 3.4927837974668901, "post_q90": 3.8418194214788302, "post_prob_exceed": 0.579666666666667, "prosp_score_happy": 2.0231882527071599, "prosp_score_sad": 3.1395784026036799, "domain_class": "tier 3" }, "geometry": { "type": "Point", "coordinates": [ -133.369250106894668, 57.28886136278124 ] } },
{ "type": "Feature", "properties": { "field_1": 1457, "x": 1233591.449, "y": 961629.1898000001, "scaled_x": 0.95333054703539399, "scaled_y": 0.281047567692089, "post_mean": 3.4144349602643098, "post_sd": 0.259891616558445, "post_q10": 3.0748597939564202, "post_q50": 3.4127412932057299, "post_q90": 3.7431421841804999, "post_prob_exceed": 0.4705, "prosp_score_happy": 1.6064916488043599, "prosp_score_sad": 3.0748597939564202, "domain_class": "tier 3" }, "geometry": { "type": "Point", "coordinates": [ -133.369250100433106, 56.922966917944272 ] } },
{ "type": "Feature", "properties": { "field_1": 1458, "x": 1246194.436, "y": 922373.2876, "scaled_x": 0.95689923293202706, "scaled_y": 0.26056926329548802, "post_mean": 3.29513197660813, "post_sd": 0.25299262526890398, "post_q10": 2.9680247216510298, "post_q50": 3.2951454115187002, "post_q90": 3.6231663877469402, "post_prob_exceed": 0.2925, "prosp_score_happy": 0.96382610315787698, "prosp_score_sad": 2.9680247216510298, "domain_class": "Background" }, "geometry": { "type": "Point", "coordinates": [ -133.369250104000429, 56.553449444152712 ] } },
{ "type": "Feature", "properties": { "field_1": 1459, "x": 1258916.223, "y": 882747.3478, "scaled_x": 0.96050155846381302, "scaled_y": 0.239897924420343, "post_mean": 3.1292425138756998, "post_sd": 0.261899481802778, "post_q10": 2.79533524884731, "post_q50": 3.12431375490184, "post_q90": 3.46698835287066, "post_prob_exceed": 0.122833333333333, "prosp_score_happy": 0.38437528878773097, "prosp_score_sad": 2.79533524884731, "domain_class": "Background" }, "geometry": { "type": "Point", "coordinates": [ -133.36925009887787, 56.180288587842639 ] } },
{ "type": "Feature", "properties": { "field_1": 1460, "x": 1271756.93, "y": 842750.9943, "scaled_x": 0.96413755761018105, "scaled_y": 0.219033354869651, "post_mean": 2.9145487141492898, "post_sd": 0.31430060734466198, "post_q10": 2.5083632943433698, "post_q50": 2.91111031486045, "post_q90": 3.3233398250011699, "post_prob_exceed": 0.049166666666666699, "prosp_score_happy": 0.14329864511234, "prosp_score_sad": 2.5083632943433698, "domain_class": "Background" }, "geometry": { "type": "Point", "coordinates": [ -133.369250096661972, 55.803464411855593 ] } },
{ "type": "Feature", "properties": { "field_1": 1461, "x": 1284716.647, "y": 802383.9452, "scaled_x": 0.96780725585570404, "scaled_y": 0.19797540758695401, "post_mean": 2.6497554814383801, "post_sd": 0.43629124379751699, "post_q10": 2.0992452493709099, "post_q50": 2.6475534229044402, "post_q90": 3.2049216787772101, "post_prob_exceed": 0.034, "prosp_score_happy": 0.090091686368904994, "prosp_score_sad": 2.0992452493709099, "domain_class": "Background" }, "geometry": { "type": "Point", "coordinates": [ -133.36925010483597, 55.422957416967151 ] } },
{ "type": "Feature", "properties": { "field_1": 1462, "x": 1259630.069, "y": 1013099.1, "scaled_x": 0.96070369246209197, "scaled_y": 0.30789745342319003, "post_mean": 3.5316620289941798, "post_sd": 0.334859107029295, "post_q10": 3.10666235202459, "post_q50": 3.5298236827179301, "post_q90": 3.9577581742399, "post_prob_exceed": 0.61683333333333301, "prosp_score_happy": 2.17844686155125, "prosp_score_sad": 3.10666235202459, "domain_class": "tier 2" }, "geometry": { "type": "Point", "coordinates": [ -132.695513633286339, 57.288861366153604 ] } },
{ "type": "Feature", "properties": { "field_1": 1463, "x": 1272508.257, "y": 974341.4201, "scaled_x": 0.96435030480008599, "scaled_y": 0.28767905256579801, "post_mean": 3.4590687522041201, "post_sd": 0.28927591796951901, "post_q10": 3.0877033598434598, "post_q50": 3.4590822339974099, "post_q90": 3.8283693264621901, "post_prob_exceed": 0.53516666666666701, "prosp_score_happy": 1.85117829388791, "prosp_score_sad": 3.0877033598434598, "domain_class": "tier 3" }, "geometry": { "type": "Point", "coordinates": [ -132.695513636905474, 56.922966918257231 ] } },
{ "type": "Feature", "properties": { "field_1": 1464, "x": 1285508.838, "y": 935215.3924, "scaled_x": 0.968031574173984, "scaled_y": 0.26726849873396102, "post_mean": 3.3456993944823799, "post_sd": 0.25323872613822201, "post_q10": 3.0235996505598699, "post_q50": 3.3477267196873299, "post_q90": 3.6658994306377299, "post_prob_exceed": 0.36683333333333301, "prosp_score_happy": 1.2273140612092901, "prosp_score_sad": 3.0235996505598699, "domain_class": "Background" }, "geometry": { "type": "Point", "coordinates": [ -132.695513633904966, 56.553449443263268 ] } },
{ "type": "Feature", "properties": { "field_1": 1465, "x": 1298631.966, "y": 895720.5513000001, "scaled_x": 0.97174754419071896, "scaled_y": 0.24666554904194801, "post_mean": 3.1891171146914701, "post_sd": 0.23366467490576701, "post_q10": 2.8838129971022202, "post_q50": 3.1894680885166, "post_q90": 3.4863230844615498, "post_prob_exceed": 0.151666666666667, "prosp_score_happy": 0.48368276239487301, "prosp_score_sad": 2.8838129971022202, "domain_class": "Background" }, "geometry": { "type": "Point", "coordinates": [ -132.695513635303513, 56.180288587759662 ] } },
{ "type": "Feature", "properties": { "field_1": 1466, "x": 1311877.766, "y": 855856.5221, "scaled_x": 0.97549825024553205, "scaled_y": 0.22587000802308499, "post_mean": 2.9876208972004301, "post_sd": 0.26082636782081497, "post_q10": 2.6491063768347902, "post_q50": 2.9853772978999502, "post_q90": 3.3267325344093699, "post_prob_exceed": 0.043, "prosp_score_happy": 0.12846769857961901, "prosp_score_sad": 2.6491063768347902, "domain_class": "Background" }, "geometry": { "type": "Point", "coordinates": [ -132.695513633443824, 55.803464412611802 ] } },
{ "type": "Feature", "properties": { "field_1": 1467, "x": 1325246.331, "y": 815623.0235, "scaled_x": 0.97928371867247799, "scaled_y": 0.20488172893390899, "post_mean": 2.74025755224626, "post_sd": 0.36578778172144299, "post_q10": 2.27334761609043, "post_q50": 2.7468010181681599, "post_q90": 3.2188849475531298, "post_prob_exceed": 0.0285, "prosp_score_happy": 0.078097340239018501, "prosp_score_sad": 2.27334761609043, "domain_class": "Background" }, "geometry": { "type": "Point", "coordinates": [ -132.695513635454205, 55.422957415395274 ] } },
{ "type": "Feature", "properties": { "field_1": 1468, "x": 1338737.723, "y": 775019.8709, "scaled_x": 0.98310396702759795, "scaled_y": 0.183700615475652, "post_mean": 2.4467914153497401, "post_sd": 0.55053406322812704, "post_q10": 1.75638292173827, "post_q50": 2.4543402336040301, "post_q90": 3.1497814041183698, "post_prob_exceed": 0.037, "prosp_score_happy": 0.090531282367940599, "prosp_score_sad": 1.75638292173827, "domain_class": "Background" }, "geometry": { "type": "Point", "coordinates": [ -132.695513631389247, 55.038748548435379 ] } },
{ "type": "Feature", "properties": { "field_1": 1469, "x": 1324690.936, "y": 948455.6719, "scaled_x": 0.97912645196232795, "scaled_y": 0.27417544670106297, "post_mean": 3.4069158632337002, "post_sd": 0.29825825655928301, "post_q10": 3.0227203018180999, "post_q50": 3.40542577276126, "post_q90": 3.7837974324873298, "post_prob_exceed": 0.461166666666667, "prosp_score_happy": 1.5711560322612701, "prosp_score_sad": 3.0227203018180999, "domain_class": "tier 3" }, "geometry": { "type": "Point", "coordinates": [ -132.021777174719318, 56.5534494440438 ] } },
{ "type": "Feature", "properties": { "field_1": 1470, "x": 1338214.055, "y": 909095.9943, "scaled_x": 0.982955684195431, "scaled_y": 0.25364300664304701, "post_mean": 3.2619798184928399, "post_sd": 0.25419821626121702, "post_q10": 2.93641346389207, "post_q50": 3.25971538011592, "post_q90": 3.58189176890424, "post_prob_exceed": 0.25183333333333302, "prosp_score_happy": 0.82147525095711404, "prosp_score_sad": 2.93641346389207, "domain_class": "Background" }, "geometry": { "type": "Point", "coordinates": [ -132.021777172895384, 56.180288587867601 ] } },
{ "type": "Feature", "properties": { "field_1": 1471, "x": 1351863.585, "y": 869368.392, "scaled_x": 0.98682071120900094, "scaled_y": 0.23291863432569099, "post_mean": 3.07634968130467, "post_sd": 0.26446769986994101, "post_q10": 2.7338564092790199, "post_q50": 3.0735874832455798, "post_q90": 3.4215423592204699, "post_prob_exceed": 0.091333333333333294, "prosp_score_happy": 0.28097327089249302, "prosp_score_sad": 2.7338564092790199, "domain_class": "Background" }, "geometry": { "type": "Point", "coordinates": [ -132.02177716852006, 55.803464411435058 ] } },
{ "type": "Feature", "properties": { "field_1": 1472, "x": 1379542.229, "y": 788808.3888, "scaled_x": 0.99465824896736799, "scaled_y": 0.190893558470455, "post_mean": 2.58068269102169, "post_sd": 0.53727186161902296, "post_q10": 1.89673501116069, "post_q50": 2.5839619923052699, "post_q90": 3.2605077563115499, "post_prob_exceed": 0.057166666666666699, "prosp_score_happy": 0.14752902717007399, "prosp_score_sad": 1.89673501116069, "domain_class": "Background" }, "geometry": { "type": "Point", "coordinates": [ -132.02177716715363, 55.038748548206868 ] } },
{ "type": "Feature", "properties": { "field_1": 1473, "x": 1377658.416, "y": 922872.3002000001, "scaled_x": 0.99412482487631804, "scaled_y": 0.260829579104012, "post_mean": 3.3454786641638199, "post_sd": 0.34648495959518699, "post_q10": 2.9011234143596401, "post_q50": 3.3474444121274698, "post_q90": 3.7903296319550401, "post_prob_exceed": 0.3965, "prosp_score_happy": 1.3264822903409501, "prosp_score_sad": 2.9011234143596401, "domain_class": "Background" }, "geometry": { "type": "Point", "coordinates": [ -131.348040715514429, 56.180288588830827 ] } },
{ "type": "Feature", "properties": { "field_1": 1474, "x": 1391710.271, "y": 883285.2137, "scaled_x": 0.99810377500615899, "scaled_y": 0.240178508511077, "post_mean": 3.1780236494326899, "post_sd": 0.34939376375079301, "post_q10": 2.7250892668290998, "post_q50": 3.1788403454507299, "post_q90": 3.62484727421249, "post_prob_exceed": 0.231333333333333, "prosp_score_happy": 0.73518280423542903, "prosp_score_sad": 2.7250892668290998, "domain_class": "Background" }, "geometry": { "type": "Point", "coordinates": [ -131.34804071075493, 55.803464413170751 ] } },
{ "type": "Feature", "properties": { "field_1": 1475, "x": 1405892.362, "y": 843331.2246, "scaled_x": 1.00211960301078, "scaled_y": 0.21933603884932401, "post_mean": 2.9737269033392799, "post_sd": 0.43951203161306401, "post_q10": 2.4140684720807402, "post_q50": 2.9736918809827402, "post_q90": 3.5363200172545501, "post_prob_exceed": 0.14683333333333301, "prosp_score_happy": 0.43664223364031801, "prosp_score_sad": 2.4140684720807402, "domain_class": "Background" }, "geometry": { "type": "Point", "coordinates": [ -131.348040705422164, 55.42295741485551 ] } },
{ "type": "Feature", "properties": { "field_1": 1476, "x": 1420204.753, "y": 803010.1495000001, "scaled_x": 1.00617232701254, "scaled_y": 0.198302074445979, "post_mean": 2.7324076476492301, "post_sd": 0.61030796803693799, "post_q10": 1.95664041692608, "post_q50": 2.73544451953491, "post_q90": 3.4935816241645101, "post_prob_exceed": 0.12166666666666701, "prosp_score_happy": 0.33244293046398998, "prosp_score_sad": 1.95664041692608, "domain_class": "Background" }, "geometry": { "type": "Point", "coordinates": [ -131.348040715746691, 55.038748550603486 ] } },
{ "type": "Feature", "properties": { "field_1": 1477, "x": 1416960.99, "y": 937048.0512, "scaled_x": 1.00525381687918, "scaled_y": 0.26822452681275299, "post_mean": 3.4371348691158801, "post_sd": 0.52317337276984999, "post_q10": 2.78084131093292, "post_q50": 3.4333784596286399, "post_q90": 4.1142623607613498, "post_prob_exceed": 0.4995, "prosp_score_happy": 1.7168488671233799, "prosp_score_sad": 2.78084131093292, "domain_class": "tier 3" }, "geometry": { "type": "Point", "coordinates": [ -130.674304254165918, 56.180288589329919 ] } },
{ "type": "Feature", "properties": { "field_1": 1478, "x": 1431413.724, "y": 897605.5546, "scaled_x": 1.0093462806731699, "scaled_y": 0.24764888324655601, "post_mean": 3.28974713411999, "post_sd": 0.52558174330083396, "post_q10": 2.625345954158, "post_q50": 3.2864947649783001, "post_q90": 3.97260130670711, "post_prob_exceed": 0.38533333333333297, "prosp_score_happy": 1.26764922901424, "prosp_score_sad": 2.625345954158, "domain_class": "Background" }, "geometry": { "type": "Point", "coordinates": [ -130.674304246891182, 55.803464412429442 ] } },
{ "type": "Feature", "properties": { "field_1": 1479, "x": 1446000.409, "y": 857797.4956, "scaled_x": 1.01347667428844, "scaled_y": 0.226882539742678, "post_mean": 3.1101064374804701, "post_sd": 0.61174895739560098, "post_q10": 2.3231307622711799, "post_q50": 3.1084106667044402, "post_q90": 3.88727258472117, "post_prob_exceed": 0.30483333333333301, "prosp_score_happy": 0.94806411235862997, "prosp_score_sad": 2.3231307622711799, "domain_class": "Background" }, "geometry": { "type": "Point", "coordinates": [ -130.674304245062643, 55.422957415119512 ] } },
{ "type": "Feature", "properties": { "field_1": 1480, "x": 1460721.112, "y": 817623.6913, "scaled_x": 1.01764501669684, "scaled_y": 0.20592540088917599, "post_mean": 2.8979582180310199, "post_sd": 0.77731813296429897, "post_q10": 1.90290996946286, "post_q50": 2.8992983308547999, "post_q90": 3.8953288092799498, "post_prob_exceed": 0.245166666666667, "prosp_score_happy": 0.71048275645393899, "prosp_score_sad": 1.90290996946286, "domain_class": "Background" }, "geometry": { "type": "Point", "coordinates": [ -130.674304248799814, 55.03874854925192 ] } }
]
}
